seq_rec_licitacao|seq_licitacao|seq_orgao|cod_orgao|num_ano_referencia|num_mes_referencia|dsc_dotacao|dsc_funcao|dsc_subfuncao|dsc_programa|dsc_acao|dsc_subacao|dsc_nat_despesa|dsc_fonte_recurso|vlr_recurso
2961184|950688|304|03|2021|11|03.06001.17.512.0079.2053.3.3.90.30.00.100|17 - SANEAMENTO|512 - SANEAMENTO BÁSICO URBANO|0079 - SISTEMA DE ABASTECIMENTO DE ÁGUA|2053 - OPERAÇÃO E MANUTENÇÃO DO SISTEMA DE ABASTECIMENTO DE ÁGUA||3.3.90.30.00 - MATERIAL DE CONSUMO|100 - RECURSOS ORDINÁRIOS|249267.25
2961185|950689|304|03|2021|11|03.06001.17.512.0079.2053.3.3.90.30.00.100|17 - SANEAMENTO|512 - SANEAMENTO BÁSICO URBANO|0079 - SISTEMA DE ABASTECIMENTO DE ÁGUA|2053 - OPERAÇÃO E MANUTENÇÃO DO SISTEMA DE ABASTECIMENTO DE ÁGUA||3.3.90.30.00 - MATERIAL DE CONSUMO|100 - RECURSOS ORDINÁRIOS|16148.96
2961186|950689|304|03|2021|11|03.06001.17.512.0079.1057.4.4.90.52.00.100|17 - SANEAMENTO|512 - SANEAMENTO BÁSICO URBANO|0079 - SISTEMA DE ABASTECIMENTO DE ÁGUA|1057 - AQUISIÇÃO E INSTALAÇÃO DE HIDRANTES MOTORES E APARELHOS||4.4.90.52.00 - EQUIPAMENTOS E MATERIAL PERMANENTE|100 - RECURSOS ORDINÁRIOS|60705.48
2645643|833057|304|03|2021|4|03.06001.17.512.0079.2053.3.3.90.30.00.100|17 - SANEAMENTO|512 - SANEAMENTO BÁSICO URBANO|0079 - SISTEMA DE ABASTECIMENTO DE ÁGUA|2053 - OPERAÇÃO E MANUTENÇÃO DO SISTEMA DE ABASTECIMENTO DE ÁGUA||3.3.90.30.00 - MATERIAL DE CONSUMO|100 - RECURSOS ORDINÁRIOS|71250.0
2961187|950687|304|03|2021|11|03.06001.17.122.0030.2050.3.3.90.91.00.100|17 - SANEAMENTO|122 - ADMINISTRAÇÃO GERAL|0030 - APOIO ADMINISTRATIVO|2050 - MANUTENÇÃO DOS SERVIÇOS ADMINISTRATIVOS||3.3.90.91.00 - SENTENÇAS JUDICIAIS|100 - RECURSOS ORDINÁRIOS|179296.31
2645642|833056|304|03|2021|4|03.06001.17.122.0030.2050.3.3.90.30.00.100|17 - SANEAMENTO|122 - ADMINISTRAÇÃO GERAL|0030 - APOIO ADMINISTRATIVO|2050 - MANUTENÇÃO DOS SERVIÇOS ADMINISTRATIVOS||3.3.90.30.00 - MATERIAL DE CONSUMO|100 - RECURSOS ORDINÁRIOS|1.0
2790914|884120|303|02|2021|8|02.02017.10.301.0029.2063.3.3.90.40.00.159|10 - SAÚDE|301 - ATENÇÃO BÁSICA|0029 - ATENÇÃO BÁSICA|2063 - MANUTENÇÃO DA ATENÇÃO BÁSICA||3.3.90.40.00 - SERVIÇOS DE TECNOLOGIA DA INFORMAÇÃO E COMUNICAÇÃO - PESSOA JURÍDICA|159 - TRANSFERÊNCIAS DE RECURSOS DO SISTEMA ÚNICO DE SAÚDE - SUS - BLOCO DE MANUTENÇÃO DAS AÇÕES E SERVIÇOS PÚBLICOS DE SAÚDE|176115.0
2790912|884118|303|02|2021|8|02.02008.27.812.0100.1207.4.4.90.52.00.100|27 - DESPORTO E LAZER|812 - DESPORTO COMUNITÁRIO|0100 - GESTÃO DOS CAMPEONATOS ESPORTIVOS|1207 - CAETÉ OLIMPICA||4.4.90.52.00 - EQUIPAMENTOS E MATERIAL PERMANENTE|100 - RECURSOS ORDINÁRIOS|6855.0
2790913|884119|303|02|2021|8|02.02007001.12.365.0003.2006.4.4.90.52.00.101|12 - EDUCAÇÃO|365 - EDUCAÇÃO INFANTIL|0003 - MANUTENÇÃO DA EDUCAÇÃO BÁSICA|2006 - MANUTENÇÃO DA EDUCAÇÃO INFANTIL||4.4.90.52.00 - EQUIPAMENTOS E MATERIAL PERMANENTE|101 - RECEITAS DE IMPOSTOS E DE TRANSFERÊNCIAS DE IMPOSTOS VINCULADOS À EDUCAÇÃO|96212.25
2905688|928396|303|02|2021|11|02.02017.10.301.0029.2063.4.4.90.52.00.155|10 - SAÚDE|301 - ATENÇÃO BÁSICA|0029 - ATENÇÃO BÁSICA|2063 - MANUTENÇÃO DA ATENÇÃO BÁSICA||4.4.90.52.00 - EQUIPAMENTOS E MATERIAL PERMANENTE|155 - TRANSFERÊNCIAS DE RECURSOS DO FUNDO ESTADUAL DE SAÚDE|10475.0
2905691|928397|303|02|2021|11|02.02017.10.301.0029.2063.4.4.90.52.00.153|10 - SAÚDE|301 - ATENÇÃO BÁSICA|0029 - ATENÇÃO BÁSICA|2063 - MANUTENÇÃO DA ATENÇÃO BÁSICA||4.4.90.52.00 - EQUIPAMENTOS E MATERIAL PERMANENTE|153 - TRANSFERÊNCIAS DE RECURSOS DO SISTEMA ÚNICO DE SAÚDE - SUS - BLOCO DE ESTRUTURAÇÃO DA REDE DE SERVIÇOS PÚBLICOS DE SAÚDE|74766.67
2905692|928397|303|02|2021|11|02.02017.10.301.0029.2063.4.4.90.52.00.155|10 - SAÚDE|301 - ATENÇÃO BÁSICA|0029 - ATENÇÃO BÁSICA|2063 - MANUTENÇÃO DA ATENÇÃO BÁSICA||4.4.90.52.00 - EQUIPAMENTOS E MATERIAL PERMANENTE|155 - TRANSFERÊNCIAS DE RECURSOS DO FUNDO ESTADUAL DE SAÚDE|74766.67
2905687|928393|303|02|2021|10|02.02010001.10.304.0321.1247.3.3.90.30.00.102|10 - SAÚDE|304 - VIGILÂNCIA SANITÁRIA|0321 - MANUTENÇÃO DA SAÚDE ANIMAL|1247 - CONTRIBUIÇÃO PARA MANUTENÇÃO DA SAUDE ANIMAL||3.3.90.30.00 - MATERIAL DE CONSUMO|102 - RECEITAS DE IMPOSTOS E DE TRANSFERÊNCIAS DE IMPOSTOS VINCULADOS À SAÚDE|6861.1
2905685|928395|303|02|2021|10|02.02005.18.122.0008.2018.3.3.90.39.00.100|18 - GESTÃO AMBIENTAL|122 - ADMINISTRAÇÃO GERAL|0008 - COLETA SELETIVA DE RESÍDUOS|2018 - MANUTENÇÃO DA COLETA SELETIVA||3.3.90.39.00 - OUTROS SERVIÇOS DE TERCEIROS - PESSOA JURÍDICA|100 - RECURSOS ORDINÁRIOS|137664.0
2905686|928393|303|02|2021|10|02.02010001.10.304.0321.1247.4.4.90.52.00.102|10 - SAÚDE|304 - VIGILÂNCIA SANITÁRIA|0321 - MANUTENÇÃO DA SAÚDE ANIMAL|1247 - CONTRIBUIÇÃO PARA MANUTENÇÃO DA SAUDE ANIMAL||4.4.90.52.00 - EQUIPAMENTOS E MATERIAL PERMANENTE|102 - RECEITAS DE IMPOSTOS E DE TRANSFERÊNCIAS DE IMPOSTOS VINCULADOS À SAÚDE|29422.09
2905693|928398|303|02|2021|11|02.02017.10.301.0029.2063.3.3.90.30.00.155|10 - SAÚDE|301 - ATENÇÃO BÁSICA|0029 - ATENÇÃO BÁSICA|2063 - MANUTENÇÃO DA ATENÇÃO BÁSICA||3.3.90.30.00 - MATERIAL DE CONSUMO|155 - TRANSFERÊNCIAS DE RECURSOS DO FUNDO ESTADUAL DE SAÚDE|104700.0
2701336|852346|302|01|2021|6|01.01001.01.031.0001.2332.3.3.90.30.00.100|01 - LEGISLATIVA|031 - AÇÃO LEGISLATIVA|0001 - PROCESSO LEGISLATIVO|2332 - MANUTENÇÃO DOS SERVIÇOS ADMINISTRATIVOS||3.3.90.30.00 - MATERIAL DE CONSUMO|100 - RECURSOS ORDINÁRIOS|19730.0
2701331|852345|302|01|2021|6|01.01001.01.031.0001.2335.3.3.90.31.00.100|01 - LEGISLATIVA|031 - AÇÃO LEGISLATIVA|0001 - PROCESSO LEGISLATIVO|2335 - RECEPÇÕES HOMENAGENS E FESTIVIDADES||3.3.90.31.00 - PREMIAÇÕES CULTURAIS, ARTÍSTICAS, CIENTÍFICAS, DESPORTIVAS E OUTRAS|100 - RECURSOS ORDINÁRIOS|15240.0
2701333|852345|302|01|2021|6|01.01001.01.031.0001.2332.3.3.90.30.00.100|01 - LEGISLATIVA|031 - AÇÃO LEGISLATIVA|0001 - PROCESSO LEGISLATIVO|2332 - MANUTENÇÃO DOS SERVIÇOS ADMINISTRATIVOS||3.3.90.30.00 - MATERIAL DE CONSUMO|100 - RECURSOS ORDINÁRIOS|19730.0
2701334|852345|302|01|2021|6|01.01001.01.031.0001.2337.3.3.90.39.00.100|01 - LEGISLATIVA|031 - AÇÃO LEGISLATIVA|0001 - PROCESSO LEGISLATIVO|2337 - RELAÇÕES PÚBLICAS E DIVULGAÇÕES OFICIAIS||3.3.90.39.00 - OUTROS SERVIÇOS DE TERCEIROS - PESSOA JURÍDICA|100 - RECURSOS ORDINÁRIOS|25688.69
2701330|852345|302|01|2021|6|01.01001.01.031.0001.2466.3.3.90.30.00.100|01 - LEGISLATIVA|031 - AÇÃO LEGISLATIVA|0001 - PROCESSO LEGISLATIVO|2466 - MANUTENÇÃO DA ATIVIDADE PROCON||3.3.90.30.00 - MATERIAL DE CONSUMO|100 - RECURSOS ORDINÁRIOS|5000.0
2701332|852345|302|01|2021|6|01.01001.01.031.0001.2330.3.3.90.30.00.100|01 - LEGISLATIVA|031 - AÇÃO LEGISLATIVA|0001 - PROCESSO LEGISLATIVO|2330 - MANUTENÇÃO DO CORPO LEGISLATIVO||3.3.90.30.00 - MATERIAL DE CONSUMO|100 - RECURSOS ORDINÁRIOS|13.2
2701335|852346|302|01|2021|6|01.01001.01.031.0001.1178.4.4.90.52.00.100|01 - LEGISLATIVA|031 - AÇÃO LEGISLATIVA|0001 - PROCESSO LEGISLATIVO|1178 - AQUISIÇÃO DE BENS E EQUIPAMENTOS||4.4.90.52.00 - EQUIPAMENTOS E MATERIAL PERMANENTE|100 - RECURSOS ORDINÁRIOS|1000.0
2818768|894762|303|02|2021|9|02.02009.15.451.0072.1087.4.4.90.51.00.100|15 - URBANISMO|451 - INFRA-ESTRUTURA URBANA|0072 - INFRAESTRUTURA PATRIMONIAL URBANA E DISTRITAL|1087 - CONSTRUÇÃO MELHORIA E MANUTENÇÃO DE INFRAESTRUTURA URBANA||4.4.90.51.00 - OBRAS E INSTALAÇÕES|100 - RECURSOS ORDINÁRIOS|175012.15
2928445|937800|304|03|2021|10|03.06001.17.512.0033.2054.3.3.90.30.00.100|17 - SANEAMENTO|512 - SANEAMENTO BÁSICO URBANO|0033 - SISTEMA DE ESGOTO SANITÁRIO|2054 - OPERAÇÃO E MANUTENÇÃO DO SISTEMA DE ESGOTO SANITÁRIO||3.3.90.30.00 - MATERIAL DE CONSUMO|100 - RECURSOS ORDINÁRIOS|145207.35
2570393|808808|303|02|2021|2|02.02007001.12.122.0002.2002.3.3.90.39.00.101|12 - EDUCAÇÃO|122 - ADMINISTRAÇÃO GERAL|0002 - GESTÃO DA SECRETARIA MUNICIPAL DE EDUCAÇÃO|2002 - MANUTENÇÃO DA SECRETARIA||3.3.90.39.00 - OUTROS SERVIÇOS DE TERCEIROS - PESSOA JURÍDICA|101 - RECEITAS DE IMPOSTOS E DE TRANSFERÊNCIAS DE IMPOSTOS VINCULADOS À EDUCAÇÃO|106293.33
2928444|937799|304|03|2021|10|03.06001.17.512.0079.2053.3.3.90.30.00.100|17 - SANEAMENTO|512 - SANEAMENTO BÁSICO URBANO|0079 - SISTEMA DE ABASTECIMENTO DE ÁGUA|2053 - OPERAÇÃO E MANUTENÇÃO DO SISTEMA DE ABASTECIMENTO DE ÁGUA||3.3.90.30.00 - MATERIAL DE CONSUMO|100 - RECURSOS ORDINÁRIOS|418839.51
2818767|894760|303|02|2021|9|02.02016.04.391.0156.2311.4.4.90.51.00.124|04 - ADMINISTRAÇÃO|391 - PATRIMÔNIO HISTÓRICO, ARTÍSTICO E ARQUEOLÓGICO|0156 - FUNDO MUNICIPAL DE PROTEÇÃO AO PATRIMÔNIO CULTURAL|2311 - PRESERVAÇÃO E MANUTENÇÃO DO PATRIMÔNIO HISTÓRICO MATERIAL E IMATERIAL||4.4.90.51.00 - OBRAS E INSTALAÇÕES|124 - OUTRAS TRANSFERÊNCIAS DE CONVÊNIOS|120000.0
2670868|842481|302|01|2021|2|01.01001.01.031.0001.2339.3.3.90.30.00.100|01 - LEGISLATIVA|031 - AÇÃO LEGISLATIVA|0001 - PROCESSO LEGISLATIVO|2339 - MANUTENÇÃO E CONSERVAÇÃO DE VEÍCULOS||3.3.90.30.00 - MATERIAL DE CONSUMO|100 - RECURSOS ORDINÁRIOS|25000.0
2670869|842482|302|01|2021|4|01.01001.01.031.0001.2334.3.3.90.30.00.100|01 - LEGISLATIVA|031 - AÇÃO LEGISLATIVA|0001 - PROCESSO LEGISLATIVO|2334 - MANUTENÇÃO DOS SERVIÇOS GERAIS||3.3.90.30.00 - MATERIAL DE CONSUMO|100 - RECURSOS ORDINÁRIOS|8000.0
2670872|842483|302|01|2021|4|01.01001.01.031.0001.2330.3.3.90.39.00.100|01 - LEGISLATIVA|031 - AÇÃO LEGISLATIVA|0001 - PROCESSO LEGISLATIVO|2330 - MANUTENÇÃO DO CORPO LEGISLATIVO||3.3.90.39.00 - OUTROS SERVIÇOS DE TERCEIROS - PESSOA JURÍDICA|100 - RECURSOS ORDINÁRIOS|10734.73
2636387|830643|304|03|2021|2|03.06001.17.512.0079.2053.3.3.90.30.00.100|17 - SANEAMENTO|512 - SANEAMENTO BÁSICO URBANO|0079 - SISTEMA DE ABASTECIMENTO DE ÁGUA|2053 - OPERAÇÃO E MANUTENÇÃO DO SISTEMA DE ABASTECIMENTO DE ÁGUA||3.3.90.30.00 - MATERIAL DE CONSUMO|100 - RECURSOS ORDINÁRIOS|331250.0
2670867|842480|302|01|2021|1|01.01001.01.031.0001.2332.3.3.90.40.00.100|01 - LEGISLATIVA|031 - AÇÃO LEGISLATIVA|0001 - PROCESSO LEGISLATIVO|2332 - MANUTENÇÃO DOS SERVIÇOS ADMINISTRATIVOS||3.3.90.40.00 - SERVIÇOS DE TECNOLOGIA DA INFORMAÇÃO E COMUNICAÇÃO - PESSOA JURÍDICA|100 - RECURSOS ORDINÁRIOS|88343.52
2670870|842483|302|01|2021|4|01.01001.01.031.0001.2335.3.3.90.39.00.100|01 - LEGISLATIVA|031 - AÇÃO LEGISLATIVA|0001 - PROCESSO LEGISLATIVO|2335 - RECEPÇÕES HOMENAGENS E FESTIVIDADES||3.3.90.39.00 - OUTROS SERVIÇOS DE TERCEIROS - PESSOA JURÍDICA|100 - RECURSOS ORDINÁRIOS|28063.16
2670871|842483|302|01|2021|4|01.01001.01.031.0001.2332.3.3.90.39.00.100|01 - LEGISLATIVA|031 - AÇÃO LEGISLATIVA|0001 - PROCESSO LEGISLATIVO|2332 - MANUTENÇÃO DOS SERVIÇOS ADMINISTRATIVOS||3.3.90.39.00 - OUTROS SERVIÇOS DE TERCEIROS - PESSOA JURÍDICA|100 - RECURSOS ORDINÁRIOS|30884.88
2644459|832684|304|03|2021|3|03.06001.17.122.0030.2050.3.3.90.30.00.100|17 - SANEAMENTO|122 - ADMINISTRAÇÃO GERAL|0030 - APOIO ADMINISTRATIVO|2050 - MANUTENÇÃO DOS SERVIÇOS ADMINISTRATIVOS||3.3.90.30.00 - MATERIAL DE CONSUMO|100 - RECURSOS ORDINÁRIOS|26658.4
2739751|865394|303|02|2021|5|02.02017.10.301.0029.2063.3.3.90.40.00.159|10 - SAÚDE|301 - ATENÇÃO BÁSICA|0029 - ATENÇÃO BÁSICA|2063 - MANUTENÇÃO DA ATENÇÃO BÁSICA||3.3.90.40.00 - SERVIÇOS DE TECNOLOGIA DA INFORMAÇÃO E COMUNICAÇÃO - PESSOA JURÍDICA|159 - TRANSFERÊNCIAS DE RECURSOS DO SISTEMA ÚNICO DE SAÚDE - SUS - BLOCO DE MANUTENÇÃO DAS AÇÕES E SERVIÇOS PÚBLICOS DE SAÚDE|70743.0
2644460|832685|304|03|2021|3|03.06001.17.512.0079.2053.3.3.90.39.00.100|17 - SANEAMENTO|512 - SANEAMENTO BÁSICO URBANO|0079 - SISTEMA DE ABASTECIMENTO DE ÁGUA|2053 - OPERAÇÃO E MANUTENÇÃO DO SISTEMA DE ABASTECIMENTO DE ÁGUA||3.3.90.39.00 - OUTROS SERVIÇOS DE TERCEIROS - PESSOA JURÍDICA|100 - RECURSOS ORDINÁRIOS|1.0
2753513|870536|304|03|2021|7|03.06001.17.122.0030.2050.3.3.90.30.00.100|17 - SANEAMENTO|122 - ADMINISTRAÇÃO GERAL|0030 - APOIO ADMINISTRATIVO|2050 - MANUTENÇÃO DOS SERVIÇOS ADMINISTRATIVOS||3.3.90.30.00 - MATERIAL DE CONSUMO|100 - RECURSOS ORDINÁRIOS|18000.0
2739749|865395|303|02|2021|5|02.02006.04.122.0093.2160.3.3.90.39.00.100|04 - ADMINISTRAÇÃO|122 - ADMINISTRAÇÃO GERAL|0093 - GESTÃO DA SECRETARIA DE FAZENDA|2160 - MANUTENÇÃO DA SECRETARIA||3.3.90.39.00 - OUTROS SERVIÇOS DE TERCEIROS - PESSOA JURÍDICA|100 - RECURSOS ORDINÁRIOS|1753917.35
2739750|865394|303|02|2021|5|02.02007001.12.122.0002.2002.3.3.90.40.00.101|12 - EDUCAÇÃO|122 - ADMINISTRAÇÃO GERAL|0002 - GESTÃO DA SECRETARIA MUNICIPAL DE EDUCAÇÃO|2002 - MANUTENÇÃO DA SECRETARIA||3.3.90.40.00 - SERVIÇOS DE TECNOLOGIA DA INFORMAÇÃO E COMUNICAÇÃO - PESSOA JURÍDICA|101 - RECEITAS DE IMPOSTOS E DE TRANSFERÊNCIAS DE IMPOSTOS VINCULADOS À EDUCAÇÃO|11583.0
2739752|865396|303|02|2021|6|02.02017.10.301.0029.2063.3.3.90.30.00.159|10 - SAÚDE|301 - ATENÇÃO BÁSICA|0029 - ATENÇÃO BÁSICA|2063 - MANUTENÇÃO DA ATENÇÃO BÁSICA||3.3.90.30.00 - MATERIAL DE CONSUMO|159 - TRANSFERÊNCIAS DE RECURSOS DO SISTEMA ÚNICO DE SAÚDE - SUS - BLOCO DE MANUTENÇÃO DAS AÇÕES E SERVIÇOS PÚBLICOS DE SAÚDE|31672.0
3039688|981327|304|03|2021|12|03.06001.17.512.0079.2053.3.3.90.30.00.100|17 - SANEAMENTO|512 - SANEAMENTO BÁSICO URBANO|0079 - SISTEMA DE ABASTECIMENTO DE ÁGUA|2053 - OPERAÇÃO E MANUTENÇÃO DO SISTEMA DE ABASTECIMENTO DE ÁGUA||3.3.90.30.00 - MATERIAL DE CONSUMO|100 - RECURSOS ORDINÁRIOS|366002.4
3039686|981325|304|03|2021|12|03.06001.17.512.0079.1058.4.4.90.51.00.100|17 - SANEAMENTO|512 - SANEAMENTO BÁSICO URBANO|0079 - SISTEMA DE ABASTECIMENTO DE ÁGUA|1058 - CONSTRUÇÃO AMPLIAÇÃO OTIMIZAÇÃO DAS ETAS||4.4.90.51.00 - OBRAS E INSTALAÇÕES|100 - RECURSOS ORDINÁRIOS|69527.56
3039687|981326|304|03|2021|12|03.06001.17.512.0079.2053.3.3.90.30.00.100|17 - SANEAMENTO|512 - SANEAMENTO BÁSICO URBANO|0079 - SISTEMA DE ABASTECIMENTO DE ÁGUA|2053 - OPERAÇÃO E MANUTENÇÃO DO SISTEMA DE ABASTECIMENTO DE ÁGUA||3.3.90.30.00 - MATERIAL DE CONSUMO|100 - RECURSOS ORDINÁRIOS|23412.55
2788778|883300|304|03|2021|8|03.06001.17.512.0079.2053.3.3.90.39.00.100|17 - SANEAMENTO|512 - SANEAMENTO BÁSICO URBANO|0079 - SISTEMA DE ABASTECIMENTO DE ÁGUA|2053 - OPERAÇÃO E MANUTENÇÃO DO SISTEMA DE ABASTECIMENTO DE ÁGUA||3.3.90.39.00 - OUTROS SERVIÇOS DE TERCEIROS - PESSOA JURÍDICA|100 - RECURSOS ORDINÁRIOS|183006.0
2739753|865397|303|02|2021|6|02.02017.10.122.0322.1248.3.3.90.30.00.154|10 - SAÚDE|122 - ADMINISTRAÇÃO GERAL|0322 - COMBATE AO NOVO CORONAVÍRUS COVID 19|1248 - AÇÕES DE ENFRENTAMENTO DA EMERGÊNCIA DA SAÚDE PÚBLICA DECORRENTE DO NOVO CORONAVÍRUS COVID 19||3.3.90.30.00 - MATERIAL DE CONSUMO|154 - OUTRAS TRANSFERÊNCIAS DE RECURSOS DO SUS|53570.0
2739754|865397|303|02|2021|6|02.02017.10.122.0322.1248.4.4.90.52.00.154|10 - SAÚDE|122 - ADMINISTRAÇÃO GERAL|0322 - COMBATE AO NOVO CORONAVÍRUS COVID 19|1248 - AÇÕES DE ENFRENTAMENTO DA EMERGÊNCIA DA SAÚDE PÚBLICA DECORRENTE DO NOVO CORONAVÍRUS COVID 19||4.4.90.52.00 - EQUIPAMENTOS E MATERIAL PERMANENTE|154 - OUTRAS TRANSFERÊNCIAS DE RECURSOS DO SUS|20705.0
2788775|883301|304|03|2021|8|03.06001.17.122.0030.2050.3.3.90.30.00.100|17 - SANEAMENTO|122 - ADMINISTRAÇÃO GERAL|0030 - APOIO ADMINISTRATIVO|2050 - MANUTENÇÃO DOS SERVIÇOS ADMINISTRATIVOS||3.3.90.30.00 - MATERIAL DE CONSUMO|100 - RECURSOS ORDINÁRIOS|3.0
2788776|883299|304|03|2021|8|03.06001.17.512.0079.2053.3.3.90.39.00.100|17 - SANEAMENTO|512 - SANEAMENTO BÁSICO URBANO|0079 - SISTEMA DE ABASTECIMENTO DE ÁGUA|2053 - OPERAÇÃO E MANUTENÇÃO DO SISTEMA DE ABASTECIMENTO DE ÁGUA||3.3.90.39.00 - OUTROS SERVIÇOS DE TERCEIROS - PESSOA JURÍDICA|100 - RECURSOS ORDINÁRIOS|240012.0
2788777|883299|304|03|2021|8|03.06001.17.512.0033.2054.3.3.90.39.00.100|17 - SANEAMENTO|512 - SANEAMENTO BÁSICO URBANO|0033 - SISTEMA DE ESGOTO SANITÁRIO|2054 - OPERAÇÃO E MANUTENÇÃO DO SISTEMA DE ESGOTO SANITÁRIO||3.3.90.39.00 - OUTROS SERVIÇOS DE TERCEIROS - PESSOA JURÍDICA|100 - RECURSOS ORDINÁRIOS|240012.0
2788779|883302|304|03|2021|8|03.06001.17.512.0033.2054.3.3.90.30.00.100|17 - SANEAMENTO|512 - SANEAMENTO BÁSICO URBANO|0033 - SISTEMA DE ESGOTO SANITÁRIO|2054 - OPERAÇÃO E MANUTENÇÃO DO SISTEMA DE ESGOTO SANITÁRIO||3.3.90.30.00 - MATERIAL DE CONSUMO|100 - RECURSOS ORDINÁRIOS|25149.95
2788780|883302|304|03|2021|8|03.06001.17.512.0079.2053.3.3.90.30.00.100|17 - SANEAMENTO|512 - SANEAMENTO BÁSICO URBANO|0079 - SISTEMA DE ABASTECIMENTO DE ÁGUA|2053 - OPERAÇÃO E MANUTENÇÃO DO SISTEMA DE ABASTECIMENTO DE ÁGUA||3.3.90.30.00 - MATERIAL DE CONSUMO|100 - RECURSOS ORDINÁRIOS|10543.6
2835699|900940|304|03|2021|9|03.06001.17.512.0079.2053.3.3.90.30.00.100|17 - SANEAMENTO|512 - SANEAMENTO BÁSICO URBANO|0079 - SISTEMA DE ABASTECIMENTO DE ÁGUA|2053 - OPERAÇÃO E MANUTENÇÃO DO SISTEMA DE ABASTECIMENTO DE ÁGUA||3.3.90.30.00 - MATERIAL DE CONSUMO|100 - RECURSOS ORDINÁRIOS|9369.2
2835696|900938|304|03|2021|9|03.06001.17.512.0079.2053.3.3.90.30.00.100|17 - SANEAMENTO|512 - SANEAMENTO BÁSICO URBANO|0079 - SISTEMA DE ABASTECIMENTO DE ÁGUA|2053 - OPERAÇÃO E MANUTENÇÃO DO SISTEMA DE ABASTECIMENTO DE ÁGUA||3.3.90.30.00 - MATERIAL DE CONSUMO|100 - RECURSOS ORDINÁRIOS|102855.11
2835697|900939|304|03|2021|9|03.06001.17.512.0079.2053.3.3.90.30.00.100|17 - SANEAMENTO|512 - SANEAMENTO BÁSICO URBANO|0079 - SISTEMA DE ABASTECIMENTO DE ÁGUA|2053 - OPERAÇÃO E MANUTENÇÃO DO SISTEMA DE ABASTECIMENTO DE ÁGUA||3.3.90.30.00 - MATERIAL DE CONSUMO|100 - RECURSOS ORDINÁRIOS|47413.22
2835698|900940|304|03|2021|9|03.06001.17.512.0033.2054.3.3.90.30.00.100|17 - SANEAMENTO|512 - SANEAMENTO BÁSICO URBANO|0033 - SISTEMA DE ESGOTO SANITÁRIO|2054 - OPERAÇÃO E MANUTENÇÃO DO SISTEMA DE ESGOTO SANITÁRIO||3.3.90.30.00 - MATERIAL DE CONSUMO|100 - RECURSOS ORDINÁRIOS|2584.05
2910654|930357|303|02|2021|12|02.02016.04.391.0156.2311.4.4.90.51.00.224|04 - ADMINISTRAÇÃO|391 - PATRIMÔNIO HISTÓRICO, ARTÍSTICO E ARQUEOLÓGICO|0156 - FUNDO MUNICIPAL DE PROTEÇÃO AO PATRIMÔNIO CULTURAL|2311 - PRESERVAÇÃO E MANUTENÇÃO DO PATRIMÔNIO HISTÓRICO MATERIAL E IMATERIAL||4.4.90.51.00 - OBRAS E INSTALAÇÕES|224 - OUTRAS TRANSFERÊNCIAS DE CONVÊNIOS|113624.62
2910655|930352|303|02|2021|12|02.02017.10.305.0049.2399.4.4.90.52.00.155|10 - SAÚDE|305 - VIGILÂNCIA EPIDEMIOLÓGICA|0049 - VIGILÂNCIA EM SAÚDE|2399 - MANUTENÇÃO DA VIGILÂNCIA EM SAÚDE||4.4.90.52.00 - EQUIPAMENTOS E MATERIAL PERMANENTE|155 - TRANSFERÊNCIAS DE RECURSOS DO FUNDO ESTADUAL DE SAÚDE|17815.92
2910652|930358|303|02|2021|12|02.02004.04.122.0094.2170.3.3.90.32.00.100|04 - ADMINISTRAÇÃO|122 - ADMINISTRAÇÃO GERAL|0094 - GESTÃO DA SECRETARIA MUNICIPAL DE ADMINISTRAÇÃO|2170 - MANUTENÇÃO DA SECRETARIA DE ADMINISTRAÇÃO||3.3.90.32.00 - MATERIAL, BEM OU SERVIÇO PARA DISTRIBUIÇÃO GRATUITA|100 - RECURSOS ORDINÁRIOS|97000.0
2910653|930357|303|02|2021|12|02.02020.04.392.0223.1253.4.4.90.51.00.164|04 - ADMINISTRAÇÃO|392 - DIFUSÃO CULTURAL|0223 - GESTÃO DA SECRETARIA DE TURÍSMO CULTURA E PATRIMÔNIO|1253 - EMENDAS PARLAMENTARES INDIVIDUAIS TRANSFERÊNCIA ESPECIAL||4.4.90.51.00 - OBRAS E INSTALAÇÕES|164 - EMENDAS PARLAMENTARES INDIVIDUAIS -  TRANSFERÊNCIA ESPECIAL|13624.62
2910656|930353|303|02|2021|12|02.02006.04.122.0093.2160.3.3.90.40.00.100|04 - ADMINISTRAÇÃO|122 - ADMINISTRAÇÃO GERAL|0093 - GESTÃO DA SECRETARIA DE FAZENDA|2160 - MANUTENÇÃO DA SECRETARIA||3.3.90.40.00 - SERVIÇOS DE TECNOLOGIA DA INFORMAÇÃO E COMUNICAÇÃO - PESSOA JURÍDICA|100 - RECURSOS ORDINÁRIOS|460500.0
2757510|871990|303|02|2021|7|02.02017.10.301.0029.2063.4.4.90.52.00.155|10 - SAÚDE|301 - ATENÇÃO BÁSICA|0029 - ATENÇÃO BÁSICA|2063 - MANUTENÇÃO DA ATENÇÃO BÁSICA||4.4.90.52.00 - EQUIPAMENTOS E MATERIAL PERMANENTE|155 - TRANSFERÊNCIAS DE RECURSOS DO FUNDO ESTADUAL DE SAÚDE|120000.0
2682191|846541|303|02|2021|3|02.02009.15.451.0072.1087.4.4.90.51.00.124|15 - URBANISMO|451 - INFRA-ESTRUTURA URBANA|0072 - INFRAESTRUTURA PATRIMONIAL URBANA E DISTRITAL|1087 - CONSTRUÇÃO MELHORIA E MANUTENÇÃO DE INFRAESTRUTURA URBANA||4.4.90.51.00 - OBRAS E INSTALAÇÕES|124 - OUTRAS TRANSFERÊNCIAS DE CONVÊNIOS|126166.0
2757509|871989|303|02|2021|7|02.02017.10.122.0322.1248.4.4.90.52.00.154|10 - SAÚDE|122 - ADMINISTRAÇÃO GERAL|0322 - COMBATE AO NOVO CORONAVÍRUS COVID 19|1248 - AÇÕES DE ENFRENTAMENTO DA EMERGÊNCIA DA SAÚDE PÚBLICA DECORRENTE DO NOVO CORONAVÍRUS COVID 19||4.4.90.52.00 - EQUIPAMENTOS E MATERIAL PERMANENTE|154 - OUTRAS TRANSFERÊNCIAS DE RECURSOS DO SUS|26138.8
2718774|857917|304|03|2021|6|03.06001.17.512.0079.2053.3.3.90.30.00.100|17 - SANEAMENTO|512 - SANEAMENTO BÁSICO URBANO|0079 - SISTEMA DE ABASTECIMENTO DE ÁGUA|2053 - OPERAÇÃO E MANUTENÇÃO DO SISTEMA DE ABASTECIMENTO DE ÁGUA||3.3.90.30.00 - MATERIAL DE CONSUMO|100 - RECURSOS ORDINÁRIOS|57402.8
2718771|857914|304|03|2021|6|03.06001.17.512.0079.2053.3.3.90.39.00.100|17 - SANEAMENTO|512 - SANEAMENTO BÁSICO URBANO|0079 - SISTEMA DE ABASTECIMENTO DE ÁGUA|2053 - OPERAÇÃO E MANUTENÇÃO DO SISTEMA DE ABASTECIMENTO DE ÁGUA||3.3.90.39.00 - OUTROS SERVIÇOS DE TERCEIROS - PESSOA JURÍDICA|100 - RECURSOS ORDINÁRIOS|133008.9
2718772|857916|304|03|2021|6|03.06001.17.512.0079.2053.3.3.90.30.00.100|17 - SANEAMENTO|512 - SANEAMENTO BÁSICO URBANO|0079 - SISTEMA DE ABASTECIMENTO DE ÁGUA|2053 - OPERAÇÃO E MANUTENÇÃO DO SISTEMA DE ABASTECIMENTO DE ÁGUA||3.3.90.30.00 - MATERIAL DE CONSUMO|100 - RECURSOS ORDINÁRIOS|1.0
2718773|857917|304|03|2021|6|03.06001.17.512.0033.2054.3.3.90.30.00.100|17 - SANEAMENTO|512 - SANEAMENTO BÁSICO URBANO|0033 - SISTEMA DE ESGOTO SANITÁRIO|2054 - OPERAÇÃO E MANUTENÇÃO DO SISTEMA DE ESGOTO SANITÁRIO||3.3.90.30.00 - MATERIAL DE CONSUMO|100 - RECURSOS ORDINÁRIOS|48770.12
2718775|857915|304|03|2021|6|03.06001.17.512.0079.1059.4.4.90.52.00.100|17 - SANEAMENTO|512 - SANEAMENTO BÁSICO URBANO|0079 - SISTEMA DE ABASTECIMENTO DE ÁGUA|1059 - AQUISIÇÃO E INSTALAÇÃO DE MEDIDORES DE ÁGUA HIDRÔMETROS||4.4.90.52.00 - EQUIPAMENTOS E MATERIAL PERMANENTE|100 - RECURSOS ORDINÁRIOS|103617.0
