seq_quadro_soc|seq_hab_licitacao|seq_licitacao|seq_orgao|cod_orgao|num_ano_referencia|num_mes_referencia|num_documento|nom_pessoa|num_cgc_habilitado|dsc_tipo_participacao
7421858|3637805|1274934|303|02|2023|1|014***956**|PETERSON AUGUSTO AGUIAR FERREIRA|01459495675|1 - REPRESENTANTE LEGAL
7421859|3637805|1274934|303|02|2023|1|014***956**|PETERSON AUGUSTO AGUIAR FERREIRA|01459495675|2 - DEMAIS MEMBROS DO QUADRO SOCIETÁRIO
7421856|3637804|1274934|303|02|2023|1|050***186**|PEDRO HENRIQUE BETTENCOURT VIANA DE OLIVEIRA|05029918604|1 - REPRESENTANTE LEGAL
7421857|3637804|1274934|303|02|2023|1|050***186**|PEDRO HENRIQUE BETTENCOURT VIANA DE OLIVEIRA|05029918604|2 - DEMAIS MEMBROS DO QUADRO SOCIETÁRIO
7421888|3637818|1274941|303|02|2023|3|050***186**|PEDRO HENRIQUE BETTENCOURT VIANA DE OLIVEIRA|05029918604|1 - REPRESENTANTE LEGAL
7421889|3637818|1274941|303|02|2023|3|050***186**|PEDRO HENRIQUE BETTENCOURT VIANA DE OLIVEIRA|05029918604|2 - DEMAIS MEMBROS DO QUADRO SOCIETÁRIO
7604092|3735183|1309958|303|02|2023|9|053***776**|LUCAS ANTONIO FRANKLIN REIS|05375477629|1 - REPRESENTANTE LEGAL
7604133|3735209|1309968|303|02|2023|11|893***146**|RONALDO APARECIDO ROSA MIRANDA|89334914653|1 - REPRESENTANTE LEGAL
7546814|3703985|1299017|304|03|2023|12|38141954000197|A & F INVESTIMENTOS LTDA|38141954000197|2 - DEMAIS MEMBROS DO QUADRO SOCIETÁRIO
7430034|3641974|1276393|304|03|2023|7|24988020000180|MELF PARTICIPACOES LTDA|24988020000180|1 - REPRESENTANTE LEGAL
7430038|3641975|1276394|304|03|2023|8|267***658**|ALEX MARTINS SALGADO|26704665838|2 - DEMAIS MEMBROS DO QUADRO SOCIETÁRIO
7443514|3649366|1279172|304|03|2023|9|356***539**|MOACIR KEPKA|35608153987|2 - DEMAIS MEMBROS DO QUADRO SOCIETÁRIO
7443515|3649366|1279172|304|03|2023|9|356***539**|MOACIR KEPKA|35608153987|6 - SOCIEDADE LTDA UNIPESSOAL (LEI 13.874/2019)
7475986|3666653|1285304|304|03|2023|11|356***539**|MOACIR KEPKA|35608153987|2 - DEMAIS MEMBROS DO QUADRO SOCIETÁRIO
7475987|3666653|1285304|304|03|2023|11|356***539**|MOACIR KEPKA|35608153987|6 - SOCIEDADE LTDA UNIPESSOAL (LEI 13.874/2019)
7443499|3649358|1279169|304|03|2023|9|092***656**|JACKSON AFONSO GUERRA|09251965684|2 - DEMAIS MEMBROS DO QUADRO SOCIETÁRIO
7248050|3545090|1241649|302|01|2023|8|159***876**|JOAO VITOR SAVINO MAGALHAES DE SOUZA|15998887697|1 - REPRESENTANTE LEGAL
7248051|3545090|1241649|302|01|2023|8|159***876**|JOAO VITOR SAVINO MAGALHAES DE SOUZA|15998887697|2 - DEMAIS MEMBROS DO QUADRO SOCIETÁRIO
7421956|3637858|1274960|303|02|2023|7|100***166**|MARIANA SOUZA MORAIS SPINELI|10016416635|2 - DEMAIS MEMBROS DO QUADRO SOCIETÁRIO
7421993|3637879|1274966|303|02|2023|8|032***854**|VICTOR HUGO SOARES DA COSTA|03241285413|1 - REPRESENTANTE LEGAL
7421959|3637860|1274960|303|02|2023|7|035***006**|SANDRA BATISTA DE SOUZA MARTINS|03523800633|2 - DEMAIS MEMBROS DO QUADRO SOCIETÁRIO
7421955|3637858|1274960|303|02|2023|7|035***416**|RAUL AUGUSTO SPINELI DA SILVA|03586341644|1 - REPRESENTANTE LEGAL
7421958|3637860|1274960|303|02|2023|7|006***756**|MARCOS ROGERIO MARTINS GOMES|00649875664|1 - REPRESENTANTE LEGAL
7421980|3637872|1274962|303|02|2023|8|070***948**|SILVIO JOSE DE MORAES|07082494858|1 - REPRESENTANTE LEGAL
7421979|3637871|1274962|303|02|2023|8|784***503**|ANTONIO LEONARDO FERREIRA SANTOS|78419450359|3 - MICRO EMPREENDEDOR INDIVIDUAL (MEI)
7421983|3637874|1274962|303|02|2023|8|082***139**|DANIEL DA SILVA JUNIOR|08244713933|4 - EMPRESÁRIO INDIVIDUAL (EI)
7421981|3637872|1274962|303|02|2023|8|092***908**|SANDRA CRISITNA FRNANDES COSRTA DE MEDEIROS DE MORAES|09224390870|2 - DEMAIS MEMBROS DO QUADRO SOCIETÁRIO
7421997|3637880|1274966|303|02|2023|8|47146149000147|GROWTH PARTICIPACOES LTDA|47146149000147|2 - DEMAIS MEMBROS DO QUADRO SOCIETÁRIO
7421863|3637807|1274938|303|02|2023|2|226***048**|FELIPE DE OLIVEIRA BASSO|22636004858|2 - DEMAIS MEMBROS DO QUADRO SOCIETÁRIO
7421862|3637807|1274938|303|02|2023|2|263***418**|PATRICIA FROSSARD PITERI|26333041840|1 - REPRESENTANTE LEGAL
7421865|3637807|1274938|303|02|2023|2|357***878**|DIEGO DE OLIVEIRA CANAVEZI|35745787848|2 - DEMAIS MEMBROS DO QUADRO SOCIETÁRIO
7443508|3649363|1279171|304|03|2023|9|079***696**|FATIMA PEREIRA DE SOUZA|07954569640|2 - DEMAIS MEMBROS DO QUADRO SOCIETÁRIO
7443509|3649363|1279171|304|03|2023|9|079***696**|FATIMA PEREIRA DE SOUZA|07954569640|6 - SOCIEDADE LTDA UNIPESSOAL (LEI 13.874/2019)
7443518|3649368|1279172|304|03|2023|9|079***696**|FATIMA PEREIRA DE SOUZA|07954569640|2 - DEMAIS MEMBROS DO QUADRO SOCIETÁRIO
7443519|3649368|1279172|304|03|2023|9|079***696**|FATIMA PEREIRA DE SOUZA|07954569640|6 - SOCIEDADE LTDA UNIPESSOAL (LEI 13.874/2019)
7092234|3463758|1212082|302|01|2023|6|145***886**|GUSTAVO SIMOES GROSSI|14571088604|4 - EMPRESÁRIO INDIVIDUAL (EI)
7430007|3641968|1276389|304|03|2023|5|029***705**|PATRICIA MICHELLY DOS SANTOS CASTRO|02944970569|1 - REPRESENTANTE LEGAL
7604115|3735198|1309960|303|02|2023|9|047***026**|TREEBUY LTDA|04765302610|4 - EMPRESÁRIO INDIVIDUAL (EI)
7604094|3735184|1309958|303|02|2023|9|700***976**|PEDRO AUGUSTO DE MATOS BOTELHO|70010697608|4 - EMPRESÁRIO INDIVIDUAL (EI)
7604107|3735193|1309958|303|02|2023|9|007***806**|ADILENE ANASTACIA FRANCISCOME|00763280666|4 - EMPRESÁRIO INDIVIDUAL (EI)
7604114|3735197|1309960|303|02|2023|9|078***409**|RUDA FARES MOKARZEL BIONDI|07824340961|4 - EMPRESÁRIO INDIVIDUAL (EI)
7604091|3735182|1309958|303|02|2023|9|869***086**|MARLENE APARECIDA FERREIRA SEVERIANO|86997408672|4 - EMPRESÁRIO INDIVIDUAL (EI)
7604083|3735179|1309958|303|02|2023|9|887***026**|ALESSANDRO DIMAS RODRIGUES|88708802653|1 - REPRESENTANTE LEGAL
7604113|3735196|1309960|303|02|2023|9|956***819**|ADILSON MARCELO GONCALVES|95690581968|4 - EMPRESÁRIO INDIVIDUAL (EI)
7604120|3735202|1309964|303|02|2023|10|189***848**|CLAUDIO DE SOUZA NASCIMENTO|18950284855|1 - REPRESENTANTE LEGAL
7604121|3735202|1309964|303|02|2023|10|283***148**|ELIANA OLIVEIRA DA COSTA|28329714829|2 - DEMAIS MEMBROS DO QUADRO SOCIETÁRIO
7604129|3735206|1309966|303|02|2023|10|542***355**|SIRIVALDO DE SOUZA GOES|54207835504|4 - EMPRESÁRIO INDIVIDUAL (EI)
7546823|3703990|1299019|304|03|2023|12|060***146**|PAULO GUEDES MENDES JUNIOR|06071914655|2 - DEMAIS MEMBROS DO QUADRO SOCIETÁRIO
7546824|3703990|1299019|304|03|2023|12|060***146**|PAULO GUEDES MENDES JUNIOR|06071914655|6 - SOCIEDADE LTDA UNIPESSOAL (LEI 13.874/2019)
7009176|3419729|1195710|305|04|2023|4|255***166**|ROGERIO STOCKLER DE MELLO|25588516672|1 - REPRESENTANTE LEGAL
7009177|3419729|1195710|305|04|2023|4|035***211**|ARHUR TEIXEIRA STOCKLER DE MELLO|03552321110|2 - DEMAIS MEMBROS DO QUADRO SOCIETÁRIO
7009178|3419729|1195710|305|04|2023|4|067***946**|SIMONE ISABEL BATISTA DA CRUZ|06775094647|2 - DEMAIS MEMBROS DO QUADRO SOCIETÁRIO
7009179|3419729|1195710|305|04|2023|4|074***696**|BRUNA CALDAS CORDEIRO|07479369603|2 - DEMAIS MEMBROS DO QUADRO SOCIETÁRIO
7604223|3735254|1309975|303|02|2023|12|607***806**|SANDRA MARA FRANCO ZACARIAS LEITE|60738480649|2 - DEMAIS MEMBROS DO QUADRO SOCIETÁRIO
7546829|3703992|1299021|304|03|2023|12|122***676**|LEONARDO GOMIDE BATISTA SOARES|12252167610|2 - DEMAIS MEMBROS DO QUADRO SOCIETÁRIO
6824595|3322849|1159192|302|01|2023|2|575***296**|PESSOA FISICA 57527229691|57527229691|2 - DEMAIS MEMBROS DO QUADRO SOCIETÁRIO
7092230|3463755|1212080|302|01|2023|6|059***216**|MARCELO ALBERTO DE OLIVEIRA ELADIO|05947321661|2 - DEMAIS MEMBROS DO QUADRO SOCIETÁRIO
7092229|3463755|1212080|302|01|2023|6|059***216**|MARCELO ALBERTO DE OLIVEIRA ELADIO|05947321661|1 - REPRESENTANTE LEGAL
7248048|3545089|1241649|302|01|2023|8|002***366**|CLEVERSON COSTA GONCALVES|00232236690|1 - REPRESENTANTE LEGAL
7248049|3545089|1241649|302|01|2023|8|002***366**|CLEVERSON COSTA GONCALVES|00232236690|2 - DEMAIS MEMBROS DO QUADRO SOCIETÁRIO
7421984|3637875|1274962|303|02|2023|8|392***083**|FRANCISCA VERONICA MENDES MACEDO|39217108391|4 - EMPRESÁRIO INDIVIDUAL (EI)
7421992|3637878|1274965|303|02|2023|8|607***806**|MARIO LUCIO DE ALMEIDA|60748680691|2 - DEMAIS MEMBROS DO QUADRO SOCIETÁRIO
7421887|3637817|1274940|303|02|2023|3|737***426**|ROGERIO ELIAS BULHOES|73735442668|2 - DEMAIS MEMBROS DO QUADRO SOCIETÁRIO
7604135|3735210|1309969|303|02|2023|11|228***466**|ANTÔNIO JOSÉ GONCALVES|22869646615|1 - REPRESENTANTE LEGAL
7421970|3637866|1274961|303|02|2023|7|502***546**|NATANAEL PEREIRA|50269054634|2 - DEMAIS MEMBROS DO QUADRO SOCIETÁRIO
7604142|3735214|1309968|303|02|2023|11|062***586**|LUCAS SOARES FERREIRA|06286758607|1 - REPRESENTANTE LEGAL
7421982|3637873|1274962|303|02|2023|8|083***346**|ANDERSON CARLOS DINIZ SILVA|08372134600|4 - EMPRESÁRIO INDIVIDUAL (EI)
7604160|3735224|1309976|303|02|2023|12|178***978**|RICARDO VIEIRA CASSIANO|17839797806|1 - REPRESENTANTE LEGAL
7421953|3637856|1274959|303|02|2023|7|219***326**|SERGINO MAGALHAES DE SOUZA|21999732634|2 - DEMAIS MEMBROS DO QUADRO SOCIETÁRIO
7421848|3637800|1274936|303|02|2023|1|034***486**|ADALGISA BORGES ALVES|03401248650|1 - REPRESENTANTE LEGAL
7604131|3735208|1309966|303|02|2023|10|034***486**|ADALGISA BORGES ALVES|03401248650|1 - REPRESENTANTE LEGAL
7421828|3637791|1274935|303|02|2023|1|640***846**|ENI FERREIRA DOS SANTOS|64005984649|1 - REPRESENTANTE LEGAL
7421913|3637832|1274946|303|02|2023|5|645***006**|JACKSON NUNES DE QUEIROZ|64506800672|1 - REPRESENTANTE LEGAL
7421885|3637816|1274940|303|02|2023|3|763***969**|ROBERTO BULKA|76389596987|2 - DEMAIS MEMBROS DO QUADRO SOCIETÁRIO
7604089|3735181|1309958|303|02|2023|9|939***576**|DÁRIO HUMBERTO DE MELO CASTRO|93934157653|1 - REPRESENTANTE LEGAL
7604090|3735181|1309958|303|02|2023|9|939***576**|DÁRIO HUMBERTO DE MELO CASTRO|93934157653|2 - DEMAIS MEMBROS DO QUADRO SOCIETÁRIO
7604166|3735225|1309973|303|02|2023|12|574***386**|JOSE APARECIDO DE LACERDA|57436738615|2 - DEMAIS MEMBROS DO QUADRO SOCIETÁRIO
7421837|3637795|1274937|303|02|2023|1|121***406**|PHILLIPE MARCONI COSTA RIBEIRO|12138140652|2 - DEMAIS MEMBROS DO QUADRO SOCIETÁRIO
7421845|3637799|1274936|303|02|2023|1|069***896**|LONARDO VIEIRA SAVOI|06917589640|2 - DEMAIS MEMBROS DO QUADRO SOCIETÁRIO
7421927|3637839|1274952|303|02|2023|5|069***896**|LONARDO VIEIRA SAVOI|06917589640|2 - DEMAIS MEMBROS DO QUADRO SOCIETÁRIO
7604124|3735204|1309964|303|02|2023|10|069***896**|LONARDO VIEIRA SAVOI|06917589640|2 - DEMAIS MEMBROS DO QUADRO SOCIETÁRIO
7421853|3637802|1274934|303|02|2023|1|232***706**|TÚLIO MENIN DE OLIVEIRA SANTOS|23220570615|2 - DEMAIS MEMBROS DO QUADRO SOCIETÁRIO
7421890|3637819|1274941|303|02|2023|3|232***706**|TÚLIO MENIN DE OLIVEIRA SANTOS|23220570615|1 - REPRESENTANTE LEGAL
7421882|3637815|1274940|303|02|2023|3|034***546**|LETÍCIA LEONE SIMOES|03427454681|2 - DEMAIS MEMBROS DO QUADRO SOCIETÁRIO
7421879|3637814|1274940|303|02|2023|3|481***906**|LEONARDO AUGUSTO MACHADO CAMPOS|48144290615|2 - DEMAIS MEMBROS DO QUADRO SOCIETÁRIO
7604179|3735231|1309976|303|02|2023|12|481***906**|LEONARDO AUGUSTO MACHADO CAMPOS|48144290615|2 - DEMAIS MEMBROS DO QUADRO SOCIETÁRIO
7421886|3637817|1274940|303|02|2023|3|006***756**|ROSANGELA MARQUES LIMA|00671575643|1 - REPRESENTANTE LEGAL
7421847|3637799|1274936|303|02|2023|1|081***226**|CAIO LIMA BITTAR|08116422677|2 - DEMAIS MEMBROS DO QUADRO SOCIETÁRIO
7421929|3637839|1274952|303|02|2023|5|081***226**|CAIO LIMA BITTAR|08116422677|2 - DEMAIS MEMBROS DO QUADRO SOCIETÁRIO
7604126|3735204|1309964|303|02|2023|10|081***226**|CAIO LIMA BITTAR|08116422677|2 - DEMAIS MEMBROS DO QUADRO SOCIETÁRIO
7421964|3637863|1274955|303|02|2023|7|032***636**|GLAUDSON HENRIQUE ASSIS DE OLIVEIRA|03201763632|2 - DEMAIS MEMBROS DO QUADRO SOCIETÁRIO
7604202|3735243|1309976|303|02|2023|12|578***986**|AQUILES GONCALVES DA SILVA|57841098634|1 - REPRESENTANTE LEGAL
7604221|3735253|1309976|303|02|2023|12|865***838**|LUIZ STEVANATTO NETO|86589083800|2 - DEMAIS MEMBROS DO QUADRO SOCIETÁRIO
7421949|3637853|1274958|303|02|2023|7|116***056**|MARCOS PAULO DE MELO KERN|11659805686|2 - DEMAIS MEMBROS DO QUADRO SOCIETÁRIO
7604200|3735242|1309976|303|02|2023|12|028***829**|NEOMAR ANTONIO TOMAZELI|02883682909|2 - DEMAIS MEMBROS DO QUADRO SOCIETÁRIO
7604140|3735213|1309968|303|02|2023|11|475***806**|GISLEI SARA SOUZA PESSOA|47528680672|1 - REPRESENTANTE LEGAL
7604213|3735248|1309976|303|02|2023|12|069***129**|ALEX DIAS DAMINELLI|06954312932|4 - EMPRESÁRIO INDIVIDUAL (EI)
7421974|3637868|1274961|303|02|2023|7|876***317**|JULIO CESAR DA SILVA MARINS|87602431715|1 - REPRESENTANTE LEGAL
7604182|3735232|1309976|303|02|2023|12|876***317**|JULIO CESAR DA SILVA MARINS|87602431715|2 - DEMAIS MEMBROS DO QUADRO SOCIETÁRIO
7604218|3735252|1309976|303|02|2023|12|227***648**|LUIS FERNANDO MESSIAS BUZATO|22725264898|2 - DEMAIS MEMBROS DO QUADRO SOCIETÁRIO
7421918|3637835|1274946|303|02|2023|5|325***266**|JOAO INACIO SANTANA|32531826653|1 - REPRESENTANTE LEGAL
7604161|3735224|1309976|303|02|2023|12|642***760**|HAMILTON PLETSH|64266176015|2 - DEMAIS MEMBROS DO QUADRO SOCIETÁRIO
7604193|3735240|1309976|303|02|2023|12|072***506**|THAYAN NASCIMENTO HARTMANN|07200950696|2 - DEMAIS MEMBROS DO QUADRO SOCIETÁRIO
7421933|3637843|1274959|303|02|2023|7|736***276**|RICARDO ANTUNES GOMES DE OLIVEIRA|73650927691|4 - EMPRESÁRIO INDIVIDUAL (EI)
7604195|3735240|1309976|303|02|2023|12|082***447**|RICARDO PECHININO HALLACK|08223744716|2 - DEMAIS MEMBROS DO QUADRO SOCIETÁRIO
7421907|3637829|1274950|303|02|2023|5|101***536**|BRUNO GONCALVES E SILVA|10116953675|1 - REPRESENTANTE LEGAL
7421965|3637864|1274955|303|02|2023|7|101***536**|BRUNO GONCALVES E SILVA|10116953675|1 - REPRESENTANTE LEGAL
7604209|3735246|1309976|303|02|2023|12|106***176**|TIAGO COSTA FRAGA|10670617628|2 - DEMAIS MEMBROS DO QUADRO SOCIETÁRIO
7604181|3735232|1309976|303|02|2023|12|992***256**|CRISTIANE RENATA GONCALVES NAZARETH|99288125604|1 - REPRESENTANTE LEGAL
7604184|3735233|1309976|303|02|2023|12|069***416**|ALECIO ALVES SANTOS|06933441644|2 - DEMAIS MEMBROS DO QUADRO SOCIETÁRIO
7604215|3735250|1309976|303|02|2023|12|885***297**|LUIZ EDUARDO DOS SANTOS ARAUJO|88599329715|4 - EMPRESÁRIO INDIVIDUAL (EI)
7604139|3735212|1309968|303|02|2023|11|014***346**|DANIELSON TROVAO DA SILVA|01452934673|4 - EMPRESÁRIO INDIVIDUAL (EI)
7421972|3637867|1274961|303|02|2023|7|018***560**|CHARLINE ANA MIOTO BRESSIANI|01833956036|2 - DEMAIS MEMBROS DO QUADRO SOCIETÁRIO
7421942|3637849|1274958|303|02|2023|7|884***096**|VIVIANE FRANCINO FERREIRA|88429709649|4 - EMPRESÁRIO INDIVIDUAL (EI)
7604194|3735240|1309976|303|02|2023|12|073***007**|MARIO SERGIO AYTRES CUNHA RIBEIRO|07347700736|2 - DEMAIS MEMBROS DO QUADRO SOCIETÁRIO
7604196|3735240|1309976|303|02|2023|12|218***158**|PAULA PASCHOAL QUEIROZ DE MORAIS|21879615835|2 - DEMAIS MEMBROS DO QUADRO SOCIETÁRIO
7604173|3735228|1309976|303|02|2023|12|033***176**|LEANDRO CALIXTO SILVEIRA DE SOUZA|03374717624|2 - DEMAIS MEMBROS DO QUADRO SOCIETÁRIO
7604205|3735244|1309976|303|02|2023|12|033***176**|LEANDRO CALIXTO SILVEIRA DE SOUZA|03374717624|2 - DEMAIS MEMBROS DO QUADRO SOCIETÁRIO
7604118|3735201|1309963|303|02|2023|10|014***116**|EDNILTON LUCIO SANTOS|01446911675|1 - REPRESENTANTE LEGAL
7604219|3735253|1309976|303|02|2023|12|152***898**|IRIS SCXUSSEL STEVANATTO|15250489885|1 - REPRESENTANTE LEGAL
7604108|3735194|1309959|303|02|2023|9|632***380**|MARCELO WAIS|63200538015|1 - REPRESENTANTE LEGAL
7604211|3735247|1309976|303|02|2023|12|447***370**|LOURDES LAMBERT|44795637091|2 - DEMAIS MEMBROS DO QUADRO SOCIETÁRIO
7604085|3735180|1309958|303|02|2023|9|052***036**|MEIRILANE DE LIMA ROCHA|05224603641|1 - REPRESENTANTE LEGAL
7604163|3735225|1309973|303|02|2023|12|095***406**|RAFAEL STUCKI LIMA|09507740651|2 - DEMAIS MEMBROS DO QUADRO SOCIETÁRIO
7604100|3735189|1309958|303|02|2023|9|010***936**|RENATA FARIA DE REZENDE|01076293646|2 - DEMAIS MEMBROS DO QUADRO SOCIETÁRIO
7421978|3637870|1274959|303|02|2023|7|609***876**|ANA LUCIA SAVINO|60970987668|3 - MICRO EMPREENDEDOR INDIVIDUAL (MEI)
7421854|3637803|1274934|303|02|2023|1|067***546**|GUSTAVO DE FIGUEIREDO NASCIMENTO|06796454626|1 - REPRESENTANTE LEGAL
7421903|3637826|1274945|303|02|2023|5|067***546**|GUSTAVO DE FIGUEIREDO NASCIMENTO|06796454626|1 - REPRESENTANTE LEGAL
7604105|3735192|1309958|303|02|2023|9|071***216**|JERNEY JARDEL MOREIRA|07142421606|2 - DEMAIS MEMBROS DO QUADRO SOCIETÁRIO
7604183|3735233|1309976|303|02|2023|12|033***646**|JORDEANA DOS ANJOS CORDEIRO|03316164677|1 - REPRESENTANTE LEGAL
7421830|3637792|1274937|303|02|2023|1|349***538**|ROBERTA ELEOTERIO CARMO DE BRITTO|34901253808|1 - REPRESENTANTE LEGAL
7421831|3637792|1274937|303|02|2023|1|349***538**|ROBERTA ELEOTERIO CARMO DE BRITTO|34901253808|2 - DEMAIS MEMBROS DO QUADRO SOCIETÁRIO
7604189|3735237|1309976|303|02|2023|12|068***369**|LEANDRO ROSSONI|06807436939|4 - EMPRESÁRIO INDIVIDUAL (EI)
7430001|3641965|1276387|304|03|2023|5|360***768**|WELINTON ROBERTO MOISES|36008376803|1 - REPRESENTANTE LEGAL
7443529|3649373|1279174|304|03|2023|10|881***336**|MAURICIO MOREIRA.|88197433615|2 - DEMAIS MEMBROS DO QUADRO SOCIETÁRIO
7546828|3703992|1299021|304|03|2023|12|109***586**|DEBORAH BATISTA SOARES|10979558697|1 - REPRESENTANTE LEGAL
7430029|3641971|1276391|304|03|2023|6|360***746**|JANE DA CONCEICAO FERREIRA LOPES.|36023574653|2 - DEMAIS MEMBROS DO QUADRO SOCIETÁRIO
7430033|3641973|1276392|304|03|2023|7|360***746**|JANE DA CONCEICAO FERREIRA LOPES.|36023574653|2 - DEMAIS MEMBROS DO QUADRO SOCIETÁRIO
7443502|3649360|1279170|304|03|2023|9|091***306**|ROGERIO RIBEIRO VIDICAL|09144030606|1 - REPRESENTANTE LEGAL
7443503|3649360|1279170|304|03|2023|9|091***306**|ROGERIO RIBEIRO VIDICAL|09144030606|2 - DEMAIS MEMBROS DO QUADRO SOCIETÁRIO
7443520|3649369|1279172|304|03|2023|9|554***018**|PAULO ROBERTO ANGOLINI|55479901834|1 - REPRESENTANTE LEGAL
7546827|3703991|1299020|304|03|2023|12|787***046**|RAQUEL LOBO GONCALVES|78717604672|2 - DEMAIS MEMBROS DO QUADRO SOCIETÁRIO
7430028|3641971|1276391|304|03|2023|6|314***376**|IRACY MARCOS LOPES|31492037672|1 - REPRESENTANTE LEGAL
7430032|3641973|1276392|304|03|2023|7|314***376**|IRACY MARCOS LOPES|31492037672|1 - REPRESENTANTE LEGAL
7429996|3641961|1276384|304|03|2023|3|316***448**|LUCAS ANTONIO ZAMPOLO|31678644862|5 - EMPRESA INDIVIDUAL DE RESPONSABILIDADE LIMITADA (EIRELI)
7475989|3666654|1285304|304|03|2023|11|316***448**|LUCAS ANTONIO ZAMPOLO|31678644862|2 - DEMAIS MEMBROS DO QUADRO SOCIETÁRIO
7421866|3637808|1274940|303|02|2023|3|831***306**|ANA PAULA CRUVINEL GONCALVES|83175130682|2 - DEMAIS MEMBROS DO QUADRO SOCIETÁRIO
7421867|3637808|1274940|303|02|2023|3|831***306**|ANA PAULA CRUVINEL GONCALVES|83175130682|6 - SOCIEDADE LTDA UNIPESSOAL (LEI 13.874/2019)
7421952|3637856|1274959|303|02|2023|7|084***956**|RODRIGO FRANCO DE SOUZA|08414795692|1 - REPRESENTANTE LEGAL
7604208|3735246|1309976|303|02|2023|12|929***086**|VALDIRENE DE CASSIA FRAGA|92909108600|1 - REPRESENTANTE LEGAL
7421920|3637836|1274951|303|02|2023|5|204***016**|NICODEMOS JOSÉ OLÍMPIO|20462301672|1 - REPRESENTANTE LEGAL
7421874|3637812|1274940|303|02|2023|3|056***556**|ILANA VIEIRA DA MOTA|05670955684|1 - REPRESENTANTE LEGAL
7421936|3637845|1274957|303|02|2023|7|014***566**|MARCELO ADEMAR GOMES|01404456686|2 - DEMAIS MEMBROS DO QUADRO SOCIETÁRIO
7604153|3735220|1309969|303|02|2023|11|221***316**|ANTONIO BARRETO BARCELLOS|22112731653|2 - DEMAIS MEMBROS DO QUADRO SOCIETÁRIO
7421876|3637813|1274940|303|02|2023|3|249***776**|MARISA HELENA DE SOUZA CARVALHO|24957577668|1 - REPRESENTANTE LEGAL
7604095|3735185|1309958|303|02|2023|9|329***537**|JOAO FRANCISCO BRAULIO|32952953791|4 - EMPRESÁRIO INDIVIDUAL (EI)
7604103|3735191|1309958|303|02|2023|9|037***126**|JADER DA COSTA SILVA|03782012631|4 - EMPRESÁRIO INDIVIDUAL (EI)
7604201|3735242|1309976|303|02|2023|12|038***949**|NATIELE TOMAZELI BORGES|03830194943|2 - DEMAIS MEMBROS DO QUADRO SOCIETÁRIO
7604111|3735195|1309960|303|02|2023|9|062***868**|MARCOS CORRA DE OLIVEIRA|06246686818|1 - REPRESENTANTE LEGAL
7604099|3735189|1309958|303|02|2023|9|658***976**|JOSIAS AUGUSTO DA SILVA|65821297672|1 - REPRESENTANTE LEGAL
7604168|3735225|1309973|303|02|2023|12|696***136**|ELMA ALEXANDRA DINIZ ALVES CHAVES|69613613668|2 - DEMAIS MEMBROS DO QUADRO SOCIETÁRIO
7421915|3637833|1274946|303|02|2023|5|001***416**|TULIO CARVALHAES VIANA|00152441646|1 - REPRESENTANTE LEGAL
7421883|3637815|1274940|303|02|2023|3|043***546**|CRISANTO ANTONIO CLARET COLDIBELLI JUNIOR|04324654646|2 - DEMAIS MEMBROS DO QUADRO SOCIETÁRIO
7421884|3637816|1274940|303|02|2023|3|046***589**|RICARDO DE ANDRADE PROENCA|04607158950|1 - REPRESENTANTE LEGAL
7421875|3637812|1274940|303|02|2023|3|061***416**|FABIO DE OLIVEIRA HASSEN RAAD|06108341696|2 - DEMAIS MEMBROS DO QUADRO SOCIETÁRIO
7421835|3637794|1274937|303|02|2023|1|080***036**|ALAN GOMES DE OLIVEIRA|08037103641|2 - DEMAIS MEMBROS DO QUADRO SOCIETÁRIO
7421843|3637798|1274937|303|02|2023|1|110***436**|GABRIELLE DANIEL NERY|11057443611|2 - DEMAIS MEMBROS DO QUADRO SOCIETÁRIO
7421840|3637797|1274937|303|02|2023|1|132***336**|JOSE GERALDO CHAVES|13291033604|1 - REPRESENTANTE LEGAL
7604147|3735217|1309969|303|02|2023|11|005***516**|JARBAS SEBASTIAO DOS REIS|00517751666|1 - REPRESENTANTE LEGAL
7604148|3735217|1309969|303|02|2023|11|005***516**|JARBAS SEBASTIAO DOS REIS|00517751666|2 - DEMAIS MEMBROS DO QUADRO SOCIETÁRIO
7604212|3735247|1309976|303|02|2023|12|967***920**|GESON FRANCISCO LAMBERT|96795492087|2 - DEMAIS MEMBROS DO QUADRO SOCIETÁRIO
7604134|3735209|1309968|303|02|2023|11|085***366**|SYMAR PEREIRA DA SILVA|08579336635|2 - DEMAIS MEMBROS DO QUADRO SOCIETÁRIO
7421989|3637877|1274964|303|02|2023|8|919***080**|ANA CLÁUDIA D ÁVILA DE ÁVILA|91958008087|2 - DEMAIS MEMBROS DO QUADRO SOCIETÁRIO
7421922|3637837|1274947|303|02|2023|5|943***046**|ROBERTO SIDNEY SANT ANA|94307504615|1 - REPRESENTANTE LEGAL
7604141|3735213|1309968|303|02|2023|11|012***576**|PAULO HENRIQUE SOUZA PESSOA|01263957641|2 - DEMAIS MEMBROS DO QUADRO SOCIETÁRIO
7421871|3637810|1274939|303|02|2023|3|039***256**|JOSE SERGIO DE OLIVEIRA|03976925608|2 - DEMAIS MEMBROS DO QUADRO SOCIETÁRIO
7604136|3735210|1309969|303|02|2023|11|970***106**|DÉCIMA GONCALVES PALHARES|97049310697|2 - DEMAIS MEMBROS DO QUADRO SOCIETÁRIO
7604093|3735183|1309958|303|02|2023|9|102***186**|MESSIAS HENRIQUE FRANKLIN REIS|10299918637|2 - DEMAIS MEMBROS DO QUADRO SOCIETÁRIO
7604220|3735253|1309976|303|02|2023|12|346***198**|THIAGO STEVANATTO SAMPAIO|34673119894|2 - DEMAIS MEMBROS DO QUADRO SOCIETÁRIO
7421995|3637880|1274966|303|02|2023|8|046***326**|MATHEUS LEMOS DE ANDRADE|04695732602|1 - REPRESENTANTE LEGAL
7604191|3735239|1309976|303|02|2023|12|582***586**|MARCELO LOPES DA SILVA|58274758668|4 - EMPRESÁRIO INDIVIDUAL (EI)
7421838|3637796|1274937|303|02|2023|1|758***446**|MARA MÁRCIA GOMES|75884844620|1 - REPRESENTANTE LEGAL
7604082|3735178|1309958|303|02|2023|9|149***166**|LUIZ FABI SOARES CAMPOS JUNIOR|14916016637|4 - EMPRESÁRIO INDIVIDUAL (EI)
7421911|3637831|1274946|303|02|2023|5|164***156**|ERNESTO FRANCISCO GUERRA|16457315615|1 - REPRESENTANTE LEGAL
7604127|3735205|1309965|303|02|2023|10|164***156**|ERNESTO FRANCISCO GUERRA|16457315615|1 - REPRESENTANTE LEGAL
7421906|3637828|1274949|303|02|2023|5|110***316**|WYNGSON DIAS DA SILVA|11067431640|5 - EMPRESA INDIVIDUAL DE RESPONSABILIDADE LIMITADA (EIRELI)
7421961|3637861|1274954|303|02|2023|7|110***316**|WYNGSON DIAS DA SILVA|11067431640|5 - EMPRESA INDIVIDUAL DE RESPONSABILIDADE LIMITADA (EIRELI)
7421962|3637862|1274955|303|02|2023|7|110***316**|WYNGSON DIAS DA SILVA|11067431640|5 - EMPRESA INDIVIDUAL DE RESPONSABILIDADE LIMITADA (EIRELI)
7604192|3735240|1309976|303|02|2023|12|220***658**|LUIZ FELIPE DUARTE MARTINS COSTA|22000165818|1 - REPRESENTANTE LEGAL
7421900|3637825|1274952|303|02|2023|5|000***766**|MAURICIO SIGAUD FERREIRA|00043176615|1 - REPRESENTANTE LEGAL
7421841|3637797|1274937|303|02|2023|1|432***796**|PAULO ROBERTO CHAVES|43222579687|2 - DEMAIS MEMBROS DO QUADRO SOCIETÁRIO
7421880|3637814|1274940|303|02|2023|3|493***616**|MARCO AURELIO SILVA PEREIRA|49368761604|2 - DEMAIS MEMBROS DO QUADRO SOCIETÁRIO
7604180|3735231|1309976|303|02|2023|12|493***616**|MARCO AURELIO SILVA PEREIRA|49368761604|2 - DEMAIS MEMBROS DO QUADRO SOCIETÁRIO
7604172|3735228|1309976|303|02|2023|12|954***506**|FABIO AUGUSDTO CARVALHO PEREIRA|95426450668|1 - REPRESENTANTE LEGAL
7604204|3735244|1309976|303|02|2023|12|954***506**|FABIO AUGUSDTO CARVALHO PEREIRA|95426450668|1 - REPRESENTANTE LEGAL
7604106|3735192|1309958|303|02|2023|9|149***646**|FELIPE SILVA MATA|14909864644|2 - DEMAIS MEMBROS DO QUADRO SOCIETÁRIO
7604187|3735235|1309976|303|02|2023|12|301***388**|JEFFERSON EKSTEIN|30137538898|4 - EMPRESÁRIO INDIVIDUAL (EI)
7604117|3735200|1309962|303|02|2023|10|046***943**|LEONARDO SANTOS SILVA|04611994325|4 - EMPRESÁRIO INDIVIDUAL (EI)
7604167|3735225|1309973|303|02|2023|12|625***266**|REGINALDO RODRIGUES DE CARVALHO|62592726691|2 - DEMAIS MEMBROS DO QUADRO SOCIETÁRIO
7421967|3637865|1274961|303|02|2023|7|016***650**|ALINE REMPEL|01609765028|1 - REPRESENTANTE LEGAL
7604197|3735241|1309976|303|02|2023|12|016***650**|ALINE REMPEL|01609765028|1 - REPRESENTANTE LEGAL
7604088|3735180|1309958|303|02|2023|9|253***618**|PAULO MARCIO DE LIMA ROCHA|25325861840|2 - DEMAIS MEMBROS DO QUADRO SOCIETÁRIO
7421868|3637809|1274943|303|02|2023|3|029***506**|MIRIAN DE OLIVEIRA RIBEIRO|02998250602|1 - REPRESENTANTE LEGAL
7421869|3637809|1274943|303|02|2023|3|029***506**|MIRIAN DE OLIVEIRA RIBEIRO|02998250602|2 - DEMAIS MEMBROS DO QUADRO SOCIETÁRIO
7421921|3637836|1274951|303|02|2023|5|374***546**|KLEBER DUARTE MURCA|37425854600|2 - DEMAIS MEMBROS DO QUADRO SOCIETÁRIO
7421986|3637876|1274963|303|02|2023|8|400***916**|ÉLCIO MARQUES DE CASTRO|40099091615|2 - DEMAIS MEMBROS DO QUADRO SOCIETÁRIO
7421996|3637880|1274966|303|02|2023|8|043***616**|FERNANDO GILBERTI|04354661608|2 - DEMAIS MEMBROS DO QUADRO SOCIETÁRIO
7421944|3637850|1274958|303|02|2023|7|048***226**|SAMUEL HELENO DE ARAÚJO|04814822618|2 - DEMAIS MEMBROS DO QUADRO SOCIETÁRIO
7421990|3637877|1274964|303|02|2023|8|93773596000143|FINANCA PARTICIPACAO E EMPREENDIMENTOS LTDA|93773596000143|2 - DEMAIS MEMBROS DO QUADRO SOCIETÁRIO
7421849|3637800|1274936|303|02|2023|1|001***766**|JACKSSON ALVES RODRIGUES|00190076631|2 - DEMAIS MEMBROS DO QUADRO SOCIETÁRIO
7604132|3735208|1309966|303|02|2023|10|001***766**|JACKSSON ALVES RODRIGUES|00190076631|2 - DEMAIS MEMBROS DO QUADRO SOCIETÁRIO
7421971|3637867|1274961|303|02|2023|7|020***110**|ANALISE MARIGA CHIRNEV|02089811013|1 - REPRESENTANTE LEGAL
7604162|3735225|1309973|303|02|2023|12|219***956**|LUIZ FERREIRA LIMA|21996695649|1 - REPRESENTANTE LEGAL
7421829|3637791|1274935|303|02|2023|1|076***186**|CAROLINA FERREIRA DOS SANTOS|07629618646|2 - DEMAIS MEMBROS DO QUADRO SOCIETÁRIO
7421976|3637869|1274961|303|02|2023|7|002***371**|ZANONE ALVES DE CARVALHO|00286737191|1 - REPRESENTANTE LEGAL
7421834|3637794|1274937|303|02|2023|1|031***976**|ALESSANDRO PATRÍCIO DE SOUZA|03191697667|1 - REPRESENTANTE LEGAL
7421963|3637863|1274955|303|02|2023|7|422***956**|PAULO JANUARIO DOS SANTOS ALVES|42224195672|1 - REPRESENTANTE LEGAL
7604176|3735230|1309976|303|02|2023|12|636***740**|MARITANIA FILIPETTO FOLADOR|63643774087|1 - REPRESENTANTE LEGAL
7604177|3735230|1309976|303|02|2023|12|636***740**|MARITANIA FILIPETTO FOLADOR|63643774087|2 - DEMAIS MEMBROS DO QUADRO SOCIETÁRIO
7430008|3641968|1276389|304|03|2023|5|435***296**|MARCUS TADEU BARBOSA SILVA|43544029634|2 - DEMAIS MEMBROS DO QUADRO SOCIETÁRIO
7430016|3641969|1276389|304|03|2023|5|435***296**|MARCUS TADEU BARBOSA SILVA|43544029634|2 - DEMAIS MEMBROS DO QUADRO SOCIETÁRIO
7443528|3649373|1279174|304|03|2023|10|469***166**|ADELSON CAMPOS DA CUNHA.|46929916668|1 - REPRESENTANTE LEGAL
7430023|3641969|1276389|304|03|2023|5|334***576**|SANDRA REGINA LEONARDO LACERDA|33405557615|2 - DEMAIS MEMBROS DO QUADRO SOCIETÁRIO
7430009|3641968|1276389|304|03|2023|5|530***756**|TULIO BARBOSA SILVA|53038975672|2 - DEMAIS MEMBROS DO QUADRO SOCIETÁRIO
7430017|3641969|1276389|304|03|2023|5|530***756**|TULIO BARBOSA SILVA|53038975672|2 - DEMAIS MEMBROS DO QUADRO SOCIETÁRIO
7546825|3703991|1299020|304|03|2023|12|670***656**|MARIA APARECIDA PONTES DE OLIVEIRA|67035965653|1 - REPRESENTANTE LEGAL
7546830|3703992|1299021|304|03|2023|12|122***686**|NATHALIA BATISTA SOARES|12252168692|2 - DEMAIS MEMBROS DO QUADRO SOCIETÁRIO
7430035|3641974|1276393|304|03|2023|7|816***926**|EMERSON MARTINS DOS REIS|81618492691|2 - DEMAIS MEMBROS DO QUADRO SOCIETÁRIO
7430011|3641968|1276389|304|03|2023|5|882***137**|LEONARDO BARBOS SILVA|88296113791|2 - DEMAIS MEMBROS DO QUADRO SOCIETÁRIO
7430019|3641969|1276389|304|03|2023|5|882***137**|LEONARDO BARBOS SILVA|88296113791|2 - DEMAIS MEMBROS DO QUADRO SOCIETÁRIO
7430030|3641972|1276391|304|03|2023|6|219***576**|JOSE LADISLAU DE SOUZA.|21953457649|1 - REPRESENTANTE LEGAL
7430031|3641972|1276391|304|03|2023|6|219***576**|JOSE LADISLAU DE SOUZA.|21953457649|2 - DEMAIS MEMBROS DO QUADRO SOCIETÁRIO
7443527|3649372|1279174|304|03|2023|10|556***006**|MARIA NEUSA DE SOUSA FAJARDO|55672400663|2 - DEMAIS MEMBROS DO QUADRO SOCIETÁRIO
7604151|3735220|1309969|303|02|2023|11|127***846**|MAURICIO BARRETO BARCELLOS|12754684620|1 - REPRESENTANTE LEGAL
7421919|3637835|1274946|303|02|2023|5|417***136**|GERALDO MAGELA SANTANA|41751213668|2 - DEMAIS MEMBROS DO QUADRO SOCIETÁRIO
7604216|3735251|1309976|303|02|2023|12|100***386**|THALERSON SELL FERREIRA|10082738645|4 - EMPRESÁRIO INDIVIDUAL (EI)
7604081|3735177|1309958|303|02|2023|9|277***558**|KAREN CRISTIANE RIBEIRO STANICHESKI|27727755850|4 - EMPRESÁRIO INDIVIDUAL (EI)
7421899|3637824|1274945|303|02|2023|5|401***256**|NELZA NATALICE CAETANO|40191125687|2 - DEMAIS MEMBROS DO QUADRO SOCIETÁRIO
7604149|3735218|1309969|303|02|2023|11|087***516**|MARCOS VINICIUS RODRIGUES DE OLIVEIRA|08734251626|4 - EMPRESÁRIO INDIVIDUAL (EI)
7421891|3637819|1274941|303|02|2023|3|107***576**|LORENA COSTA ARAÚJO|10747357650|2 - DEMAIS MEMBROS DO QUADRO SOCIETÁRIO
7421860|3637806|1274934|303|02|2023|1|118***186**|AMANDA CAROLINE PINHEIRO BARCELOS|11847518621|1 - REPRESENTANTE LEGAL
7421861|3637806|1274934|303|02|2023|1|118***186**|AMANDA CAROLINE PINHEIRO BARCELOS|11847518621|2 - DEMAIS MEMBROS DO QUADRO SOCIETÁRIO
7421844|3637799|1274936|303|02|2023|1|144***136**|MARCOS VINICIUS ROCHA DAVOI|14408813672|1 - REPRESENTANTE LEGAL
7421926|3637839|1274952|303|02|2023|5|144***136**|MARCOS VINICIUS ROCHA DAVOI|14408813672|1 - REPRESENTANTE LEGAL
7604123|3735204|1309964|303|02|2023|10|144***136**|MARCOS VINICIUS ROCHA DAVOI|14408813672|1 - REPRESENTANTE LEGAL
7421931|3637841|1274959|303|02|2023|7|202***886**|MAURO NUNES PEREIRA|20295588691|4 - EMPRESÁRIO INDIVIDUAL (EI)
7604210|3735247|1309976|303|02|2023|12|218***970**|GUIDO ADAO LABERT|21879397072|1 - REPRESENTANTE LEGAL
7421988|3637877|1274964|303|02|2023|8|315***730**|ZELI TEREZINHA LYSAKOWSKI DE ÁVILA|31554873053|2 - DEMAIS MEMBROS DO QUADRO SOCIETÁRIO
7421881|3637815|1274940|303|02|2023|3|035***916**|ADRIANO GONCALVES SILVEIRA DE RESENDE|03542791652|1 - REPRESENTANTE LEGAL
7604159|3735223|1309970|303|02|2023|11|122***846**|JANAÍNA LUIZA SACRAMENTO|12200984693|2 - DEMAIS MEMBROS DO QUADRO SOCIETÁRIO
7421939|3637847|1274958|303|02|2023|7|145***886**|GUSTAVO SIMOES GROSSI|14571088604|4 - EMPRESÁRIO INDIVIDUAL (EI)
7421833|3637793|1274937|303|02|2023|1|026***466**|WELBER CAMILO HENRIQUES BAETA|02640746618|2 - DEMAIS MEMBROS DO QUADRO SOCIETÁRIO
7421872|3637811|1274940|303|02|2023|3|301***479**|ARMANDO PEDRO TORTELLI|30196647991|1 - REPRESENTANTE LEGAL
7421864|3637807|1274938|303|02|2023|2|244***128**|JAVIER CASTELLANOS PINELL|24484812886|2 - DEMAIS MEMBROS DO QUADRO SOCIETÁRIO
7421985|3637876|1274963|303|02|2023|8|262***117**|WAGNER DA MATA RIBEIRO|26254611791|1 - REPRESENTANTE LEGAL
7421852|3637802|1274934|303|02|2023|1|296***476**|NISIO CAETANO DE ARAUJO|29677947672|1 - REPRESENTANTE LEGAL
7421898|3637824|1274945|303|02|2023|5|296***476**|NISIO CAETANO DE ARAUJO|29677947672|1 - REPRESENTANTE LEGAL
7421968|3637865|1274961|303|02|2023|7|948***630**|CASSIANO RODRIGO CHMIEL|94863563000|2 - DEMAIS MEMBROS DO QUADRO SOCIETÁRIO
7604198|3735241|1309976|303|02|2023|12|948***630**|CASSIANO RODRIGO CHMIEL|94863563000|2 - DEMAIS MEMBROS DO QUADRO SOCIETÁRIO
7421910|3637830|1274946|303|02|2023|5|001***466**|HERNANE SANTOS FONSECA|00144046644|2 - DEMAIS MEMBROS DO QUADRO SOCIETÁRIO
7421832|3637793|1274937|303|02|2023|1|028***236**|ALDO CARLOS HENRIQUES BAETA|02887923609|1 - REPRESENTANTE LEGAL
7604116|3735199|1309961|303|02|2023|9|038***386**|RENATA KERLEY ALCANTARA PERDIGAO.|03841738613|4 - EMPRESÁRIO INDIVIDUAL (EI)
7421923|3637837|1274947|303|02|2023|5|060***886**|LUCAS GRASSI MARQUES PROVENZA|06055088606|2 - DEMAIS MEMBROS DO QUADRO SOCIETÁRIO
7604097|3735187|1309958|303|02|2023|9|073***116**|GABRIEL DA SILVA SANTOS|07314111618|4 - EMPRESÁRIO INDIVIDUAL (EI)
7604171|3735227|1309976|303|02|2023|12|009***309**|GENESIO ANTONIO MENDES|00954330900|4 - EMPRESÁRIO INDIVIDUAL (EI)
7421973|3637867|1274961|303|02|2023|7|024***920**|MATEUS FELIPE MIOTO|02479492052|2 - DEMAIS MEMBROS DO QUADRO SOCIETÁRIO
7604158|3735223|1309970|303|02|2023|11|055***116**|DANIEL DIONISO VIEIRA|05520711615|1 - REPRESENTANTE LEGAL
7421842|3637798|1274937|303|02|2023|1|589***186**|MÁRCIA PEREIRA DANIEL NERY|58984518620|1 - REPRESENTANTE LEGAL
7604164|3735225|1309973|303|02|2023|12|360***876**|JOAO BATISTA DO AMARAL|36016187615|2 - DEMAIS MEMBROS DO QUADRO SOCIETÁRIO
7604101|3735190|1309958|303|02|2023|9|363***226**|CARLOS ANTONIO MATIAS|36313122615|1 - REPRESENTANTE LEGAL
7604109|3735194|1309959|303|02|2023|9|062***780**|SÉRGIO SUSLIK WAIS|06242278049|2 - DEMAIS MEMBROS DO QUADRO SOCIETÁRIO
7604104|3735192|1309958|303|02|2023|9|109***886**|JOSE LEONARDO DE OLIVEIRA|10993688632|1 - REPRESENTANTE LEGAL
7604190|3735238|1309976|303|02|2023|12|122***776**|LETICIA DE OLIVEIRA TEIXEIRA|12258977690|4 - EMPRESÁRIO INDIVIDUAL (EI)
7421954|3637857|1274959|303|02|2023|7|864***206**|DELVANI FERREIRA DE SOUZA|86477820625|4 - EMPRESÁRIO INDIVIDUAL (EI)
7421941|3637848|1274958|303|02|2023|7|160***796**|GILBERTO JOSÉ MOREIRA|16044479668|2 - DEMAIS MEMBROS DO QUADRO SOCIETÁRIO
7421957|3637859|1274960|303|02|2023|7|346***268**|RODRIGO MENDES CARVALHO MARTINEZ|34692926805|4 - EMPRESÁRIO INDIVIDUAL (EI)
7604156|3735222|1309970|303|02|2023|11|407***516**|SORAYA APARECIDA RIOS ALVES|40778851672|1 - REPRESENTANTE LEGAL
7421902|3637825|1274952|303|02|2023|5|522***516**|EDUARDO MENIN FERREIRA|52254151649|2 - DEMAIS MEMBROS DO QUADRO SOCIETÁRIO
7421917|3637834|1274946|303|02|2023|5|220***338**|FABIO LUIZ DA SILVA VIANA|22046133803|4 - EMPRESÁRIO INDIVIDUAL (EI)
7604144|3735215|1309967|303|02|2023|11|105***847**|MARIO CALIARI CORTELETTI|10547284705|4 - EMPRESÁRIO INDIVIDUAL (EI)
7421905|3637827|1274949|303|02|2023|5|110***656**|DAVIDSON HENRIQUE DA SILVA DIAS|11091265658|5 - EMPRESA INDIVIDUAL DE RESPONSABILIDADE LIMITADA (EIRELI)
7604122|3735203|1309964|303|02|2023|10|110***656**|DAVIDSON HENRIQUE DA SILVA DIAS|11091265658|5 - EMPRESA INDIVIDUAL DE RESPONSABILIDADE LIMITADA (EIRELI)
7604130|3735207|1309966|303|02|2023|10|110***656**|DAVIDSON HENRIQUE DA SILVA DIAS|11091265658|5 - EMPRESA INDIVIDUAL DE RESPONSABILIDADE LIMITADA (EIRELI)
7604224|3735255|1309972|303|02|2023|12|110***656**|DAVIDSON HENRIQUE DA SILVA DIAS|11091265658|5 - EMPRESA INDIVIDUAL DE RESPONSABILIDADE LIMITADA (EIRELI)
7421893|3637821|1274943|303|02|2023|3|107***606**|CLEYSSON IGOR DA CRUZ SOUZA|10741560640|1 - REPRESENTANTE LEGAL
7421894|3637821|1274943|303|02|2023|3|107***606**|CLEYSSON IGOR DA CRUZ SOUZA|10741560640|2 - DEMAIS MEMBROS DO QUADRO SOCIETÁRIO
7421940|3637848|1274958|303|02|2023|7|107***606**|CLEYSSON IGOR DA CRUZ SOUZA|10741560640|1 - REPRESENTANTE LEGAL
7421916|3637833|1274946|303|02|2023|5|044***946**|AMIR VIANA FILHO|04401794672|2 - DEMAIS MEMBROS DO QUADRO SOCIETÁRIO
7421901|3637825|1274952|303|02|2023|5|051***136**|ALEXANDRE FERREIRA BRAGA|05187913603|2 - DEMAIS MEMBROS DO QUADRO SOCIETÁRIO
7604098|3735188|1309958|303|02|2023|9|065***276**|THIAGO AUGUSTO DE OLIVEIRA SANTOS|06563427650|3 - MICRO EMPREENDEDOR INDIVIDUAL (MEI)
7421969|3637866|1274961|303|02|2023|7|825***396**|MAGALI APARECIDA ESTEVES PEREIRA|82560439620|1 - REPRESENTANTE LEGAL
7475988|3666654|1285304|304|03|2023|11|021***998**|ANACLETO FRANCISCO BISCAINO|02168699860|1 - REPRESENTANTE LEGAL
7430020|3641969|1276389|304|03|2023|5|526***116**|MARCIO BARBOSA SILVA BISSOLI|52672611653|2 - DEMAIS MEMBROS DO QUADRO SOCIETÁRIO
7546815|3703986|1299017|304|03|2023|12|935***416**|ALEXANDRE MAGNO LEAL|93574541600|1 - REPRESENTANTE LEGAL
7546816|3703986|1299017|304|03|2023|12|935***416**|ALEXANDRE MAGNO LEAL|93574541600|2 - DEMAIS MEMBROS DO QUADRO SOCIETÁRIO
7443530|3649374|1279175|304|03|2023|10|935***416**|ALEXANDRE MAGNO LEAL|93574541600|1 - REPRESENTANTE LEGAL
7443531|3649374|1279175|304|03|2023|10|935***416**|ALEXANDRE MAGNO LEAL|93574541600|2 - DEMAIS MEMBROS DO QUADRO SOCIETÁRIO
7443504|3649361|1279170|304|03|2023|9|145***886**|GUSTAVO SIMOES GROSSI|14571088604|2 - DEMAIS MEMBROS DO QUADRO SOCIETÁRIO
7443505|3649361|1279170|304|03|2023|9|145***886**|GUSTAVO SIMOES GROSSI|14571088604|6 - SOCIEDADE LTDA UNIPESSOAL (LEI 13.874/2019)
7430036|3641974|1276393|304|03|2023|7|005***256**|MICHELE LUCIANA DOS REIS|00521025648|2 - DEMAIS MEMBROS DO QUADRO SOCIETÁRIO
7443521|3649369|1279172|304|03|2023|9|554***108**|NELSON LUIS ANGOLINI.|55428410825|2 - DEMAIS MEMBROS DO QUADRO SOCIETÁRIO
7546826|3703991|1299020|304|03|2023|12|029***056**|WIVIANY LORING PAULA MARINS GONZAGA|02903205698|2 - DEMAIS MEMBROS DO QUADRO SOCIETÁRIO
7443493|3649355|1279168|304|03|2023|9|027***806**|LUCINARA INACIO DE LIMA|02783080664|2 - DEMAIS MEMBROS DO QUADRO SOCIETÁRIO
7430024|3641969|1276389|304|03|2023|5|380***906**|LEILA MARIA LEONARDO LACERDA|38039290678|2 - DEMAIS MEMBROS DO QUADRO SOCIETÁRIO
7546819|3703988|1299017|304|03|2023|12|932***738**|MARCOS ANTONIO ROSSI|93278373804|1 - REPRESENTANTE LEGAL
7546820|3703988|1299017|304|03|2023|12|932***738**|MARCOS ANTONIO ROSSI|93278373804|2 - DEMAIS MEMBROS DO QUADRO SOCIETÁRIO
7604203|3735243|1309976|303|02|2023|12|028***736**|MARIA APARECXIDA DA SILVA GOMES|02835173609|2 - DEMAIS MEMBROS DO QUADRO SOCIETÁRIO
7604096|3735186|1309958|303|02|2023|9|399***188**|LORENA FERNANDA DANTAS FERREIRA|39984918807|4 - EMPRESÁRIO INDIVIDUAL (EI)
7421850|3637801|1274934|303|02|2023|1|108***786**|FELIPE ALMEIDA SAFAR|10804878676|1 - REPRESENTANTE LEGAL
7421851|3637801|1274934|303|02|2023|1|108***786**|FELIPE ALMEIDA SAFAR|10804878676|2 - DEMAIS MEMBROS DO QUADRO SOCIETÁRIO
7421977|3637869|1274961|303|02|2023|7|137***391**|CARMEN LUCIA REIS PERILLO DE CASSIA|13713639191|2 - DEMAIS MEMBROS DO QUADRO SOCIETÁRIO
7421934|3637844|1274959|303|02|2023|7|143***266**|PEDRO GALVINO DE BESSA|14326426691|4 - EMPRESÁRIO INDIVIDUAL (EI)
7421908|3637829|1274950|303|02|2023|5|014***456**|SALVADOR DOS SANTOS E SILVA JÚNIOR|01494545624|2 - DEMAIS MEMBROS DO QUADRO SOCIETÁRIO
7421966|3637864|1274955|303|02|2023|7|014***456**|SALVADOR DOS SANTOS E SILVA JÚNIOR|01494545624|2 - DEMAIS MEMBROS DO QUADRO SOCIETÁRIO
7604112|3735195|1309960|303|02|2023|9|399***648**|MARCOS CORRA DE OLIVEIRA JUNIOR|39938164803|2 - DEMAIS MEMBROS DO QUADRO SOCIETÁRIO
7604175|3735229|1309976|303|02|2023|12|041***299**|DIOGO RAPHAEL DA SILVA BIMBATTI|04132229939|2 - DEMAIS MEMBROS DO QUADRO SOCIETÁRIO
7604102|3735190|1309958|303|02|2023|9|045***376**|ALENCAR HENRIQUE RODRIGUES|04516837650|2 - DEMAIS MEMBROS DO QUADRO SOCIETÁRIO
7421943|3637850|1274958|303|02|2023|7|047***146**|MARCELO DE SOUZA SOARES|04727814641|1 - REPRESENTANTE LEGAL
7604110|3735194|1309959|303|02|2023|9|286***030**|TANIA WAIS|28604903020|2 - DEMAIS MEMBROS DO QUADRO SOCIETÁRIO
7604188|3735236|1309976|303|02|2023|12|030***600**|SOLIANA VERGINIA BRAGA|03017860035|4 - EMPRESÁRIO INDIVIDUAL (EI)
7421994|3637879|1274966|303|02|2023|8|046***174**|RAFAEL DE GUSMAO ATAIDE ESCARPINI|04631817437|2 - DEMAIS MEMBROS DO QUADRO SOCIETÁRIO
7604207|3735245|1309976|303|02|2023|12|670***820**|LOURDES ROVER|67013082015|2 - DEMAIS MEMBROS DO QUADRO SOCIETÁRIO
7604199|3735242|1309976|303|02|2023|12|007***729**|MAICON DJONATAN HARTMANN RINALDI|00707772923|1 - REPRESENTANTE LEGAL
7604185|3735233|1309976|303|02|2023|12|084***576**|LUANA MUNDIM PENA|08417057633|2 - DEMAIS MEMBROS DO QUADRO SOCIETÁRIO
7421946|3637851|1274958|303|02|2023|7|955***076**|MIRNA MARTINS DE CARVALHO LOPES|95531807600|2 - DEMAIS MEMBROS DO QUADRO SOCIETÁRIO
7421975|3637868|1274961|303|02|2023|7|014***197**|ANA CRISTINA DOS SANTOS|01414519710|2 - DEMAIS MEMBROS DO QUADRO SOCIETÁRIO
7421836|3637795|1274937|303|02|2023|1|037***176**|PATRICIA MARQUES SANTOS OSTA|03787817662|1 - REPRESENTANTE LEGAL
7604143|3735214|1309968|303|02|2023|11|065***626**|THIAGO SOARES FERREIRA|06582262661|2 - DEMAIS MEMBROS DO QUADRO SOCIETÁRIO
7421873|3637811|1274940|303|02|2023|3|759***297**|ANA PAULA MONNERAT CELES|75983729772|2 - DEMAIS MEMBROS DO QUADRO SOCIETÁRIO
7421935|3637845|1274957|303|02|2023|7|005***786**|RICARDO ALEXANDRE GOMES|00505378655|1 - REPRESENTANTE LEGAL
7421846|3637799|1274936|303|02|2023|1|069***426**|PEDRO HENRIQUE VIEIRA SAVOI|06927642676|2 - DEMAIS MEMBROS DO QUADRO SOCIETÁRIO
7421928|3637839|1274952|303|02|2023|5|069***426**|PEDRO HENRIQUE VIEIRA SAVOI|06927642676|2 - DEMAIS MEMBROS DO QUADRO SOCIETÁRIO
7604125|3735204|1309964|303|02|2023|10|069***426**|PEDRO HENRIQUE VIEIRA SAVOI|06927642676|2 - DEMAIS MEMBROS DO QUADRO SOCIETÁRIO
7421870|3637810|1274939|303|02|2023|3|078***696**|PRISCILA COBUCCI GUSMAO|07827769659|1 - REPRESENTANTE LEGAL
7604157|3735222|1309970|303|02|2023|11|037***646**|SIDNEY LOPES DOS REIS|03767964643|2 - DEMAIS MEMBROS DO QUADRO SOCIETÁRIO
7421897|3637823|1274943|303|02|2023|3|104***446**|ISABEL FERREIRA DIAS DE MATOS|10465144667|4 - EMPRESÁRIO INDIVIDUAL (EI)
7421878|3637814|1274940|303|02|2023|3|012***136**|GERALDO MAGELA DE OLIVEIRA|01219413615|1 - REPRESENTANTE LEGAL
7604178|3735231|1309976|303|02|2023|12|012***136**|GERALDO MAGELA DE OLIVEIRA|01219413615|1 - REPRESENTANTE LEGAL
7604150|3735219|1309969|303|02|2023|11|018***196**|LUCAS SOARES SILVA|01886619646|4 - EMPRESÁRIO INDIVIDUAL (EI)
7421950|3637854|1274958|303|02|2023|7|036***046**|JULIANA ARTUZO VIDIGAL|03697704630|4 - EMPRESÁRIO INDIVIDUAL (EI)
7604119|3735201|1309963|303|02|2023|10|512***706**|LUIZ CARLOS RODRIGUES ELOI|51236370600|2 - DEMAIS MEMBROS DO QUADRO SOCIETÁRIO
7604214|3735249|1309976|303|02|2023|12|731***331**|DJEYNER SIDNEY DE MIRANDA|73112933168|4 - EMPRESÁRIO INDIVIDUAL (EI)
7421987|3637877|1274964|303|02|2023|8|785***570**|CARLOS ALEX D AVILA DE AVILA|78535557091|1 - REPRESENTANTE LEGAL
7421877|3637813|1274940|303|02|2023|3|082***166**|GUSTAVO HENRIQUE DE SOUZA CARVALHO|08200016609|2 - DEMAIS MEMBROS DO QUADRO SOCIETÁRIO
7421839|3637796|1274937|303|02|2023|1|874***366**|MÉRCIA DE LIZ GOMES|87492636687|2 - DEMAIS MEMBROS DO QUADRO SOCIETÁRIO
7421945|3637851|1274958|303|02|2023|7|101***926**|LUCAS HENRIQUE MARTINS|10180892681|1 - REPRESENTANTE LEGAL
7421930|3637840|1274953|303|02|2023|6|104***816**|BRUNO CASSIO DE PAULA SANTOS|10463681681|4 - EMPRESÁRIO INDIVIDUAL (EI)
7421960|3637860|1274960|303|02|2023|7|135***876**|PATRICK MARTINS GOMES DE SOUZA|13507187698|2 - DEMAIS MEMBROS DO QUADRO SOCIETÁRIO
7604174|3735229|1309976|303|02|2023|12|214***488**|LUCIANO REGIS FERREIRA|21408848848|1 - REPRESENTANTE LEGAL
7604087|3735180|1309958|303|02|2023|9|162***598**|ANA PAULA DE LIMA ROCHA|16256759842|2 - DEMAIS MEMBROS DO QUADRO SOCIETÁRIO
7604152|3735220|1309969|303|02|2023|11|185***886**|JÉSUS BARRETO BARCELLOS|18550088668|2 - DEMAIS MEMBROS DO QUADRO SOCIETÁRIO
7421912|3637831|1274946|303|02|2023|5|061***786**|TIAGO ERNESTO GUERRA|06118978654|2 - DEMAIS MEMBROS DO QUADRO SOCIETÁRIO
7604128|3735205|1309965|303|02|2023|10|061***786**|TIAGO ERNESTO GUERRA|06118978654|2 - DEMAIS MEMBROS DO QUADRO SOCIETÁRIO
7604084|3735179|1309958|303|02|2023|9|798***806**|ALAIDE MARIA DIMAS|79879780604|2 - DEMAIS MEMBROS DO QUADRO SOCIETÁRIO
7604206|3735245|1309976|303|02|2023|12|883***060**|MARIA FERRARI SPAZZINI|88374106034|1 - REPRESENTANTE LEGAL
7421991|3637878|1274965|303|02|2023|8|009***986**|GERALDO JUSDTINIANO ALMEIDA|00913898600|1 - REPRESENTANTE LEGAL
7421951|3637855|1274956|303|02|2023|7|133***726**|MARCUS VINICIUS NOGUEIRA JUNIOR|13341972617|4 - EMPRESÁRIO INDIVIDUAL (EI)
7421932|3637842|1274959|303|02|2023|7|058***758**|MARCOS ALVES DE SANTANA|05882675898|4 - EMPRESÁRIO INDIVIDUAL (EI)
7604155|3735221|1309971|303|02|2023|11|078***836**|GLADER RAMALHO REIS|07897583694|2 - DEMAIS MEMBROS DO QUADRO SOCIETÁRIO
7604165|3735225|1309973|303|02|2023|12|549***986**|MAURICIA MARIA BENJAMIM LOPES|54913098691|2 - DEMAIS MEMBROS DO QUADRO SOCIETÁRIO
7421914|3637832|1274946|303|02|2023|5|892***876**|CLEUZA NUNES DE QUEIROZ|89211987687|2 - DEMAIS MEMBROS DO QUADRO SOCIETÁRIO
7604186|3735234|1309976|303|02|2023|12|013***766**|FLAVIA GENELHU PENNA|01304076660|4 - EMPRESÁRIO INDIVIDUAL (EI)
7604217|3735252|1309976|303|02|2023|12|280***158**|SILVIO GOMES DA SILVA FILHO|28028115845|1 - REPRESENTANTE LEGAL
7604154|3735221|1309971|303|02|2023|11|036***236**|OZIEL COIMBRA GONCALVES|03615423640|1 - REPRESENTANTE LEGAL
7421948|3637853|1274958|303|02|2023|7|129***886**|ANA CLAUDIA DE MELO KERN|12904888608|1 - REPRESENTANTE LEGAL
7421947|3637852|1274958|303|02|2023|7|050***186**|JULIANA CLAUDIA RIBEIRO DE LACERDA|05025418658|4 - EMPRESÁRIO INDIVIDUAL (EI)
7604086|3735180|1309958|303|02|2023|9|053***576**|CAROLINA DE LIMA ROCHA|05342157692|2 - DEMAIS MEMBROS DO QUADRO SOCIETÁRIO
7421909|3637830|1274946|303|02|2023|5|059***896**|ELENITA MARCIA SANTOS FONSECA|05945689602|1 - REPRESENTANTE LEGAL
7421855|3637803|1274934|303|02|2023|1|087***726**|MARCELO DE FIGUEIREDO NASCIMENTO|08706472613|2 - DEMAIS MEMBROS DO QUADRO SOCIETÁRIO
7421904|3637826|1274945|303|02|2023|5|087***726**|MARCELO DE FIGUEIREDO NASCIMENTO|08706472613|2 - DEMAIS MEMBROS DO QUADRO SOCIETÁRIO
7430015|3641969|1276389|304|03|2023|5|309***938**|RONIERIS JOSE SBARAI|30995393842|1 - REPRESENTANTE LEGAL
7443510|3649364|1279171|304|03|2023|9|043***296**|CLAUDIANE APARECIDA MARTINS DE OLIVEIRA|04376529630|2 - DEMAIS MEMBROS DO QUADRO SOCIETÁRIO
7443511|3649364|1279171|304|03|2023|9|043***296**|CLAUDIANE APARECIDA MARTINS DE OLIVEIRA|04376529630|6 - SOCIEDADE LTDA UNIPESSOAL (LEI 13.874/2019)
7443516|3649367|1279172|304|03|2023|9|043***296**|CLAUDIANE APARECIDA MARTINS DE OLIVEIRA|04376529630|2 - DEMAIS MEMBROS DO QUADRO SOCIETÁRIO
7443517|3649367|1279172|304|03|2023|9|043***296**|CLAUDIANE APARECIDA MARTINS DE OLIVEIRA|04376529630|6 - SOCIEDADE LTDA UNIPESSOAL (LEI 13.874/2019)
7475980|3666650|1285304|304|03|2023|11|043***296**|CLAUDIANE APARECIDA MARTINS DE OLIVEIRA|04376529630|2 - DEMAIS MEMBROS DO QUADRO SOCIETÁRIO
7475981|3666650|1285304|304|03|2023|11|043***296**|CLAUDIANE APARECIDA MARTINS DE OLIVEIRA|04376529630|6 - SOCIEDADE LTDA UNIPESSOAL (LEI 13.874/2019)
7429994|3641960|1276384|304|03|2023|3|081***106**|TULIO ANDRADE DE OLIVEIRA E SANTOS|08107910648|1 - REPRESENTANTE LEGAL
7429995|3641960|1276384|304|03|2023|3|081***106**|TULIO ANDRADE DE OLIVEIRA E SANTOS|08107910648|2 - DEMAIS MEMBROS DO QUADRO SOCIETÁRIO
7430022|3641969|1276389|304|03|2023|5|180***746**|FERNANDO AURELIO LEONARDO LACERDA|18061974649|2 - DEMAIS MEMBROS DO QUADRO SOCIETÁRIO
7430000|3641964|1276386|304|03|2023|4|087***756**|ELOY MONTEIRO DOMINGOS|08710675604|4 - EMPRESÁRIO INDIVIDUAL (EI)
7443512|3649365|1279172|304|03|2023|9|027***958**|MARIA AMELIA PELEGRINI BISCAINO|02783995840|2 - DEMAIS MEMBROS DO QUADRO SOCIETÁRIO
7443513|3649365|1279172|304|03|2023|9|027***958**|MARIA AMELIA PELEGRINI BISCAINO|02783995840|6 - SOCIEDADE LTDA UNIPESSOAL (LEI 13.874/2019)
7546818|3703987|1299017|304|03|2023|12|035***836**|LEONARDO FILOMENO|03546383605|2 - DEMAIS MEMBROS DO QUADRO SOCIETÁRIO
7546817|3703987|1299017|304|03|2023|12|035***836**|LEONARDO FILOMENO|03546383605|1 - REPRESENTANTE LEGAL
7546821|3703989|1299018|304|03|2023|12|035***836**|LEONARDO FILOMENO|03546383605|1 - REPRESENTANTE LEGAL
7546822|3703989|1299018|304|03|2023|12|035***836**|LEONARDO FILOMENO|03546383605|2 - DEMAIS MEMBROS DO QUADRO SOCIETÁRIO
7443495|3649356|1279169|304|03|2023|9|035***836**|LEONARDO FILOMENO|03546383605|2 - DEMAIS MEMBROS DO QUADRO SOCIETÁRIO
7443494|3649356|1279169|304|03|2023|9|035***836**|LEONARDO FILOMENO|03546383605|1 - REPRESENTANTE LEGAL
7443506|3649362|1279170|304|03|2023|9|035***836**|LEONARDO FILOMENO|03546383605|1 - REPRESENTANTE LEGAL
7443507|3649362|1279170|304|03|2023|9|035***836**|LEONARDO FILOMENO|03546383605|2 - DEMAIS MEMBROS DO QUADRO SOCIETÁRIO
7443524|3649371|1279173|304|03|2023|10|035***836**|LEONARDO FILOMENO|03546383605|1 - REPRESENTANTE LEGAL
7443525|3649371|1279173|304|03|2023|10|035***836**|LEONARDO FILOMENO|03546383605|2 - DEMAIS MEMBROS DO QUADRO SOCIETÁRIO
7429997|3641962|1276385|304|03|2023|3|035***836**|LEONARDO FILOMENO|03546383605|1 - REPRESENTANTE LEGAL
7429998|3641962|1276385|304|03|2023|3|035***836**|LEONARDO FILOMENO|03546383605|2 - DEMAIS MEMBROS DO QUADRO SOCIETÁRIO
7429999|3641963|1276386|304|03|2023|4|035***836**|LEONARDO FILOMENO|03546383605|4 - EMPRESÁRIO INDIVIDUAL (EI)
7430003|3641966|1276388|304|03|2023|5|035***836**|LEONARDO FILOMENO|03546383605|1 - REPRESENTANTE LEGAL
7430004|3641966|1276388|304|03|2023|5|035***836**|LEONARDO FILOMENO|03546383605|2 - DEMAIS MEMBROS DO QUADRO SOCIETÁRIO
7430039|3641976|1276395|304|03|2023|8|035***836**|LEONARDO FILOMENO|03546383605|1 - REPRESENTANTE LEGAL
7430040|3641976|1276395|304|03|2023|8|035***836**|LEONARDO FILOMENO|03546383605|2 - DEMAIS MEMBROS DO QUADRO SOCIETÁRIO
7430027|3641970|1276390|304|03|2023|5|060***746**|JOSE FELIPE MARQUES CANCELA|06032374602|2 - DEMAIS MEMBROS DO QUADRO SOCIETÁRIO
7430012|3641968|1276389|304|03|2023|5|094***117**|EDUARDO DA GAMA CAMARA|09425411700|2 - DEMAIS MEMBROS DO QUADRO SOCIETÁRIO
7430010|3641968|1276389|304|03|2023|5|829***906**|SIMONE BARBOSA SILVA|82993890620|2 - DEMAIS MEMBROS DO QUADRO SOCIETÁRIO
7430018|3641969|1276389|304|03|2023|5|829***906**|SIMONE BARBOSA SILVA|82993890620|2 - DEMAIS MEMBROS DO QUADRO SOCIETÁRIO
7475984|3666652|1285304|304|03|2023|11|546***436**|MANOEL UBIRAJARA NOGUEIRA|54668743615|1 - REPRESENTANTE LEGAL
7475985|3666652|1285304|304|03|2023|11|546***436**|MANOEL UBIRAJARA NOGUEIRA|54668743615|2 - DEMAIS MEMBROS DO QUADRO SOCIETÁRIO
7443501|3649359|1279169|304|03|2023|9|059***896**|ELENITA MARCIA SANTOS FONSECA|05945689602|2 - DEMAIS MEMBROS DO QUADRO SOCIETÁRIO
7430026|3641970|1276390|304|03|2023|5|054***846**|LUCIANA BARBARA BRIGOLINI E SILVA|05489184655|1 - REPRESENTANTE LEGAL
7443496|3649357|1279169|304|03|2023|9|864***126**|CLEUNICE NUNES DE QUEIROZ|86466712672|2 - DEMAIS MEMBROS DO QUADRO SOCIETÁRIO
7443497|3649357|1279169|304|03|2023|9|864***126**|CLEUNICE NUNES DE QUEIROZ|86466712672|6 - SOCIEDADE LTDA UNIPESSOAL (LEI 13.874/2019)
7546813|3703985|1299017|304|03|2023|12|040***056**|JOSE GERALDO ALMEIDA JUNIOR|04016705622|1 - REPRESENTANTE LEGAL
7430002|3641965|1276387|304|03|2023|5|415***298**|LUCAS HENRIQUE PEPICE|41537029860|2 - DEMAIS MEMBROS DO QUADRO SOCIETÁRIO
7443498|3649358|1279169|304|03|2023|9|164***156**|ERNESTO FRANCISCO GUERRA|16457315615|1 - REPRESENTANTE LEGAL
7430013|3641968|1276389|304|03|2023|5|001***848**|HAMILTON MARIO FORTUNATO|00170484866|2 - DEMAIS MEMBROS DO QUADRO SOCIETÁRIO
7475982|3666651|1285304|304|03|2023|11|276***188**|LUCAS CALIXTO BOLETINI DE SOUZA.|27625118878|2 - DEMAIS MEMBROS DO QUADRO SOCIETÁRIO
7475983|3666651|1285304|304|03|2023|11|276***188**|LUCAS CALIXTO BOLETINI DE SOUZA.|27625118878|6 - SOCIEDADE LTDA UNIPESSOAL (LEI 13.874/2019)
7430021|3641969|1276389|304|03|2023|5|795***416**|ANDREA BARBOSA SILVA|79578241615|2 - DEMAIS MEMBROS DO QUADRO SOCIETÁRIO
7430025|3641969|1276389|304|03|2023|5|435***106**|IVONE BARBOSA SILVA|43544010615|2 - DEMAIS MEMBROS DO QUADRO SOCIETÁRIO
7430014|3641968|1276389|304|03|2023|5|019***128**|MARCO AURELIO VENDITTI|01910112828|2 - DEMAIS MEMBROS DO QUADRO SOCIETÁRIO
7443500|3649359|1279169|304|03|2023|9|001***466**|HERNANE SANTOS FONSECA|00144046644|1 - REPRESENTANTE LEGAL
7430037|3641975|1276394|304|03|2023|8|202***548**|RICARDO GUILHERMO HOBBS|20279154860|1 - REPRESENTANTE LEGAL
7443492|3649355|1279168|304|03|2023|9|912***806**|MANOEL DE JESUS ALVES VICENTE JUNIOR|91250480663|1 - REPRESENTANTE LEGAL
7443526|3649372|1279174|304|03|2023|10|048***166**|FABIO GUILHERME SOUSA FAJARDO|04804216685|1 - REPRESENTANTE LEGAL
7443522|3649370|1279173|304|03|2023|10|064***036**|EWERTON GOMES DE CASTILHO|06442303632|2 - DEMAIS MEMBROS DO QUADRO SOCIETÁRIO
7443523|3649370|1279173|304|03|2023|10|064***036**|EWERTON GOMES DE CASTILHO|06442303632|6 - SOCIEDADE LTDA UNIPESSOAL (LEI 13.874/2019)
7475978|3666649|1285304|304|03|2023|11|064***036**|EWERTON GOMES DE CASTILHO|06442303632|2 - DEMAIS MEMBROS DO QUADRO SOCIETÁRIO
7475979|3666649|1285304|304|03|2023|11|064***036**|EWERTON GOMES DE CASTILHO|06442303632|6 - SOCIEDADE LTDA UNIPESSOAL (LEI 13.874/2019)
7430005|3641967|1276388|304|03|2023|5|048***946**|FABIANO PAULO LAUDATE.|04898794629|1 - REPRESENTANTE LEGAL
7430006|3641967|1276388|304|03|2023|5|048***946**|FABIANO PAULO LAUDATE.|04898794629|2 - DEMAIS MEMBROS DO QUADRO SOCIETÁRIO
7421892|3637820|1274942|303|02|2023|3|325***446**|LUIZ CARLOS XAVIER|32596944634|4 - EMPRESÁRIO INDIVIDUAL (EI)
7421924|3637838|1274948|303|02|2023|5|035***836**|LEONARDO FILOMENO|03546383605|1 - REPRESENTANTE LEGAL
7421925|3637838|1274948|303|02|2023|5|035***836**|LEONARDO FILOMENO|03546383605|2 - DEMAIS MEMBROS DO QUADRO SOCIETÁRIO
7421937|3637846|1274958|303|02|2023|7|035***836**|LEONARDO FILOMENO|03546383605|1 - REPRESENTANTE LEGAL
7421938|3637846|1274958|303|02|2023|7|035***836**|LEONARDO FILOMENO|03546383605|2 - DEMAIS MEMBROS DO QUADRO SOCIETÁRIO
7604137|3735211|1309968|303|02|2023|11|035***836**|LEONARDO FILOMENO|03546383605|1 - REPRESENTANTE LEGAL
7604138|3735211|1309968|303|02|2023|11|035***836**|LEONARDO FILOMENO|03546383605|2 - DEMAIS MEMBROS DO QUADRO SOCIETÁRIO
7604145|3735216|1309969|303|02|2023|11|035***836**|LEONARDO FILOMENO|03546383605|1 - REPRESENTANTE LEGAL
7604146|3735216|1309969|303|02|2023|11|035***836**|LEONARDO FILOMENO|03546383605|2 - DEMAIS MEMBROS DO QUADRO SOCIETÁRIO
7604169|3735226|1309974|303|02|2023|12|035***836**|LEONARDO FILOMENO|03546383605|1 - REPRESENTANTE LEGAL
7604170|3735226|1309974|303|02|2023|12|035***836**|LEONARDO FILOMENO|03546383605|2 - DEMAIS MEMBROS DO QUADRO SOCIETÁRIO
7604222|3735254|1309975|303|02|2023|12|063***186**|HIGOR REYLLIER FRANCO ZACARIAS LEITE|06374918665|1 - REPRESENTANTE LEGAL
7025112|3428361|1198802|302|01|2023|5|035***836**|LEONARDO FILOMENO|03546383605|1 - REPRESENTANTE LEGAL
7025113|3428361|1198802|302|01|2023|5|035***836**|LEONARDO FILOMENO|03546383605|2 - DEMAIS MEMBROS DO QUADRO SOCIETÁRIO
7092227|3463754|1212079|302|01|2023|6|035***836**|LEONARDO FILOMENO|03546383605|1 - REPRESENTANTE LEGAL
7092228|3463754|1212079|302|01|2023|6|035***836**|LEONARDO FILOMENO|03546383605|2 - DEMAIS MEMBROS DO QUADRO SOCIETÁRIO
7092231|3463756|1212081|302|01|2023|6|035***836**|LEONARDO FILOMENO|03546383605|4 - EMPRESÁRIO INDIVIDUAL (EI)
7092235|3463759|1212082|302|01|2023|6|035***836**|LEONARDO FILOMENO|03546383605|1 - REPRESENTANTE LEGAL
7092236|3463759|1212082|302|01|2023|6|035***836**|LEONARDO FILOMENO|03546383605|2 - DEMAIS MEMBROS DO QUADRO SOCIETÁRIO
6824594|3322849|1159192|302|01|2023|2|079***116**|PESSOA FISICA 07986011670|07986011670|1 - REPRESENTANTE LEGAL
7248052|3545091|1241649|302|01|2023|8|202***886**|MAURO NUNES PEREIRA|20295588691|4 - EMPRESÁRIO INDIVIDUAL (EI)
7092232|3463757|1212082|302|01|2023|6|046***106**|SILVIO RIBEIRO DOS SANTOS|04659510662|1 - REPRESENTANTE LEGAL
7092233|3463757|1212082|302|01|2023|6|046***106**|SILVIO RIBEIRO DOS SANTOS|04659510662|2 - DEMAIS MEMBROS DO QUADRO SOCIETÁRIO
7175383|3506630|1227703|302|01|2023|7|009***986**|GERALDO JUSTINIANO ALMEIDA|00913898600|5 - EMPRESA INDIVIDUAL DE RESPONSABILIDADE LIMITADA (EIRELI)
7248047|3545088|1241648|302|01|2023|8|271***152**|MARCELO ATAIDE DE OLIVEIRA|27174115268|4 - EMPRESÁRIO INDIVIDUAL (EI)
