seq_com_licitacao|seq_licitacao|seq_orgao|cod_orgao|num_ano_referencia|num_mes_referencia|dsc_tipo_comissao|dsc_ato_nomeacao|num_ato_nomeacao|dat_ato_nomeacao|dat_ini_vigencia|dat_fim_vigencia|dsc_tipo_atrib|dsc_cargo|dsc_tipo_nat_cargo|num_documento|nom_pessoa
5462020|1274939|303|02|2023|3|2 - PERMANENTE|2 - DECRETO|2792022|20221103|20221103|20241103|2 - MEMBRO/EQUIPE DE APOIO|APOIO|3 - 3|102***326**|DANIELA DE CARVALHO FRANCO
5462022|1274940|303|02|2023|3|2 - PERMANENTE|2 - DECRETO|2792022|20221103|20221103|20241103|2 - MEMBRO/EQUIPE DE APOIO|APOIO|3 - 3|102***326**|DANIELA DE CARVALHO FRANCO
5462029|1274942|303|02|2023|3|2 - PERMANENTE|2 - DECRETO|2792022|20221103|20221103|20241103|2 - MEMBRO/EQUIPE DE APOIO|APOIO|3 - 3|102***326**|DANIELA DE CARVALHO FRANCO
5462033|1274943|303|02|2023|3|2 - PERMANENTE|2 - DECRETO|2792022|20221103|20221103|20241103|2 - MEMBRO/EQUIPE DE APOIO|APOIO|3 - 3|102***326**|DANIELA DE CARVALHO FRANCO
5462066|1274948|303|02|2023|5|2 - PERMANENTE|2 - DECRETO|2792022|20221103|20221103|20241103|2 - MEMBRO/EQUIPE DE APOIO|APOIO|3 - 3|102***326**|DANIELA DE CARVALHO FRANCO
5462077|1274957|303|02|2023|7|2 - PERMANENTE|2 - DECRETO|2792022|20221103|20221103|20241103|2 - MEMBRO/EQUIPE DE APOIO|APOIO|3 - 3|102***326**|DANIELA DE CARVALHO FRANCO
5462080|1274958|303|02|2023|7|2 - PERMANENTE|2 - DECRETO|2792022|20221103|20221103|20241103|2 - MEMBRO/EQUIPE DE APOIO|APOIO|3 - 3|102***326**|DANIELA DE CARVALHO FRANCO
5462087|1274959|303|02|2023|7|2 - PERMANENTE|2 - DECRETO|2792022|20221103|20221103|20241103|2 - MEMBRO/EQUIPE DE APOIO|APOIO|3 - 3|102***326**|DANIELA DE CARVALHO FRANCO
5462094|1274960|303|02|2023|7|2 - PERMANENTE|2 - DECRETO|2792022|20221103|20221103|20241103|2 - MEMBRO/EQUIPE DE APOIO|APOIO|3 - 3|102***326**|DANIELA DE CARVALHO FRANCO
5462101|1274961|303|02|2023|7|2 - PERMANENTE|2 - DECRETO|2792022|20221103|20221103|20241103|2 - MEMBRO/EQUIPE DE APOIO|APOIO|3 - 3|102***326**|DANIELA DE CARVALHO FRANCO
5462109|1274962|303|02|2023|8|2 - PERMANENTE|2 - DECRETO|2792022|20221103|20221103|20241103|2 - MEMBRO/EQUIPE DE APOIO|APOIO|3 - 3|102***326**|DANIELA DE CARVALHO FRANCO
5462113|1274963|303|02|2023|8|2 - PERMANENTE|2 - DECRETO|2792022|20221103|20221103|20241103|2 - MEMBRO/EQUIPE DE APOIO|APOIO|3 - 3|102***326**|DANIELA DE CARVALHO FRANCO
5462118|1274964|303|02|2023|8|2 - PERMANENTE|2 - DECRETO|2792022|20221103|20221103|20241103|2 - MEMBRO/EQUIPE DE APOIO|APOIO|3 - 3|102***326**|DANIELA DE CARVALHO FRANCO
5605751|1309968|303|02|2023|11|2 - PERMANENTE|2 - DECRETO|2792022|20221103|20221103|20241103|2 - MEMBRO/EQUIPE DE APOIO|APOIO|3 - 3|102***326**|DANIELA DE CARVALHO FRANCO
5605759|1309969|303|02|2023|11|2 - PERMANENTE|2 - DECRETO|2792022|20221103|20221103|20241103|2 - MEMBRO/EQUIPE DE APOIO|APOIO|3 - 3|102***326**|DANIELA DE CARVALHO FRANCO
5605761|1309971|303|02|2023|11|2 - PERMANENTE|2 - DECRETO|2792022|20221103|20221103|20241103|2 - MEMBRO/EQUIPE DE APOIO|APOIO|3 - 3|102***326**|DANIELA DE CARVALHO FRANCO
5605767|1309970|303|02|2023|11|2 - PERMANENTE|2 - DECRETO|2792022|20221103|20221103|20241103|2 - MEMBRO/EQUIPE DE APOIO|APOIO|3 - 3|102***326**|DANIELA DE CARVALHO FRANCO
5605712|1309958|303|02|2023|9|2 - PERMANENTE|2 - DECRETO|2792022|20221103|20221103|20241103|2 - MEMBRO/EQUIPE DE APOIO|APOIO|3 - 3|102***326**|DANIELA DE CARVALHO FRANCO
5605720|1309960|303|02|2023|9|2 - PERMANENTE|2 - DECRETO|2792022|20221103|20221103|20241103|2 - MEMBRO/EQUIPE DE APOIO|APOIO|3 - 3|102***326**|DANIELA DE CARVALHO FRANCO
5605726|1309962|303|02|2023|10|2 - PERMANENTE|2 - DECRETO|2792022|20221103|20221103|20241103|2 - MEMBRO/EQUIPE DE APOIO|APOIO|3 - 3|102***326**|DANIELA DE CARVALHO FRANCO
5605731|1309963|303|02|2023|10|2 - PERMANENTE|2 - DECRETO|2792022|20221103|20221103|20241103|2 - MEMBRO/EQUIPE DE APOIO|APOIO|3 - 3|102***326**|DANIELA DE CARVALHO FRANCO
5605740|1309965|303|02|2023|10|2 - PERMANENTE|2 - DECRETO|2792022|20221103|20221103|20241103|2 - MEMBRO/EQUIPE DE APOIO|APOIO|3 - 3|102***326**|DANIELA DE CARVALHO FRANCO
5605779|1309976|303|02|2023|12|2 - PERMANENTE|2 - DECRETO|2792022|20221103|20221103|20241103|2 - MEMBRO/EQUIPE DE APOIO|APOIO|3 - 3|102***326**|DANIELA DE CARVALHO FRANCO
5462016|1274938|303|02|2023|2|2 - PERMANENTE|2 - DECRETO|2792022|20221103|20221103|20241103|2 - MEMBRO/EQUIPE DE APOIO|APOIO|3 - 3|154***046**|GABRIELLE APARECIDA PAIXAO COSTA
5462019|1274939|303|02|2023|3|2 - PERMANENTE|2 - DECRETO|2792022|20221103|20221103|20241103|2 - MEMBRO/EQUIPE DE APOIO|APOIO|3 - 3|154***046**|GABRIELLE APARECIDA PAIXAO COSTA
5462023|1274940|303|02|2023|3|2 - PERMANENTE|2 - DECRETO|2792022|20221103|20221103|20241103|2 - MEMBRO/EQUIPE DE APOIO|APOIO|3 - 3|154***046**|GABRIELLE APARECIDA PAIXAO COSTA
5462031|1274942|303|02|2023|3|2 - PERMANENTE|2 - DECRETO|2792022|20221103|20221103|20241103|2 - MEMBRO/EQUIPE DE APOIO|APOIO|3 - 3|154***046**|GABRIELLE APARECIDA PAIXAO COSTA
5462032|1274943|303|02|2023|3|2 - PERMANENTE|2 - DECRETO|2792022|20221103|20221103|20241103|2 - MEMBRO/EQUIPE DE APOIO|APOIO|3 - 3|154***046**|GABRIELLE APARECIDA PAIXAO COSTA
5462040|1274945|303|02|2023|5|2 - PERMANENTE|2 - DECRETO|292023|20230130|20230130|20240129|2 - MEMBRO/EQUIPE DE APOIO|MEMBRO|3 - 3|154***046**|GABRIELLE APARECIDA PAIXAO COSTA
5462049|1274949|303|02|2023|5|2 - PERMANENTE|2 - DECRETO|292023|20230130|20230130|20240129|2 - MEMBRO/EQUIPE DE APOIO|MEMBRO|3 - 3|154***046**|GABRIELLE APARECIDA PAIXAO COSTA
5462055|1274946|303|02|2023|5|2 - PERMANENTE|2 - DECRETO|2792022|20221103|20221103|20241103|2 - MEMBRO/EQUIPE DE APOIO|APOIO|3 - 3|154***046**|GABRIELLE APARECIDA PAIXAO COSTA
5462063|1274947|303|02|2023|5|2 - PERMANENTE|2 - DECRETO|2792022|20221103|20221103|20241103|2 - MEMBRO/EQUIPE DE APOIO|APOIO|3 - 3|154***046**|GABRIELLE APARECIDA PAIXAO COSTA
5462065|1274948|303|02|2023|5|2 - PERMANENTE|2 - DECRETO|2792022|20221103|20221103|20241103|2 - MEMBRO/EQUIPE DE APOIO|APOIO|3 - 3|154***046**|GABRIELLE APARECIDA PAIXAO COSTA
5462073|1274957|303|02|2023|7|2 - PERMANENTE|2 - DECRETO|2792022|20221103|20221103|20241103|2 - MEMBRO/EQUIPE DE APOIO|APOIO|3 - 3|154***046**|GABRIELLE APARECIDA PAIXAO COSTA
5462071|1274953|303|02|2023|6|2 - PERMANENTE|2 - DECRETO|2792022|20221103|20221103|20241103|2 - MEMBRO/EQUIPE DE APOIO|APOIO|3 - 3|154***046**|GABRIELLE APARECIDA PAIXAO COSTA
5462079|1274958|303|02|2023|7|2 - PERMANENTE|2 - DECRETO|2792022|20221103|20221103|20241103|2 - MEMBRO/EQUIPE DE APOIO|APOIO|3 - 3|154***046**|GABRIELLE APARECIDA PAIXAO COSTA
5462084|1274956|303|02|2023|7|2 - PERMANENTE|2 - DECRETO|2792022|20221103|20221103|20241103|2 - MEMBRO/EQUIPE DE APOIO|APOIO|3 - 3|154***046**|GABRIELLE APARECIDA PAIXAO COSTA
5462086|1274959|303|02|2023|7|2 - PERMANENTE|2 - DECRETO|2792022|20221103|20221103|20241103|2 - MEMBRO/EQUIPE DE APOIO|APOIO|3 - 3|154***046**|GABRIELLE APARECIDA PAIXAO COSTA
5462090|1274960|303|02|2023|7|2 - PERMANENTE|2 - DECRETO|2792022|20221103|20221103|20241103|2 - MEMBRO/EQUIPE DE APOIO|APOIO|3 - 3|154***046**|GABRIELLE APARECIDA PAIXAO COSTA
5462105|1274961|303|02|2023|7|2 - PERMANENTE|2 - DECRETO|2792022|20221103|20221103|20241103|2 - MEMBRO/EQUIPE DE APOIO|APOIO|3 - 3|154***046**|GABRIELLE APARECIDA PAIXAO COSTA
5462108|1274962|303|02|2023|8|2 - PERMANENTE|2 - DECRETO|2792022|20221103|20221103|20241103|2 - MEMBRO/EQUIPE DE APOIO|APOIO|3 - 3|154***046**|GABRIELLE APARECIDA PAIXAO COSTA
5462112|1274963|303|02|2023|8|2 - PERMANENTE|2 - DECRETO|2792022|20221103|20221103|20241103|2 - MEMBRO/EQUIPE DE APOIO|APOIO|3 - 3|154***046**|GABRIELLE APARECIDA PAIXAO COSTA
5462114|1274964|303|02|2023|8|2 - PERMANENTE|2 - DECRETO|2792022|20221103|20221103|20241103|2 - MEMBRO/EQUIPE DE APOIO|APOIO|3 - 3|154***046**|GABRIELLE APARECIDA PAIXAO COSTA
5605750|1309968|303|02|2023|11|2 - PERMANENTE|2 - DECRETO|2792022|20221103|20221103|20241103|2 - MEMBRO/EQUIPE DE APOIO|APOIO|3 - 3|154***046**|GABRIELLE APARECIDA PAIXAO COSTA
5605757|1309969|303|02|2023|11|2 - PERMANENTE|2 - DECRETO|2792022|20221103|20221103|20241103|2 - MEMBRO/EQUIPE DE APOIO|APOIO|3 - 3|154***046**|GABRIELLE APARECIDA PAIXAO COSTA
5605760|1309971|303|02|2023|11|2 - PERMANENTE|2 - DECRETO|2792022|20221103|20221103|20241103|2 - MEMBRO/EQUIPE DE APOIO|APOIO|3 - 3|154***046**|GABRIELLE APARECIDA PAIXAO COSTA
5605768|1309970|303|02|2023|11|2 - PERMANENTE|2 - DECRETO|2792022|20221103|20221103|20241103|2 - MEMBRO/EQUIPE DE APOIO|APOIO|3 - 3|154***046**|GABRIELLE APARECIDA PAIXAO COSTA
5605711|1309958|303|02|2023|9|2 - PERMANENTE|2 - DECRETO|2792022|20221103|20221103|20241103|2 - MEMBRO/EQUIPE DE APOIO|APOIO|3 - 3|154***046**|GABRIELLE APARECIDA PAIXAO COSTA
5605718|1309960|303|02|2023|9|2 - PERMANENTE|2 - DECRETO|2792022|20221103|20221103|20241103|2 - MEMBRO/EQUIPE DE APOIO|APOIO|3 - 3|154***046**|GABRIELLE APARECIDA PAIXAO COSTA
5605728|1309962|303|02|2023|10|2 - PERMANENTE|2 - DECRETO|2792022|20221103|20221103|20241103|2 - MEMBRO/EQUIPE DE APOIO|APOIO|3 - 3|154***046**|GABRIELLE APARECIDA PAIXAO COSTA
5605735|1309963|303|02|2023|10|2 - PERMANENTE|2 - DECRETO|2792022|20221103|20221103|20241103|2 - MEMBRO/EQUIPE DE APOIO|APOIO|3 - 3|154***046**|GABRIELLE APARECIDA PAIXAO COSTA
5605741|1309965|303|02|2023|10|2 - PERMANENTE|2 - DECRETO|2792022|20221103|20221103|20241103|2 - MEMBRO/EQUIPE DE APOIO|APOIO|3 - 3|154***046**|GABRIELLE APARECIDA PAIXAO COSTA
5605778|1309976|303|02|2023|12|2 - PERMANENTE|2 - DECRETO|2792022|20221103|20221103|20241103|2 - MEMBRO/EQUIPE DE APOIO|APOIO|3 - 3|154***046**|GABRIELLE APARECIDA PAIXAO COSTA
5121676|1195710|305|04|2023|4|2 - PERMANENTE|2 - DECRETO|3|20230130|20230130|20240130|3 - PRESIDENTE|PRESIDENTE|1 - 1|360***096**|MARIA ISABEL DOS SANTOS
5121674|1195710|305|04|2023|4|2 - PERMANENTE|2 - DECRETO|3|20230130|20230130|20240130|4 - SECRETÁRIO|SECRETARIA|1 - 1|044***536**|ELIANE SILVA DE ALMEIDA
5121675|1195710|305|04|2023|4|2 - PERMANENTE|2 - DECRETO|3|20230130|20230130|20240130|2 - MEMBRO/EQUIPE DE APOIO|MEMBRO|1 - 1|075***266**|VICENTE AUGUSTO GONCALVES DOS REIS
5121678|1195710|305|04|2023|4|2 - PERMANENTE|2 - DECRETO|3|20230130|20230130|20240130|2 - MEMBRO/EQUIPE DE APOIO|MEMBRO|3 - 3|110***916**|RAONE MAGELA BERALDO
5121677|1195710|305|04|2023|4|2 - PERMANENTE|2 - DECRETO|3|20230130|20230130|20240130|2 - MEMBRO/EQUIPE DE APOIO|MEMBRO|3 - 3|154***046**|GABRIELLE APARECIDA PAIXAO COSTA
5462001|1274935|303|02|2023|1|2 - PERMANENTE|2 - DECRETO|59|20220128|20220128|20230128|2 - MEMBRO/EQUIPE DE APOIO|MEMBRO|1 - 1|094***546**|CAMILA CRISITNA SANTOS DA LUZ
5462008|1274936|303|02|2023|1|2 - PERMANENTE|2 - DECRETO|59|20220128|20220128|20230128|2 - MEMBRO/EQUIPE DE APOIO|MEMBRO|1 - 1|094***546**|CAMILA CRISITNA SANTOS DA LUZ
5462027|1274941|303|02|2023|3|2 - PERMANENTE|2 - DECRETO|59|20220128|20220128|20230128|2 - MEMBRO/EQUIPE DE APOIO|MEMBRO|1 - 1|094***546**|CAMILA CRISITNA SANTOS DA LUZ
5462053|1274950|303|02|2023|5|2 - PERMANENTE|2 - DECRETO|59|20220128|20220128|20230128|2 - MEMBRO/EQUIPE DE APOIO|MEMBRO|1 - 1|094***546**|CAMILA CRISITNA SANTOS DA LUZ
5462002|1274935|303|02|2023|1|2 - PERMANENTE|2 - DECRETO|59|20220128|20220128|20230128|2 - MEMBRO/EQUIPE DE APOIO|SUPLENTE|3 - 3|086***468**|FERNANDO ARAUJO DOS SANTOS
5462009|1274936|303|02|2023|1|2 - PERMANENTE|2 - DECRETO|59|20220128|20220128|20230128|2 - MEMBRO/EQUIPE DE APOIO|SUPLENTE|3 - 3|086***468**|FERNANDO ARAUJO DOS SANTOS
5462013|1274934|303|02|2023|1|2 - PERMANENTE|2 - DECRETO|59|20220128|20220128|20230128|2 - MEMBRO/EQUIPE DE APOIO|SUPLENTE|3 - 3|086***468**|FERNANDO ARAUJO DOS SANTOS
5462024|1274941|303|02|2023|3|2 - PERMANENTE|2 - DECRETO|59|20220128|20220128|20230128|2 - MEMBRO/EQUIPE DE APOIO|SUPLENTE|3 - 3|086***468**|FERNANDO ARAUJO DOS SANTOS
5462052|1274950|303|02|2023|5|2 - PERMANENTE|2 - DECRETO|59|20220128|20220128|20230128|2 - MEMBRO/EQUIPE DE APOIO|SUPLENTE|3 - 3|086***468**|FERNANDO ARAUJO DOS SANTOS
5462058|1274951|303|02|2023|5|2 - PERMANENTE|2 - DECRETO|60|20190314|20190318|20200318|2 - MEMBRO/EQUIPE DE APOIO|SUPLENTE|1 - 1|607***676**|RITA DE CASSIA STELLING SREIS
4976056|1159192|302|01|2023|2|2 - PERMANENTE|1 - PORTARIA|52023|20230102|20230102|20240102|2 - MEMBRO/EQUIPE DE APOIO|MEMBRO EQUIPE DE APOIO|1 - 1|922***436**|ALCIONE APARECIDA LIMA
5264889|1227703|302|01|2023|7|2 - PERMANENTE|1 - PORTARIA|52023|20230102|20230102|20240102|3 - PRESIDENTE|PRESIDENTE|1 - 1|623***766**|IRLANDIA DOS SANTOS ALMEIDA
5462003|1274937|303|02|2023|1|2 - PERMANENTE|2 - DECRETO|532021|20210128|20210731|20230802|2 - MEMBRO/EQUIPE DE APOIO|APOIO|1 - 1|035***026**|ALEXSANDRA PERUCH ROTEA
5462018|1274939|303|02|2023|3|2 - PERMANENTE|2 - DECRETO|2792022|20221103|20221103|20241103|2 - MEMBRO/EQUIPE DE APOIO|SUPLENTE|3 - 3|110***916**|RAONE MAGELA BERALDO
5462043|1274945|303|02|2023|5|2 - PERMANENTE|2 - DECRETO|292023|20230130|20230130|20240129|2 - MEMBRO/EQUIPE DE APOIO|SUPLENTE|3 - 3|110***916**|RAONE MAGELA BERALDO
5462045|1274949|303|02|2023|5|2 - PERMANENTE|2 - DECRETO|292023|20230130|20230130|20240129|2 - MEMBRO/EQUIPE DE APOIO|SUPLENTE|3 - 3|110***916**|RAONE MAGELA BERALDO
5462057|1274946|303|02|2023|5|2 - PERMANENTE|2 - DECRETO|2792022|20221103|20221103|20241103|2 - MEMBRO/EQUIPE DE APOIO|SUPLENTE|3 - 3|110***916**|RAONE MAGELA BERALDO
5462070|1274953|303|02|2023|6|2 - PERMANENTE|2 - DECRETO|2792022|20221103|20221103|20241103|2 - MEMBRO/EQUIPE DE APOIO|SUPLENTE|3 - 3|110***916**|RAONE MAGELA BERALDO
5462074|1274957|303|02|2023|7|2 - PERMANENTE|2 - DECRETO|2792022|20221103|20221103|20241103|2 - MEMBRO/EQUIPE DE APOIO|SUPLENTE|3 - 3|110***916**|RAONE MAGELA BERALDO
5462081|1274958|303|02|2023|7|2 - PERMANENTE|2 - DECRETO|2792022|20221103|20221103|20241103|2 - MEMBRO/EQUIPE DE APOIO|SUPLENTE|3 - 3|110***916**|RAONE MAGELA BERALDO
5462088|1274959|303|02|2023|7|2 - PERMANENTE|2 - DECRETO|2792022|20221103|20221103|20241103|2 - MEMBRO/EQUIPE DE APOIO|SUPLENTE|3 - 3|110***916**|RAONE MAGELA BERALDO
5462093|1274960|303|02|2023|7|2 - PERMANENTE|2 - DECRETO|2792022|20221103|20221103|20241103|2 - MEMBRO/EQUIPE DE APOIO|SUPLENTE|3 - 3|110***916**|RAONE MAGELA BERALDO
5462104|1274961|303|02|2023|7|2 - PERMANENTE|2 - DECRETO|2792022|20221103|20221103|20241103|2 - MEMBRO/EQUIPE DE APOIO|SUPLENTE|3 - 3|110***916**|RAONE MAGELA BERALDO
5462106|1274962|303|02|2023|8|2 - PERMANENTE|2 - DECRETO|2792022|20221103|20221103|20241103|2 - MEMBRO/EQUIPE DE APOIO|SUPLENTE|3 - 3|110***916**|RAONE MAGELA BERALDO
5462116|1274964|303|02|2023|8|2 - PERMANENTE|2 - DECRETO|2792022|20221103|20221103|20241103|2 - MEMBRO/EQUIPE DE APOIO|SUPLENTE|3 - 3|110***916**|RAONE MAGELA BERALDO
5605748|1309968|303|02|2023|11|2 - PERMANENTE|2 - DECRETO|2792022|20221103|20221103|20241103|2 - MEMBRO/EQUIPE DE APOIO|SUPLENTE|3 - 3|110***916**|RAONE MAGELA BERALDO
5605755|1309969|303|02|2023|11|2 - PERMANENTE|2 - DECRETO|2792022|20221103|20221103|20241103|2 - MEMBRO/EQUIPE DE APOIO|SUPLENTE|3 - 3|110***916**|RAONE MAGELA BERALDO
5605762|1309971|303|02|2023|11|2 - PERMANENTE|2 - DECRETO|2792022|20221103|20221103|20241103|2 - MEMBRO/EQUIPE DE APOIO|SUPLENTE|3 - 3|110***916**|RAONE MAGELA BERALDO
5605769|1309970|303|02|2023|11|2 - PERMANENTE|2 - DECRETO|2792022|20221103|20221103|20241103|2 - MEMBRO/EQUIPE DE APOIO|SUPLENTE|3 - 3|110***916**|RAONE MAGELA BERALDO
5605713|1309958|303|02|2023|9|2 - PERMANENTE|2 - DECRETO|2792022|20221103|20221103|20241103|2 - MEMBRO/EQUIPE DE APOIO|SUPLENTE|3 - 3|110***916**|RAONE MAGELA BERALDO
5605719|1309960|303|02|2023|9|2 - PERMANENTE|2 - DECRETO|2792022|20221103|20221103|20241103|2 - MEMBRO/EQUIPE DE APOIO|SUPLENTE|3 - 3|110***916**|RAONE MAGELA BERALDO
5605730|1309962|303|02|2023|10|2 - PERMANENTE|2 - DECRETO|2792022|20221103|20221103|20241103|2 - MEMBRO/EQUIPE DE APOIO|SUPLENTE|3 - 3|110***916**|RAONE MAGELA BERALDO
5605732|1309963|303|02|2023|10|2 - PERMANENTE|2 - DECRETO|2792022|20221103|20221103|20241103|2 - MEMBRO/EQUIPE DE APOIO|SUPLENTE|3 - 3|110***916**|RAONE MAGELA BERALDO
5605743|1309965|303|02|2023|10|2 - PERMANENTE|2 - DECRETO|2792022|20221103|20221103|20241103|2 - MEMBRO/EQUIPE DE APOIO|SUPLENTE|3 - 3|110***916**|RAONE MAGELA BERALDO
5605776|1309976|303|02|2023|12|2 - PERMANENTE|2 - DECRETO|2792022|20221103|20221103|20241103|2 - MEMBRO/EQUIPE DE APOIO|SUPLENTE|3 - 3|110***916**|RAONE MAGELA BERALDO
5461999|1274935|303|02|2023|1|2 - PERMANENTE|2 - DECRETO|59|20220128|20220128|20230128|3 - PRESIDENTE|PRESIDENTE|1 - 1|360***096**|MARIA IZABEL DOS SANTOS
5462007|1274936|303|02|2023|1|2 - PERMANENTE|2 - DECRETO|59|20220128|20220128|20230128|3 - PRESIDENTE|PRESIDENTE|1 - 1|360***096**|MARIA IZABEL DOS SANTOS
5462010|1274934|303|02|2023|1|2 - PERMANENTE|2 - DECRETO|59|20220128|20220128|20230128|3 - PRESIDENTE|PRESIDENTE|1 - 1|360***096**|MARIA IZABEL DOS SANTOS
5462026|1274941|303|02|2023|3|2 - PERMANENTE|2 - DECRETO|59|20220128|20220128|20230128|3 - PRESIDENTE|PRESIDENTE|1 - 1|360***096**|MARIA IZABEL DOS SANTOS
5462044|1274945|303|02|2023|5|2 - PERMANENTE|2 - DECRETO|292023|20230130|20230130|20240129|3 - PRESIDENTE|PRESIDENTE|1 - 1|360***096**|MARIA IZABEL DOS SANTOS
5462048|1274949|303|02|2023|5|2 - PERMANENTE|2 - DECRETO|292023|20230130|20230130|20240129|3 - PRESIDENTE|PRESIDENTE|1 - 1|360***096**|MARIA IZABEL DOS SANTOS
5462051|1274950|303|02|2023|5|2 - PERMANENTE|2 - DECRETO|59|20220128|20220128|20230128|3 - PRESIDENTE|PRESIDENTE|1 - 1|360***096**|MARIA IZABEL DOS SANTOS
5462059|1274951|303|02|2023|5|2 - PERMANENTE|2 - DECRETO|60|20190314|20190318|20200318|4 - SECRETÁRIO|SECRETARIOA|1 - 1|360***096**|MARIA IZABEL DOS SANTOS
5462067|1274952|303|02|2023|5|2 - PERMANENTE|2 - DECRETO|29|20230130|20230130|20240130|3 - PRESIDENTE|PRESIDENTE|1 - 1|360***096**|MARIA IZABEL DOS SANTOS
5462095|1274954|303|02|2023|7|2 - PERMANENTE|2 - DECRETO|29|20230130|20230130|20240130|3 - PRESIDENTE|PRESIDENTE|1 - 1|360***096**|MARIA IZABEL DOS SANTOS
5462099|1274955|303|02|2023|7|2 - PERMANENTE|2 - DECRETO|29|20230130|20230130|20240130|3 - PRESIDENTE|PRESIDENTE|1 - 1|360***096**|MARIA IZABEL DOS SANTOS
5462121|1274965|303|02|2023|8|2 - PERMANENTE|2 - DECRETO|29|20230130|20230130|20240130|3 - PRESIDENTE|PRESIDENTE|1 - 1|360***096**|MARIA IZABEL DOS SANTOS
5462122|1274966|303|02|2023|8|2 - PERMANENTE|2 - DECRETO|29|20230130|20230130|20240130|3 - PRESIDENTE|PRESIDENTE|1 - 1|360***096**|MARIA IZABEL DOS SANTOS
5605754|1309967|303|02|2023|11|2 - PERMANENTE|2 - DECRETO|29|20230130|20230130|20240130|3 - PRESIDENTE|PRESIDENTE|1 - 1|360***096**|MARIA IZABEL DOS SANTOS
5605716|1309959|303|02|2023|9|2 - PERMANENTE|2 - DECRETO|29|20230130|20230130|20240130|3 - PRESIDENTE|PRESIDENTE|1 - 1|360***096**|MARIA IZABEL DOS SANTOS
5605723|1309961|303|02|2023|9|2 - PERMANENTE|2 - DECRETO|29|20230130|20230130|20240130|3 - PRESIDENTE|PRESIDENTE|1 - 1|360***096**|MARIA IZABEL DOS SANTOS
5605738|1309964|303|02|2023|10|2 - PERMANENTE|2 - DECRETO|29|20230130|20230130|20240130|3 - PRESIDENTE|PRESIDENTE|1 - 1|360***096**|MARIA IZABEL DOS SANTOS
5605744|1309966|303|02|2023|10|2 - PERMANENTE|2 - DECRETO|29|20230130|20230130|20240130|3 - PRESIDENTE|PRESIDENTE|1 - 1|360***096**|MARIA IZABEL DOS SANTOS
5605772|1309973|303|02|2023|12|2 - PERMANENTE|2 - DECRETO|29|20230130|20230130|20240130|3 - PRESIDENTE|PRESIDENTE|1 - 1|360***096**|MARIA IZABEL DOS SANTOS
5605773|1309974|303|02|2023|12|2 - PERMANENTE|2 - DECRETO|29|20230130|20230130|20240130|3 - PRESIDENTE|PRESIDENTE|1 - 1|360***096**|MARIA IZABEL DOS SANTOS
5605783|1309975|303|02|2023|12|2 - PERMANENTE|2 - DECRETO|29|20230130|20230130|20240130|3 - PRESIDENTE|PRESIDENTE|1 - 1|360***096**|MARIA IZABEL DOS SANTOS
5605786|1309972|303|02|2023|12|2 - PERMANENTE|2 - DECRETO|29|20230130|20230130|20240130|3 - PRESIDENTE|PRESIDENTE|1 - 1|360***096**|MARIA IZABEL DOS SANTOS
5462000|1274935|303|02|2023|1|2 - PERMANENTE|2 - DECRETO|59|20220128|20220128|20230128|3 - PRESIDENTE|SUPLENTE DE PRESIDENTE|1 - 1|075***266**|VICENTE AUGUSTO GONCALVES REIS
5462005|1274936|303|02|2023|1|2 - PERMANENTE|2 - DECRETO|59|20220128|20220128|20230128|3 - PRESIDENTE|SUPLENTE DE PRESIDENTE|1 - 1|075***266**|VICENTE AUGUSTO GONCALVES REIS
5462012|1274934|303|02|2023|1|2 - PERMANENTE|2 - DECRETO|59|20220128|20220128|20230128|3 - PRESIDENTE|SUPLENTE DE PRESIDENTE|1 - 1|075***266**|VICENTE AUGUSTO GONCALVES REIS
5462025|1274941|303|02|2023|3|2 - PERMANENTE|2 - DECRETO|59|20220128|20220128|20230128|3 - PRESIDENTE|SUPLENTE DE PRESIDENTE|1 - 1|075***266**|VICENTE AUGUSTO GONCALVES REIS
5462042|1274945|303|02|2023|5|2 - PERMANENTE|2 - DECRETO|292023|20230130|20230130|20240129|3 - PRESIDENTE|SUPLENTE DE PRESIDENTE|1 - 1|075***266**|VICENTE AUGUSTO GONCALVES REIS
5462047|1274949|303|02|2023|5|2 - PERMANENTE|2 - DECRETO|292023|20230130|20230130|20240129|3 - PRESIDENTE|SUPLENTE DE PRESIDENTE|1 - 1|075***266**|VICENTE AUGUSTO GONCALVES REIS
5462050|1274950|303|02|2023|5|2 - PERMANENTE|2 - DECRETO|59|20220128|20220128|20230128|3 - PRESIDENTE|SUPLENTE DE PRESIDENTE|1 - 1|075***266**|VICENTE AUGUSTO GONCALVES REIS
5462061|1274951|303|02|2023|5|2 - PERMANENTE|2 - DECRETO|60|20190314|20190318|20200318|3 - PRESIDENTE|SUPLENTE DE PRESIDENTE|1 - 1|075***266**|VICENTE AUGUSTO GONCALVES REIS
5462068|1274952|303|02|2023|5|2 - PERMANENTE|2 - DECRETO|29|20230130|20230130|20240130|2 - MEMBRO/EQUIPE DE APOIO|SUPLENTE|1 - 1|075***266**|VICENTE AUGUSTO GONCALVES REIS
5462097|1274954|303|02|2023|7|2 - PERMANENTE|2 - DECRETO|29|20230130|20230130|20240130|2 - MEMBRO/EQUIPE DE APOIO|SUPLENTE|1 - 1|075***266**|VICENTE AUGUSTO GONCALVES REIS
5462098|1274955|303|02|2023|7|2 - PERMANENTE|2 - DECRETO|29|20230130|20230130|20240130|2 - MEMBRO/EQUIPE DE APOIO|SUPLENTE|1 - 1|075***266**|VICENTE AUGUSTO GONCALVES REIS
5462120|1274965|303|02|2023|8|2 - PERMANENTE|2 - DECRETO|29|20230130|20230130|20240130|2 - MEMBRO/EQUIPE DE APOIO|SUPLENTE|1 - 1|075***266**|VICENTE AUGUSTO GONCALVES REIS
5462124|1274966|303|02|2023|8|2 - PERMANENTE|2 - DECRETO|29|20230130|20230130|20240130|2 - MEMBRO/EQUIPE DE APOIO|SUPLENTE|1 - 1|075***266**|VICENTE AUGUSTO GONCALVES REIS
5605753|1309967|303|02|2023|11|2 - PERMANENTE|2 - DECRETO|29|20230130|20230130|20240130|2 - MEMBRO/EQUIPE DE APOIO|SUPLENTE|1 - 1|075***266**|VICENTE AUGUSTO GONCALVES REIS
5605717|1309959|303|02|2023|9|2 - PERMANENTE|2 - DECRETO|29|20230130|20230130|20240130|2 - MEMBRO/EQUIPE DE APOIO|SUPLENTE|1 - 1|075***266**|VICENTE AUGUSTO GONCALVES REIS
5605724|1309961|303|02|2023|9|2 - PERMANENTE|2 - DECRETO|29|20230130|20230130|20240130|2 - MEMBRO/EQUIPE DE APOIO|SUPLENTE|1 - 1|075***266**|VICENTE AUGUSTO GONCALVES REIS
5605737|1309964|303|02|2023|10|2 - PERMANENTE|2 - DECRETO|29|20230130|20230130|20240130|2 - MEMBRO/EQUIPE DE APOIO|SUPLENTE|1 - 1|075***266**|VICENTE AUGUSTO GONCALVES REIS
5605745|1309966|303|02|2023|10|2 - PERMANENTE|2 - DECRETO|29|20230130|20230130|20240130|2 - MEMBRO/EQUIPE DE APOIO|SUPLENTE|1 - 1|075***266**|VICENTE AUGUSTO GONCALVES REIS
5605770|1309973|303|02|2023|12|2 - PERMANENTE|2 - DECRETO|29|20230130|20230130|20240130|2 - MEMBRO/EQUIPE DE APOIO|SUPLENTE|1 - 1|075***266**|VICENTE AUGUSTO GONCALVES REIS
5605775|1309974|303|02|2023|12|2 - PERMANENTE|2 - DECRETO|29|20230130|20230130|20240130|2 - MEMBRO/EQUIPE DE APOIO|SUPLENTE|1 - 1|075***266**|VICENTE AUGUSTO GONCALVES REIS
5605782|1309975|303|02|2023|12|2 - PERMANENTE|2 - DECRETO|29|20230130|20230130|20240130|2 - MEMBRO/EQUIPE DE APOIO|SUPLENTE|1 - 1|075***266**|VICENTE AUGUSTO GONCALVES REIS
5605784|1309972|303|02|2023|12|2 - PERMANENTE|2 - DECRETO|29|20230130|20230130|20240130|2 - MEMBRO/EQUIPE DE APOIO|SUPLENTE|1 - 1|075***266**|VICENTE AUGUSTO GONCALVES REIS
5462004|1274937|303|02|2023|1|2 - PERMANENTE|2 - DECRETO|532021|20210128|20210731|20230802|6 - PREGOEIRO|PREGOEIROA|1 - 1|055***326**|GISELE MOREIRA SANTOS
5462014|1274938|303|02|2023|2|2 - PERMANENTE|2 - DECRETO|2792022|20221103|20221103|20241103|6 - PREGOEIRO|PREGOEIROA|1 - 1|055***326**|GISELE MOREIRA SANTOS
5462017|1274939|303|02|2023|3|2 - PERMANENTE|2 - DECRETO|2792022|20221103|20221103|20241103|6 - PREGOEIRO|PREGOEIROA|1 - 1|055***326**|GISELE MOREIRA SANTOS
5462021|1274940|303|02|2023|3|2 - PERMANENTE|2 - DECRETO|2792022|20221103|20221103|20241103|6 - PREGOEIRO|PREGOEIROA|1 - 1|055***326**|GISELE MOREIRA SANTOS
5462030|1274942|303|02|2023|3|2 - PERMANENTE|2 - DECRETO|2792022|20221103|20221103|20241103|6 - PREGOEIRO|PREGOEIROA|1 - 1|055***326**|GISELE MOREIRA SANTOS
5462034|1274943|303|02|2023|3|2 - PERMANENTE|2 - DECRETO|2792022|20221103|20221103|20241103|6 - PREGOEIRO|PREGOEIROA|1 - 1|055***326**|GISELE MOREIRA SANTOS
5462056|1274946|303|02|2023|5|2 - PERMANENTE|2 - DECRETO|2792022|20221103|20221103|20241103|6 - PREGOEIRO|PREGOEIROA|1 - 1|055***326**|GISELE MOREIRA SANTOS
5462060|1274951|303|02|2023|5|2 - PERMANENTE|2 - DECRETO|60|20190314|20190318|20200318|3 - PRESIDENTE|PRESIDENTE|1 - 1|055***326**|GISELE MOREIRA SANTOS
5462062|1274947|303|02|2023|5|2 - PERMANENTE|2 - DECRETO|2792022|20221103|20221103|20241103|6 - PREGOEIRO|PREGOEIROA|1 - 1|055***326**|GISELE MOREIRA SANTOS
5462064|1274948|303|02|2023|5|2 - PERMANENTE|2 - DECRETO|2792022|20221103|20221103|20241103|6 - PREGOEIRO|PREGOEIROA|1 - 1|055***326**|GISELE MOREIRA SANTOS
5462072|1274953|303|02|2023|6|2 - PERMANENTE|2 - DECRETO|2792022|20221103|20221103|20241103|6 - PREGOEIRO|PREGOEIROA|1 - 1|055***326**|GISELE MOREIRA SANTOS
5462076|1274957|303|02|2023|7|2 - PERMANENTE|2 - DECRETO|2792022|20221103|20221103|20241103|6 - PREGOEIRO|PREGOEIROA|1 - 1|055***326**|GISELE MOREIRA SANTOS
5462082|1274958|303|02|2023|7|2 - PERMANENTE|2 - DECRETO|2792022|20221103|20221103|20241103|6 - PREGOEIRO|PREGOEIROA|1 - 1|055***326**|GISELE MOREIRA SANTOS
5462083|1274956|303|02|2023|7|2 - PERMANENTE|2 - DECRETO|2792022|20221103|20221103|20241103|6 - PREGOEIRO|PREGOEIROA|1 - 1|055***326**|GISELE MOREIRA SANTOS
5462089|1274959|303|02|2023|7|2 - PERMANENTE|2 - DECRETO|2792022|20221103|20221103|20241103|6 - PREGOEIRO|PREGOEIROA|1 - 1|055***326**|GISELE MOREIRA SANTOS
5462092|1274960|303|02|2023|7|2 - PERMANENTE|2 - DECRETO|2792022|20221103|20221103|20241103|6 - PREGOEIRO|PREGOEIROA|1 - 1|055***326**|GISELE MOREIRA SANTOS
5462102|1274961|303|02|2023|7|2 - PERMANENTE|2 - DECRETO|2792022|20221103|20221103|20241103|6 - PREGOEIRO|PREGOEIROA|1 - 1|055***326**|GISELE MOREIRA SANTOS
5462107|1274962|303|02|2023|8|2 - PERMANENTE|2 - DECRETO|2792022|20221103|20221103|20241103|6 - PREGOEIRO|PREGOEIROA|1 - 1|055***326**|GISELE MOREIRA SANTOS
5462111|1274963|303|02|2023|8|2 - PERMANENTE|2 - DECRETO|2792022|20221103|20221103|20241103|6 - PREGOEIRO|PREGOEIROA|1 - 1|055***326**|GISELE MOREIRA SANTOS
5462117|1274964|303|02|2023|8|2 - PERMANENTE|2 - DECRETO|2792022|20221103|20221103|20241103|6 - PREGOEIRO|PREGOEIROA|1 - 1|055***326**|GISELE MOREIRA SANTOS
5605749|1309968|303|02|2023|11|2 - PERMANENTE|2 - DECRETO|2792022|20221103|20221103|20241103|6 - PREGOEIRO|PREGOEIROA|1 - 1|055***326**|GISELE MOREIRA SANTOS
5605758|1309969|303|02|2023|11|2 - PERMANENTE|2 - DECRETO|2792022|20221103|20221103|20241103|6 - PREGOEIRO|PREGOEIROA|1 - 1|055***326**|GISELE MOREIRA SANTOS
5605763|1309971|303|02|2023|11|2 - PERMANENTE|2 - DECRETO|2792022|20221103|20221103|20241103|6 - PREGOEIRO|PREGOEIROA|1 - 1|055***326**|GISELE MOREIRA SANTOS
5605765|1309970|303|02|2023|11|2 - PERMANENTE|2 - DECRETO|2792022|20221103|20221103|20241103|6 - PREGOEIRO|PREGOEIROA|1 - 1|055***326**|GISELE MOREIRA SANTOS
5605714|1309958|303|02|2023|9|2 - PERMANENTE|2 - DECRETO|2792022|20221103|20221103|20241103|6 - PREGOEIRO|PREGOEIROA|1 - 1|055***326**|GISELE MOREIRA SANTOS
5605721|1309960|303|02|2023|9|2 - PERMANENTE|2 - DECRETO|2792022|20221103|20221103|20241103|6 - PREGOEIRO|PREGOEIROA|1 - 1|055***326**|GISELE MOREIRA SANTOS
5605729|1309962|303|02|2023|10|2 - PERMANENTE|2 - DECRETO|2792022|20221103|20221103|20241103|6 - PREGOEIRO|PREGOEIROA|1 - 1|055***326**|GISELE MOREIRA SANTOS
5605733|1309963|303|02|2023|10|2 - PERMANENTE|2 - DECRETO|2792022|20221103|20221103|20241103|6 - PREGOEIRO|PREGOEIROA|1 - 1|055***326**|GISELE MOREIRA SANTOS
5605742|1309965|303|02|2023|10|2 - PERMANENTE|2 - DECRETO|2792022|20221103|20221103|20241103|6 - PREGOEIRO|PREGOEIROA|1 - 1|055***326**|GISELE MOREIRA SANTOS
5605777|1309976|303|02|2023|12|2 - PERMANENTE|2 - DECRETO|2792022|20221103|20221103|20241103|6 - PREGOEIRO|PREGOEIROA|1 - 1|055***326**|GISELE MOREIRA SANTOS
5561949|1299017|304|03|2023|12|2 - PERMANENTE|1 - PORTARIA|12023|20230111|20230111|20231231|2 - MEMBRO/EQUIPE DE APOIO|MEMBRO EQUIPE DE APOIO|1 - 1|229***706**|REGINALDO CARIELLO JOSE
5561951|1299018|304|03|2023|12|2 - PERMANENTE|1 - PORTARIA|12023|20230111|20230111|20231231|2 - MEMBRO/EQUIPE DE APOIO|MEMBRO EQUIPE DE APOIO|1 - 1|229***706**|REGINALDO CARIELLO JOSE
5561957|1299019|304|03|2023|12|2 - PERMANENTE|1 - PORTARIA|12023|20230111|20230111|20231231|2 - MEMBRO/EQUIPE DE APOIO|MEMBRO EQUIPE DE APOIO|1 - 1|229***706**|REGINALDO CARIELLO JOSE
5561961|1299021|304|03|2023|12|2 - PERMANENTE|1 - PORTARIA|12023|20230111|20230111|20231231|2 - MEMBRO/EQUIPE DE APOIO|MEMBRO EQUIPE DE APOIO|1 - 1|229***706**|REGINALDO CARIELLO JOSE
5561959|1299020|304|03|2023|12|2 - PERMANENTE|1 - PORTARIA|12023|20230111|20230111|20231231|2 - MEMBRO/EQUIPE DE APOIO|MEMBRO EQUIPE DE APOIO|1 - 1|229***706**|REGINALDO CARIELLO JOSE
5480697|1279169|304|03|2023|9|2 - PERMANENTE|1 - PORTARIA|12023|20230111|20230111|20231231|2 - MEMBRO/EQUIPE DE APOIO|MEMBRO EQUIPE DE APOIO|1 - 1|229***706**|REGINALDO CARIELLO JOSE
5480701|1279170|304|03|2023|9|2 - PERMANENTE|1 - PORTARIA|12023|20230111|20230111|20231231|2 - MEMBRO/EQUIPE DE APOIO|MEMBRO EQUIPE DE APOIO|1 - 1|229***706**|REGINALDO CARIELLO JOSE
5480707|1279171|304|03|2023|9|2 - PERMANENTE|1 - PORTARIA|12023|20230111|20230111|20231231|2 - MEMBRO/EQUIPE DE APOIO|MEMBRO EQUIPE DE APOIO|1 - 1|229***706**|REGINALDO CARIELLO JOSE
5480709|1279172|304|03|2023|9|2 - PERMANENTE|1 - PORTARIA|12023|20230111|20230111|20231231|2 - MEMBRO/EQUIPE DE APOIO|MEMBRO EQUIPE DE APOIO|1 - 1|229***706**|REGINALDO CARIELLO JOSE
5480715|1279173|304|03|2023|10|2 - PERMANENTE|1 - PORTARIA|12023|20230111|20230111|20231231|2 - MEMBRO/EQUIPE DE APOIO|MEMBRO EQUIPE DE APOIO|1 - 1|229***706**|REGINALDO CARIELLO JOSE
5480719|1279174|304|03|2023|10|2 - PERMANENTE|1 - PORTARIA|12023|20230111|20230111|20231231|2 - MEMBRO/EQUIPE DE APOIO|MEMBRO EQUIPE DE APOIO|1 - 1|229***706**|REGINALDO CARIELLO JOSE
5480723|1279175|304|03|2023|10|2 - PERMANENTE|1 - PORTARIA|12023|20230111|20230111|20231231|2 - MEMBRO/EQUIPE DE APOIO|MEMBRO EQUIPE DE APOIO|1 - 1|229***706**|REGINALDO CARIELLO JOSE
5470121|1276384|304|03|2023|3|2 - PERMANENTE|1 - PORTARIA|12023|20230111|20230111|20231231|2 - MEMBRO/EQUIPE DE APOIO|MEMBRO EQUIPE DE APOIO|1 - 1|229***706**|REGINALDO CARIELLO JOSE
5470126|1276385|304|03|2023|3|2 - PERMANENTE|1 - PORTARIA|12023|20230111|20230111|20231231|2 - MEMBRO/EQUIPE DE APOIO|MEMBRO EQUIPE DE APOIO|1 - 1|229***706**|REGINALDO CARIELLO JOSE
5470131|1276386|304|03|2023|4|2 - PERMANENTE|1 - PORTARIA|12023|20230111|20230111|20231231|2 - MEMBRO/EQUIPE DE APOIO|MEMBRO EQUIPE DE APOIO|1 - 1|229***706**|REGINALDO CARIELLO JOSE
5470133|1276387|304|03|2023|5|2 - PERMANENTE|1 - PORTARIA|12023|20230111|20230111|20231231|2 - MEMBRO/EQUIPE DE APOIO|MEMBRO EQUIPE DE APOIO|1 - 1|229***706**|REGINALDO CARIELLO JOSE
5470136|1276388|304|03|2023|5|2 - PERMANENTE|1 - PORTARIA|12023|20230111|20230111|20231231|2 - MEMBRO/EQUIPE DE APOIO|MEMBRO EQUIPE DE APOIO|1 - 1|229***706**|REGINALDO CARIELLO JOSE
5470142|1276389|304|03|2023|5|2 - PERMANENTE|1 - PORTARIA|12023|20230111|20230111|20231231|2 - MEMBRO/EQUIPE DE APOIO|MEMBRO EQUIPE DE APOIO|1 - 1|229***706**|REGINALDO CARIELLO JOSE
5470146|1276390|304|03|2023|5|2 - PERMANENTE|1 - PORTARIA|12023|20230111|20230111|20231231|2 - MEMBRO/EQUIPE DE APOIO|MEMBRO EQUIPE DE APOIO|1 - 1|229***706**|REGINALDO CARIELLO JOSE
5470147|1276391|304|03|2023|6|2 - PERMANENTE|1 - PORTARIA|12023|20230111|20230111|20231231|2 - MEMBRO/EQUIPE DE APOIO|MEMBRO EQUIPE DE APOIO|1 - 1|229***706**|REGINALDO CARIELLO JOSE
5470153|1276392|304|03|2023|7|2 - PERMANENTE|1 - PORTARIA|12023|20230111|20230111|20231231|2 - MEMBRO/EQUIPE DE APOIO|MEMBRO EQUIPE DE APOIO|1 - 1|229***706**|REGINALDO CARIELLO JOSE
5506352|1285304|304|03|2023|11|2 - PERMANENTE|1 - PORTARIA|12023|20230111|20230111|20231231|2 - MEMBRO/EQUIPE DE APOIO|MEMBRO EQUIPE DE APOIO|1 - 1|229***706**|REGINALDO CARIELLO JOSE
5561947|1299017|304|03|2023|12|2 - PERMANENTE|1 - PORTARIA|12023|20230111|20230111|20231231|2 - MEMBRO/EQUIPE DE APOIO|MEMBRO EQUIPE DE APOIO|3 - 3|159***686**|INGRID LOREDAINE CALADO CARLOS
5561953|1299018|304|03|2023|12|2 - PERMANENTE|1 - PORTARIA|12023|20230111|20230111|20231231|2 - MEMBRO/EQUIPE DE APOIO|MEMBRO EQUIPE DE APOIO|3 - 3|159***686**|INGRID LOREDAINE CALADO CARLOS
5561955|1299019|304|03|2023|12|2 - PERMANENTE|1 - PORTARIA|12023|20230111|20230111|20231231|2 - MEMBRO/EQUIPE DE APOIO|MEMBRO EQUIPE DE APOIO|3 - 3|159***686**|INGRID LOREDAINE CALADO CARLOS
5480694|1279168|304|03|2023|9|2 - PERMANENTE|1 - PORTARIA|12023|20230111|20230111|20231231|2 - MEMBRO/EQUIPE DE APOIO|MEMBRO EQUIPE DE APOIO|3 - 3|159***686**|INGRID LOREDAINE CALADO CARLOS
5480698|1279169|304|03|2023|9|2 - PERMANENTE|1 - PORTARIA|12023|20230111|20230111|20231231|2 - MEMBRO/EQUIPE DE APOIO|MEMBRO EQUIPE DE APOIO|3 - 3|159***686**|INGRID LOREDAINE CALADO CARLOS
5480703|1279170|304|03|2023|9|2 - PERMANENTE|1 - PORTARIA|12023|20230111|20230111|20231231|2 - MEMBRO/EQUIPE DE APOIO|MEMBRO EQUIPE DE APOIO|3 - 3|159***686**|INGRID LOREDAINE CALADO CARLOS
5480705|1279171|304|03|2023|9|2 - PERMANENTE|1 - PORTARIA|12023|20230111|20230111|20231231|2 - MEMBRO/EQUIPE DE APOIO|MEMBRO EQUIPE DE APOIO|3 - 3|159***686**|INGRID LOREDAINE CALADO CARLOS
5480710|1279172|304|03|2023|9|2 - PERMANENTE|1 - PORTARIA|12023|20230111|20230111|20231231|2 - MEMBRO/EQUIPE DE APOIO|MEMBRO EQUIPE DE APOIO|3 - 3|159***686**|INGRID LOREDAINE CALADO CARLOS
5480713|1279173|304|03|2023|10|2 - PERMANENTE|1 - PORTARIA|12023|20230111|20230111|20231231|2 - MEMBRO/EQUIPE DE APOIO|MEMBRO EQUIPE DE APOIO|3 - 3|159***686**|INGRID LOREDAINE CALADO CARLOS
5480720|1279174|304|03|2023|10|2 - PERMANENTE|1 - PORTARIA|12023|20230111|20230111|20231231|2 - MEMBRO/EQUIPE DE APOIO|MEMBRO EQUIPE DE APOIO|3 - 3|159***686**|INGRID LOREDAINE CALADO CARLOS
5470122|1276384|304|03|2023|3|2 - PERMANENTE|1 - PORTARIA|12023|20230111|20230111|20231231|2 - MEMBRO/EQUIPE DE APOIO|MEMBRO EQUIPE DE APOIO|3 - 3|159***686**|INGRID LOREDAINE CALADO CARLOS
5470127|1276385|304|03|2023|3|2 - PERMANENTE|1 - PORTARIA|12023|20230111|20230111|20231231|2 - MEMBRO/EQUIPE DE APOIO|MEMBRO EQUIPE DE APOIO|3 - 3|159***686**|INGRID LOREDAINE CALADO CARLOS
5470132|1276386|304|03|2023|4|2 - PERMANENTE|1 - PORTARIA|12023|20230111|20230111|20231231|2 - MEMBRO/EQUIPE DE APOIO|MEMBRO EQUIPE DE APOIO|3 - 3|159***686**|INGRID LOREDAINE CALADO CARLOS
5470134|1276387|304|03|2023|5|2 - PERMANENTE|1 - PORTARIA|12023|20230111|20230111|20231231|2 - MEMBRO/EQUIPE DE APOIO|MEMBRO EQUIPE DE APOIO|3 - 3|159***686**|INGRID LOREDAINE CALADO CARLOS
5470137|1276388|304|03|2023|5|2 - PERMANENTE|1 - PORTARIA|12023|20230111|20230111|20231231|2 - MEMBRO/EQUIPE DE APOIO|MEMBRO EQUIPE DE APOIO|3 - 3|159***686**|INGRID LOREDAINE CALADO CARLOS
5470140|1276389|304|03|2023|5|2 - PERMANENTE|1 - PORTARIA|12023|20230111|20230111|20231231|2 - MEMBRO/EQUIPE DE APOIO|MEMBRO EQUIPE DE APOIO|3 - 3|159***686**|INGRID LOREDAINE CALADO CARLOS
5470145|1276390|304|03|2023|5|2 - PERMANENTE|1 - PORTARIA|12023|20230111|20230111|20231231|2 - MEMBRO/EQUIPE DE APOIO|MEMBRO EQUIPE DE APOIO|3 - 3|159***686**|INGRID LOREDAINE CALADO CARLOS
5470148|1276391|304|03|2023|6|2 - PERMANENTE|1 - PORTARIA|12023|20230111|20230111|20231231|2 - MEMBRO/EQUIPE DE APOIO|MEMBRO EQUIPE DE APOIO|3 - 3|159***686**|INGRID LOREDAINE CALADO CARLOS
5470154|1276392|304|03|2023|7|2 - PERMANENTE|1 - PORTARIA|12023|20230111|20230111|20231231|2 - MEMBRO/EQUIPE DE APOIO|MEMBRO EQUIPE DE APOIO|3 - 3|159***686**|INGRID LOREDAINE CALADO CARLOS
5470156|1276393|304|03|2023|7|2 - PERMANENTE|1 - PORTARIA|12023|20230111|20230111|20231231|2 - MEMBRO/EQUIPE DE APOIO|MEMBRO EQUIPE DE APOIO|3 - 3|159***686**|INGRID LOREDAINE CALADO CARLOS
5470158|1276394|304|03|2023|8|2 - PERMANENTE|1 - PORTARIA|12023|20230111|20230111|20231231|2 - MEMBRO/EQUIPE DE APOIO|MEMBRO EQUIPE DE APOIO|3 - 3|159***686**|INGRID LOREDAINE CALADO CARLOS
5470161|1276395|304|03|2023|8|2 - PERMANENTE|1 - PORTARIA|12023|20230111|20230111|20231231|2 - MEMBRO/EQUIPE DE APOIO|MEMBRO EQUIPE DE APOIO|3 - 3|159***686**|INGRID LOREDAINE CALADO CARLOS
5561948|1299017|304|03|2023|12|2 - PERMANENTE|1 - PORTARIA|12023|20230111|20230111|20231231|6 - PREGOEIRO|PREGOEIRO|1 - 1|035***816**|CINTIA SOARES FELIX
5561954|1299018|304|03|2023|12|2 - PERMANENTE|1 - PORTARIA|12023|20230111|20230111|20231231|6 - PREGOEIRO|PREGOEIRO|1 - 1|035***816**|CINTIA SOARES FELIX
5561956|1299019|304|03|2023|12|2 - PERMANENTE|1 - PORTARIA|12023|20230111|20230111|20231231|6 - PREGOEIRO|PREGOEIRO|1 - 1|035***816**|CINTIA SOARES FELIX
5561960|1299020|304|03|2023|12|2 - PERMANENTE|1 - PORTARIA|12023|20230111|20230111|20231231|6 - PREGOEIRO|PREGOEIRO|1 - 1|035***816**|CINTIA SOARES FELIX
5561963|1299021|304|03|2023|12|2 - PERMANENTE|1 - PORTARIA|12023|20230111|20230111|20231231|6 - PREGOEIRO|PREGOEIRO|1 - 1|035***816**|CINTIA SOARES FELIX
5480696|1279168|304|03|2023|9|2 - PERMANENTE|1 - PORTARIA|12023|20230111|20230111|20231231|6 - PREGOEIRO|PREGOEIRO|1 - 1|035***816**|CINTIA SOARES FELIX
5480700|1279169|304|03|2023|9|2 - PERMANENTE|1 - PORTARIA|12023|20230111|20230111|20231231|6 - PREGOEIRO|PREGOEIRO|1 - 1|035***816**|CINTIA SOARES FELIX
5480704|1279170|304|03|2023|9|2 - PERMANENTE|1 - PORTARIA|12023|20230111|20230111|20231231|6 - PREGOEIRO|PREGOEIRO|1 - 1|035***816**|CINTIA SOARES FELIX
5480708|1279171|304|03|2023|9|2 - PERMANENTE|1 - PORTARIA|12023|20230111|20230111|20231231|6 - PREGOEIRO|PREGOEIRO|1 - 1|035***816**|CINTIA SOARES FELIX
5480712|1279172|304|03|2023|9|2 - PERMANENTE|1 - PORTARIA|12023|20230111|20230111|20231231|6 - PREGOEIRO|PREGOEIRO|1 - 1|035***816**|CINTIA SOARES FELIX
5480716|1279173|304|03|2023|10|2 - PERMANENTE|1 - PORTARIA|12023|20230111|20230111|20231231|6 - PREGOEIRO|PREGOEIRO|1 - 1|035***816**|CINTIA SOARES FELIX
5480718|1279174|304|03|2023|10|2 - PERMANENTE|1 - PORTARIA|12023|20230111|20230111|20231231|6 - PREGOEIRO|PREGOEIRO|1 - 1|035***816**|CINTIA SOARES FELIX
5480721|1279175|304|03|2023|10|2 - PERMANENTE|1 - PORTARIA|12023|20230111|20230111|20231231|6 - PREGOEIRO|PREGOEIRO|1 - 1|035***816**|CINTIA SOARES FELIX
5470123|1276384|304|03|2023|3|2 - PERMANENTE|1 - PORTARIA|12023|20230111|20230111|20231231|6 - PREGOEIRO|PREGOEIRO|1 - 1|035***816**|CINTIA SOARES FELIX
5470128|1276385|304|03|2023|3|2 - PERMANENTE|1 - PORTARIA|12023|20230111|20230111|20231231|6 - PREGOEIRO|PREGOEIRO|1 - 1|035***816**|CINTIA SOARES FELIX
5470129|1276386|304|03|2023|4|2 - PERMANENTE|1 - PORTARIA|12023|20230111|20230111|20231231|6 - PREGOEIRO|PREGOEIRO|1 - 1|035***816**|CINTIA SOARES FELIX
5470135|1276387|304|03|2023|5|2 - PERMANENTE|1 - PORTARIA|12023|20230111|20230111|20231231|6 - PREGOEIRO|PREGOEIRO|1 - 1|035***816**|CINTIA SOARES FELIX
5470139|1276388|304|03|2023|5|2 - PERMANENTE|1 - PORTARIA|12023|20230111|20230111|20231231|6 - PREGOEIRO|PREGOEIRO|1 - 1|035***816**|CINTIA SOARES FELIX
5470143|1276389|304|03|2023|5|2 - PERMANENTE|1 - PORTARIA|12023|20230111|20230111|20231231|6 - PREGOEIRO|PREGOEIRO|1 - 1|035***816**|CINTIA SOARES FELIX
5470144|1276390|304|03|2023|5|2 - PERMANENTE|1 - PORTARIA|12023|20230111|20230111|20231231|6 - PREGOEIRO|PREGOEIRO|1 - 1|035***816**|CINTIA SOARES FELIX
5470149|1276391|304|03|2023|6|2 - PERMANENTE|1 - PORTARIA|12023|20230111|20230111|20231231|6 - PREGOEIRO|PREGOEIRO|1 - 1|035***816**|CINTIA SOARES FELIX
5470152|1276392|304|03|2023|7|2 - PERMANENTE|1 - PORTARIA|12023|20230111|20230111|20231231|6 - PREGOEIRO|PREGOEIRO|1 - 1|035***816**|CINTIA SOARES FELIX
5470157|1276393|304|03|2023|7|2 - PERMANENTE|1 - PORTARIA|12023|20230111|20230111|20231231|6 - PREGOEIRO|PREGOEIRO|1 - 1|035***816**|CINTIA SOARES FELIX
5470159|1276394|304|03|2023|8|2 - PERMANENTE|1 - PORTARIA|12023|20230111|20230111|20231231|6 - PREGOEIRO|PREGOEIRO|1 - 1|035***816**|CINTIA SOARES FELIX
5470162|1276395|304|03|2023|8|2 - PERMANENTE|1 - PORTARIA|12023|20230111|20230111|20231231|6 - PREGOEIRO|PREGOEIRO|1 - 1|035***816**|CINTIA SOARES FELIX
5506353|1285304|304|03|2023|11|2 - PERMANENTE|1 - PORTARIA|12023|20230111|20230111|20231231|6 - PREGOEIRO|PREGOEIRO|1 - 1|035***816**|CINTIA SOARES FELIX
5561950|1299017|304|03|2023|12|2 - PERMANENTE|1 - PORTARIA|12023|20230111|20230111|20231231|2 - MEMBRO/EQUIPE DE APOIO|MEMBRO EQUIPE DE APOIO|1 - 1|734***876**|MONICA EVA DE ALMEIDA SANTOS
5561952|1299018|304|03|2023|12|2 - PERMANENTE|1 - PORTARIA|12023|20230111|20230111|20231231|2 - MEMBRO/EQUIPE DE APOIO|MEMBRO EQUIPE DE APOIO|1 - 1|734***876**|MONICA EVA DE ALMEIDA SANTOS
5561958|1299020|304|03|2023|12|2 - PERMANENTE|1 - PORTARIA|12023|20230111|20230111|20231231|2 - MEMBRO/EQUIPE DE APOIO|MEMBRO EQUIPE DE APOIO|1 - 1|734***876**|MONICA EVA DE ALMEIDA SANTOS
5561962|1299021|304|03|2023|12|2 - PERMANENTE|1 - PORTARIA|12023|20230111|20230111|20231231|2 - MEMBRO/EQUIPE DE APOIO|MEMBRO EQUIPE DE APOIO|1 - 1|734***876**|MONICA EVA DE ALMEIDA SANTOS
5480695|1279168|304|03|2023|9|2 - PERMANENTE|1 - PORTARIA|12023|20230111|20230111|20231231|2 - MEMBRO/EQUIPE DE APOIO|MEMBRO EQUIPE DE APOIO|1 - 1|734***876**|MONICA EVA DE ALMEIDA SANTOS
5480699|1279169|304|03|2023|9|2 - PERMANENTE|1 - PORTARIA|12023|20230111|20230111|20231231|2 - MEMBRO/EQUIPE DE APOIO|MEMBRO EQUIPE DE APOIO|1 - 1|734***876**|MONICA EVA DE ALMEIDA SANTOS
5480702|1279170|304|03|2023|9|2 - PERMANENTE|1 - PORTARIA|12023|20230111|20230111|20231231|2 - MEMBRO/EQUIPE DE APOIO|MEMBRO EQUIPE DE APOIO|1 - 1|734***876**|MONICA EVA DE ALMEIDA SANTOS
5480706|1279171|304|03|2023|9|2 - PERMANENTE|1 - PORTARIA|12023|20230111|20230111|20231231|2 - MEMBRO/EQUIPE DE APOIO|MEMBRO EQUIPE DE APOIO|1 - 1|734***876**|MONICA EVA DE ALMEIDA SANTOS
5480711|1279172|304|03|2023|9|2 - PERMANENTE|1 - PORTARIA|12023|20230111|20230111|20231231|2 - MEMBRO/EQUIPE DE APOIO|MEMBRO EQUIPE DE APOIO|1 - 1|734***876**|MONICA EVA DE ALMEIDA SANTOS
5480714|1279173|304|03|2023|10|2 - PERMANENTE|1 - PORTARIA|12023|20230111|20230111|20231231|2 - MEMBRO/EQUIPE DE APOIO|MEMBRO EQUIPE DE APOIO|1 - 1|734***876**|MONICA EVA DE ALMEIDA SANTOS
5480717|1279174|304|03|2023|10|2 - PERMANENTE|1 - PORTARIA|12023|20230111|20230111|20231231|2 - MEMBRO/EQUIPE DE APOIO|MEMBRO EQUIPE DE APOIO|1 - 1|734***876**|MONICA EVA DE ALMEIDA SANTOS
5480722|1279175|304|03|2023|10|2 - PERMANENTE|1 - PORTARIA|12023|20230111|20230111|20231231|2 - MEMBRO/EQUIPE DE APOIO|MEMBRO EQUIPE DE APOIO|1 - 1|734***876**|MONICA EVA DE ALMEIDA SANTOS
5470124|1276384|304|03|2023|3|2 - PERMANENTE|1 - PORTARIA|12023|20230111|20230111|20231231|2 - MEMBRO/EQUIPE DE APOIO|MEMBRO EQUIPE DE APOIO|1 - 1|734***876**|MONICA EVA DE ALMEIDA SANTOS
5470125|1276385|304|03|2023|3|2 - PERMANENTE|1 - PORTARIA|12023|20230111|20230111|20231231|2 - MEMBRO/EQUIPE DE APOIO|MEMBRO EQUIPE DE APOIO|1 - 1|734***876**|MONICA EVA DE ALMEIDA SANTOS
5470130|1276386|304|03|2023|4|2 - PERMANENTE|1 - PORTARIA|12023|20230111|20230111|20231231|2 - MEMBRO/EQUIPE DE APOIO|MEMBRO EQUIPE DE APOIO|1 - 1|734***876**|MONICA EVA DE ALMEIDA SANTOS
5470138|1276388|304|03|2023|5|2 - PERMANENTE|1 - PORTARIA|12023|20230111|20230111|20231231|2 - MEMBRO/EQUIPE DE APOIO|MEMBRO EQUIPE DE APOIO|1 - 1|734***876**|MONICA EVA DE ALMEIDA SANTOS
5470141|1276389|304|03|2023|5|2 - PERMANENTE|1 - PORTARIA|12023|20230111|20230111|20231231|2 - MEMBRO/EQUIPE DE APOIO|MEMBRO EQUIPE DE APOIO|1 - 1|734***876**|MONICA EVA DE ALMEIDA SANTOS
5470150|1276391|304|03|2023|6|2 - PERMANENTE|1 - PORTARIA|12023|20230111|20230111|20231231|2 - MEMBRO/EQUIPE DE APOIO|MEMBRO EQUIPE DE APOIO|1 - 1|734***876**|MONICA EVA DE ALMEIDA SANTOS
5470151|1276392|304|03|2023|7|2 - PERMANENTE|1 - PORTARIA|12023|20230111|20230111|20231231|2 - MEMBRO/EQUIPE DE APOIO|MEMBRO EQUIPE DE APOIO|1 - 1|734***876**|MONICA EVA DE ALMEIDA SANTOS
5470155|1276393|304|03|2023|7|2 - PERMANENTE|1 - PORTARIA|12023|20230111|20230111|20231231|2 - MEMBRO/EQUIPE DE APOIO|MEMBRO EQUIPE DE APOIO|1 - 1|734***876**|MONICA EVA DE ALMEIDA SANTOS
5470160|1276394|304|03|2023|8|2 - PERMANENTE|1 - PORTARIA|12023|20230111|20230111|20231231|2 - MEMBRO/EQUIPE DE APOIO|MEMBRO EQUIPE DE APOIO|1 - 1|734***876**|MONICA EVA DE ALMEIDA SANTOS
5470163|1276395|304|03|2023|8|2 - PERMANENTE|1 - PORTARIA|12023|20230111|20230111|20231231|2 - MEMBRO/EQUIPE DE APOIO|MEMBRO EQUIPE DE APOIO|1 - 1|734***876**|MONICA EVA DE ALMEIDA SANTOS
5506351|1285304|304|03|2023|11|2 - PERMANENTE|1 - PORTARIA|12023|20230111|20230111|20231231|2 - MEMBRO/EQUIPE DE APOIO|MEMBRO EQUIPE DE APOIO|1 - 1|734***876**|MONICA EVA DE ALMEIDA SANTOS
5461998|1274935|303|02|2023|1|2 - PERMANENTE|2 - DECRETO|59|20220128|20220128|20230128|4 - SECRETÁRIO|SECRETARIOA|1 - 1|044***536**|ELIANE SILVA DE ALMEIDA
5462006|1274936|303|02|2023|1|2 - PERMANENTE|2 - DECRETO|59|20220128|20220128|20230128|4 - SECRETÁRIO|SECRETARIOA|1 - 1|044***536**|ELIANE SILVA DE ALMEIDA
5462011|1274934|303|02|2023|1|2 - PERMANENTE|2 - DECRETO|59|20220128|20220128|20230128|4 - SECRETÁRIO|SECRETARIOA|1 - 1|044***536**|ELIANE SILVA DE ALMEIDA
5462015|1274938|303|02|2023|2|2 - PERMANENTE|2 - DECRETO|2792022|20221103|20221103|20241103|2 - MEMBRO/EQUIPE DE APOIO|APOIO|1 - 1|044***536**|ELIANE SILVA DE ALMEIDA
5462028|1274941|303|02|2023|3|2 - PERMANENTE|2 - DECRETO|59|20220128|20220128|20230128|4 - SECRETÁRIO|SECRETARIOA|1 - 1|044***536**|ELIANE SILVA DE ALMEIDA
5462041|1274945|303|02|2023|5|2 - PERMANENTE|2 - DECRETO|292023|20230130|20230130|20240129|4 - SECRETÁRIO|SECRETARIOA|1 - 1|044***536**|ELIANE SILVA DE ALMEIDA
5462046|1274949|303|02|2023|5|2 - PERMANENTE|2 - DECRETO|292023|20230130|20230130|20240129|4 - SECRETÁRIO|SECRETARIOA|1 - 1|044***536**|ELIANE SILVA DE ALMEIDA
5462054|1274950|303|02|2023|5|2 - PERMANENTE|2 - DECRETO|59|20220128|20220128|20230128|4 - SECRETÁRIO|SECRETARIOA|1 - 1|044***536**|ELIANE SILVA DE ALMEIDA
5462069|1274952|303|02|2023|5|2 - PERMANENTE|2 - DECRETO|29|20230130|20230130|20240130|4 - SECRETÁRIO|SECRETARIOA|1 - 1|044***536**|ELIANE SILVA DE ALMEIDA
5462075|1274957|303|02|2023|7|2 - PERMANENTE|2 - DECRETO|2792022|20221103|20221103|20241103|2 - MEMBRO/EQUIPE DE APOIO|APOIO|1 - 1|044***536**|ELIANE SILVA DE ALMEIDA
5462078|1274958|303|02|2023|7|2 - PERMANENTE|2 - DECRETO|2792022|20221103|20221103|20241103|2 - MEMBRO/EQUIPE DE APOIO|APOIO|1 - 1|044***536**|ELIANE SILVA DE ALMEIDA
5462085|1274959|303|02|2023|7|2 - PERMANENTE|2 - DECRETO|2792022|20221103|20221103|20241103|2 - MEMBRO/EQUIPE DE APOIO|APOIO|1 - 1|044***536**|ELIANE SILVA DE ALMEIDA
5462091|1274960|303|02|2023|7|2 - PERMANENTE|2 - DECRETO|2792022|20221103|20221103|20241103|2 - MEMBRO/EQUIPE DE APOIO|APOIO|1 - 1|044***536**|ELIANE SILVA DE ALMEIDA
5462096|1274954|303|02|2023|7|2 - PERMANENTE|2 - DECRETO|29|20230130|20230130|20240130|4 - SECRETÁRIO|SECRETARIOA|1 - 1|044***536**|ELIANE SILVA DE ALMEIDA
5462100|1274955|303|02|2023|7|2 - PERMANENTE|2 - DECRETO|29|20230130|20230130|20240130|4 - SECRETÁRIO|SECRETARIOA|1 - 1|044***536**|ELIANE SILVA DE ALMEIDA
5462103|1274961|303|02|2023|7|2 - PERMANENTE|2 - DECRETO|2792022|20221103|20221103|20241103|2 - MEMBRO/EQUIPE DE APOIO|APOIO|1 - 1|044***536**|ELIANE SILVA DE ALMEIDA
5462110|1274962|303|02|2023|8|2 - PERMANENTE|2 - DECRETO|2792022|20221103|20221103|20241103|2 - MEMBRO/EQUIPE DE APOIO|APOIO|1 - 1|044***536**|ELIANE SILVA DE ALMEIDA
5462115|1274964|303|02|2023|8|2 - PERMANENTE|2 - DECRETO|2792022|20221103|20221103|20241103|2 - MEMBRO/EQUIPE DE APOIO|APOIO|1 - 1|044***536**|ELIANE SILVA DE ALMEIDA
5462119|1274965|303|02|2023|8|2 - PERMANENTE|2 - DECRETO|29|20230130|20230130|20240130|4 - SECRETÁRIO|SECRETARIOA|1 - 1|044***536**|ELIANE SILVA DE ALMEIDA
5462123|1274966|303|02|2023|8|2 - PERMANENTE|2 - DECRETO|29|20230130|20230130|20240130|4 - SECRETÁRIO|SECRETARIOA|1 - 1|044***536**|ELIANE SILVA DE ALMEIDA
5605747|1309968|303|02|2023|11|2 - PERMANENTE|2 - DECRETO|2792022|20221103|20221103|20241103|2 - MEMBRO/EQUIPE DE APOIO|APOIO|1 - 1|044***536**|ELIANE SILVA DE ALMEIDA
5605752|1309967|303|02|2023|11|2 - PERMANENTE|2 - DECRETO|29|20230130|20230130|20240130|4 - SECRETÁRIO|SECRETARIOA|1 - 1|044***536**|ELIANE SILVA DE ALMEIDA
5605756|1309969|303|02|2023|11|2 - PERMANENTE|2 - DECRETO|2792022|20221103|20221103|20241103|2 - MEMBRO/EQUIPE DE APOIO|APOIO|1 - 1|044***536**|ELIANE SILVA DE ALMEIDA
5605764|1309971|303|02|2023|11|2 - PERMANENTE|2 - DECRETO|2792022|20221103|20221103|20241103|2 - MEMBRO/EQUIPE DE APOIO|APOIO|1 - 1|044***536**|ELIANE SILVA DE ALMEIDA
5605766|1309970|303|02|2023|11|2 - PERMANENTE|2 - DECRETO|2792022|20221103|20221103|20241103|2 - MEMBRO/EQUIPE DE APOIO|APOIO|1 - 1|044***536**|ELIANE SILVA DE ALMEIDA
5605710|1309958|303|02|2023|9|2 - PERMANENTE|2 - DECRETO|2792022|20221103|20221103|20241103|2 - MEMBRO/EQUIPE DE APOIO|APOIO|1 - 1|044***536**|ELIANE SILVA DE ALMEIDA
5605715|1309959|303|02|2023|9|2 - PERMANENTE|2 - DECRETO|29|20230130|20230130|20240130|4 - SECRETÁRIO|SECRETARIOA|1 - 1|044***536**|ELIANE SILVA DE ALMEIDA
5605722|1309960|303|02|2023|9|2 - PERMANENTE|2 - DECRETO|2792022|20221103|20221103|20241103|2 - MEMBRO/EQUIPE DE APOIO|APOIO|1 - 1|044***536**|ELIANE SILVA DE ALMEIDA
5605725|1309961|303|02|2023|9|2 - PERMANENTE|2 - DECRETO|29|20230130|20230130|20240130|4 - SECRETÁRIO|SECRETARIOA|1 - 1|044***536**|ELIANE SILVA DE ALMEIDA
5605727|1309962|303|02|2023|10|2 - PERMANENTE|2 - DECRETO|2792022|20221103|20221103|20241103|2 - MEMBRO/EQUIPE DE APOIO|APOIO|1 - 1|044***536**|ELIANE SILVA DE ALMEIDA
5605734|1309963|303|02|2023|10|2 - PERMANENTE|2 - DECRETO|2792022|20221103|20221103|20241103|2 - MEMBRO/EQUIPE DE APOIO|APOIO|1 - 1|044***536**|ELIANE SILVA DE ALMEIDA
5605736|1309964|303|02|2023|10|2 - PERMANENTE|2 - DECRETO|29|20230130|20230130|20240130|4 - SECRETÁRIO|SECRETARIOA|1 - 1|044***536**|ELIANE SILVA DE ALMEIDA
5605739|1309965|303|02|2023|10|2 - PERMANENTE|2 - DECRETO|2792022|20221103|20221103|20241103|2 - MEMBRO/EQUIPE DE APOIO|APOIO|1 - 1|044***536**|ELIANE SILVA DE ALMEIDA
5605746|1309966|303|02|2023|10|2 - PERMANENTE|2 - DECRETO|29|20230130|20230130|20240130|4 - SECRETÁRIO|SECRETARIOA|1 - 1|044***536**|ELIANE SILVA DE ALMEIDA
5605771|1309973|303|02|2023|12|2 - PERMANENTE|2 - DECRETO|29|20230130|20230130|20240130|4 - SECRETÁRIO|SECRETARIOA|1 - 1|044***536**|ELIANE SILVA DE ALMEIDA
5605774|1309974|303|02|2023|12|2 - PERMANENTE|2 - DECRETO|29|20230130|20230130|20240130|4 - SECRETÁRIO|SECRETARIOA|1 - 1|044***536**|ELIANE SILVA DE ALMEIDA
5605780|1309976|303|02|2023|12|2 - PERMANENTE|2 - DECRETO|2792022|20221103|20221103|20241103|2 - MEMBRO/EQUIPE DE APOIO|APOIO|1 - 1|044***536**|ELIANE SILVA DE ALMEIDA
5605781|1309975|303|02|2023|12|2 - PERMANENTE|2 - DECRETO|29|20230130|20230130|20240130|4 - SECRETÁRIO|SECRETARIOA|1 - 1|044***536**|ELIANE SILVA DE ALMEIDA
5605785|1309972|303|02|2023|12|2 - PERMANENTE|2 - DECRETO|29|20230130|20230130|20240130|4 - SECRETÁRIO|SECRETARIOA|1 - 1|044***536**|ELIANE SILVA DE ALMEIDA
5133151|1198802|302|01|2023|5|2 - PERMANENTE|1 - PORTARIA|52023|20230102|20230102|20240102|2 - MEMBRO/EQUIPE DE APOIO|MEMBRO EQUIPE DE APOIO|1 - 1|115***236**|ANANDA RODRIGUES AGUIAR
5322834|1241648|302|01|2023|8|2 - PERMANENTE|1 - PORTARIA|52023|20230102|20230102|20240102|3 - PRESIDENTE|PRESIDENTE|1 - 1|115***236**|ANANDA RODRIGUES AGUIAR
5322837|1241649|302|01|2023|8|2 - PERMANENTE|1 - PORTARIA|52023|20230102|20230102|20240102|3 - PRESIDENTE|PRESIDENTE|1 - 1|115***236**|ANANDA RODRIGUES AGUIAR
5186932|1212079|302|01|2023|6|2 - PERMANENTE|1 - PORTARIA|52023|20230102|20230102|20240102|2 - MEMBRO/EQUIPE DE APOIO|MEMBRO EQUIPE DE APOIO|1 - 1|115***236**|ANANDA RODRIGUES AGUIAR
5186937|1212080|302|01|2023|6|2 - PERMANENTE|1 - PORTARIA|52023|20230102|20230102|20240102|2 - MEMBRO/EQUIPE DE APOIO|MEMBRO EQUIPE DE APOIO|1 - 1|115***236**|ANANDA RODRIGUES AGUIAR
5186943|1212081|302|01|2023|6|2 - PERMANENTE|1 - PORTARIA|52023|20230102|20230102|20240102|2 - MEMBRO/EQUIPE DE APOIO|MEMBRO EQUIPE DE APOIO|1 - 1|115***236**|ANANDA RODRIGUES AGUIAR
5186946|1212082|302|01|2023|6|2 - PERMANENTE|1 - PORTARIA|52023|20230102|20230102|20240102|2 - MEMBRO/EQUIPE DE APOIO|MEMBRO EQUIPE DE APOIO|1 - 1|115***236**|ANANDA RODRIGUES AGUIAR
5264892|1227703|302|01|2023|7|2 - PERMANENTE|1 - PORTARIA|52023|20230102|20230102|20240102|2 - MEMBRO/EQUIPE DE APOIO|MEMBRO EQUIPE DE APOIO|1 - 1|115***236**|ANANDA RODRIGUES AGUIAR
5133149|1198802|302|01|2023|5|2 - PERMANENTE|1 - PORTARIA|52023|20230102|20230102|20240102|2 - MEMBRO/EQUIPE DE APOIO|MEMBRO EQUIPE DE APOIO|1 - 1|127***616**|TERRIELLE CARLA ANDRADE TAVARES
4976055|1159192|302|01|2023|2|2 - PERMANENTE|1 - PORTARIA|52023|20230102|20230102|20240102|2 - MEMBRO/EQUIPE DE APOIO|MEMBRO EQUIPE DE APOIO|1 - 1|127***616**|TERRIELLE CARLA ANDRADE TAVARES
5322835|1241648|302|01|2023|8|2 - PERMANENTE|1 - PORTARIA|52023|20230102|20230102|20240102|2 - MEMBRO/EQUIPE DE APOIO|MEMBRO EQUIPE DE APOIO|1 - 1|127***616**|TERRIELLE CARLA ANDRADE TAVARES
5322840|1241649|302|01|2023|8|2 - PERMANENTE|1 - PORTARIA|52023|20230102|20230102|20240102|2 - MEMBRO/EQUIPE DE APOIO|MEMBRO EQUIPE DE APOIO|1 - 1|127***616**|TERRIELLE CARLA ANDRADE TAVARES
5186933|1212079|302|01|2023|6|2 - PERMANENTE|1 - PORTARIA|52023|20230102|20230102|20240102|2 - MEMBRO/EQUIPE DE APOIO|MEMBRO EQUIPE DE APOIO|1 - 1|127***616**|TERRIELLE CARLA ANDRADE TAVARES
5186939|1212080|302|01|2023|6|2 - PERMANENTE|1 - PORTARIA|52023|20230102|20230102|20240102|2 - MEMBRO/EQUIPE DE APOIO|MEMBRO EQUIPE DE APOIO|1 - 1|127***616**|TERRIELLE CARLA ANDRADE TAVARES
5186941|1212081|302|01|2023|6|2 - PERMANENTE|1 - PORTARIA|52023|20230102|20230102|20240102|2 - MEMBRO/EQUIPE DE APOIO|MEMBRO EQUIPE DE APOIO|1 - 1|127***616**|TERRIELLE CARLA ANDRADE TAVARES
5186947|1212082|302|01|2023|6|2 - PERMANENTE|1 - PORTARIA|52023|20230102|20230102|20240102|2 - MEMBRO/EQUIPE DE APOIO|MEMBRO EQUIPE DE APOIO|1 - 1|127***616**|TERRIELLE CARLA ANDRADE TAVARES
5264893|1227703|302|01|2023|7|2 - PERMANENTE|1 - PORTARIA|52023|20230102|20230102|20240102|2 - MEMBRO/EQUIPE DE APOIO|MEMBRO EQUIPE DE APOIO|1 - 1|127***616**|TERRIELLE CARLA ANDRADE TAVARES
5133150|1198802|302|01|2023|5|2 - PERMANENTE|1 - PORTARIA|52023|20230102|20230102|20240102|6 - PREGOEIRO|PREGOEIRO|1 - 1|037***476**|ELIENE FERREIRA ARAUJO
4976059|1159192|302|01|2023|2|2 - PERMANENTE|1 - PORTARIA|52023|20230102|20230102|20240102|6 - PREGOEIRO|PREGOEIRO|1 - 1|037***476**|ELIENE FERREIRA ARAUJO
5322836|1241648|302|01|2023|8|2 - PERMANENTE|1 - PORTARIA|52023|20230102|20230102|20240102|6 - PREGOEIRO|PREGOEIRO|1 - 1|037***476**|ELIENE FERREIRA ARAUJO
5322839|1241649|302|01|2023|8|2 - PERMANENTE|1 - PORTARIA|52023|20230102|20230102|20240102|6 - PREGOEIRO|PREGOEIRO|1 - 1|037***476**|ELIENE FERREIRA ARAUJO
5186935|1212079|302|01|2023|6|2 - PERMANENTE|1 - PORTARIA|52023|20230102|20230102|20240102|6 - PREGOEIRO|PREGOEIRO|1 - 1|037***476**|ELIENE FERREIRA ARAUJO
5186944|1212081|302|01|2023|6|2 - PERMANENTE|1 - PORTARIA|52023|20230102|20230102|20240102|6 - PREGOEIRO|PREGOEIRO|1 - 1|037***476**|ELIENE FERREIRA ARAUJO
5186950|1212082|302|01|2023|6|2 - PERMANENTE|1 - PORTARIA|52023|20230102|20230102|20240102|6 - PREGOEIRO|PREGOEIRO|1 - 1|037***476**|ELIENE FERREIRA ARAUJO
5264891|1227703|302|01|2023|7|2 - PERMANENTE|1 - PORTARIA|52023|20230102|20230102|20240102|6 - PREGOEIRO|PREGOEIRO|1 - 1|037***476**|ELIENE FERREIRA ARAUJO
5133152|1198802|302|01|2023|5|2 - PERMANENTE|1 - PORTARIA|52023|20230102|20230102|20240102|2 - MEMBRO/EQUIPE DE APOIO|MEMBRO EQUIPE DE APOIO|1 - 1|905***586**|MAURO CASARINI BRAGA
4976058|1159192|302|01|2023|2|2 - PERMANENTE|1 - PORTARIA|52023|20230102|20230102|20240102|2 - MEMBRO/EQUIPE DE APOIO|MEMBRO EQUIPE DE APOIO|1 - 1|905***586**|MAURO CASARINI BRAGA
5322833|1241648|302|01|2023|8|2 - PERMANENTE|1 - PORTARIA|52023|20230102|20230102|20240102|2 - MEMBRO/EQUIPE DE APOIO|MEMBRO EQUIPE DE APOIO|1 - 1|905***586**|MAURO CASARINI BRAGA
5322838|1241649|302|01|2023|8|2 - PERMANENTE|1 - PORTARIA|52023|20230102|20230102|20240102|2 - MEMBRO/EQUIPE DE APOIO|MEMBRO EQUIPE DE APOIO|1 - 1|905***586**|MAURO CASARINI BRAGA
5186936|1212079|302|01|2023|6|2 - PERMANENTE|1 - PORTARIA|52023|20230102|20230102|20240102|2 - MEMBRO/EQUIPE DE APOIO|MEMBRO EQUIPE DE APOIO|1 - 1|905***586**|MAURO CASARINI BRAGA
5186938|1212080|302|01|2023|6|2 - PERMANENTE|1 - PORTARIA|52023|20230102|20230102|20240102|2 - MEMBRO/EQUIPE DE APOIO|MEMBRO EQUIPE DE APOIO|1 - 1|905***586**|MAURO CASARINI BRAGA
5186945|1212081|302|01|2023|6|2 - PERMANENTE|1 - PORTARIA|52023|20230102|20230102|20240102|2 - MEMBRO/EQUIPE DE APOIO|MEMBRO EQUIPE DE APOIO|1 - 1|905***586**|MAURO CASARINI BRAGA
5186949|1212082|302|01|2023|6|2 - PERMANENTE|1 - PORTARIA|52023|20230102|20230102|20240102|2 - MEMBRO/EQUIPE DE APOIO|MEMBRO EQUIPE DE APOIO|1 - 1|905***586**|MAURO CASARINI BRAGA
5264890|1227703|302|01|2023|7|2 - PERMANENTE|1 - PORTARIA|52023|20230102|20230102|20240102|2 - MEMBRO/EQUIPE DE APOIO|MEMBRO EQUIPE DE APOIO|1 - 1|905***586**|MAURO CASARINI BRAGA
5133148|1198802|302|01|2023|5|2 - PERMANENTE|1 - PORTARIA|52023|20230102|20230102|20240102|2 - MEMBRO/EQUIPE DE APOIO|MEMBRO EQUIPE DE APOIO|1 - 1|545***686**|NADIA CRISTINA ZACARIAS DE OLIVEIRA
4976057|1159192|302|01|2023|2|2 - PERMANENTE|1 - PORTARIA|52023|20230102|20230102|20240102|2 - MEMBRO/EQUIPE DE APOIO|MEMBRO EQUIPE DE APOIO|1 - 1|545***686**|NADIA CRISTINA ZACARIAS DE OLIVEIRA
5186934|1212079|302|01|2023|6|2 - PERMANENTE|1 - PORTARIA|52023|20230102|20230102|20240102|2 - MEMBRO/EQUIPE DE APOIO|MEMBRO EQUIPE DE APOIO|1 - 1|545***686**|NADIA CRISTINA ZACARIAS DE OLIVEIRA
5186940|1212080|302|01|2023|6|2 - PERMANENTE|1 - PORTARIA|52023|20230102|20230102|20240102|2 - MEMBRO/EQUIPE DE APOIO|MEMBRO EQUIPE DE APOIO|1 - 1|545***686**|NADIA CRISTINA ZACARIAS DE OLIVEIRA
5186942|1212081|302|01|2023|6|2 - PERMANENTE|1 - PORTARIA|52023|20230102|20230102|20240102|2 - MEMBRO/EQUIPE DE APOIO|MEMBRO EQUIPE DE APOIO|1 - 1|545***686**|NADIA CRISTINA ZACARIAS DE OLIVEIRA
5186948|1212082|302|01|2023|6|2 - PERMANENTE|1 - PORTARIA|52023|20230102|20230102|20240102|2 - MEMBRO/EQUIPE DE APOIO|MEMBRO EQUIPE DE APOIO|1 - 1|545***686**|NADIA CRISTINA ZACARIAS DE OLIVEIRA
