seq_mov_rsp|seq_rsp|seq_orgao|cod_orgao|num_ano_referencia|num_mes_referencia|cod_unidade|cod_subunidade|num_empenho|dat_empenho|num_ano_empenho|dsc_dotacao|dsc_tipo_rsp|dsc_tipo_movimentacao|dat_movimentacao|vlr_movimentacao|num_documento|dat_documento|dsc_historico
7868820|17561488|305|04|2024|10|5001||23|20210427|2021|04.05001.13.391.0307.1241.3.3.90.39.62|2 - RESTOS A PAGAR NÃO PROCESSADOS|1 - CANCELAMENTO|20241001|2800.0|249|20240926|Cancel de Restos a Pagar Cancelamento de empennho de restos
7972162|17431120|304|03|2024|12|6001||333|20230731|2023|03.06001.17.122.0030.2050.3.3.90.30.23|2 - RESTOS A PAGAR NÃO PROCESSADOS|1 - CANCELAMENTO|20241216|3533.0|339|20241216|Cancel de Restos a Pagar CANCELAMENTO DE RESTOS A PAGAR CONF DECRETO 3392024
7972163|17431155|304|03|2024|12|6001||293|20230701|2023|03.06001.17.512.0079.1218.4.4.90.51.02|2 - RESTOS A PAGAR NÃO PROCESSADOS|1 - CANCELAMENTO|20241216|4305.0|339|20241216|Cancel de Restos a Pagar CANCELAMENTO DE RESTOS A PAGAR CONF DECRETO 3392024
7972164|17431117|304|03|2024|12|6001||361|20230828|2023|03.06001.17.512.0033.1217.4.4.90.51.02|2 - RESTOS A PAGAR NÃO PROCESSADOS|1 - CANCELAMENTO|20241216|5550.0|339|20241216|Cancel de Restos a Pagar CANCELAMENTO DE RESTOS A PAGAR CONF DECRETO 3392024
7972165|17431109|304|03|2024|12|6001||379|20230901|2023|03.06001.17.512.0079.2053.3.3.90.39.16|2 - RESTOS A PAGAR NÃO PROCESSADOS|1 - CANCELAMENTO|20241216|4483.24|339|20241216|Cancel de Restos a Pagar CANCELAMENTO DE RESTOS A PAGAR CONF DECRETO 3392024
7972166|17431179|304|03|2024|12|6001||393|20230929|2023|03.06001.17.512.0079.2053.3.3.90.30.24|2 - RESTOS A PAGAR NÃO PROCESSADOS|1 - CANCELAMENTO|20241216|4098.5|339|20241216|Cancel de Restos a Pagar CANCELAMENTO DE RESTOS A PAGAR CONF DECRETO 3392024
7972167|17431167|304|03|2024|12|6001||433|20230929|2023|03.06001.17.512.0033.2054.3.3.90.39.13|2 - RESTOS A PAGAR NÃO PROCESSADOS|1 - CANCELAMENTO|20241216|6924.32|339|20241216|Cancel de Restos a Pagar CANCELAMENTO DE RESTOS A PAGAR CONF DECRETO 3392024
7972168|17431242|304|03|2024|12|6001||175|20230428|2023|03.06001.17.122.0030.2050.3.3.90.39.27|2 - RESTOS A PAGAR NÃO PROCESSADOS|1 - CANCELAMENTO|20241216|3335.28|339|20241216|Cancel de Restos a Pagar CANCELAMENTO DE RESTOS A PAGAR CONF DECRETO 3392024
7972169|17431121|304|03|2024|12|6001||176|20230428|2023|03.06001.17.122.0030.2050.3.3.90.39.27|2 - RESTOS A PAGAR NÃO PROCESSADOS|1 - CANCELAMENTO|20241216|3587.2|339|20241216|Cancel de Restos a Pagar CANCELAMENTO DE RESTOS A PAGAR CONF DECRETO 3392024
7972170|17431184|304|03|2024|12|6001||380|20230901|2023|03.06001.17.512.0079.2053.3.3.90.39.16|2 - RESTOS A PAGAR NÃO PROCESSADOS|1 - CANCELAMENTO|20241216|2689.15|339|20241216|Cancel de Restos a Pagar CANCELAMENTO DE RESTOS A PAGAR CONF DECRETO 3392024
7972171|17431139|304|03|2024|12|6001||334|20230731|2023|03.06001.17.512.0079.2053.3.3.90.30.11|2 - RESTOS A PAGAR NÃO PROCESSADOS|1 - CANCELAMENTO|20241216|102500.0|339|20241216|Cancel de Restos a Pagar CANCELAMENTO DE RESTOS A PAGAR CONF DECRETO 3392024
7972175|17431240|304|03|2024|12|6001||599|20231229|2023|03.06001.17.512.0033.1217.4.4.90.51.02|2 - RESTOS A PAGAR NÃO PROCESSADOS|1 - CANCELAMENTO|20241216|7700.0|339|20241216|Cancel de Restos a Pagar CANCELAMENTO DE RESTOS A PAGAR CONF DECRETO 3392024
7972172|17431108|304|03|2024|12|6001||378|20230901|2023|03.06001.17.512.0033.2054.3.3.90.39.16|2 - RESTOS A PAGAR NÃO PROCESSADOS|1 - CANCELAMENTO|20241216|5965.97|339|20241216|Cancel de Restos a Pagar CANCELAMENTO DE RESTOS A PAGAR CONF DECRETO 3392024
7972173|17431181|304|03|2024|12|6001||388|20230929|2023|03.06001.17.122.0030.2050.3.3.90.30.21|2 - RESTOS A PAGAR NÃO PROCESSADOS|1 - CANCELAMENTO|20241216|499.0|339|20241216|Cancel de Restos a Pagar CANCELAMENTO DE RESTOS A PAGAR CONF DECRETO 3392024
7972174|17431132|304|03|2024|12|6001||432|20230929|2023|03.06001.17.512.0079.2053.3.3.90.39.13|2 - RESTOS A PAGAR NÃO PROCESSADOS|1 - CANCELAMENTO|20241216|6924.32|339|20241216|Cancel de Restos a Pagar CANCELAMENTO DE RESTOS A PAGAR CONF DECRETO 3392024
7972176|17431200|304|03|2024|12|6001||206|20230510|2023|03.06001.17.512.0079.2053.3.3.90.30.11|2 - RESTOS A PAGAR NÃO PROCESSADOS|1 - CANCELAMENTO|20241216|3936.45|339|20241216|Cancel de Restos a Pagar CANCELAMENTO DE RESTOS A PAGAR CONF DECRETO 3392024
7972177|17431149|304|03|2024|12|6001||495|20231124|2023|03.06001.17.512.0079.1218.4.4.90.51.02|2 - RESTOS A PAGAR NÃO PROCESSADOS|1 - CANCELAMENTO|20241216|15760.0|339|20241216|Cancel de Restos a Pagar CANCELAMENTO DE RESTOS A PAGAR CONF DECRETO 3392024
7972178|17431165|304|03|2024|12|6001||336|20230811|2023|03.06001.17.122.0030.2050.3.3.90.40.06|2 - RESTOS A PAGAR NÃO PROCESSADOS|1 - CANCELAMENTO|20241216|1097.52|339|20241216|Cancel de Restos a Pagar CANCELAMENTO DE RESTOS A PAGAR CONF DECRETO 3392024
7972179|17431136|304|03|2024|12|6001||471|20231018|2023|03.06001.17.512.0079.2053.3.3.90.30.24|2 - RESTOS A PAGAR NÃO PROCESSADOS|1 - CANCELAMENTO|20241216|30848.0|339|20241216|Cancel de Restos a Pagar CANCELAMENTO DE RESTOS A PAGAR CONF DECRETO 3392024
7972180|17431152|304|03|2024|12|6001||207|20230510|2023|03.06001.17.512.0079.2053.3.3.90.30.11|2 - RESTOS A PAGAR NÃO PROCESSADOS|1 - CANCELAMENTO|20241216|13986.06|339|20241216|Cancel de Restos a Pagar CANCELAMENTO DE RESTOS A PAGAR CONF DECRETO 3392024
7972181|17431187|304|03|2024|12|6001||381|20230918|2023|03.06001.17.512.0079.1058.4.4.90.51.02|2 - RESTOS A PAGAR NÃO PROCESSADOS|1 - CANCELAMENTO|20241216|3827.67|339|20241216|Cancel de Restos a Pagar CANCELAMENTO DE RESTOS A PAGAR CONF DECRETO 3392024
7972182|17431211|304|03|2024|12|6001||395|20230929|2023|03.06001.17.512.0079.2053.3.3.90.30.24|2 - RESTOS A PAGAR NÃO PROCESSADOS|1 - CANCELAMENTO|20241216|6734.5|339|20241216|Cancel de Restos a Pagar CANCELAMENTO DE RESTOS A PAGAR CONF DECRETO 3392024
7972183|17431169|304|03|2024|12|6001||392|20230929|2023|03.06001.17.512.0033.2054.3.3.90.30.24|2 - RESTOS A PAGAR NÃO PROCESSADOS|1 - CANCELAMENTO|20241216|19230.0|339|20241216|Cancel de Restos a Pagar CANCELAMENTO DE RESTOS A PAGAR CONF DECRETO 3392024
7897334|17435108|303|02|2024|11|2017||4534|20230914|2023|02.02017.10.122.0032.2069.3.3.90.30.09|2 - RESTOS A PAGAR NÃO PROCESSADOS|1 - CANCELAMENTO|20241101|2880.0|249|20240926|Cancel de Restos a Pagar Cancelado conf Decreto 24924
7897328|17434955|303|02|2024|11|2017||5180|20231010|2023|02.02017.10.301.0029.2063.3.3.90.39.14|2 - RESTOS A PAGAR NÃO PROCESSADOS|1 - CANCELAMENTO|20241101|70297.73|249|20240926|Cancel de Restos a Pagar Cancelado conf Decreto 24924
7897329|17434986|303|02|2024|11|2017||4689|20230925|2023|02.02017.10.302.0080.2104.3.3.90.39.36|2 - RESTOS A PAGAR NÃO PROCESSADOS|1 - CANCELAMENTO|20241101|1265.0|249|20240926|Cancel de Restos a Pagar Cancelado conf Decreto 24924
7897330|17434813|303|02|2024|11|2017||5667|20231116|2023|02.02017.10.122.0032.2069.3.3.90.30.09|2 - RESTOS A PAGAR NÃO PROCESSADOS|1 - CANCELAMENTO|20241101|699.83|249|20240926|Cancel de Restos a Pagar Cancelado conf Decreto 24924
7897331|17434930|303|02|2024|11|2012||5202|20231011|2023|02.02012.08.122.0226.2410.3.3.90.30.07|2 - RESTOS A PAGAR NÃO PROCESSADOS|1 - CANCELAMENTO|20241101|1055.67|249|20240926|Cancel de Restos a Pagar Cancelado conf Decreto 24924
7897332|17434812|303|02|2024|11|2017||5669|20231116|2023|02.02017.10.122.0032.2069.3.3.90.30.09|2 - RESTOS A PAGAR NÃO PROCESSADOS|1 - CANCELAMENTO|20241101|8860.0|249|20240926|Cancel de Restos a Pagar Cancelado conf Decreto 24924
7897333|17435084|303|02|2024|11|2012||5143|20231004|2023|02.02012.08.122.0226.2410.3.3.90.30.04|2 - RESTOS A PAGAR NÃO PROCESSADOS|1 - CANCELAMENTO|20241101|750.9|249|20240926|Cancel de Restos a Pagar
7897335|17434801|303|02|2024|11|2017||7517|20231229|2023|02.02017.10.301.0029.2063.3.3.90.30.35|2 - RESTOS A PAGAR NÃO PROCESSADOS|1 - CANCELAMENTO|20241101|5068.8|249|20240926|Cancel de Restos a Pagar Cancelado conf Decreto 24924
7897336|17435048|303|02|2024|11|2007|1|5218|20231017|2023|02.02007001.12.306.0016.2037.3.3.90.30.07|2 - RESTOS A PAGAR NÃO PROCESSADOS|1 - CANCELAMENTO|20241101|2634.95|249|20240926|Cancel de Restos a Pagar Cancelado conf Decreto 24924
7897337|17435001|303|02|2024|11|2012||5128|20231004|2023|02.02012.08.122.0226.2410.3.3.90.39.12|2 - RESTOS A PAGAR NÃO PROCESSADOS|1 - CANCELAMENTO|20241101|1022.77|249|20240926|Cancel de Restos a Pagar Cancelado conf Decreto 24924
7897338|17434848|303|02|2024|11|2007|1|6104|20231204|2023|02.02007001.12.306.0016.2037.3.3.90.30.07|2 - RESTOS A PAGAR NÃO PROCESSADOS|1 - CANCELAMENTO|20241101|2345.55|249|20240926|Cancel de Restos a Pagar Cancelado conf Decreto 24924
7897339|17435045|303|02|2024|11|2012||6149|20231211|2023|02.02012.08.122.0226.2410.3.3.90.30.07|2 - RESTOS A PAGAR NÃO PROCESSADOS|1 - CANCELAMENTO|20241101|4632.46|249|20240926|Cancel de Restos a Pagar Cancelado conf Decreto 24924
7897340|17434912|303|02|2024|11|2012||7208|20231222|2023|02.02012.08.244.0130.2230.3.3.90.30.16|2 - RESTOS A PAGAR NÃO PROCESSADOS|1 - CANCELAMENTO|20241101|225.26|249|20240926|Cancel de Restos a Pagar Cancelado conf Decreto 24924
7897341|17435122|303|02|2024|11|2017||5657|20231116|2023|02.02017.10.122.0032.2069.3.3.90.30.09|2 - RESTOS A PAGAR NÃO PROCESSADOS|1 - CANCELAMENTO|20241101|3402.0|249|20240926|Cancel de Restos a Pagar Cancelado conf Decreto 24924
7897342|17435069|303|02|2024|11|2017||5658|20231116|2023|02.02017.10.122.0032.2069.3.3.90.30.09|2 - RESTOS A PAGAR NÃO PROCESSADOS|1 - CANCELAMENTO|20241101|2935.35|249|20240926|Cancel de Restos a Pagar Cancelado conf Decreto 24924
7897343|17434944|303|02|2024|11|2017||5655|20231116|2023|02.02017.10.301.0029.2063.3.3.90.30.04|2 - RESTOS A PAGAR NÃO PROCESSADOS|1 - CANCELAMENTO|20241101|19827.0|249|20240926|Cancel de Restos a Pagar Cancelado conf Decreto 24924
7897344|17435024|303|02|2024|11|2017||4544|20230914|2023|02.02017.10.122.0032.2069.3.3.90.30.09|2 - RESTOS A PAGAR NÃO PROCESSADOS|1 - CANCELAMENTO|20241101|2233.35|249|20240926|Cancel de Restos a Pagar Cancelado conf Decreto 24924
8067365|17434921|303|02|2024|12|2007|1|3958|20230804|2023|02.02007001.12.365.0003.1042.4.4.90.51.02|2 - RESTOS A PAGAR NÃO PROCESSADOS|1 - CANCELAMENTO|20241201|19410.01|249|20240926|Cancel de Restos a Pagar Cancelamento de rempenho de restos
8067361|17435203|303|02|2024|12|2010|1|7464|20231229|2023|02.02010001.10.122.0047.2110.3.3.90.39.99|2 - RESTOS A PAGAR NÃO PROCESSADOS|1 - CANCELAMENTO|20241201|8774.0|249|20240926|Cancel de Restos a Pagar Cancelamento de empenho de restos
8067362|17434822|303|02|2024|12|2009||1898|20230412|2023|02.02009.17.512.0190.1245.4.4.90.51.01|2 - RESTOS A PAGAR NÃO PROCESSADOS|1 - CANCELAMENTO|20241201|454335.74|249|20240926|Cancel de Restos a Pagar Cancelamento de empenho de restos
8067363|17434990|303|02|2024|12|2009||619|20200130|2020|02.02009.17.511.0317.2481.4.4.90.51.01|2 - RESTOS A PAGAR NÃO PROCESSADOS|1 - CANCELAMENTO|20241206|227364.83|249|20240926|Cancel de Restos a Pagar Cancelado conf Decreto 24924
8067364|17434849|303|02|2024|12|2011||5675|20231116|2023|02.02011.08.243.0306.2115.4.4.90.51.01|2 - RESTOS A PAGAR NÃO PROCESSADOS|1 - CANCELAMENTO|20241206|500547.41|249|20240926|Cancel de Restos a Pagar Cancelado conf Decreto 24924
8067366|17435207|303|02|2024|12|2017||7465|20231229|2023|02.02017.10.302.0113.2394.3.3.72.39.00|2 - RESTOS A PAGAR NÃO PROCESSADOS|1 - CANCELAMENTO|20241201|100000.0|249|20240926|Cancel de Restos a Pagar Cancelamento de empenho de restos
8071136|17430240|306|05|2024|12|8001||2636|20231124|2023|05.08001.12.363.0329.2493.3.3.90.32.99|2 - RESTOS A PAGAR NÃO PROCESSADOS|1 - CANCELAMENTO|20241210|7224.0|335|20241210|Cancel de Restos a Pagar
8071133|17430242|306|05|2024|12|8001||2635|20231124|2023|05.08001.12.363.0329.2493.3.3.90.32.99|2 - RESTOS A PAGAR NÃO PROCESSADOS|1 - CANCELAMENTO|20241210|8488.2|335|20241210|Cancel de Restos a Pagar
8071134|17430243|306|05|2024|12|8001||2368|20231023|2023|05.08001.12.363.0050.2205.3.3.90.39.43|2 - RESTOS A PAGAR NÃO PROCESSADOS|1 - CANCELAMENTO|20241210|1080.0|335|20241210|Cancel de Restos a Pagar
8071135|17430244|306|05|2024|12|8001||2106|20231003|2023|05.08001.12.363.0050.2205.3.3.90.40.02|2 - RESTOS A PAGAR NÃO PROCESSADOS|1 - CANCELAMENTO|20241210|262.98|335|20241210|Cancel de Restos a Pagar Cancelamento de empenho de restos
7896722|17434837|303|02|2024|10|2005||7482|20231229|2023|02.02005.18.122.0011.2028.3.3.90.49.00|2 - RESTOS A PAGAR NÃO PROCESSADOS|1 - CANCELAMENTO|20241014|114.4|249|20240926|Cancel de Restos a Pagar Cancelamento de empenho de restos
7896716|17435133|303|02|2024|10|2009||3562|20230717|2023|02.02009.04.122.0070.2125.4.4.90.51.01|2 - RESTOS A PAGAR NÃO PROCESSADOS|1 - CANCELAMENTO|20241011|0.01|249|20240926|Cancel de Restos a Pagar
7896717|17434827|303|02|2024|10|2007|1|6135|20231205|2023|02.02007001.12.365.0003.1042.4.4.90.51.02|2 - RESTOS A PAGAR NÃO PROCESSADOS|1 - CANCELAMENTO|20241021|28368.23|249|20240926|Cancel de Restos a Pagar Cancelamento de restos conf Decreto n2492024
7896718|17434856|303|02|2024|10|2006||561|20230127|2023|02.02006.04.122.0327.1258.3.3.90.39.05|2 - RESTOS A PAGAR NÃO PROCESSADOS|1 - CANCELAMENTO|20241011|8381.68|249|20240926|Cancel de Restos a Pagar Cancelamento de restos a pagar
7896719|17434815|303|02|2024|10|2009||1897|20230412|2023|02.02009.15.451.0072.1087.4.4.90.51.01|2 - RESTOS A PAGAR NÃO PROCESSADOS|1 - CANCELAMENTO|20241014|31534.34|249|20240926|Cancel de Restos a Pagar Cancelamento de empenho de restos
7896720|17434882|303|02|2024|10|2009||3905|20230802|2023|02.02009.15.452.0071.2137.3.3.90.39.99|2 - RESTOS A PAGAR NÃO PROCESSADOS|1 - CANCELAMENTO|20241011|71619.01|249|20240926|Cancel de Restos a Pagar Cancelamento de empenho de restos
7896721|17435178|303|02|2024|10|2007|1|7485|20231229|2023|02.02007001.12.122.0002.2002.3.3.90.49.00|2 - RESTOS A PAGAR NÃO PROCESSADOS|1 - CANCELAMENTO|20241014|66.4|249|20240926|Cancel de Restos a Pagar Cancelamento de empenho de restos
7896723|17434993|303|02|2024|10|2017||4658|20230922|2023|02.02017.10.301.0029.2063.3.3.90.30.35|2 - RESTOS A PAGAR NÃO PROCESSADOS|1 - CANCELAMENTO|20241014|156.0|249|20240926|Cancel de Restos a Pagar Cancelamento de empenho de restos
7896724|17434823|303|02|2024|10|2012||3993|20230809|2023|02.02012.08.122.0226.2410.3.3.90.30.07|2 - RESTOS A PAGAR NÃO PROCESSADOS|1 - CANCELAMENTO|20241011|1242.64|249|20240926|Cancel de Restos a Pagar
7896725|17434908|303|02|2024|10|2009||4472|20230904|2023|02.02009.04.122.0070.2125.3.3.90.30.28|2 - RESTOS A PAGAR NÃO PROCESSADOS|1 - CANCELAMENTO|20241011|488.88|249|20240926|Cancel de Restos a Pagar Cancelamento de empenho de restos
7896726|17434853|303|02|2024|10|2017||7499|20231229|2023|02.02017.10.302.0048.2112.3.3.50.43.00|1 - RESTOS A PAGAR PROCESSADOS|1 - CANCELAMENTO|20241014|42.78|249|20240926|Cancel de Restos a Pagar Cancelamento de empenho de restos
7896727|17435251|303|02|2024|10|2017||3673|20190716|2019|02.02017.10.305.0049.2399.3.1.90.94.01|1 - RESTOS A PAGAR PROCESSADOS|1 - CANCELAMENTO|20241014|64.64|249|20240926|Cancel de Restos a Pagar Cancelamento de empenho de restos
7896728|17435218|303|02|2024|10|2017||5614|20231109|2023|02.02017.10.302.0028.2059.3.3.90.39.36|2 - RESTOS A PAGAR NÃO PROCESSADOS|1 - CANCELAMENTO|20241011|4679.45|249|20240926|Cancel de Restos a Pagar Cancelamento de empenho de restos
7896729|17435076|303|02|2024|10|2004||4435|20230901|2023|02.02004.04.122.0094.2170.3.3.90.40.06|2 - RESTOS A PAGAR NÃO PROCESSADOS|1 - CANCELAMENTO|20241011|787.49|249|20240926|Cancel de Restos a Pagar Cancelamento de empenho de restos
7896730|17434941|303|02|2024|10|2001||3118|20230628|2023|02.02001.06.181.0169.2217.3.3.90.39.99|2 - RESTOS A PAGAR NÃO PROCESSADOS|1 - CANCELAMENTO|20241011|327.58|249|20240926|Cancel de Restos a Pagar Cancelamento de restos a pagar
7896731|17434900|303|02|2024|10|2009||4998|20231003|2023|02.02009.04.122.0070.2125.3.3.90.39.60|2 - RESTOS A PAGAR NÃO PROCESSADOS|1 - CANCELAMENTO|20241014|367.68|249|20240926|Cancel de Restos a Pagar Cancelamento de empenho de restos
7896732|17435186|303|02|2024|10|2007|1|6081|20231201|2023|02.02007001.12.122.0002.2002.3.3.90.39.12|2 - RESTOS A PAGAR NÃO PROCESSADOS|1 - CANCELAMENTO|20241014|165.0|249|20240926|Cancel de Restos a Pagar Cancelamento de empenho de restos
7896733|17434846|303|02|2024|10|2012||4129|20230825|2023|02.02012.08.122.0226.2410.3.3.90.30.07|2 - RESTOS A PAGAR NÃO PROCESSADOS|1 - CANCELAMENTO|20241011|314.11|249|20240926|Cancel de Restos a Pagar Cancelamento de restos a pagar
7896734|17434810|303|02|2024|10|2005||7476|20231229|2023|02.02005.18.122.0011.2028.3.3.90.49.00|2 - RESTOS A PAGAR NÃO PROCESSADOS|1 - CANCELAMENTO|20241014|42.0|249|20240926|Cancel de Restos a Pagar Cancelamento de empenho de restos
7896735|17434938|303|02|2024|10|2014||6151|20231211|2023|02.02014.08.122.0166.2314.3.3.90.39.60|2 - RESTOS A PAGAR NÃO PROCESSADOS|1 - CANCELAMENTO|20241014|0.36|249|20240926|Cancel de Restos a Pagar Cancelamento de empenho de restos
7896736|17435089|303|02|2024|10|2009||7202|20231222|2023|02.02009.15.452.0071.2137.3.3.90.34.00|2 - RESTOS A PAGAR NÃO PROCESSADOS|1 - CANCELAMENTO|20241014|14614.33|249|20240926|Cancel de Restos a Pagar Cancelamento de empenho de restos
7896737|17435035|303|02|2024|10|2017||4556|20230914|2023|02.02017.10.301.0029.2063.3.3.90.39.13|2 - RESTOS A PAGAR NÃO PROCESSADOS|1 - CANCELAMENTO|20241014|1.03|249|20240926|Cancel de Restos a Pagar Cancelamento de empenho de restos
7896738|17435088|303|02|2024|10|2006||3038|20230626|2023|02.02006.04.122.0164.2214.3.3.90.39.99|2 - RESTOS A PAGAR NÃO PROCESSADOS|1 - CANCELAMENTO|20241011|244.17|249|20240926|Cancel de Restos a Pagar Cancelamento de restos a pagar
7896739|17434875|303|02|2024|10|2012||4073|20230817|2023|02.02012.08.122.0141.2244.3.3.90.30.07|2 - RESTOS A PAGAR NÃO PROCESSADOS|1 - CANCELAMENTO|20241011|4.95|249|20240926|Cancel de Restos a Pagar
7896740|17434932|303|02|2024|10|2012||3992|20230809|2023|02.02012.08.122.0141.2244.3.3.90.30.07|2 - RESTOS A PAGAR NÃO PROCESSADOS|1 - CANCELAMENTO|20241011|1998.6|249|20240926|Cancel de Restos a Pagar Cancelamento de restos a pagar
7896741|17434863|303|02|2024|10|2006||5083|20231004|2023|02.02006.04.122.0164.2214.3.3.90.39.12|2 - RESTOS A PAGAR NÃO PROCESSADOS|1 - CANCELAMENTO|20241011|852.87|249|20240926|Cancel de Restos a Pagar Cancelamento de empenho de restos
7896742|17435082|303|02|2024|10|2009||2245|20210430|2021|02.02009.15.451.0072.1087.4.4.90.51.01|2 - RESTOS A PAGAR NÃO PROCESSADOS|1 - CANCELAMENTO|20241014|42955.49|249|20240926|Cancel de Restos a Pagar
7896743|17434969|303|02|2024|10|2017||5629|20231109|2023|02.02017.10.122.0032.2069.3.3.90.30.09|2 - RESTOS A PAGAR NÃO PROCESSADOS|1 - CANCELAMENTO|20241014|0.01|249|20240926|Cancel de Restos a Pagar Cancelamento de empenho de restos
7896744|17435002|303|02|2024|10|2017||5633|20231109|2023|02.02017.10.122.0032.2069.3.3.90.30.09|2 - RESTOS A PAGAR NÃO PROCESSADOS|1 - CANCELAMENTO|20241014|0.01|249|20240926|Cancel de Restos a Pagar Cancelamento de empenho de restos
7896748|17435091|303|02|2024|10|2017||5762|20231124|2023|02.02017.10.302.0080.2104.3.3.90.39.99|2 - RESTOS A PAGAR NÃO PROCESSADOS|1 - CANCELAMENTO|20241014|43.85|249|20240926|Cancel de Restos a Pagar Cancelamento de empenho de restos
7896745|17435021|303|02|2024|10|2009||683|20230215|2023|02.02009.15.451.0072.2263.4.4.90.51.01|2 - RESTOS A PAGAR NÃO PROCESSADOS|1 - CANCELAMENTO|20241011|13296.1|249|20240926|Cancel de Restos a Pagar
7896746|17435060|303|02|2024|10|2009||6192|20231211|2023|02.02009.15.122.0115.2395.3.3.90.39.29|2 - RESTOS A PAGAR NÃO PROCESSADOS|1 - CANCELAMENTO|20241014|18.21|249|20240926|Cancel de Restos a Pagar Cancelamento de empenho de restos
7896747|17435224|303|02|2024|10|2010|1|80|20230102|2023|02.02010001.10.122.0040.2089.3.3.90.39.29|2 - RESTOS A PAGAR NÃO PROCESSADOS|1 - CANCELAMENTO|20241011|64.2|249|20240926|Cancel de Restos a Pagar Cancelmento de Restos
7896749|17435210|303|02|2024|10|2017||3018|20190612|2019|02.02017.10.305.0049.2399.3.1.90.94.01|1 - RESTOS A PAGAR PROCESSADOS|1 - CANCELAMENTO|20241014|2046.06|249|20240926|Cancel de Restos a Pagar Cancelamento de empenho de restos
7896750|17434872|303|02|2024|10|2012||6150|20231211|2023|02.02012.08.122.0141.2244.3.3.90.30.07|2 - RESTOS A PAGAR NÃO PROCESSADOS|1 - CANCELAMENTO|20241014|4218.35|249|20240926|Cancel de Restos a Pagar Cancelamento de empenho de restos
7896751|17434934|303|02|2024|10|2023||7492|20231229|2023|02.02023.13.392.0319.1031.3.3.50.43.00|1 - RESTOS A PAGAR PROCESSADOS|1 - CANCELAMENTO|20241014|25000.0|249|20240926|Cancel de Restos a Pagar Cancelamento de empenho de restos
7896752|17434910|303|02|2024|10|2002||4694|20230925|2023|02.02002.02.122.0173.2321.3.3.90.39.12|2 - RESTOS A PAGAR NÃO PROCESSADOS|1 - CANCELAMENTO|20241011|40.86|249|20240926|Cancel de Restos a Pagar Cancelamento de empenho de restos
7896753|17435111|303|02|2024|10|2008||3398|20230706|2023|02.02008.27.122.0081.2148.3.3.90.39.99|2 - RESTOS A PAGAR NÃO PROCESSADOS|1 - CANCELAMENTO|20241011|286.1|249|20240926|Cancel de Restos a Pagar Cancelamento de restos a pagar
7896754|17434983|303|02|2024|10|2020||5130|20231004|2023|02.02020.04.122.0223.2408.3.3.90.39.12|2 - RESTOS A PAGAR NÃO PROCESSADOS|1 - CANCELAMENTO|20241011|29.8|249|20240926|Cancel de Restos a Pagar Cancelamento de empenho de restos
7896755|17435145|303|02|2024|10|2007|1|7478|20231229|2023|02.02007001.12.122.0002.2002.3.3.90.49.00|2 - RESTOS A PAGAR NÃO PROCESSADOS|1 - CANCELAMENTO|20241014|3.75|249|20240926|Cancel de Restos a Pagar Cancelamento de empenho de restos
7896756|17434970|303|02|2024|10|2012||4731|20230927|2023|02.02012.08.244.0128.2223.3.3.90.32.99|2 - RESTOS A PAGAR NÃO PROCESSADOS|1 - CANCELAMENTO|20241011|1054.5|249|20240926|Cancel de Restos a Pagar Cancelamento de empenho de restos
7896757|17434830|303|02|2024|10|2009||4270|20220809|2022|02.02009.15.451.0072.1087.3.3.90.39.99|2 - RESTOS A PAGAR NÃO PROCESSADOS|1 - CANCELAMENTO|20241014|13671.47|249|20240926|Cancel de Restos a Pagar Cancelamento de empenho de restos
7896758|17434979|303|02|2024|10|2007|1|3854|20230727|2023|02.02007001.12.306.0016.2037.3.3.90.30.04|2 - RESTOS A PAGAR NÃO PROCESSADOS|1 - CANCELAMENTO|20241011|18.54|249|20240926|Cancel de Restos a Pagar
7896759|17435197|303|02|2024|10|2017||5688|20231117|2023|02.02017.10.122.0042.2094.3.3.90.39.36|2 - RESTOS A PAGAR NÃO PROCESSADOS|1 - CANCELAMENTO|20241014|845.0|249|20240926|Cancel de Restos a Pagar Cancelamento de empenho de restos
7896760|17435054|303|02|2024|10|2006||4726|20230927|2023|02.02006.04.122.0164.2214.3.3.90.30.07|2 - RESTOS A PAGAR NÃO PROCESSADOS|1 - CANCELAMENTO|20241011|223.25|249|20240926|Cancel de Restos a Pagar Cancelamento de empenho de restos
7896761|17435240|303|02|2024|10|2017||4017|20230809|2023|02.02017.10.122.0042.2094.3.3.90.39.36|2 - RESTOS A PAGAR NÃO PROCESSADOS|1 - CANCELAMENTO|20241011|90.0|249|20240926|Cancel de Restos a Pagar Cancelamento de restos a pagar
7896762|17435031|303|02|2024|10|2009||5244|20231018|2023|02.02009.15.451.0072.1087.4.4.90.51.01|2 - RESTOS A PAGAR NÃO PROCESSADOS|1 - CANCELAMENTO|20241014|0.03|249|20240926|Cancel de Restos a Pagar Cancelamento de empenho de restos
7896763|17434852|303|02|2024|10|2015||7494|20231229|2023|02.02015.15.453.0326.2494.3.3.60.45.00|2 - RESTOS A PAGAR NÃO PROCESSADOS|1 - CANCELAMENTO|20241014|4.02|249|20240926|Cancel de Restos a Pagar Cancelamento de empenho de restos
7896764|17434903|303|02|2024|10|2004||7481|20231229|2023|02.02004.04.122.0094.2170.3.3.90.49.00|2 - RESTOS A PAGAR NÃO PROCESSADOS|1 - CANCELAMENTO|20241014|1142.68|249|20240926|Cancel de Restos a Pagar Cancelamento de empenho de restos
7896765|17434909|303|02|2024|10|2012||5201|20231011|2023|02.02012.08.122.0141.2244.3.3.90.30.07|2 - RESTOS A PAGAR NÃO PROCESSADOS|1 - CANCELAMENTO|20241011|757.68|249|20240926|Cancel de Restos a Pagar Cancelamento de empenho de restos
7896766|17435072|303|02|2024|10|2017||5162|20231004|2023|02.02017.10.305.0049.2399.3.3.90.39.68|2 - RESTOS A PAGAR NÃO PROCESSADOS|1 - CANCELAMENTO|20241014|10.0|249|20240926|Cancel de Restos a Pagar Cancelamento de empenho de restos
7896767|17435100|303|02|2024|10|2009||3571|20230718|2023|02.02009.15.122.0115.2395.3.3.90.39.29|2 - RESTOS A PAGAR NÃO PROCESSADOS|1 - CANCELAMENTO|20241011|2680.77|249|20240926|Cancel de Restos a Pagar
7896768|17435068|303|02|2024|10|2012||7197|20231222|2023|02.02012.08.122.0141.2244.3.3.90.30.07|2 - RESTOS A PAGAR NÃO PROCESSADOS|1 - CANCELAMENTO|20241014|4546.08|249|20240926|Cancel de Restos a Pagar Cancelamento de empenho de restos
7896769|17435200|303|02|2024|10|2017||5150|20231004|2023|02.02017.10.122.0042.2094.3.3.90.39.36|2 - RESTOS A PAGAR NÃO PROCESSADOS|1 - CANCELAMENTO|20241011|2216.71|249|20240926|Cancel de Restos a Pagar Cancelamento de empenho de restos
7896770|17434857|303|02|2024|10|2008||5217|20231017|2023|02.02008.27.122.0081.2148.3.3.90.39.12|2 - RESTOS A PAGAR NÃO PROCESSADOS|1 - CANCELAMENTO|20241011|332.77|249|20240926|Cancel de Restos a Pagar Cancelamento de empenho de restos
7896771|17435191|303|02|2024|10|2017||7466|20231229|2023|02.02017.10.302.0113.2394.3.3.71.70.00|2 - RESTOS A PAGAR NÃO PROCESSADOS|1 - CANCELAMENTO|20241014|1000.0|249|20240926|Cancel de Restos a Pagar Cancelamento de empenho de restos
7896772|17434807|303|02|2024|10|2001||7201|20231222|2023|02.02001.04.122.0164.2214.3.3.90.39.13|2 - RESTOS A PAGAR NÃO PROCESSADOS|1 - CANCELAMENTO|20241014|2590.0|249|20240926|Cancel de Restos a Pagar Cancelamento de empenho de restos
7896776|17435064|303|02|2024|10|2017||5160|20231004|2023|02.02017.10.301.0029.2063.3.3.90.39.43|2 - RESTOS A PAGAR NÃO PROCESSADOS|1 - CANCELAMENTO|20241014|197.46|249|20240926|Cancel de Restos a Pagar Cancelamento de empenho de restos
7896773|17435226|303|02|2024|10|2010|1|7497|20231229|2023|02.02010001.10.122.0040.2089.3.3.90.49.00|2 - RESTOS A PAGAR NÃO PROCESSADOS|1 - CANCELAMENTO|20241014|1717.0|249|20240926|Cancel de Restos a Pagar Cancelamento de empenho de restos
7896774|17435104|303|02|2024|10|2014||4681|20230925|2023|02.02014.08.122.0166.2314.3.3.90.39.60|2 - RESTOS A PAGAR NÃO PROCESSADOS|1 - CANCELAMENTO|20241011|2000.35|249|20240926|Cancel de Restos a Pagar Cancelamento de empenho de restos
7896775|17435123|303|02|2024|10|2012||5243|20231018|2023|02.02012.08.244.0128.2223.3.3.90.32.99|2 - RESTOS A PAGAR NÃO PROCESSADOS|1 - CANCELAMENTO|20241011|51.75|249|20240926|Cancel de Restos a Pagar Cancelamento de empenho de restos
7896777|17434972|303|02|2024|10|2006||5587|20231031|2023|02.02006.04.122.0164.2214.3.3.90.30.39|2 - RESTOS A PAGAR NÃO PROCESSADOS|1 - CANCELAMENTO|20241011|515.0|249|20240926|Cancel de Restos a Pagar Cancelamento de empenho de restos
7896778|17435158|303|02|2024|10|2007|1|5159|20231004|2023|02.02007001.12.122.0002.2002.3.3.90.39.43|2 - RESTOS A PAGAR NÃO PROCESSADOS|1 - CANCELAMENTO|20241011|176.17|249|20240926|Cancel de Restos a Pagar Cancelamento de empenho de restos
7896779|17434917|303|02|2024|10|2009||1784|20230403|2023|02.02009.04.122.0070.2125.3.3.90.39.43|2 - RESTOS A PAGAR NÃO PROCESSADOS|1 - CANCELAMENTO|20241011|500.6|249|20240926|Cancel de Restos a Pagar
7896780|17434949|303|02|2024|10|2012||4137|20230829|2023|02.02012.08.244.0128.2223.3.3.90.32.99|2 - RESTOS A PAGAR NÃO PROCESSADOS|1 - CANCELAMENTO|20241011|5989.5|249|20240926|Cancel de Restos a Pagar
7896781|17435215|303|02|2024|10|2017||5148|20231004|2023|02.02017.10.122.0042.2094.3.3.90.39.36|2 - RESTOS A PAGAR NÃO PROCESSADOS|1 - CANCELAMENTO|20241011|12394.0|249|20240926|Cancel de Restos a Pagar Cancelamento de empenho de restos
7896782|17434967|303|02|2024|10|2001||185|20230102|2023|02.02001.04.122.0164.2214.3.3.90.40.05|2 - RESTOS A PAGAR NÃO PROCESSADOS|1 - CANCELAMENTO|20241011|15.0|249|20240926|Cancel de Restos a Pagar Cancelamento de restos a pagar
7896783|17434878|303|02|2024|10|2009||5318|20231027|2023|02.02009.15.451.0072.1087.4.4.90.51.01|2 - RESTOS A PAGAR NÃO PROCESSADOS|1 - CANCELAMENTO|20241014|50094.73|249|20240926|Cancel de Restos a Pagar Cancelamento de empenho de restos
7896784|17435085|303|02|2024|10|2009||5987|20221128|2022|02.02009.15.451.0072.1087.4.4.90.51.01|2 - RESTOS A PAGAR NÃO PROCESSADOS|1 - CANCELAMENTO|20241014|24448.37|249|20240926|Cancel de Restos a Pagar Cancelamento de empenho de restos
7896785|17435018|303|02|2024|10|2009||6390|20231214|2023|02.02009.15.452.0071.2137.3.3.90.39.61|2 - RESTOS A PAGAR NÃO PROCESSADOS|1 - CANCELAMENTO|20241014|0.9|249|20240926|Cancel de Restos a Pagar Cancelamento de empenho de restos
7896786|17435029|303|02|2024|10|2004||5299|20231025|2023|02.02004.04.122.0094.2170.3.3.90.39.53|2 - RESTOS A PAGAR NÃO PROCESSADOS|1 - CANCELAMENTO|20241011|43.29|249|20240926|Cancel de Restos a Pagar Cancelamento de empenho de restos
7896787|17435183|303|02|2024|10|2007|1|4493|20230911|2023|02.02007001.12.122.0002.2002.3.3.90.39.60|2 - RESTOS A PAGAR NÃO PROCESSADOS|1 - CANCELAMENTO|20241011|7365.6|249|20240926|Cancel de Restos a Pagar Cancelamento de empenho de restos
7896788|17435135|303|02|2024|10|2009||3648|20220713|2022|02.02009.15.451.0072.1253.4.4.90.51.01|2 - RESTOS A PAGAR NÃO PROCESSADOS|1 - CANCELAMENTO|20241014|28158.66|249|20240926|Cancel de Restos a Pagar Cancelamento de empenho de restos
7896789|17435142|303|02|2024|10|2007|1|4400|20230901|2023|02.02007001.12.361.0003.1200.4.4.90.51.02|2 - RESTOS A PAGAR NÃO PROCESSADOS|1 - CANCELAMENTO|20241011|1073.04|249|20240926|Cancel de Restos a Pagar
7896790|17434987|303|02|2024|10|2009||7449|20231228|2023|02.02009.04.122.0070.2125.3.3.90.39.43|2 - RESTOS A PAGAR NÃO PROCESSADOS|1 - CANCELAMENTO|20241014|153.98|249|20240926|Cancel de Restos a Pagar Cancelamento de empenho de restos
7896791|17435112|303|02|2024|10|2001||4727|20230927|2023|02.02001.04.131.0167.2215.3.3.90.39.99|2 - RESTOS A PAGAR NÃO PROCESSADOS|1 - CANCELAMENTO|20241011|0.03|249|20240926|Cancel de Restos a Pagar
7896792|17434951|303|02|2024|10|2007|1|3906|20230802|2023|02.02007001.12.306.0016.2037.3.3.90.30.07|2 - RESTOS A PAGAR NÃO PROCESSADOS|1 - CANCELAMENTO|20241011|21293.22|249|20240926|Cancel de Restos a Pagar Cancelamento de empenho de restos
7896793|17435208|303|02|2024|10|2017||5147|20231004|2023|02.02017.10.122.0042.2094.3.3.90.39.36|2 - RESTOS A PAGAR NÃO PROCESSADOS|1 - CANCELAMENTO|20241011|13050.25|249|20240926|Cancel de Restos a Pagar Cancelamento de empenho de restos
7896794|17435058|303|02|2024|10|2017||4550|20230914|2023|02.02017.10.301.0029.2063.3.3.90.39.12|2 - RESTOS A PAGAR NÃO PROCESSADOS|1 - CANCELAMENTO|20241014|466.8|249|20240926|Cancel de Restos a Pagar Cancelamento de empenho de restos
7896795|17435174|303|02|2024|10|2007|1|7194|20231222|2023|02.02007001.12.361.0019.2041.3.3.90.39.99|2 - RESTOS A PAGAR NÃO PROCESSADOS|1 - CANCELAMENTO|20241014|167.07|249|20240926|Cancel de Restos a Pagar Cancelamento de empenho de restos
7896796|17434795|303|02|2024|10|2001||5082|20231004|2023|02.02001.04.122.0164.2214.3.3.90.39.12|2 - RESTOS A PAGAR NÃO PROCESSADOS|1 - CANCELAMENTO|20241011|933.43|249|20240926|Cancel de Restos a Pagar Cancelamento de empenho de restos
7896797|17434866|303|02|2024|10|2009||7484|20231229|2023|02.02009.04.122.0070.2125.3.3.90.49.00|2 - RESTOS A PAGAR NÃO PROCESSADOS|1 - CANCELAMENTO|20241014|514.8|249|20240926|Cancel de Restos a Pagar Cancelamento de empenho de restos
7896798|17434963|303|02|2024|10|2014||6175|20231211|2023|02.02014.08.122.0166.2314.3.3.90.39.43|2 - RESTOS A PAGAR NÃO PROCESSADOS|1 - CANCELAMENTO|20241014|585.0|249|20240926|Cancel de Restos a Pagar Cancelamento de empenho de restos
7896799|17434869|303|02|2024|10|2017||5598|20231031|2023|02.02017.10.301.0029.2063.3.3.90.39.14|2 - RESTOS A PAGAR NÃO PROCESSADOS|1 - CANCELAMENTO|20241014|486.0|249|20240926|Cancel de Restos a Pagar Cancelamento de empenho de restos
7896800|17435037|303|02|2024|10|2020||5606|20231101|2023|02.02020.13.392.0260.2461.3.3.90.39.13|2 - RESTOS A PAGAR NÃO PROCESSADOS|1 - CANCELAMENTO|20241011|232.31|249|20240926|Cancel de Restos a Pagar Cancelamento de empenho de restos
7896804|17435061|303|02|2024|10|2009||4081|20230817|2023|02.02009.15.451.0072.1087.3.3.90.39.05|2 - RESTOS A PAGAR NÃO PROCESSADOS|1 - CANCELAMENTO|20241011|4367.27|249|20240926|Cancel de Restos a Pagar Cancelamento de empenho de restos
7896801|17434880|303|02|2024|10|2009||7500|20231229|2023|02.02009.15.451.0072.1087.4.4.90.51.01|2 - RESTOS A PAGAR NÃO PROCESSADOS|1 - CANCELAMENTO|20241011|28127.67|249|20240926|Cancel de Restos a Pagar Cancelamento de empenho de restos
7896802|17435097|303|02|2024|10|2009||7477|20231229|2023|02.02009.04.122.0070.2125.3.3.90.49.00|2 - RESTOS A PAGAR NÃO PROCESSADOS|1 - CANCELAMENTO|20241014|320.25|249|20240926|Cancel de Restos a Pagar Cancelamento de empenho de restos
7896803|17434999|303|02|2024|10|2004||182|20230102|2023|02.02004.04.122.0094.2170.3.3.90.39.13|2 - RESTOS A PAGAR NÃO PROCESSADOS|1 - CANCELAMENTO|20241011|2112.04|249|20240926|Cancel de Restos a Pagar Cancelamento de restos a pagar
7896805|17434926|303|02|2024|10|2017||4662|20230922|2023|02.02017.10.305.0049.2399.3.3.90.30.22|2 - RESTOS A PAGAR NÃO PROCESSADOS|1 - CANCELAMENTO|20241014|200.0|249|20240926|Cancel de Restos a Pagar Cancelamento de empenho de restos
7896806|17434883|303|02|2024|10|2017||194|20230102|2023|02.02017.10.302.0113.2394.3.1.71.70.00|2 - RESTOS A PAGAR NÃO PROCESSADOS|1 - CANCELAMENTO|20241011|12869.33|249|20240926|Cancel de Restos a Pagar Cancelamento de restos a pagar
7896807|17434984|303|02|2024|10|2014||7486|20231229|2023|02.02014.08.122.0166.2314.3.3.90.49.00|2 - RESTOS A PAGAR NÃO PROCESSADOS|1 - CANCELAMENTO|20241014|83.2|249|20240926|Cancel de Restos a Pagar Cancelamento de empenho de restos
7896808|17435236|303|02|2024|10|2010|1|5174|20231009|2023|02.02010001.10.122.0047.2110.3.3.90.39.60|2 - RESTOS A PAGAR NÃO PROCESSADOS|1 - CANCELAMENTO|20241011|960.0|249|20240926|Cancel de Restos a Pagar Cancelamento de empenho de restos
7896809|17434989|303|02|2024|10|2001||6183|20231211|2023|02.02001.04.122.0164.2214.3.3.50.41.00|2 - RESTOS A PAGAR NÃO PROCESSADOS|1 - CANCELAMENTO|20241014|360.81|249|20240926|Cancel de Restos a Pagar Cancelamento de empenho de restos
7896810|17435225|303|02|2024|10|2017||6185|20231211|2023|02.02017.10.302.0028.2059.3.3.90.39.36|2 - RESTOS A PAGAR NÃO PROCESSADOS|1 - CANCELAMENTO|20241011|20960.0|249|20240926|Cancel de Restos a Pagar Cancelamento de empenho de restos
7896811|17435109|303|02|2024|10|2004||4695|20230925|2023|02.02004.04.122.0094.2170.3.3.90.39.12|2 - RESTOS A PAGAR NÃO PROCESSADOS|1 - CANCELAMENTO|20241011|1375.24|249|20240926|Cancel de Restos a Pagar Cancelamento de empenho de restos
7896812|17434797|303|02|2024|10|2017||4657|20230922|2023|02.02017.10.301.0029.2063.3.3.90.30.35|2 - RESTOS A PAGAR NÃO PROCESSADOS|1 - CANCELAMENTO|20241014|502.0|249|20240926|Cancel de Restos a Pagar Cancelamento de empenho de restos
7896813|17434831|303|02|2024|10|2009||5146|20231004|2023|02.02009.15.451.0330.1260.4.4.90.51.01|2 - RESTOS A PAGAR NÃO PROCESSADOS|1 - CANCELAMENTO|20241001|139693.77|249|20240926|Cancel de Restos a Pagar Cancelamento de empenho de restos
7896814|17435022|303|02|2024|10|2012||2780|20230601|2023|02.02012.08.122.0226.2410.3.3.90.30.07|2 - RESTOS A PAGAR NÃO PROCESSADOS|1 - CANCELAMENTO|20241011|419.4|249|20240926|Cancel de Restos a Pagar Cancelamento de restos a pagar
7896815|17434892|303|02|2024|10|2009||3948|20230802|2023|02.02009.15.451.0072.1087.3.3.90.39.99|2 - RESTOS A PAGAR NÃO PROCESSADOS|1 - CANCELAMENTO|20241011|9353.11|249|20240926|Cancel de Restos a Pagar
7896816|17434960|303|02|2024|10|2007|1|3532|20230714|2023|02.02007001.12.306.0016.2037.3.3.90.30.07|2 - RESTOS A PAGAR NÃO PROCESSADOS|1 - CANCELAMENTO|20241011|4687.86|249|20240926|Cancel de Restos a Pagar
7896817|17435213|303|02|2024|10|2010|1|7479|20231229|2023|02.02010001.10.122.0040.2089.3.3.90.49.00|2 - RESTOS A PAGAR NÃO PROCESSADOS|1 - CANCELAMENTO|20241014|162.96|249|20240926|Cancel de Restos a Pagar Cancelamento de empenho de restos
7896818|17434800|303|02|2024|10|2007|2|5758|20231124|2023|02.02007002.12.361.0019.2474.3.3.90.39.13|2 - RESTOS A PAGAR NÃO PROCESSADOS|1 - CANCELAMENTO|20241014|10.36|249|20240926|Cancel de Restos a Pagar Cancelamento de empenho de restos
7718695|17465363|302|01|2024|7|1001||94|20230102|2023|01.01001.01.031.0001.2339.3.3.90.39.16|2 - RESTOS A PAGAR NÃO PROCESSADOS|1 - CANCELAMENTO|20240730|107.31|181|20240730|Cancel de Restos a Pagar
7718696|17465357|302|01|2024|7|1001||429|20231129|2023|01.01001.01.031.0001.2339.3.3.90.39.99|2 - RESTOS A PAGAR NÃO PROCESSADOS|1 - CANCELAMENTO|20240730|8539.27|181|20240730|Cancel de Restos a Pagar
7521715|17435110|303|02|2024|1|2009||1269|20230309|2023|02.02009.04.122.0070.2125.3.3.90.39.18|2 - RESTOS A PAGAR NÃO PROCESSADOS|6 - RECLASSIFICAÇÃO DE FONTES DE RECURSOS (SAÍDA)|20240101|392751.48|||Reclassificacao para fonte padronizada
7521716|17435110|303|02|2024|1|2009||1269|20230309|2023|02.02009.04.122.0070.2125.3.3.90.39.18|2 - RESTOS A PAGAR NÃO PROCESSADOS|5 - RECLASSIFICAÇÃO DE FONTES DE RECURSOS (ENTRADA)|20240101|392751.48|||Reclassificacao para fonte padronizada
7697649|17430255|306|05|2024|6|8001||47|20230217|2023|05.08001.12.363.0329.2493.3.3.90.30.23|2 - RESTOS A PAGAR NÃO PROCESSADOS|1 - CANCELAMENTO|20240613|17.0|119|20240613|Cancel de Restos a Pagar Conforme Decreto n° 119 de 13062024
7697650|17430243|306|05|2024|6|8001||2368|20231023|2023|05.08001.12.363.0050.2205.3.3.90.39.43|2 - RESTOS A PAGAR NÃO PROCESSADOS|1 - CANCELAMENTO|20240613|3340.0|119|20240613|Cancel de Restos a Pagar
7697651|17430244|306|05|2024|6|8001||2106|20231003|2023|05.08001.12.363.0050.2205.3.3.90.40.02|2 - RESTOS A PAGAR NÃO PROCESSADOS|1 - CANCELAMENTO|20240613|195.68|119|20240613|Cancel de Restos a Pagar
