seq_liq_nota_fiscal;seq_nota_fiscal;seq_orgao;cod_orgao;seq_empenho;seq_rsp;seq_liquidacao;num_ano_referencia;num_mes_referencia;num_doc_emitente;nom_emitente
184635934;167892145;304;03;124834769;-1;184635934;2024;8;26756847000194;NAZARIO & LIMA SOCIEDADE DE ADVOGADOS
184635935;167892148;304;03;128958980;-1;184635935;2024;8;09025241000160;MONITORA SEGURANCA ELETRONICA LTDA-ME
184635936;167892141;304;03;130069063;-1;184635936;2024;8;17926188000104;SINTAGMA ZENITE COMERCIO EIRELIME
184635937;167892142;304;03;130069052;-1;184635937;2024;8;30968913000167;WENDERSON SILVA PEIXOTO DE MELLO-ME
184635938;167892151;304;03;126139829;-1;184635938;2024;8;29423632000140;ELOY MONTEIRO DOMINGOS
184635939;167892135;304;03;124385418;-1;184635939;2024;8;14388363000150;FRANCA GERENCIAMENTO OCUPACIONAL LTDA
184635940;167892150;304;03;127487749;-1;184635940;2024;8;04225153000198;INOVACAO COMPUTACAO MOVEL LTDA
184635941;167892139;304;03;124385412;-1;184635941;2024;8;30968913000167;WENDERSON SILVA PEIXOTO DE MELLO-ME
184635942;167892156;304;03;-1;17431136;184635942;2024;8;02332638000155;ALEXANDRE MAGNO LEAL -EPP.
184635943;167892137;304;03;127487754;-1;184635943;2024;8;30152694000143;ANDREA NAZARE SIQUEIRA 81567324649
184635944;167892136;304;03;124511763;-1;184635944;2024;8;14644274000128;ROSIMEIRE RODRIGUES ALVES VIEIRA
184635945;167892159;304;03;128959001;-1;184635945;2024;8;02628117000140;JARBAS SEBASTIAO DOS REIS-ME
184635946;167892153;304;03;124385389;-1;184635946;2024;8;41080423000146;MJA LOCACOES E TRANSPORTES LTDA
184635947;167892143;304;03;124385384;-1;184635947;2024;8;41080423000146;MJA LOCACOES E TRANSPORTES LTDA
184635948;167892144;304;03;-1;17431136;184635948;2024;8;02332638000155;ALEXANDRE MAGNO LEAL -EPP.
184635949;167892154;304;03;124511772;-1;184635949;2024;8;05049369000102;MATOS & SILVA, TRANSPORTES,COM. E SERVICOS LTDA
184635950;167892140;304;03;127487761;-1;184635950;2024;8;30968913000167;WENDERSON SILVA PEIXOTO DE MELLO-ME
184635951;167892138;304;03;124511741;-1;184635951;2024;8;23314651000151;ORGANIZACAO EMY LTDA-EPP
184635952;167892157;304;03;131719307;-1;184635952;2024;8;04898233000104;ALPHAMEC LTDA
184635953;167892155;304;03;124511748;-1;184635953;2024;8;25191800000168;EMPRESA JORNALISTICA OPINIAO LTDA
184635954;167892146;304;03;124511741;-1;184635954;2024;8;23314651000151;ORGANIZACAO EMY LTDA-EPP
184635955;167892134;304;03;127487736;-1;184635955;2024;8;00636766000167;DIOGENES SILVA COMERCIO E SERVICOS LTDA ME
184635956;167892149;304;03;127487761;-1;184635956;2024;8;30968913000167;WENDERSON SILVA PEIXOTO DE MELLO-ME
184635957;167892158;304;03;130069075;-1;184635957;2024;8;06981180000116;CEMIG DISTRIBUICAO S.A
184635958;167892133;304;03;128958982;-1;184635958;2024;8;02628117000140;JARBAS SEBASTIAO DOS REIS-ME
184635959;167892152;304;03;127487753;-1;184635959;2024;8;20068898000147;CONCEITO SOLUCAO EM PUBLICACAO LTDA
184635960;167892147;304;03;130069057;-1;184635960;2024;8;01068423000106;JOSE LADISLAU DE SOUZA-ME
188963092;172078994;304;03;130069052;-1;188963092;2024;12;30968913000167;WENDERSON SILVA PEIXOTO DE MELLO-ME
188963090;172078992;304;03;-1;17431240;188963090;2024;12;41664871000197;POLYVIN PLASTICOS E DERIVADOS LTDA
188963091;172078995;304;03;135358150;-1;188963091;2024;12;30968913000167;WENDERSON SILVA PEIXOTO DE MELLO-ME
188963093;172078993;304;03;-1;17431175;188963093;2024;12;15263561000150;LAFFERDU INDUSTRIA E COM.EM FERRO FUNDIDO EIRELLI
187356725;170528932;304;03;135358733;-1;187356725;2024;10;13576654000100;BHS BOMBAS HIDRAULICAS E SERVICOS LTDA
187356724;170528931;304;03;124511761;-1;187356724;2024;10;23314651000151;ORGANIZACAO EMY LTDA-EPP
187356726;170528918;304;03;127487736;-1;187356726;2024;10;00636766000167;DIOGENES SILVA COMERCIO E SERVICOS LTDA ME
187356723;170528917;304;03;124511748;-1;187356723;2024;10;25191800000168;EMPRESA JORNALISTICA OPINIAO LTDA
187356727;170528921;304;03;127487753;-1;187356727;2024;10;20068898000147;CONCEITO SOLUCAO EM PUBLICACAO LTDA
187356728;170528934;304;03;127487743;-1;187356728;2024;10;12647709000162;FABIANO PAULO LAUDATE - ME.
187356729;170528926;304;03;130069057;-1;187356729;2024;10;01068423000106;JOSE LADISLAU DE SOUZA-ME
187356730;170528916;304;03;130069063;-1;187356730;2024;10;17926188000104;SINTAGMA ZENITE COMERCIO EIRELIME
187356731;170528928;304;03;128958980;-1;187356731;2024;10;09025241000160;MONITORA SEGURANCA ELETRONICA LTDA-ME
187356732;170528930;304;03;124511741;-1;187356732;2024;10;23314651000151;ORGANIZACAO EMY LTDA-EPP
187356733;170528929;304;03;127487754;-1;187356733;2024;10;30152694000143;ANDREA NAZARE SIQUEIRA 81567324649
187356734;170528920;304;03;127487747;-1;187356734;2024;10;12647709000162;FABIANO PAULO LAUDATE - ME.
187356735;170528925;304;03;131719306;-1;187356735;2024;10;14388363000150;FRANCA GERENCIAMENTO OCUPACIONAL LTDA
187356736;170528919;304;03;124834769;-1;187356736;2024;10;26756847000194;NAZARIO & LIMA SOCIEDADE DE ADVOGADOS
187356737;170528927;304;03;135358727;-1;187356737;2024;10;09577942000101;GRACIENE F. SABARENSE.XAVIER
187356738;170528922;304;03;127487743;-1;187356738;2024;10;12647709000162;FABIANO PAULO LAUDATE - ME.
187356739;170528924;304;03;124834770;-1;187356739;2024;10;06981180000116;CEMIG DISTRIBUICAO S.A
187356740;170528933;304;03;126139829;-1;187356740;2024;10;29423632000140;ELOY MONTEIRO DOMINGOS
187356741;170528935;304;03;124511772;-1;187356741;2024;10;05049369000102;MATOS & SILVA, TRANSPORTES,COM. E SERVICOS LTDA
187356742;170528915;304;03;127487747;-1;187356742;2024;10;12647709000162;FABIANO PAULO LAUDATE - ME.
187356743;170528923;304;03;135358149;-1;187356743;2024;10;14644274000128;ROSIMEIRE RODRIGUES ALVES VIEIRA
187356307;170528518;304;03;135358157;-1;187356307;2024;9;25191800000168;EMPRESA JORNALISTICA OPINIAO LTDA
187356308;170528503;304;03;124834768;-1;187356308;2024;9;02989244000174;PORTAL SOLUCOES LTDAEPP
187356305;170528524;304;03;124511761;-1;187356305;2024;9;23314651000151;ORGANIZACAO EMY LTDA-EPP
187356306;170528513;304;03;130069072;-1;187356306;2024;9;19525278000372;BAUMINAS QUIMICA SA FILIAL
187356309;170528521;304;03;126139829;-1;187356309;2024;9;29423632000140;ELOY MONTEIRO DOMINGOS
187356310;170528502;304;03;128958998;-1;187356310;2024;9;41719477000109;KARAIBA MATERIAIS DE CONSTRUCAO LTDA - ME
187356311;170528525;304;03;124511761;-1;187356311;2024;9;23314651000151;ORGANIZACAO EMY LTDA-EPP
187356312;170528506;304;03;124834769;-1;187356312;2024;9;26756847000194;NAZARIO & LIMA SOCIEDADE DE ADVOGADOS
187356313;170528515;304;03;127487730;-1;187356313;2024;9;04225153000198;INOVACAO COMPUTACAO MOVEL LTDA
187356314;170528508;304;03;127487754;-1;187356314;2024;9;30152694000143;ANDREA NAZARE SIQUEIRA 81567324649
187356315;170528512;304;03;127487760;-1;187356315;2024;9;04225153000198;INOVACAO COMPUTACAO MOVEL LTDA
187356316;170528507;304;03;127487736;-1;187356316;2024;9;00636766000167;DIOGENES SILVA COMERCIO E SERVICOS LTDA ME
187356317;170528511;304;03;-1;17431124;187356317;2024;9;41664871000197;POLYVIN PLASTICOS E DERIVADOS LTDA
187356318;170528498;304;03;124511748;-1;187356318;2024;9;25191800000168;EMPRESA JORNALISTICA OPINIAO LTDA
187356319;170528500;304;03;124385384;-1;187356319;2024;9;41080423000146;MJA LOCACOES E TRANSPORTES LTDA
187356320;170528501;304;03;-1;17431136;187356320;2024;9;02332638000155;ALEXANDRE MAGNO LEAL -EPP.
187356321;170528505;304;03;124511772;-1;187356321;2024;9;05049369000102;MATOS & SILVA, TRANSPORTES,COM. E SERVICOS LTDA
187356322;170528517;304;03;131719306;-1;187356322;2024;9;14388363000150;FRANCA GERENCIAMENTO OCUPACIONAL LTDA
187356323;170528511;304;03;-1;17431124;187356323;2024;9;41664871000197;POLYVIN PLASTICOS E DERIVADOS LTDA
187356324;170528520;304;03;131719303;-1;187356324;2024;9;14644274000128;ROSIMEIRE RODRIGUES ALVES VIEIRA
187356325;170528523;304;03;124511760;-1;187356325;2024;9;24027468000138;ALEIXO & FERREIRA HIDROJATEAMENTO LTDAME
187356326;170528504;304;03;124511760;-1;187356326;2024;9;24027468000138;ALEIXO & FERREIRA HIDROJATEAMENTO LTDAME
187356327;170528519;304;03;124385389;-1;187356327;2024;9;41080423000146;MJA LOCACOES E TRANSPORTES LTDA
187356328;170528510;304;03;124834768;-1;187356328;2024;9;02989244000174;PORTAL SOLUCOES LTDAEPP
187356329;170528522;304;03;124385447;-1;187356329;2024;9;01564385000344;LIBERTAS AUDITORES E CONSULTORES LTDA EPP
187356330;170528514;304;03;128958980;-1;187356330;2024;9;09025241000160;MONITORA SEGURANCA ELETRONICA LTDA-ME
187356331;170528516;304;03;124834770;-1;187356331;2024;9;06981180000116;CEMIG DISTRIBUICAO S.A
187356332;170528499;304;03;130069057;-1;187356332;2024;9;01068423000106;JOSE LADISLAU DE SOUZA-ME
187356333;170528509;304;03;128958985;-1;187356333;2024;9;41719477000109;KARAIBA MATERIAIS DE CONSTRUCAO LTDA - ME
187988858;171145141;304;03;124834769;-1;187988858;2024;11;26756847000194;NAZARIO & LIMA SOCIEDADE DE ADVOGADOS
187988859;171145142;304;03;128958980;-1;187988859;2024;11;09025241000160;MONITORA SEGURANCA ELETRONICA LTDA-ME
187988856;171145131;304;03;136257041;-1;187988856;2024;11;05684180000191;COMPANHIA ITABIRANA DE TELECOMUNICACOES LTDA.
187988857;171145138;304;03;124511741;-1;187988857;2024;11;23314651000151;ORGANIZACAO EMY LTDA-EPP
187988860;171145135;304;03;124385447;-1;187988860;2024;11;01564385000344;LIBERTAS AUDITORES E CONSULTORES LTDA EPP
187988861;171145133;304;03;136257046;-1;187988861;2024;11;01068423000106;JOSE LADISLAU DE SOUZA-ME
187988862;171145139;304;03;127487761;-1;187988862;2024;11;30968913000167;WENDERSON SILVA PEIXOTO DE MELLO-ME
187988863;171145137;304;03;127487730;-1;187988863;2024;11;04225153000198;INOVACAO COMPUTACAO MOVEL LTDA
187988864;171145134;304;03;126139829;-1;187988864;2024;11;29423632000140;ELOY MONTEIRO DOMINGOS
187988865;171145132;304;03;124834770;-1;187988865;2024;11;06981180000116;CEMIG DISTRIBUICAO S.A
187988866;171145140;304;03;135358133;-1;187988866;2024;11;41080423000146;MJA LOCACOES E TRANSPORTES LTDA
187988867;171145136;304;03;131719306;-1;187988867;2024;11;14388363000150;FRANCA GERENCIAMENTO OCUPACIONAL LTDA
187609919;170776548;302;01;131369267;-1;187609919;2024;11;19607649000101;CASTELO GRAFICA E EDITORA EIRELI
187609920;170776565;302;01;124421075;-1;187609920;2024;11;07051313000118;ACTCON COMERCIO DE PRODUTOS DE INFORMATICA LTDA
187609917;170776551;302;01;135716398;-1;187609917;2024;11;92559830000171;GREEN CARD SA REFEICOES COMERCIO E SERVICOS
187609918;170776552;302;01;135716425;-1;187609918;2024;11;14959314000120;URBCO LTDA
187609921;170776549;302;01;131369272;-1;187609921;2024;11;21425476000144;ATACADO DO VALE LTDA
187609922;170776556;302;01;132442211;-1;187609922;2024;11;15504667000107;ESCAL TECNOLOGIA LTDA
187609923;170776560;302;01;135716411;-1;187609923;2024;11;92559830000171;GREEN CARD SA REFEICOES COMERCIO E SERVICOS
187609924;170776551;302;01;135716438;-1;187609924;2024;11;92559830000171;GREEN CARD SA REFEICOES COMERCIO E SERVICOS
187609925;170776559;302;01;131369266;-1;187609925;2024;11;26427482000154;AGIL EIRELI
187609926;170776558;302;01;132442219;-1;187609926;2024;11;00165960000101;GOVERNANCABRASIL S/A TECNOLOGIA E GESTAO EM SERVICOS
187609927;170776563;302;01;131369294;-1;187609927;2024;11;19607649000101;CASTELO GRAFICA E EDITORA EIRELI
187609928;170776550;302;01;124421007;-1;187609928;2024;11;92559830000171;GREEN CARD SA REFEICOES COMERCIO E SERVICOS
187609929;170776550;302;01;124421012;-1;187609929;2024;11;92559830000171;GREEN CARD SA REFEICOES COMERCIO E SERVICOS
187609930;170776553;302;01;131369283;-1;187609930;2024;11;07287887000190;CLICK DIGITAL SERVICOS LTDA ME
187609931;170776547;302;01;131369288;-1;187609931;2024;11;35528559000173;PGB GRAFICA E EDITORA LTDA
187609932;170776557;302;01;134324293;-1;187609932;2024;11;09025241000160;MONITORA SEGURANÇA ELETRONICA LTDAME
187609933;170776564;302;01;124421068;-1;187609933;2024;11;17926188000104;SINTAGMA ZENITE COMERCIO, PAPELARIA E ESPORTES LTDA
187609934;170776561;302;01;135716425;-1;187609934;2024;11;14959314000120;URBCO LTDA
187609935;170776562;302;01;124545596;-1;187609935;2024;11;12039966000111;LINK CARD ADMINISTRADORA DE BENEFICIOS EIRELI
187609936;170776550;302;01;124421062;-1;187609936;2024;11;92559830000171;GREEN CARD SA REFEICOES COMERCIO E SERVICOS
187609937;170776555;302;01;124421034;-1;187609937;2024;11;27287226000171;SNAP INFORMATICA LTDA
187609938;170776554;302;01;124421030;-1;187609938;2024;11;25191800000168;EMPRESA JORNALISTICA OPINIAO LTDA.
188814278;171936155;302;01;132442211;-1;188814278;2024;12;15504667000107;ESCAL TECNOLOGIA LTDA
188814277;171936177;302;01;135716427;-1;188814277;2024;12;11963458000162;LEONARDO FILOMENO
188814279;171936169;302;01;135716427;-1;188814279;2024;12;11963458000162;LEONARDO FILOMENO
188814276;171936174;302;01;124421068;-1;188814276;2024;12;17926188000104;SINTAGMA ZENITE COMERCIO, PAPELARIA E ESPORTES LTDA
188814280;171936166;302;01;137342224;-1;188814280;2024;12;07051313000118;ACTCON COMERCIO DE PRODUTOS DE INFORMATICA LTDA
188814281;171936173;302;01;124421068;-1;188814281;2024;12;17926188000104;SINTAGMA ZENITE COMERCIO, PAPELARIA E ESPORTES LTDA
188814282;171936172;302;01;132442219;-1;188814282;2024;12;00165960000101;GOVERNANCABRASIL S/A TECNOLOGIA E GESTAO EM SERVICOS
188814283;171936179;302;01;137342204;-1;188814283;2024;12;21650715000160;INSTITUTO DE DESENVOLVIMENTO PUBLICO PLENUM BRASIL LTDA - ME
188814284;171936161;302;01;134324293;-1;188814284;2024;12;09025241000160;MONITORA SEGURANÇA ELETRONICA LTDAME
188814285;171936178;302;01;135716433;-1;188814285;2024;12;71181184000181;DARIO HUMBERTO DE MELO CASTROEPP
188814286;171936162;302;01;137342226;-1;188814286;2024;12;11963458000162;LEONARDO FILOMENO
188814287;171936170;302;01;135716439;-1;188814287;2024;12;11963458000162;LEONARDO FILOMENO
188814288;171936178;302;01;135716408;-1;188814288;2024;12;71181184000181;DARIO HUMBERTO DE MELO CASTROEPP
188814289;171936164;302;01;135716409;-1;188814289;2024;12;11963458000162;LEONARDO FILOMENO
188814290;171936167;302;01;124421030;-1;188814290;2024;12;25191800000168;EMPRESA JORNALISTICA OPINIAO LTDA.
188814291;171936176;302;01;124421030;-1;188814291;2024;12;25191800000168;EMPRESA JORNALISTICA OPINIAO LTDA.
188814292;171936158;302;01;124545596;-1;188814292;2024;12;12039966000111;LINK CARD ADMINISTRADORA DE BENEFICIOS EIRELI
188814293;171936156;302;01;135716402;-1;188814293;2024;12;92559830000171;GREEN CARD SA REFEICOES COMERCIO E SERVICOS
188814294;171936178;302;01;135716421;-1;188814294;2024;12;71181184000181;DARIO HUMBERTO DE MELO CASTROEPP
188814295;171936166;302;01;124421075;-1;188814295;2024;12;07051313000118;ACTCON COMERCIO DE PRODUTOS DE INFORMATICA LTDA
188814296;171936163;302;01;135716425;-1;188814296;2024;12;14959314000120;URBCO LTDA
188814297;171936175;302;01;124421062;-1;188814297;2024;12;92559830000171;GREEN CARD SA REFEICOES COMERCIO E SERVICOS
188814298;171936157;302;01;131369265;-1;188814298;2024;12;05191550000230;FACILITA SERVICOS GERAIS LTDA
188814299;171936159;302;01;131369266;-1;188814299;2024;12;26427482000154;AGIL EIRELI
188814300;171936168;302;01;137342215;-1;188814300;2024;12;17926188000104;SINTAGMA ZENITE COMERCIO, PAPELARIA E ESPORTES LTDA
188814301;171936175;302;01;124421012;-1;188814301;2024;12;92559830000171;GREEN CARD SA REFEICOES COMERCIO E SERVICOS
188814302;171936160;302;01;135716409;-1;188814302;2024;12;11963458000162;LEONARDO FILOMENO
188814303;171936165;302;01;135716425;-1;188814303;2024;12;14959314000120;URBCO LTDA
188814304;171936168;302;01;137342202;-1;188814304;2024;12;17926188000104;SINTAGMA ZENITE COMERCIO, PAPELARIA E ESPORTES LTDA
188814305;171936171;302;01;132442219;-1;188814305;2024;12;00165960000101;GOVERNANCABRASIL S/A TECNOLOGIA E GESTAO EM SERVICOS
186592754;169791156;302;01;132442200;-1;186592754;2024;10;40169420000110;ROBSON ADRIANO VIEIRA
186592753;169791164;302;01;124421068;-1;186592753;2024;10;17926188000104;SINTAGMA ZENITE COMERCIO, PAPELARIA E ESPORTES LTDA
186592755;169791155;302;01;124421007;-1;186592755;2024;10;92559830000171;GREEN CARD SA REFEICOES COMERCIO E SERVICOS
186592752;169791162;302;01;124421044;-1;186592752;2024;10;11963458000162;LEONARDO FILOMENO
186592756;169791155;302;01;124421062;-1;186592756;2024;10;92559830000171;GREEN CARD SA REFEICOES COMERCIO E SERVICOS
186592757;169791163;302;01;132442211;-1;186592757;2024;10;15504667000107;ESCAL TECNOLOGIA LTDA
186592758;169791167;302;01;130150152;-1;186592758;2024;10;11963458000162;LEONARDO FILOMENO
186592759;169791159;302;01;124421044;-1;186592759;2024;10;11963458000162;LEONARDO FILOMENO
186592760;169791165;302;01;132442219;-1;186592760;2024;10;00165960000101;GOVERNANCABRASIL S/A TECNOLOGIA E GESTAO EM SERVICOS
186592761;169791155;302;01;124421012;-1;186592761;2024;10;92559830000171;GREEN CARD SA REFEICOES COMERCIO E SERVICOS
186592762;169791160;302;01;132442197;-1;186592762;2024;10;30920288000183;SANEMIX MUNDO DOS SERVICOS LTDA
186592763;169791158;302;01;128654879;-1;186592763;2024;10;17926188000104;SINTAGMA ZENITE COMERCIO, PAPELARIA E ESPORTES LTDA
186592764;169791161;302;01;130150159;-1;186592764;2024;10;11963458000162;LEONARDO FILOMENO
186592765;169791166;302;01;124545596;-1;186592765;2024;10;12039966000111;LINK CARD ADMINISTRADORA DE BENEFICIOS EIRELI
186592766;169791161;302;01;130150157;-1;186592766;2024;10;11963458000162;LEONARDO FILOMENO
186592767;169791170;302;01;134324299;-1;186592767;2024;10;21294654000145;CID NAZARETH SANTIAGO
186592768;169791157;302;01;124421075;-1;186592768;2024;10;07051313000118;ACTCON COMERCIO DE PRODUTOS DE INFORMATICA LTDA
186592769;169791171;302;01;124421009;-1;186592769;2024;10;09025241000160;MONITORA SEGURANÇA ELETRONICA LTDAME
186592770;169791169;302;01;130150157;-1;186592770;2024;10;11963458000162;LEONARDO FILOMENO
186592771;169791168;302;01;130150159;-1;186592771;2024;10;11963458000162;LEONARDO FILOMENO
184391341;167653341;302;01;124421075;-1;184391341;2024;8;07051313000118;ACTCON COMERCIO DE PRODUTOS DE INFORMATICA LTDA
184391342;167653347;302;01;124421048;-1;184391342;2024;8;00165960000101;GOVERNANCABRASIL S/A TECNOLOGIA E GESTAO EM SERVICOS
184391339;167653344;302;01;124421068;-1;184391339;2024;8;17926188000104;SINTAGMA ZENITE COMERCIO, PAPELARIA E ESPORTES LTDA
184391340;167653340;302;01;124421062;-1;184391340;2024;8;92559830000171;GREEN CARD SA REFEICOES COMERCIO E SERVICOS
184391343;167653338;302;01;130150157;-1;184391343;2024;8;11963458000162;LEONARDO FILOMENO
184391344;167653343;302;01;130150145;-1;184391344;2024;8;11963458000162;LEONARDO FILOMENO
184391345;167653342;302;01;124421019;-1;184391345;2024;8;15504667000107;ESCAL TECNOLOGIA LTDA
184391346;167653349;302;01;124545596;-1;184391346;2024;8;12039966000111;LINK CARD ADMINISTRADORA DE BENEFICIOS EIRELI
184391347;167653351;302;01;124421012;-1;184391347;2024;8;92559830000171;GREEN CARD SA REFEICOES COMERCIO E SERVICOS
184391348;167653348;302;01;124421009;-1;184391348;2024;8;09025241000160;MONITORA SEGURANÇA ELETRONICA LTDAME
184391349;167653351;302;01;124421007;-1;184391349;2024;8;92559830000171;GREEN CARD SA REFEICOES COMERCIO E SERVICOS
184391350;167653346;302;01;130150159;-1;184391350;2024;8;11963458000162;LEONARDO FILOMENO
184391351;167653345;302;01;124421030;-1;184391351;2024;8;25191800000168;EMPRESA JORNALISTICA OPINIAO LTDA.
184391352;167653350;302;01;124421009;-1;184391352;2024;8;09025241000160;MONITORA SEGURANÇA ELETRONICA LTDAME
184391353;167653351;302;01;124421062;-1;184391353;2024;8;92559830000171;GREEN CARD SA REFEICOES COMERCIO E SERVICOS
184391354;167653339;302;01;124421034;-1;184391354;2024;8;27287226000171;SNAP INFORMATICA LTDA
185193508;168431188;302;01;132442211;-1;185193508;2024;9;15504667000107;ESCAL TECNOLOGIA LTDA
185193509;168431189;302;01;130150145;-1;185193509;2024;9;11963458000162;LEONARDO FILOMENO
185193506;168431181;302;01;124421048;-1;185193506;2024;9;00165960000101;GOVERNANCABRASIL S/A TECNOLOGIA E GESTAO EM SERVICOS
185193507;168431192;302;01;124421007;-1;185193507;2024;9;92559830000171;GREEN CARD SA REFEICOES COMERCIO E SERVICOS
185193510;168431192;302;01;124421012;-1;185193510;2024;9;92559830000171;GREEN CARD SA REFEICOES COMERCIO E SERVICOS
185193511;168431186;302;01;124421068;-1;185193511;2024;9;17926188000104;SINTAGMA ZENITE COMERCIO, PAPELARIA E ESPORTES LTDA
185193512;168431192;302;01;124421062;-1;185193512;2024;9;92559830000171;GREEN CARD SA REFEICOES COMERCIO E SERVICOS
185193513;168431187;302;01;124421030;-1;185193513;2024;9;25191800000168;EMPRESA JORNALISTICA OPINIAO LTDA.
185193514;168431191;302;01;124545596;-1;185193514;2024;9;12039966000111;LINK CARD ADMINISTRADORA DE BENEFICIOS EIRELI
185193515;168431182;302;01;124421048;-1;185193515;2024;9;00165960000101;GOVERNANCABRASIL S/A TECNOLOGIA E GESTAO EM SERVICOS
185193516;168431185;302;01;124421009;-1;185193516;2024;9;09025241000160;MONITORA SEGURANÇA ELETRONICA LTDAME
185193517;168431184;302;01;130150159;-1;185193517;2024;9;11963458000162;LEONARDO FILOMENO
185193518;168431183;302;01;131369296;-1;185193518;2024;9;31719674000174;SENEGAL EDITORA E GRAFICA EIRELI
185193519;168431190;302;01;130150152;-1;185193519;2024;9;11963458000162;LEONARDO FILOMENO
182479075;165805220;302;01;126029079;-1;182479075;2024;6;11963458000162;LEONARDO FILOMENO
182479074;165805212;302;01;124421006;-1;182479074;2024;6;08085823000179;MAC SUPRIMENTOS E MATERIAL DE ESCRITORIO LTDA - ME
182479076;165805221;302;01;124421062;-1;182479076;2024;6;92559830000171;GREEN CARD SA REFEICOES COMERCIO E SERVICOS
182479073;165805211;302;01;124421038;-1;182479073;2024;6;49618856000114;PARAPEL COMERCIO ATACADISTA LTDA
182479077;165805216;302;01;124421001;-1;182479077;2024;6;17926188000104;SINTAGMA ZENITE COMERCIO, PAPELARIA E ESPORTES LTDA
182479078;165805205;302;01;124421056;-1;182479078;2024;6;12039966000111;LINK CARD ADMINISTRADORA DE BENEFICIOS EIRELI
182479079;165805217;302;01;124421006;-1;182479079;2024;6;08085823000179;MAC SUPRIMENTOS E MATERIAL DE ESCRITORIO LTDA - ME
182479080;165805220;302;01;124421058;-1;182479080;2024;6;11963458000162;LEONARDO FILOMENO
182479081;165805208;302;01;124421074;-1;182479081;2024;6;11963458000162;LEONARDO FILOMENO
182479082;165805210;302;01;124421048;-1;182479082;2024;6;00165960000101;GOVERNANCABRASIL S/A TECNOLOGIA E GESTAO EM SERVICOS
182479083;165805215;302;01;124421048;-1;182479083;2024;6;00165960000101;GOVERNANCABRASIL S/A TECNOLOGIA E GESTAO EM SERVICOS
182479084;165805219;302;01;124421068;-1;182479084;2024;6;17926188000104;SINTAGMA ZENITE COMERCIO, PAPELARIA E ESPORTES LTDA
182479085;165805223;302;01;124421026;-1;182479085;2024;6;17926188000104;SINTAGMA ZENITE COMERCIO, PAPELARIA E ESPORTES LTDA
182479086;165805218;302;01;124421012;-1;182479086;2024;6;92559830000171;GREEN CARD SA REFEICOES COMERCIO E SERVICOS
182479087;165805214;302;01;128654884;-1;182479087;2024;6;00165960000101;GOVERNANCABRASIL S/A TECNOLOGIA E GESTAO EM SERVICOS
182479088;165805209;302;01;124421001;-1;182479088;2024;6;17926188000104;SINTAGMA ZENITE COMERCIO, PAPELARIA E ESPORTES LTDA
182479089;165805206;302;01;124421001;-1;182479089;2024;6;17926188000104;SINTAGMA ZENITE COMERCIO, PAPELARIA E ESPORTES LTDA
182479090;165805207;302;01;124545596;-1;182479090;2024;6;12039966000111;LINK CARD ADMINISTRADORA DE BENEFICIOS EIRELI
182479091;165805213;302;01;124421030;-1;182479091;2024;6;25191800000168;EMPRESA JORNALISTICA OPINIAO LTDA.
182479092;165805218;302;01;124421007;-1;182479092;2024;6;92559830000171;GREEN CARD SA REFEICOES COMERCIO E SERVICOS
182479093;165805222;302;01;124421046;-1;182479093;2024;6;11963458000162;LEONARDO FILOMENO
180636362;164031201;302;01;124421009;-1;180636362;2024;4;09025241000160;MONITORA SEGURANÇA ELETRONICA LTDAME
180636361;164031204;302;01;124421056;-1;180636361;2024;4;12039966000111;LINK CARD ADMINISTRADORA DE BENEFICIOS EIRELI
180636363;164031217;302;01;124421068;-1;180636363;2024;4;17926188000104;SINTAGMA ZENITE COMERCIO, PAPELARIA E ESPORTES LTDA
180636360;164031211;302;01;124421026;-1;180636360;2024;4;17926188000104;SINTAGMA ZENITE COMERCIO, PAPELARIA E ESPORTES LTDA
180636364;164031220;302;01;124421007;-1;180636364;2024;4;92559830000171;GREEN CARD SA REFEICOES COMERCIO E SERVICOS
180636365;164031202;302;01;124421019;-1;180636365;2024;4;15504667000107;ESCAL TECNOLOGIA LTDA
180636366;164031216;302;01;124421007;-1;180636366;2024;4;92559830000171;GREEN CARD SA REFEICOES COMERCIO E SERVICOS
180636367;164031206;302;01;124421012;-1;180636367;2024;4;92559830000171;GREEN CARD SA REFEICOES COMERCIO E SERVICOS
180636368;164031203;302;01;124421001;-1;180636368;2024;4;17926188000104;SINTAGMA ZENITE COMERCIO, PAPELARIA E ESPORTES LTDA
180636369;164031218;302;01;124421062;-1;180636369;2024;4;92559830000171;GREEN CARD SA REFEICOES COMERCIO E SERVICOS
180636370;164031210;302;01;124421019;-1;180636370;2024;4;15504667000107;ESCAL TECNOLOGIA LTDA
180636371;164031214;302;01;124545596;-1;180636371;2024;4;12039966000111;LINK CARD ADMINISTRADORA DE BENEFICIOS EIRELI
180636372;164031222;302;01;124421038;-1;180636372;2024;4;49618856000114;PARAPEL COMERCIO ATACADISTA LTDA
180636373;164031212;302;01;124421058;-1;180636373;2024;4;11963458000162;LEONARDO FILOMENO
180636377;164031205;302;01;124421030;-1;180636377;2024;4;25191800000168;EMPRESA JORNALISTICA OPINIAO LTDA.
180636374;164031215;302;01;124869414;-1;180636374;2024;4;00252199000145;FLORICULTURA CAETE LTDA
180636375;164031209;302;01;124421074;-1;180636375;2024;4;11963458000162;LEONARDO FILOMENO
180636376;164031207;302;01;124421046;-1;180636376;2024;4;11963458000162;LEONARDO FILOMENO
180636378;164031203;302;01;124421002;-1;180636378;2024;4;17926188000104;SINTAGMA ZENITE COMERCIO, PAPELARIA E ESPORTES LTDA
180636379;164031208;302;01;124421075;-1;180636379;2024;4;07051313000118;ACTCON COMERCIO DE PRODUTOS DE INFORMATICA LTDA
180636380;164031213;302;01;124421009;-1;180636380;2024;4;09025241000160;MONITORA SEGURANÇA ELETRONICA LTDAME
180636381;164031219;302;01;124421062;-1;180636381;2024;4;92559830000171;GREEN CARD SA REFEICOES COMERCIO E SERVICOS
180636382;164031200;302;01;124421048;-1;180636382;2024;4;00165960000101;GOVERNANCABRASIL S/A TECNOLOGIA E GESTAO EM SERVICOS
180636383;164031221;302;01;124421056;-1;180636383;2024;4;12039966000111;LINK CARD ADMINISTRADORA DE BENEFICIOS EIRELI
180636384;164031218;302;01;124421012;-1;180636384;2024;4;92559830000171;GREEN CARD SA REFEICOES COMERCIO E SERVICOS
183517811;166809532;302;01;124421007;-1;183517811;2024;7;92559830000171;GREEN CARD SA REFEICOES COMERCIO E SERVICOS
183517810;166809536;302;01;130150153;-1;183517810;2024;7;54805154000180;INSTITUTO NACIONAL TIRADENTES LTDA
183517812;166809532;302;01;124421012;-1;183517812;2024;7;92559830000171;GREEN CARD SA REFEICOES COMERCIO E SERVICOS
183517809;166809535;302;01;124545596;-1;183517809;2024;7;12039966000111;LINK CARD ADMINISTRADORA DE BENEFICIOS EIRELI
183517813;166809525;302;01;124421019;-1;183517813;2024;7;15504667000107;ESCAL TECNOLOGIA LTDA
183517814;166809527;302;01;124421075;-1;183517814;2024;7;07051313000118;ACTCON COMERCIO DE PRODUTOS DE INFORMATICA LTDA
183517815;166809528;302;01;124421019;-1;183517815;2024;7;15504667000107;ESCAL TECNOLOGIA LTDA
183517816;166809533;302;01;130150152;-1;183517816;2024;7;11963458000162;LEONARDO FILOMENO
183517817;166809523;302;01;130150157;-1;183517817;2024;7;11963458000162;LEONARDO FILOMENO
183517818;166809529;302;01;130150159;-1;183517818;2024;7;11963458000162;LEONARDO FILOMENO
183517819;166809531;302;01;130150145;-1;183517819;2024;7;11963458000162;LEONARDO FILOMENO
183517820;166809524;302;01;124421009;-1;183517820;2024;7;09025241000160;MONITORA SEGURANÇA ELETRONICA LTDAME
183517821;166809526;302;01;130150161;-1;183517821;2024;7;41209777000148;PLENUM GESTAO LTDA
183517822;166809532;302;01;124421062;-1;183517822;2024;7;92559830000171;GREEN CARD SA REFEICOES COMERCIO E SERVICOS
183517825;166809530;302;01;124421068;-1;183517825;2024;7;17926188000104;SINTAGMA ZENITE COMERCIO, PAPELARIA E ESPORTES LTDA
183517823;166809522;302;01;124421048;-1;183517823;2024;7;00165960000101;GOVERNANCABRASIL S/A TECNOLOGIA E GESTAO EM SERVICOS
183517824;166809534;302;01;124421030;-1;183517824;2024;7;25191800000168;EMPRESA JORNALISTICA OPINIAO LTDA.
183456715;166751501;304;03;127487743;-1;183456715;2024;7;12647709000162;FABIANO PAULO LAUDATE - ME.
183456713;166751517;304;03;124834770;-1;183456713;2024;7;06981180000116;CEMIG DISTRIBUICAO S.A
183456712;166751506;304;03;124385412;-1;183456712;2024;7;30968913000167;WENDERSON SILVA PEIXOTO DE MELLO-ME
183456714;166751515;304;03;124511761;-1;183456714;2024;7;23314651000151;ORGANIZACAO EMY LTDA-EPP
183456692;166751507;304;03;124834768;-1;183456692;2024;7;02989244000174;PORTAL SOLUCOES LTDAEPP
183456689;166751519;304;03;127487761;-1;183456689;2024;7;30968913000167;WENDERSON SILVA PEIXOTO DE MELLO-ME
183456690;166751505;304;03;-1;17431214;183456690;2024;7;45869210000159;NS MOVEIS LTDA
183456691;166751522;304;03;130069084;-1;183456691;2024;7;36752444000120;FREDERICO LOPES PEREIRA-ME
183456693;166751508;304;03;130069063;-1;183456693;2024;7;17926188000104;SINTAGMA ZENITE COMERCIO EIRELIME
183456694;166751514;304;03;128958980;-1;183456694;2024;7;09025241000160;MONITORA SEGURANCA ELETRONICA LTDA-ME
183456695;166751522;304;03;130069074;-1;183456695;2024;7;36752444000120;FREDERICO LOPES PEREIRA-ME
183456696;166751520;304;03;127487736;-1;183456696;2024;7;00636766000167;DIOGENES SILVA COMERCIO E SERVICOS LTDA ME
183456697;166751499;304;03;127487754;-1;183456697;2024;7;30152694000143;ANDREA NAZARE SIQUEIRA 81567324649
183456698;166751513;304;03;124834768;-1;183456698;2024;7;02989244000174;PORTAL SOLUCOES LTDAEPP
183456699;166751522;304;03;130069076;-1;183456699;2024;7;36752444000120;FREDERICO LOPES PEREIRA-ME
183456700;166751504;304;03;-1;17431155;183456700;2024;7;12647709000162;FABIANO PAULO LAUDATE - ME.
183456701;166751502;304;03;127487743;-1;183456701;2024;7;12647709000162;FABIANO PAULO LAUDATE - ME.
183456702;166751511;304;03;128959019;-1;183456702;2024;7;01068423000106;JOSE LADISLAU DE SOUZA-ME
183456703;166751500;304;03;-1;17431124;183456703;2024;7;41664871000197;POLYVIN PLASTICOS E DERIVADOS LTDA
183456704;166751518;304;03;124385447;-1;183456704;2024;7;01564385000344;LIBERTAS AUDITORES E CONSULTORES LTDA EPP
183456705;166751503;304;03;124511772;-1;183456705;2024;7;05049369000102;MATOS & SILVA, TRANSPORTES,COM. E SERVICOS LTDA
183456706;166751521;304;03;124511741;-1;183456706;2024;7;23314651000151;ORGANIZACAO EMY LTDA-EPP
183456707;166751516;304;03;126139829;-1;183456707;2024;7;29423632000140;ELOY MONTEIRO DOMINGOS
183456708;166751512;304;03;127487761;-1;183456708;2024;7;30968913000167;WENDERSON SILVA PEIXOTO DE MELLO-ME
183456709;166751510;304;03;128959013;-1;183456709;2024;7;09666624000117;GESTCOM INFORMATICA LIMITADA EPP
183456710;166751523;304;03;-1;17431223;183456710;2024;7;41664871000197;POLYVIN PLASTICOS E DERIVADOS LTDA
183456711;166751509;304;03;124511748;-1;183456711;2024;7;25191800000168;EMPRESA JORNALISTICA OPINIAO LTDA
179912390;163324310;306;05;124843714;-1;179912390;2024;3;00385947000168;ANGELO JOSÉ ESQUÁRCIO ME
179912389;163324311;306;05;124843708;-1;179912389;2024;3;42689267000188;GLEIDSON ALVES DE OLIVEIRA 06760202678
179912391;163324308;306;05;124843710;-1;179912391;2024;3;164***266**;PAULO FELIPE SOARES
179912388;163324307;306;05;124843720;-1;179912388;2024;3;17281973000220;COFEMETA SA
179912392;163324306;306;05;124843702;-1;179912392;2024;3;49894828000120;SAMARA GABRIELA DE SOUZA
179912393;163324312;306;05;124843701;-1;179912393;2024;3;00165960000101;GOVERNANCA BRASIL SA TECNOLOGIA E GESTAO EM SERVI
179912394;163324313;306;05;124843709;-1;179912394;2024;3;92559830000171;GREEN CARD SA REFEICOES COMÉRCIO E SERVICOS
179912395;163324309;306;05;124843706;-1;179912395;2024;3;45665176000109;IZADORA MARIA LIMA
179733164;163150484;306;05;124520942;-1;179733164;2024;2;49894828000120;SAMARA GABRIELA DE SOUZA
179733163;163150483;306;05;124520955;-1;179733163;2024;2;92559830000171;GREEN CARD SA REFEICOES COMÉRCIO E SERVICOS
179733165;163150485;306;05;-1;17430244;179733165;2024;2;24495797000103;INOVA TECNOLOGIA LTDA
179733162;163150480;306;05;124520950;-1;179733162;2024;2;00165960000101;GOVERNANCA BRASIL SA TECNOLOGIA E GESTAO EM SERVI
179733166;163150482;306;05;124520954;-1;179733166;2024;2;164***266**;PAULO FELIPE SOARES
179733167;163150481;306;05;124520946;-1;179733167;2024;2;45665176000109;IZADORA MARIA LIMA
179671041;163090328;302;01;124421070;-1;179671041;2024;1;21650715000160;INSTITUTO DE DESENVOLVIMENTO PUBLICO PLENUM BRASIL LTDA - ME
179671038;163090326;302;01;124421047;-1;179671038;2024;1;00252199000145;FLORICULTURA CAETE LTDA
179671039;163090327;302;01;-1;17465363;179671039;2024;1;12039966000111;LINK CARD ADMINISTRADORA DE BENEFICIOS EIRELI
179671040;163090339;302;01;124421048;-1;179671040;2024;1;00165960000101;GOVERNANCABRASIL S/A TECNOLOGIA E GESTAO EM SERVICOS
179671042;163090322;302;01;124421026;-1;179671042;2024;1;17926188000104;SINTAGMA ZENITE COMERCIO, PAPELARIA E ESPORTES LTDA
179671043;163090340;302;01;-1;17465363;179671043;2024;1;12039966000111;LINK CARD ADMINISTRADORA DE BENEFICIOS EIRELI
179671044;163090331;302;01;-1;17465363;179671044;2024;1;12039966000111;LINK CARD ADMINISTRADORA DE BENEFICIOS EIRELI
179671045;163090334;302;01;124421070;-1;179671045;2024;1;21650715000160;INSTITUTO DE DESENVOLVIMENTO PUBLICO PLENUM BRASIL LTDA - ME
179671046;163090335;302;01;124421062;-1;179671046;2024;1;92559830000171;GREEN CARD SA REFEICOES COMERCIO E SERVICOS
179671047;163090341;302;01;124421048;-1;179671047;2024;1;00165960000101;GOVERNANCABRASIL S/A TECNOLOGIA E GESTAO EM SERVICOS
179671048;163090324;302;01;124421038;-1;179671048;2024;1;49618856000114;PARAPEL COMERCIO ATACADISTA LTDA
179671029;163090332;302;01;-1;17465363;179671029;2024;1;12039966000111;LINK CARD ADMINISTRADORA DE BENEFICIOS EIRELI
179671026;163090333;302;01;124421075;-1;179671026;2024;1;07051313000118;ACTCON COMERCIO DE PRODUTOS DE INFORMATICA LTDA
179671027;163090338;302;01;124421061;-1;179671027;2024;1;29185841000100;DELTA CERTIFICACAO DIGITAL LTDA
179671028;163090330;302;01;124421043;-1;179671028;2024;1;42784496000181;CENTROMED- CENTRO MEDICO LTDA.
179671030;163090325;302;01;124421006;-1;179671030;2024;1;08085823000179;MAC SUPRIMENTOS E MATERIAL DE ESCRITORIO LTDA - ME
179671031;163090323;302;01;124421001;-1;179671031;2024;1;17926188000104;SINTAGMA ZENITE COMERCIO, PAPELARIA E ESPORTES LTDA
179671032;163090336;302;01;-1;17465357;179671032;2024;1;12039966000111;LINK CARD ADMINISTRADORA DE BENEFICIOS EIRELI
179671033;163090342;302;01;124421061;-1;179671033;2024;1;29185841000100;DELTA CERTIFICACAO DIGITAL LTDA
179671034;163090337;302;01;124421007;-1;179671034;2024;1;92559830000171;GREEN CARD SA REFEICOES COMERCIO E SERVICOS
179671035;163090337;302;01;124421062;-1;179671035;2024;1;92559830000171;GREEN CARD SA REFEICOES COMERCIO E SERVICOS
179671036;163090337;302;01;124421012;-1;179671036;2024;1;92559830000171;GREEN CARD SA REFEICOES COMERCIO E SERVICOS
179671037;163090329;302;01;124421048;-1;179671037;2024;1;00165960000101;GOVERNANCABRASIL S/A TECNOLOGIA E GESTAO EM SERVICOS
179906654;163318768;304;03;-1;17431169;179906654;2024;3;12064509000187;COMERCIAL SOUZA HIDRAULICOS LTDA
179906655;163318767;304;03;124511768;-1;179906655;2024;3;06981180000116;CEMIG DISTRIBUICAO S.A
179906652;163318780;304;03;124511772;-1;179906652;2024;3;05049369000102;MATOS & SILVA, TRANSPORTES,COM. E SERVICOS LTDA
179906653;163318775;304;03;124385378;-1;179906653;2024;3;00636766000167;DIOGENES SILVA COMERCIO E SERVICOS LTDA ME
179906656;163318781;304;03;124834770;-1;179906656;2024;3;06981180000116;CEMIG DISTRIBUICAO S.A
179906657;163318778;304;03;124385378;-1;179906657;2024;3;00636766000167;DIOGENES SILVA COMERCIO E SERVICOS LTDA ME
179906658;163318777;304;03;124511748;-1;179906658;2024;3;25191800000168;EMPRESA JORNALISTICA OPINIAO LTDA
179906659;163318770;304;03;-1;17431179;179906659;2024;3;12064509000187;COMERCIAL SOUZA HIDRAULICOS LTDA
179906660;163318769;304;03;-1;17431166;179906660;2024;3;38096074000146;KEPKA IMPORTACAO E COMERCIO LTDA
179906661;163318785;304;03;124385434;-1;179906661;2024;3;30152694000143;ANDREA NAZARE SIQUEIRA 81567324649
179906662;163318772;304;03;124511761;-1;179906662;2024;3;23314651000151;ORGANIZACAO EMY LTDA-EPP
179906663;163318773;304;03;124511763;-1;179906663;2024;3;14644274000128;ROSIMEIRE RODRIGUES ALVES VIEIRA
179906664;163318784;304;03;124385385;-1;179906664;2024;3;10558226000166;LOKARFLEX LOCADORA DE VEICULOS LTDA-ME
179906665;163318771;304;03;124511768;-1;179906665;2024;3;06981180000116;CEMIG DISTRIBUICAO S.A
179906666;163318779;304;03;124385404;-1;179906666;2024;3;09025241000160;MONITORA SEGURANCA ELETRONICA LTDA-ME
179906667;163318776;304;03;124385445;-1;179906667;2024;3;04225153000198;INOVACAO COMPUTACAO MOVEL LTDA
179906668;163318783;304;03;-1;17431242;179906668;2024;3;29423632000140;ELOY MONTEIRO DOMINGOS
179906669;163318782;304;03;124385425;-1;179906669;2024;3;10558226000166;LOKARFLEX LOCADORA DE VEICULOS LTDA-ME
179906670;163318774;304;03;124511741;-1;179906670;2024;3;23314651000151;ORGANIZACAO EMY LTDA-EPP
179906671;163318786;304;03;-1;17431172;179906671;2024;3;17926188000104;SINTAGMA ZENITE COMERCIO LTDA
180975653;164361153;306;05;-1;17430247;180975653;2024;4;28231621000103;ALVES SOLUCOES INTEGRADAS LTDA
180975652;164361152;306;05;126537946;-1;180975652;2024;4;17578748000179;MICHELLE PEREIRA FRANCO PEDROSO
180975654;164361150;306;05;126537738;-1;180975654;2024;4;164***266**;PAULO FELIPE SOARES
180975651;164361146;306;05;126538089;-1;180975651;2024;4;92559830000171;GREEN CARD SA REFEICOES COMÉRCIO E SERVICOS
180975655;164361148;306;05;126537813;-1;180975655;2024;4;00165960000101;GOVERNANCA BRASIL SA TECNOLOGIA E GESTAO EM SERVI
180975656;164361145;306;05;-1;17430257;180975656;2024;4;28231621000103;ALVES SOLUCOES INTEGRADAS LTDA
180975657;164361149;306;05;-1;17430251;180975657;2024;4;28231621000103;ALVES SOLUCOES INTEGRADAS LTDA
180975658;164361147;306;05;126538074;-1;180975658;2024;4;92559830000171;GREEN CARD SA REFEICOES COMÉRCIO E SERVICOS
180975659;164361151;306;05;126538100;-1;180975659;2024;4;26396950000170;MAMAE GAS
179930942;163342216;302;01;124869409;-1;179930942;2024;3;20712891000116;ESPACO TENDAS E SERVICOS DE ALUGUEL DE PALCOS LTDA
179930943;163342209;302;01;124421001;-1;179930943;2024;3;17926188000104;SINTAGMA ZENITE COMERCIO, PAPELARIA E ESPORTES LTDA
179930939;163342195;302;01;124421055;-1;179930939;2024;3;17926188000104;SINTAGMA ZENITE COMERCIO, PAPELARIA E ESPORTES LTDA
179930940;163342205;302;01;124421012;-1;179930940;2024;3;92559830000171;GREEN CARD SA REFEICOES COMERCIO E SERVICOS
179930941;163342211;302;01;124869416;-1;179930941;2024;3;19451808000113;JF SONORIZACAO & EVENTOS EIRELI ME
181633579;164986226;306;05;127495841;-1;181633579;2024;5;08723013000109;MOVESCOLA INDUSTRIA E COMERCIO DE MOVEIS ESCOLARES
179930944;163342213;302;01;124421074;-1;179930944;2024;3;11963458000162;LEONARDO FILOMENO
179930945;163342215;302;01;124421062;-1;179930945;2024;3;92559830000171;GREEN CARD SA REFEICOES COMERCIO E SERVICOS
179930946;163342202;302;01;124421068;-1;179930946;2024;3;17926188000104;SINTAGMA ZENITE COMERCIO, PAPELARIA E ESPORTES LTDA
179930947;163342198;302;01;124421009;-1;179930947;2024;3;09025241000160;MONITORA SEGURANÇA ELETRONICA LTDAME
179930948;163342197;302;01;124421058;-1;179930948;2024;3;11963458000162;LEONARDO FILOMENO
179930949;163342200;302;01;124421016;-1;179930949;2024;3;17155730000164;COMPANHIA ENERGETICA DE MG-CEMIG
179930950;163342212;302;01;124421030;-1;179930950;2024;3;25191800000168;EMPRESA JORNALISTICA OPINIAO LTDA.
179930951;163342196;302;01;124421048;-1;179930951;2024;3;00165960000101;GOVERNANCABRASIL S/A TECNOLOGIA E GESTAO EM SERVICOS
179930952;163342208;302;01;124421048;-1;179930952;2024;3;00165960000101;GOVERNANCABRASIL S/A TECNOLOGIA E GESTAO EM SERVICOS
179930953;163342206;302;01;124869419;-1;179930953;2024;3;17081258000162;RELOJOARIA VIDIGAL LTDA
179930954;163342210;302;01;124421048;-1;179930954;2024;3;00165960000101;GOVERNANCABRASIL S/A TECNOLOGIA E GESTAO EM SERVICOS
179930955;163342214;302;01;124421002;-1;179930955;2024;3;17926188000104;SINTAGMA ZENITE COMERCIO, PAPELARIA E ESPORTES LTDA
179930956;163342203;302;01;124421048;-1;179930956;2024;3;00165960000101;GOVERNANCABRASIL S/A TECNOLOGIA E GESTAO EM SERVICOS
179930957;163342199;302;01;124421038;-1;179930957;2024;3;49618856000114;PARAPEL COMERCIO ATACADISTA LTDA
179930958;163342194;302;01;124421007;-1;179930958;2024;3;92559830000171;GREEN CARD SA REFEICOES COMERCIO E SERVICOS
179930959;163342204;302;01;124421048;-1;179930959;2024;3;00165960000101;GOVERNANCABRASIL S/A TECNOLOGIA E GESTAO EM SERVICOS
179930960;163342201;302;01;124545596;-1;179930960;2024;3;12039966000111;LINK CARD ADMINISTRADORA DE BENEFICIOS EIRELI
179930961;163342207;302;01;124421046;-1;179930961;2024;3;11963458000162;LEONARDO FILOMENO
181624398;164977512;302;01;124421068;-1;181624398;2024;5;17926188000104;SINTAGMA ZENITE COMERCIO, PAPELARIA E ESPORTES LTDA
181624397;164977508;302;01;124421030;-1;181624397;2024;5;25191800000168;EMPRESA JORNALISTICA OPINIAO LTDA.
181624399;164977510;302;01;124421062;-1;181624399;2024;5;92559830000171;GREEN CARD SA REFEICOES COMERCIO E SERVICOS
181624396;164977506;302;01;124421046;-1;181624396;2024;5;11963458000162;LEONARDO FILOMENO
181624400;164977504;302;01;124421034;-1;181624400;2024;5;27287226000171;SNAP INFORMATICA LTDA
181624401;164977505;302;01;124421019;-1;181624401;2024;5;15504667000107;ESCAL TECNOLOGIA LTDA
181624402;164977503;302;01;124421075;-1;181624402;2024;5;07051313000118;ACTCON COMERCIO DE PRODUTOS DE INFORMATICA LTDA
181624403;164977510;302;01;124421007;-1;181624403;2024;5;92559830000171;GREEN CARD SA REFEICOES COMERCIO E SERVICOS
181624404;164977501;302;01;124421058;-1;181624404;2024;5;11963458000162;LEONARDO FILOMENO
181624405;164977502;302;01;124421062;-1;181624405;2024;5;92559830000171;GREEN CARD SA REFEICOES COMERCIO E SERVICOS
181624406;164977510;302;01;124421012;-1;181624406;2024;5;92559830000171;GREEN CARD SA REFEICOES COMERCIO E SERVICOS
181624407;164977513;302;01;124545596;-1;181624407;2024;5;12039966000111;LINK CARD ADMINISTRADORA DE BENEFICIOS EIRELI
181624408;164977511;302;01;124421055;-1;181624408;2024;5;17926188000104;SINTAGMA ZENITE COMERCIO, PAPELARIA E ESPORTES LTDA
181624409;164977499;302;01;124421048;-1;181624409;2024;5;00165960000101;GOVERNANCABRASIL S/A TECNOLOGIA E GESTAO EM SERVICOS
181624410;164977500;302;01;124421075;-1;181624410;2024;5;07051313000118;ACTCON COMERCIO DE PRODUTOS DE INFORMATICA LTDA
181624411;164977509;302;01;124421074;-1;181624411;2024;5;11963458000162;LEONARDO FILOMENO
181624412;164977507;302;01;124421009;-1;181624412;2024;5;09025241000160;MONITORA SEGURANÇA ELETRONICA LTDAME
181626283;164979278;304;03;124511768;-1;181626283;2024;5;06981180000116;CEMIG DISTRIBUICAO S.A
181626284;164979273;304;03;-1;17431230;181626284;2024;5;17926188000104;SINTAGMA ZENITE COMERCIO LTDA
181626281;164979290;304;03;-1;17431242;181626281;2024;5;29423632000140;ELOY MONTEIRO DOMINGOS
181626282;164979288;304;03;-1;17431179;181626282;2024;5;12064509000187;COMERCIAL SOUZA HIDRAULICOS LTDA
181626285;164979287;304;03;126139829;-1;181626285;2024;5;29423632000140;ELOY MONTEIRO DOMINGOS
181626286;164979277;304;03;127487747;-1;181626286;2024;5;12647709000162;FABIANO PAULO LAUDATE - ME.
181626287;164979282;304;03;126139823;-1;181626287;2024;5;29423632000140;ELOY MONTEIRO DOMINGOS
181626288;164979283;304;03;124834770;-1;181626288;2024;5;06981180000116;CEMIG DISTRIBUICAO S.A
181626289;164979274;304;03;124385412;-1;181626289;2024;5;30968913000167;WENDERSON SILVA PEIXOTO DE MELLO-ME
181626290;164979275;304;03;124385378;-1;181626290;2024;5;00636766000167;DIOGENES SILVA COMERCIO E SERVICOS LTDA ME
181626291;164979281;304;03;124385445;-1;181626291;2024;5;04225153000198;INOVACAO COMPUTACAO MOVEL LTDA
181626292;164979286;304;03;124385385;-1;181626292;2024;5;10558226000166;LOKARFLEX LOCADORA DE VEICULOS LTDA-ME
181626293;164979272;304;03;124385408;-1;181626293;2024;5;30968913000167;WENDERSON SILVA PEIXOTO DE MELLO-ME
181626294;164979276;304;03;124385434;-1;181626294;2024;5;30152694000143;ANDREA NAZARE SIQUEIRA 81567324649
181626295;164979289;304;03;127487732;-1;181626295;2024;5;10558226000166;LOKARFLEX LOCADORA DE VEICULOS LTDA-ME
181626296;164979285;304;03;127487732;-1;181626296;2024;5;10558226000166;LOKARFLEX LOCADORA DE VEICULOS LTDA-ME
181626297;164979271;304;03;124511748;-1;181626297;2024;5;25191800000168;EMPRESA JORNALISTICA OPINIAO LTDA
181626298;164979280;304;03;124385412;-1;181626298;2024;5;30968913000167;WENDERSON SILVA PEIXOTO DE MELLO-ME
181626299;164979279;304;03;126139848;-1;181626299;2024;5;01068423000106;JOSE LADISLAU DE SOUZA-ME
181626300;164979284;304;03;-1;17431218;181626300;2024;5;12064509000187;COMERCIAL SOUZA HIDRAULICOS LTDA
179728405;163145819;304;03;124385425;-1;179728405;2024;2;10558226000166;LOKARFLEX LOCADORA DE VEICULOS LTDA-ME
179728406;163145798;304;03;-1;17431154;179728406;2024;2;13226892000195;SAGA METAIS LTDA
179728403;163145806;304;03;-1;17431211;179728403;2024;2;15263561000150;LAFFERDU INDUSTRIA E COM.EM FERRO FUNDIDO EIRELLI
179728404;163145822;304;03;124511748;-1;179728404;2024;2;25191800000168;EMPRESA JORNALISTICA OPINIAO LTDA
179728407;163145802;304;03;-1;17431125;179728407;2024;2;41664871000197;POLYVIN PLASTICOS E DERIVADOS LTDA
179728408;163145820;304;03;124385404;-1;179728408;2024;2;09025241000160;MONITORA SEGURANCA ELETRONICA LTDA-ME
179728409;163145826;304;03;124385378;-1;179728409;2024;2;00636766000167;DIOGENES SILVA COMERCIO E SERVICOS LTDA ME
179728410;163145824;304;03;124385412;-1;179728410;2024;2;30968913000167;WENDERSON SILVA PEIXOTO DE MELLO-ME
179728411;163145813;304;03;124385408;-1;179728411;2024;2;30968913000167;WENDERSON SILVA PEIXOTO DE MELLO-ME
179728412;163145804;304;03;-1;17431194;179728412;2024;2;28470827000188;RENOVA MEDICAO LTDA
179728413;163145829;304;03;-1;17431242;179728413;2024;2;29423632000140;ELOY MONTEIRO DOMINGOS
179728414;163145821;304;03;124385448;-1;179728414;2024;2;01068423000106;JOSE LADISLAU DE SOUZA-ME
179728415;163145825;304;03;-1;17431145;179728415;2024;2;17926188000104;SINTAGMA ZENITE COMERCIO LTDA
179728416;163145815;304;03;124385399;-1;179728416;2024;2;26756847000194;NAZARIO & LIMA SOCIEDADE DE ADVOGADOS
179728417;163145807;304;03;-1;17431194;179728417;2024;2;28470827000188;RENOVA MEDICAO LTDA
179728418;163145810;304;03;-1;17431141;179728418;2024;2;17926188000104;SINTAGMA ZENITE COMERCIO LTDA
179728419;163145830;304;03;124385384;-1;179728419;2024;2;41080423000146;MJA LOCACOES E TRANSPORTES LTDA
179728420;163145799;304;03;-1;17431131;179728420;2024;2;15263561000150;LAFFERDU INDUSTRIA E COM.EM FERRO FUNDIDO EIRELLI
179728421;163145814;304;03;-1;17431147;179728421;2024;2;17926188000104;SINTAGMA ZENITE COMERCIO LTDA
179728422;163145809;304;03;124385445;-1;179728422;2024;2;04225153000198;INOVACAO COMPUTACAO MOVEL LTDA
179728423;163145827;304;03;124385422;-1;179728423;2024;2;23314651000151;ORGANIZACAO EMY LTDA-EPP
179728424;163145801;304;03;-1;17431125;179728424;2024;2;41664871000197;POLYVIN PLASTICOS E DERIVADOS LTDA
179728425;163145812;304;03;124385402;-1;179728425;2024;2;23314651000151;ORGANIZACAO EMY LTDA-EPP
179728426;163145811;304;03;124385434;-1;179728426;2024;2;30152694000143;ANDREA NAZARE SIQUEIRA 81567324649
179728427;163145803;304;03;-1;17431194;179728427;2024;2;28470827000188;RENOVA MEDICAO LTDA
179728428;163145817;304;03;124385389;-1;179728428;2024;2;41080423000146;MJA LOCACOES E TRANSPORTES LTDA
179728429;163145818;304;03;124385415;-1;179728429;2024;2;05049369000102;MATOS & SILVA, TRANSPORTES,COM. E SERVICOS LTDA
179728430;163145800;304;03;-1;17431146;179728430;2024;2;41664871000197;POLYVIN PLASTICOS E DERIVADOS LTDA
179728431;163145805;304;03;-1;17431194;179728431;2024;2;28470827000188;RENOVA MEDICAO LTDA
179728432;163145801;304;03;-1;17431125;179728432;2024;2;41664871000197;POLYVIN PLASTICOS E DERIVADOS LTDA
179728433;163145808;304;03;-1;17431142;179728433;2024;2;13226892000195;SAGA METAIS LTDA
179728434;163145802;304;03;-1;17431125;179728434;2024;2;41664871000197;POLYVIN PLASTICOS E DERIVADOS LTDA
179728435;163145828;304;03;-1;17431187;179728435;2024;2;23314651000151;ORGANIZACAO EMY LTDA-EPP
179728436;163145823;304;03;-1;17431144;179728436;2024;2;17926188000104;SINTAGMA ZENITE COMERCIO LTDA
179728437;163145816;304;03;-1;17431180;179728437;2024;2;14644274000128;ROSIMEIRE RODRIGUES ALVES VIEIRA
179728438;163145797;304;03;-1;17431200;179728438;2024;2;19525278000372;BAUMINAS QUIMICA SA FILIAL
180710785;164103324;304;03;124511770;-1;180710785;2024;4;04225153000198;INOVACAO COMPUTACAO MOVEL LTDA
180710783;164103307;304;03;124511748;-1;180710783;2024;4;25191800000168;EMPRESA JORNALISTICA OPINIAO LTDA
180710782;164103329;304;03;124385404;-1;180710782;2024;4;09025241000160;MONITORA SEGURANCA ELETRONICA LTDA-ME
180710784;164103333;304;03;-1;17431129;180710784;2024;4;17926188000104;SINTAGMA ZENITE COMERCIO LTDA
180710786;164103330;304;03;124511765;-1;180710786;2024;4;13431495000155;TNS APLICADORA DE PAVIMENTO ASFALTICO LTDA
180710787;164103316;304;03;124834773;-1;180710787;2024;4;10558226000166;LOKARFLEX LOCADORA DE VEICULOS LTDA-ME
180710788;164103335;304;03;124834758;-1;180710788;2024;4;01068423000106;JOSE LADISLAU DE SOUZA-ME
180710789;164103306;304;03;126139815;-1;180710789;2024;4;36752444000120;FREDERICO LOPES PEREIRA-ME
180710790;164103313;304;03;126139828;-1;180710790;2024;4;36752444000120;FREDERICO LOPES PEREIRA-ME
180710791;164103308;304;03;-1;17431133;180710791;2024;4;17926188000104;SINTAGMA ZENITE COMERCIO LTDA
180710792;164103315;304;03;-1;17431125;180710792;2024;4;41664871000197;POLYVIN PLASTICOS E DERIVADOS LTDA
180710793;164103327;304;03;124834770;-1;180710793;2024;4;06981180000116;CEMIG DISTRIBUICAO S.A
180710794;164103319;304;03;124834773;-1;180710794;2024;4;10558226000166;LOKARFLEX LOCADORA DE VEICULOS LTDA-ME
180710795;164103322;304;03;-1;17431155;180710795;2024;4;12647709000162;FABIANO PAULO LAUDATE - ME.
180710796;164103315;304;03;-1;17431125;180710796;2024;4;41664871000197;POLYVIN PLASTICOS E DERIVADOS LTDA
180710797;164103323;304;03;126139823;-1;180710797;2024;4;29423632000140;ELOY MONTEIRO DOMINGOS
180710798;164103324;304;03;124511770;-1;180710798;2024;4;04225153000198;INOVACAO COMPUTACAO MOVEL LTDA
180710799;164103317;304;03;124385412;-1;180710799;2024;4;30968913000167;WENDERSON SILVA PEIXOTO DE MELLO-ME
180710800;164103310;304;03;124511741;-1;180710800;2024;4;23314651000151;ORGANIZACAO EMY LTDA-EPP
180710801;164103334;304;03;124385385;-1;180710801;2024;4;10558226000166;LOKARFLEX LOCADORA DE VEICULOS LTDA-ME
180710802;164103312;304;03;-1;17431155;180710802;2024;4;12647709000162;FABIANO PAULO LAUDATE - ME.
180710803;164103325;304;03;126139838;-1;180710803;2024;4;36752444000120;FREDERICO LOPES PEREIRA-ME
180710804;164103326;304;03;124511768;-1;180710804;2024;4;06981180000116;CEMIG DISTRIBUICAO S.A
180710805;164103320;304;03;-1;17431210;180710805;2024;4;17926188000104;SINTAGMA ZENITE COMERCIO LTDA
180710806;164103321;304;03;124834769;-1;180710806;2024;4;26756847000194;NAZARIO & LIMA SOCIEDADE DE ADVOGADOS
180710807;164103314;304;03;124511761;-1;180710807;2024;4;23314651000151;ORGANIZACAO EMY LTDA-EPP
180710808;164103336;304;03;124385385;-1;180710808;2024;4;10558226000166;LOKARFLEX LOCADORA DE VEICULOS LTDA-ME
180710809;164103318;304;03;124511772;-1;180710809;2024;4;05049369000102;MATOS & SILVA, TRANSPORTES,COM. E SERVICOS LTDA
180710810;164103309;304;03;124385408;-1;180710810;2024;4;30968913000167;WENDERSON SILVA PEIXOTO DE MELLO-ME
180710811;164103311;304;03;124834773;-1;180710811;2024;4;10558226000166;LOKARFLEX LOCADORA DE VEICULOS LTDA-ME
180710812;164103328;304;03;-1;17431131;180710812;2024;4;15263561000150;LAFFERDU INDUSTRIA E COM.EM FERRO FUNDIDO EIRELLI
180710813;164103332;304;03;124511763;-1;180710813;2024;4;14644274000128;ROSIMEIRE RODRIGUES ALVES VIEIRA
180710814;164103331;304;03;-1;17431175;180710814;2024;4;15263561000150;LAFFERDU INDUSTRIA E COM.EM FERRO FUNDIDO EIRELLI
179660698;163080313;304;03;-1;17431187;179660698;2024;1;23314651000151;ORGANIZACAO EMY LTDA-EPP
179660699;163080304;304;03;124385421;-1;179660699;2024;1;06981180000116;CEMIG DISTRIBUICAO S.A
179660696;163080299;304;03;124385445;-1;179660696;2024;1;04225153000198;INOVACAO COMPUTACAO MOVEL LTDA
179660697;163080316;304;03;-1;17431141;179660697;2024;1;17926188000104;SINTAGMA ZENITE COMERCIO LTDA
179660700;163080310;304;03;-1;17431131;179660700;2024;1;15263561000150;LAFFERDU INDUSTRIA E COM.EM FERRO FUNDIDO EIRELLI
179660701;163080315;304;03;-1;17431155;179660701;2024;1;12647709000162;FABIANO PAULO LAUDATE - ME.
179660702;163080311;304;03;124385425;-1;179660702;2024;1;10558226000166;LOKARFLEX LOCADORA DE VEICULOS LTDA-ME
179660703;163080323;304;03;124385404;-1;179660703;2024;1;09025241000160;MONITORA SEGURANCA ELETRONICA LTDA-ME
179660704;163080303;304;03;124385421;-1;179660704;2024;1;06981180000116;CEMIG DISTRIBUICAO S.A
179660705;163080321;304;03;-1;17431174;179660705;2024;1;30968913000167;WENDERSON SILVA PEIXOTO DE MELLO-ME
179660706;163080325;304;03;124385411;-1;179660706;2024;1;01068423000106;JOSE LADISLAU DE SOUZA-ME
179660707;163080319;304;03;-1;17431235;179660707;2024;1;13431495000155;TNS APLICADORA DE PAVIMENTO ASFALTICO LTDA
179660708;163080331;304;03;-1;17431164;179660708;2024;1;17926188000104;SINTAGMA ZENITE COMERCIO LTDA
179660709;163080305;304;03;-1;17431222;179660709;2024;1;21856981000143;WTRADE INTERMEDICAO DE NEGOCIOS LTDA - ME
179660710;163080322;304;03;124385430;-1;179660710;2024;1;36752444000120;FREDERICO LOPES PEREIRA-ME
179660711;163080324;304;03;-1;17431242;179660711;2024;1;29423632000140;ELOY MONTEIRO DOMINGOS
179660712;163080317;304;03;-1;17431110;179660712;2024;1;30968913000167;WENDERSON SILVA PEIXOTO DE MELLO-ME
179660713;163080301;304;03;-1;17431211;179660713;2024;1;15263561000150;LAFFERDU INDUSTRIA E COM.EM FERRO FUNDIDO EIRELLI
179660714;163080329;304;03;-1;17431172;179660714;2024;1;17926188000104;SINTAGMA ZENITE COMERCIO LTDA
179660715;163080318;304;03;-1;17431180;179660715;2024;1;14644274000128;ROSIMEIRE RODRIGUES ALVES VIEIRA
179660716;163080314;304;03;124385385;-1;179660716;2024;1;10558226000166;LOKARFLEX LOCADORA DE VEICULOS LTDA-ME
179660717;163080309;304;03;-1;17431181;179660717;2024;1;21856981000143;WTRADE INTERMEDICAO DE NEGOCIOS LTDA - ME
179660721;163080330;304;03;-1;17431167;179660721;2024;1;41080423000146;MJA LOCACOES E TRANSPORTES LTDA
179660718;163080306;304;03;-1;17431111;179660718;2024;1;52068258000123;ATMA ATACADO E VAREJO LTDA
179660719;163080300;304;03;-1;17431218;179660719;2024;1;12064509000187;COMERCIAL SOUZA HIDRAULICOS LTDA
179660720;163080302;304;03;-1;17431236;179660720;2024;1;04225153000198;INOVACAO COMPUTACAO MOVEL LTDA
179660722;163080307;304;03;-1;17431194;179660722;2024;1;28470827000188;RENOVA MEDICAO LTDA
179660723;163080312;304;03;-1;17431187;179660723;2024;1;23314651000151;ORGANIZACAO EMY LTDA-EPP
179660724;163080308;304;03;124385421;-1;179660724;2024;1;06981180000116;CEMIG DISTRIBUICAO S.A
179660725;163080328;304;03;-1;17431132;179660725;2024;1;41080423000146;MJA LOCACOES E TRANSPORTES LTDA
179660726;163080320;304;03;-1;17431121;179660726;2024;1;11963458000162;LEONARDO FILOMENO-ME
179660727;163080326;304;03;-1;17431155;179660727;2024;1;12647709000162;FABIANO PAULO LAUDATE - ME.
179660728;163080327;304;03;-1;17431141;179660728;2024;1;17926188000104;SINTAGMA ZENITE COMERCIO LTDA
179660365;163079973;306;05;124384741;-1;179660365;2024;1;49894828000120;SAMARA GABRIELA DE SOUZA
179660362;163079971;306;05;124384755;-1;179660362;2024;1;10685157000151;DISTRIBUIDORA ROCHA
179660363;163079966;306;05;-1;17430234;179660363;2024;1;42689267000188;GLEIDSON ALVES DE OLIVEIRA 06760202678
179660364;163079972;306;05;-1;17430244;179660364;2024;1;24495797000103;INOVA TECNOLOGIA LTDA
179660366;163079968;306;05;124384750;-1;179660366;2024;1;00165960000101;GOVERNANCA BRASIL SA TECNOLOGIA E GESTAO EM SERVI
179660367;163079965;306;05;124384745;-1;179660367;2024;1;00165960000101;GOVERNANCA BRASIL SA TECNOLOGIA E GESTAO EM SERVI
179660368;163079969;306;05;124384742;-1;179660368;2024;1;164***266**;PAULO FELIPE SOARES
179660369;163079967;306;05;124384752;-1;179660369;2024;1;92559830000171;GREEN CARD SA REFEICOES COMÉRCIO E SERVICOS
179660370;163079970;306;05;124384744;-1;179660370;2024;1;45665176000109;IZADORA MARIA LIMA
182695237;166013884;304;03;127487736;-1;182695237;2024;6;00636766000167;DIOGENES SILVA COMERCIO E SERVICOS LTDA ME
182695238;166013888;304;03;128958994;-1;182695238;2024;6;36752444000120;FREDERICO LOPES PEREIRA-ME
182695234;166013878;304;03;124511748;-1;182695234;2024;6;25191800000168;EMPRESA JORNALISTICA OPINIAO LTDA
182695235;166013888;304;03;128958983;-1;182695235;2024;6;36752444000120;FREDERICO LOPES PEREIRA-ME
182695236;166013883;304;03;124385385;-1;182695236;2024;6;10558226000166;LOKARFLEX LOCADORA DE VEICULOS LTDA-ME
182770294;166086473;306;05;-1;17430257;182770294;2024;6;28231621000103;ALVES SOLUCOES INTEGRADAS LTDA
182695239;166013887;304;03;127487754;-1;182695239;2024;6;30152694000143;ANDREA NAZARE SIQUEIRA 81567324649
182695240;166013875;304;03;128958989;-1;182695240;2024;6;01068423000106;JOSE LADISLAU DE SOUZA-ME
182695241;166013890;304;03;128958980;-1;182695241;2024;6;09025241000160;MONITORA SEGURANCA ELETRONICA LTDA-ME
182695242;166013873;304;03;127487732;-1;182695242;2024;6;10558226000166;LOKARFLEX LOCADORA DE VEICULOS LTDA-ME
182695243;166013889;304;03;127487749;-1;182695243;2024;6;04225153000198;INOVACAO COMPUTACAO MOVEL LTDA
182695247;166013885;304;03;124511772;-1;182695247;2024;6;05049369000102;MATOS & SILVA, TRANSPORTES,COM. E SERVICOS LTDA
182695244;166013874;304;03;127487747;-1;182695244;2024;6;12647709000162;FABIANO PAULO LAUDATE - ME.
182695245;166013886;304;03;127487753;-1;182695245;2024;6;20068898000147;CONCEITO SOLUCAO EM PUBLICACAO LTDA
182695246;166013879;304;03;127487732;-1;182695246;2024;6;10558226000166;LOKARFLEX LOCADORA DE VEICULOS LTDA-ME
182695248;166013877;304;03;126139829;-1;182695248;2024;6;29423632000140;ELOY MONTEIRO DOMINGOS
182695249;166013882;304;03;-1;17431200;182695249;2024;6;19525278000372;BAUMINAS QUIMICA SA FILIAL
182695250;166013881;304;03;124511768;-1;182695250;2024;6;06981180000116;CEMIG DISTRIBUICAO S.A
182695251;166013880;304;03;-1;17431152;182695251;2024;6;23647365000108;BAUMINAS QUIMICA NNE LTDA.
182695252;166013876;304;03;124511761;-1;182695252;2024;6;23314651000151;ORGANIZACAO EMY LTDA-EPP
179749661;163166562;302;01;124421058;-1;179749661;2024;2;11963458000162;LEONARDO FILOMENO
179749662;163166575;302;01;124421075;-1;179749662;2024;2;07051313000118;ACTCON COMERCIO DE PRODUTOS DE INFORMATICA LTDA
179749659;163166568;302;01;124545620;-1;179749659;2024;2;23936211000136;MG CONTROLE DE ACESSO LTDA
179749660;163166564;302;01;124421068;-1;179749660;2024;2;17926188000104;SINTAGMA ZENITE COMERCIO, PAPELARIA E ESPORTES LTDA
179749663;163166565;302;01;124421007;-1;179749663;2024;2;92559830000171;GREEN CARD SA REFEICOES COMERCIO E SERVICOS
179749664;163166577;302;01;124421034;-1;179749664;2024;2;27287226000171;SNAP INFORMATICA LTDA
179749665;163166566;302;01;124421048;-1;179749665;2024;2;00165960000101;GOVERNANCABRASIL S/A TECNOLOGIA E GESTAO EM SERVICOS
179749666;163166574;302;01;124421007;-1;179749666;2024;2;92559830000171;GREEN CARD SA REFEICOES COMERCIO E SERVICOS
179749667;163166572;302;01;124421009;-1;179749667;2024;2;09025241000160;MONITORA SEGURANÇA ELETRONICA LTDAME
179749668;163166567;302;01;124421012;-1;179749668;2024;2;92559830000171;GREEN CARD SA REFEICOES COMERCIO E SERVICOS
179749669;163166563;302;01;124421046;-1;179749669;2024;2;11963458000162;LEONARDO FILOMENO
179749670;163166569;302;01;124421030;-1;179749670;2024;2;25191800000168;EMPRESA JORNALISTICA OPINIAO LTDA.
179749671;163166579;302;01;124421062;-1;179749671;2024;2;92559830000171;GREEN CARD SA REFEICOES COMERCIO E SERVICOS
179749672;163166576;302;01;124421012;-1;179749672;2024;2;92559830000171;GREEN CARD SA REFEICOES COMERCIO E SERVICOS
179749673;163166578;302;01;124421062;-1;179749673;2024;2;92559830000171;GREEN CARD SA REFEICOES COMERCIO E SERVICOS
179749674;163166573;302;01;124545593;-1;179749674;2024;2;46415417000116;CEAP BRASIL SOLUCOES EDUCACIONAIS PARA GESTAO PUBLICA LIMITADA
179749675;163166571;302;01;-1;17465357;179749675;2024;2;12039966000111;LINK CARD ADMINISTRADORA DE BENEFICIOS EIRELI
179749676;163166570;302;01;124421048;-1;179749676;2024;2;00165960000101;GOVERNANCABRASIL S/A TECNOLOGIA E GESTAO EM SERVICOS
