seq_nota_fiscal;seq_orgao;cod_orgao;num_ano_referencia;num_mes_referencia;num_doc_emitente;nom_emitente;num_nota_fiscal;num_serie_nota_fiscal;num_inscr_est_emitente;num_inscr_mun_emitente;dsc_mun_emitente;cod_cep_mun_emitente;cod_est_credor;dsc_tipo_nota_fiscal;cod_chave_nota_fis;cod_chave_mun_nota_fis;num_aut_impressao;dat_emissao;dat_vencimento;vlr_bruto;vlr_desconto;vlr_liquido
174810957;302;01;2025;3;11963458000162;LEONARDO FILOMENO;646;-9;;;CAETE;34800000;MG;1 - SIM, PADRÃO ESTADUAL OU SINIEF 07/05;31250311963458000162550010000006461699819993;-9;;20250318;20250323;1857.5;0;1857.5
174810958;302;01;2025;3;47854165000194;RF REZENDE COMERCIO E SERVICOS LTDA;563;-9;;;Vespasiano;33200330;MG;1 - SIM, PADRÃO ESTADUAL OU SINIEF 07/05;31250347854165000194550010000005631306178386;-9;;20250317;20250317;6700;0;6700
174810959;302;01;2025;3;17926188000104;SINTAGMA ZENITE COMERCIO LTDA;1209;-9;;;CAETE;34800000;MG;1 - SIM, PADRÃO ESTADUAL OU SINIEF 07/05;31250317926188000104550010000012091877411736;-9;;20250311;20250411;632.1;0;632.1
174810960;302;01;2025;3;11963458000162;LEONARDO FILOMENO;643;-9;;;CAETE;34800000;MG;1 - SIM, PADRÃO ESTADUAL OU SINIEF 07/05;31250311963458000162550010000006431953762364;-9;;20250311;20250315;3858.4;0;3858.4
174810961;302;01;2025;3;11963458000162;LEONARDO FILOMENO;644;-9;;;CAETE;34800000;MG;1 - SIM, PADRÃO ESTADUAL OU SINIEF 07/05;31250311963458000162550010000006441346837849;-9;;20250311;20250315;999.8;0;999.8
174810962;302;01;2025;3;15504667000107;ESCAL TECNOLOGIA LTDA;21542;NFSe;;;SETE LAGOAS;35700150;MG;2 - SIM, CHAVE DE ACESSO MUNICIPAL OU OUTRA;-9;d4d95486;;20250228;20250315;587.46;0;587.46
174810963;302;01;2025;3;07051313000118;ACTCON SOLUCOES WEB LTDA.;241;NFSe;;;IPATINGA;35162363;MG;2 - SIM, CHAVE DE ACESSO MUNICIPAL OU OUTRA;-9;UCESGT8C;;20250306;20250306;4583.33;0;4583.33
174810964;302;01;2025;3;09025241000160;MONITORA SEGURANCA ELETRONICA LTDA;202500000002574;nfse;;;CAETE;34800000;MG;2 - SIM, CHAVE DE ACESSO MUNICIPAL OU OUTRA;-9;8dd62d302;;20250228;20250315;3300;0;3300
174810965;302;01;2025;3;25191800000168;EMPRESA JORNALISTICA OPINIAO LTDA;2718;000000;;;CAETE;34800000;MG;2 - SIM, CHAVE DE ACESSO MUNICIPAL OU OUTRA;-9;b05a05385;;20250228;20250315;5751.84;0;5751.84
174810966;302;01;2025;3;10975133000137;APLICAR TECNOLOGIA LTDA;202535;NFSE;;;BELO HORIZONTE;30220270;MG;2 - SIM, CHAVE DE ACESSO MUNICIPAL OU OUTRA;-9;b5b340d6;;20250307;20250317;78594;0;78594
174810967;302;01;2025;3;12039966000111;LINK CARD ADMINISTRADORA DE BENEFICIOS LTDA;10420;NFSe;;;BURI;18290000;SP;2 - SIM, CHAVE DE ACESSO MUNICIPAL OU OUTRA;-9;192K972336510674699R;;20250301;20250331;3122.16;0;3122.16
174810968;302;01;2025;3;02976530000103;O 2 PLUS CARD INSTITUICAO DE PAGAMENTOS  LTDA;220;NFSe;;;Aguai;13863024;SP;2 - SIM, CHAVE DE ACESSO MUNICIPAL OU OUTRA;-9;K9KDJE1U;;20250331;20250404;13258.45;0;13258.45
174810969;302;01;2025;3;00165960000101;GOVERNANCABRASIL S/A TECNOLOGIA E GESTAO EM SERVICOS;129480;E;;;BLUMENAU;89036001;SC;2 - SIM, CHAVE DE ACESSO MUNICIPAL OU OUTRA;-9;AFC9920FBB;;20250331;20250430;14358.72;0;14358.72
174810970;302;01;2025;3;00165960000101;GOVERNANCABRASIL S/A TECNOLOGIA E GESTAO EM SERVICOS;129031;E;;;BLUMENAU;89036001;SC;2 - SIM, CHAVE DE ACESSO MUNICIPAL OU OUTRA;-9;C32606FD7;;20250327;20250426;980;0;980
174810971;302;01;2025;3;09025241000160;MONITORA SEGURANCA ELETRONICA LTDA;2599;NFSe;;;CAETE;34800000;MG;2 - SIM, CHAVE DE ACESSO MUNICIPAL OU OUTRA;-9;931ddab82;;20250331;20250404;3300;0;3300
174810972;302;01;2025;3;24313971000150;24.313.971 VANESSA JORDAO CARREIRA;79;980;;;CAETE;34800000;MG;2 - SIM, CHAVE DE ACESSO MUNICIPAL OU OUTRA;-9;311000422243139710001500000000000007925032938341096;;20250331;20250404;1200;0;1200
174810973;302;01;2025;3;26427482000154;AGIL LTDA;13064;NFSe;;;Itajai;88302200;SC;2 - SIM, CHAVE DE ACESSO MUNICIPAL OU OUTRA;-9;BRCBV3QG;;20250312;20250317;10840.28;0;10840.28
174810974;302;01;2025;3;15504667000107;ESCAL TECNOLOGIA LTDA;21571;NFSe;;;SETE LAGOAS;35700150;MG;2 - SIM, CHAVE DE ACESSO MUNICIPAL OU OUTRA;-9;326ac9f8;;20250328;20250405;587.46;0;587.46
174872904;304;03;2025;3;04225153000198;INOVACAO COMPUTACAO MOVEL LTDA;8082;-9;2231117480012;;DIVINOPOLIS;35501660;MG;1 - SIM, PADRÃO ESTADUAL OU SINIEF 07/05;31250304225153000198550010000080821000080830;-9;;20250307;20250331;2637.76;0;2637.76
174872905;304;03;2025;3;04225153000198;INOVACAO COMPUTACAO MOVEL LTDA;8145;-9;2231117480012;;DIVINOPOLIS;35501660;MG;1 - SIM, PADRÃO ESTADUAL OU SINIEF 07/05;31250304225153000198550010000081451000081463;-9;;20250322;20250417;6162.5;0;6162.5
174872906;304;03;2025;3;26756847000194;NAZARIO & LIMA SOCIEDADE DE ADVOGADOS;99;1;;07909110015;Belo Horizonte;30110044;MG;2 - SIM, CHAVE DE ACESSO MUNICIPAL OU OUTRA;-9;9F23D932;;20250321;20250420;5826.39;0;5826.39
174872907;304;03;2025;3;17926188000104;SINTAGMA ZENITE COMERCIO LTDA;1206;1;0021312160020;2202017;CAETE;34800000;MG;2 - SIM, CHAVE DE ACESSO MUNICIPAL OU OUTRA;-9;31250217926188000104550010000012061876474895;;20250228;20250405;99.34;0;99.34
174872908;304;03;2025;3;23314651000151;ORGANIZACAO EMY LTDA;307;1;;5401800;CAETE;34800000;MG;2 - SIM, CHAVE DE ACESSO MUNICIPAL OU OUTRA;-9;f2b7910c7;;20250312;20250411;30450.03;0;30450.03
174872909;304;03;2025;3;12647709000162;FABIANO PAULO LAUDATE;456;1;;;CAETE;34800000;MG;2 - SIM, CHAVE DE ACESSO MUNICIPAL OU OUTRA;-9;31250312647709000162550010000004561955845485;;20250328;20250427;1413;0;1413
174872910;304;03;2025;3;02989244000174;PORTAL SOLUCOES LTDA;216;1;;;Belo Horizonte;30494170;MG;2 - SIM, CHAVE DE ACESSO MUNICIPAL OU OUTRA;-9;149E1B6F;;20250306;20250401;1500;0;1500
174872911;304;03;2025;3;01564385000344;LIBERTAS AUDITORES E CONSULTORES LTDA -EPP;685;2;;;Nova Lima;34800000;MG;2 - SIM, CHAVE DE ACESSO MUNICIPAL OU OUTRA;-9;F91BCB2B2;;20250319;20250417;5655.95;0;5655.95
174872912;304;03;2025;3;14388363000150;FRANCA GERENCIAMENTO OCUPACIONAL LTDA;14;1;;;Belo Horizonte;30180005;MG;2 - SIM, CHAVE DE ACESSO MUNICIPAL OU OUTRA;-9;25F5E345;;20250314;20250414;2957.6;0;2957.6
174872913;304;03;2025;3;12647709000162;FABIANO PAULO LAUDATE;453;1;;;CAETE;34800000;MG;2 - SIM, CHAVE DE ACESSO MUNICIPAL OU OUTRA;-9;31250312647709000162550010000004531425667626;;20250321;20250420;1107;0;1107
174872914;304;03;2025;3;02989244000174;PORTAL SOLUCOES LTDA;217;1;;;Belo Horizonte;30494170;MG;2 - SIM, CHAVE DE ACESSO MUNICIPAL OU OUTRA;-9;7C7F484E;;20250306;20250401;2835;0;2835
174872915;304;03;2025;3;12647709000162;FABIANO PAULO LAUDATE;455;1;;;CAETE;34800000;MG;2 - SIM, CHAVE DE ACESSO MUNICIPAL OU OUTRA;-9;31250312647709000162550010000004551242063351;;20250328;20250427;1413;0;1413
174872916;304;03;2025;3;19525278000372;BAUMINAS QUIMICA LTDA.;63566;3;1530311480053;01020280201001;NOVA LIMA;34012580;MG;2 - SIM, CHAVE DE ACESSO MUNICIPAL OU OUTRA;-9;31250319525278000372550030000635661836466693;;20250308;20250407;36154.78;0;36154.78
174872917;304;03;2025;3;01068423000106;JOSE LADISLAU DE SOUZA;98;1;0035861690022;5410060;CAETE;34800000;MG;2 - SIM, CHAVE DE ACESSO MUNICIPAL OU OUTRA;-9;249C7490F;;20250325;20250325;14457.68;0;14457.68
174872918;304;03;2025;3;12647709000162;FABIANO PAULO LAUDATE;452;1;;;CAETE;34800000;MG;2 - SIM, CHAVE DE ACESSO MUNICIPAL OU OUTRA;-9;31250312647709000162550010000004521837767752;;20250311;20250410;3644.01;0;3644.01
174872919;304;03;2025;3;30968913000167;WENDERSON SILVA PEIXOTO DE MELLO;214;1;;;CAETE;34800000;MG;2 - SIM, CHAVE DE ACESSO MUNICIPAL OU OUTRA;-9;805FF77B;;20250311;20250410;14323.05;0;14323.05
174872920;304;03;2025;3;23314651000151;ORGANIZACAO EMY LTDA;306;1;;5401800;CAETE;34800000;MG;2 - SIM, CHAVE DE ACESSO MUNICIPAL OU OUTRA;-9;06b8d63b4;;20250312;20250411;6016.83;0;6016.83
174872921;304;03;2025;3;09666624000117;GESTCOM INFORMATICA LIMITADA;92;1;;;PASSOS;37900104;MG;2 - SIM, CHAVE DE ACESSO MUNICIPAL OU OUTRA;-9;QRJ6LFZB;;20250305;20250326;7434.46;0;7434.46
174872922;304;03;2025;3;25191800000168;EMPRESA JORNALISTICA OPINIAO LTDA;2732;1;;;CAETE;34800000;MG;2 - SIM, CHAVE DE ACESSO MUNICIPAL OU OUTRA;-9;1BEA069D0;;20250331;20250415;680.2;0;680.2
174446872;304;03;2025;2;52429342000125;ALIANCA UTILIDADES & SERVICOS LTDA;442;-9;;;Sete Lagoas;35700350;MG;1 - SIM, PADRÃO ESTADUAL OU SINIEF 07/05;31250252429342000125550010000004421794213805;-9;;20250209;20250311;1227;0;1227
174446868;304;03;2025;2;01149960000180;ITALY - VALVULAS E METAIS LTDA;65300;-9;114650990111;00438912017;SAO PAULO;4164180;SP;1 - SIM, PADRÃO ESTADUAL OU SINIEF 07/05;35250201149960000180550010000653001695534543;-9;;20250207;20250309;5675;0;5675
174446869;304;03;2025;2;46687136000112;COMERCIAL J & C COMEX LTDA;204;-9;;;Para de Minas;35661685;MG;1 - SIM, PADRÃO ESTADUAL OU SINIEF 07/05;31250246687136000112550030000002041000015370;-9;;20250212;20250314;2342;0;2342
174446870;304;03;2025;2;03157268000391;GR INDUSTRIA E COMERCIO DE PRODUTOS QUIMICOS S.A;23823;-9;;;Conselheiro Lafaiete;36407380;MG;1 - SIM, PADRÃO ESTADUAL OU SINIEF 07/05;31250203157268000391550010000238231524047658;-9;;20250211;20250313;12950;0;12950
174446871;304;03;2025;2;41664871000197;POLYVIN PLASTICOS E DERIVADOS LTDA;63571;-9;7017893550075;278370;UBERABA;38055020;MG;1 - SIM, PADRÃO ESTADUAL OU SINIEF 07/05;31250241664871000197550000000635711002845370;-9;;20250220;20250324;3746.9;0;3746.9
174446873;304;03;2025;2;35302323000114;HIDROTEL COMERCIO E SERVICOS LTDA;2510;-9;;;Biguacu;88110612;SC;1 - SIM, PADRÃO ESTADUAL OU SINIEF 07/05;42250135302323000114550010000025101909175003;-9;;20250130;20250301;390;0;390
174446874;304;03;2025;2;46687136000112;COMERCIAL J & C COMEX LTDA;203;-9;;;Para de Minas;35661685;MG;1 - SIM, PADRÃO ESTADUAL OU SINIEF 07/05;31250246687136000112550030000002031000015365;-9;;20250212;20250314;3528.4;0;3528.4
174446875;304;03;2025;2;47860599000105;DISTRIBUIDORA FRANCINO LTDA;608;-9;;;Vespasiano;33200396;MG;1 - SIM, PADRÃO ESTADUAL OU SINIEF 07/05;31250247860599000105550010000006081702088404;-9;;20250210;20250311;188.5;0;188.5
174446876;304;03;2025;2;13224500000159;QUIMAFLEX CIENTIFICA LTDA;10230;-9;181151636110;;ARARAQUARA;14808161;SP;1 - SIM, PADRÃO ESTADUAL OU SINIEF 07/05;35250113224500000159550010000102301520141651;-9;;20250123;20250222;5600;0;5600
174446877;304;03;2025;2;46945369000178;FR INDUSTRIA E COMERCIO DE TUBOS E CONEXOES LTDA;802;-9;;160210379378;Curitiba;81550040;PR;1 - SIM, PADRÃO ESTADUAL OU SINIEF 07/05;41250246945369000178550010000008021000013449;-9;;20250206;20250308;1800;0;1800
174446878;304;03;2025;2;66832825000342;HIDROTAM INDUSTRIA E COMERCIO DE TUBOS E CONEXOES LTDA;2939;-9;;;Serra;29161376;ES;1 - SIM, PADRÃO ESTADUAL OU SINIEF 07/05;32250266832825000342550020000029391111767277;-9;;20250214;20250316;2280;0;2280
174446879;304;03;2025;2;41664871000197;POLYVIN PLASTICOS E DERIVADOS LTDA;63570;-9;7017893550075;278370;UBERABA;38055020;MG;1 - SIM, PADRÃO ESTADUAL OU SINIEF 07/05;31250241664871000197550000000635701002845364;-9;;20250220;20250324;2468;0;2468
174446880;304;03;2025;2;13851726000180;TOTAL SEGURANCA EQUIPAMENTOS DE PROTECAO E SERVICOS ESPECIALIZADOS LTDA;83347;-9;;;Mineiros;75830132;GO;1 - SIM, PADRÃO ESTADUAL OU SINIEF 07/05;52250213851726000180550010000833471001667211;-9;;20250212;20250320;131.8;0;131.8
174446881;304;03;2025;2;05931197000104;G2 MATERIAIS HIDRAULICOS LTDA;5367;-9;;;Joinville;89217100;SC;1 - SIM, PADRÃO ESTADUAL OU SINIEF 07/05;42250105931197000104550010000053671501397099;-9;;20250131;20250302;1437.62;0;1437.62
174446882;304;03;2025;2;05931197000104;G2 MATERIAIS HIDRAULICOS LTDA;5366;-9;;;Joinville;89217100;SC;1 - SIM, PADRÃO ESTADUAL OU SINIEF 07/05;42250105931197000104550010000053661501396370;-9;;20250131;20250302;640.85;0;640.85
174446883;304;03;2025;2;46687136000112;COMERCIAL J & C COMEX LTDA;202;-9;;;Para de Minas;35661685;MG;1 - SIM, PADRÃO ESTADUAL OU SINIEF 07/05;31250246687136000112550030000002021000015350;-9;;20250212;20250313;101.4;0;101.4
174446884;304;03;2025;2;52429342000125;ALIANCA UTILIDADES & SERVICOS LTDA;443;-9;;;Sete Lagoas;35700350;MG;1 - SIM, PADRÃO ESTADUAL OU SINIEF 07/05;31250252429342000125550010000004431958081350;-9;;20250209;20250311;2424.3;0;2424.3
174446885;304;03;2025;2;29185841000100;DELTA CERTIFICACAO DIGITAL LTDA;854;1;;9018989;FORMIGA;35570120;MG;2 - SIM, CHAVE DE ACESSO MUNICIPAL OU OUTRA;-9;SNA44HJI;;20250207;20250210;185;0;185
174446886;304;03;2025;2;09025241000160;MONITORA SEGURANCA ELETRONICA LTDA;2567;1;;;CAETE;34800000;MG;2 - SIM, CHAVE DE ACESSO MUNICIPAL OU OUTRA;-9;857395164;;20250217;20250317;6055.43;0;6055.43
174446887;304;03;2025;2;23314651000151;ORGANIZACAO EMY LTDA;304;1;;5401800;CAETE;34800000;MG;2 - SIM, CHAVE DE ACESSO MUNICIPAL OU OUTRA;-9;c24ccee73;;20250225;20250327;11824.63;0;11824.63
174446888;304;03;2025;2;41080423000146;MJA LOCACOES E TRANSPORTES LTDA;88;E;;;Barao de Cocais;34800000;MG;2 - SIM, CHAVE DE ACESSO MUNICIPAL OU OUTRA;-9;Q5JUCBQE;;20250203;20250310;19334;0;19334
174446892;304;03;2025;2;26756847000194;NAZARIO & LIMA SOCIEDADE DE ADVOGADOS;57;1;;07909110015;Belo Horizonte;30110044;MG;2 - SIM, CHAVE DE ACESSO MUNICIPAL OU OUTRA;-9;7E4FC370;;20250224;20250324;5826.39;0;5826.39
174446889;304;03;2025;2;23314651000151;ORGANIZACAO EMY LTDA;303;1;;5401800;CAETE;34800000;MG;2 - SIM, CHAVE DE ACESSO MUNICIPAL OU OUTRA;-9;0aaa06b94;;20250225;20250225;19792.99;0;19792.99
174446890;304;03;2025;2;04225153000198;INOVACAO COMPUTACAO MOVEL LTDA;7925;1;2231117480012;;DIVINOPOLIS;35501660;MG;2 - SIM, CHAVE DE ACESSO MUNICIPAL OU OUTRA;-9;31250204225153000198550010000079251000079267;;20250204;20250228;2637.76;0;2637.76
174446891;304;03;2025;2;12647709000162;FABIANO PAULO LAUDATE;447;1;;;CAETE;34800000;MG;2 - SIM, CHAVE DE ACESSO MUNICIPAL OU OUTRA;-9;31250212647709000162550010000004471508995158;;20250225;20250325;3644.01;0;3644.01
174446893;304;03;2025;2;02989244000174;PORTAL SOLUCOES LTDA;94;1;;;Belo Horizonte;30494170;MG;2 - SIM, CHAVE DE ACESSO MUNICIPAL OU OUTRA;-9;FE6C577B;;20250203;20250301;1500;0;1500
174446894;304;03;2025;2;12647709000162;FABIANO PAULO LAUDATE;448;1;;;CAETE;34800000;MG;2 - SIM, CHAVE DE ACESSO MUNICIPAL OU OUTRA;-9;31250212647709000162550010000004481860686848;;20250226;20250326;1107;0;1107
174446895;304;03;2025;2;14388363000150;FRANCA GERENCIAMENTO OCUPACIONAL LTDA;10;1;;;Belo Horizonte;30180005;MG;2 - SIM, CHAVE DE ACESSO MUNICIPAL OU OUTRA;-9;867112FC9;;20250224;20250326;2957.6;0;2957.6
174446896;304;03;2025;2;04225153000198;INOVACAO COMPUTACAO MOVEL LTDA;30889;1;2231117480012;;DIVINOPOLIS;35501660;MG;2 - SIM, CHAVE DE ACESSO MUNICIPAL OU OUTRA;-9;nn6fbpic2;;20250204;20250301;2800.53;0;2800.53
174446897;304;03;2025;2;11963458000162;LEONARDO FILOMENO;641;1;;;CAETE;34800000;MG;2 - SIM, CHAVE DE ACESSO MUNICIPAL OU OUTRA;-9;31250211963458000162550010000006411846202448;;20250211;20250310;2874.48;0;2874.48
174446898;304;03;2025;2;17926188000104;SINTAGMA ZENITE COMERCIO LTDA;1200;1;0021312160020;2202017;CAETE;34800000;MG;2 - SIM, CHAVE DE ACESSO MUNICIPAL OU OUTRA;-9;3125021792618800010455001000001284139213;;20250213;20250315;476;0;476
174446899;304;03;2025;2;14388363000150;FRANCA GERENCIAMENTO OCUPACIONAL LTDA;9;1;;;Belo Horizonte;30180005;MG;2 - SIM, CHAVE DE ACESSO MUNICIPAL OU OUTRA;-9;9917549F;;20250204;20250225;2957.6;0;2957.6
174446900;304;03;2025;2;02558157000162;TELEFONICA BRASIL S.A.;1955;1;;;Sao Paulo;4571936;SP;2 - SIM, CHAVE DE ACESSO MUNICIPAL OU OUTRA;-9;202502100000601955;;20250210;20250220;2987.5;0;2987.5
174446901;304;03;2025;2;30152694000143;30.152.694 ANDREA NAZARE SIQUEIRA;27;1;;;CAETE;34800000;MG;2 - SIM, CHAVE DE ACESSO MUNICIPAL OU OUTRA;-9;3110004223015262694000143000000000002725025660043702;;20250211;20250215;3149.82;0;3149.82
174446902;304;03;2025;2;17926188000104;SINTAGMA ZENITE COMERCIO LTDA;1190;1;0021312160020;2202017;CAETE;34800000;MG;2 - SIM, CHAVE DE ACESSO MUNICIPAL OU OUTRA;-9;31250117926188000104550010000011901640707432;;20250130;20250328;101.8;0;101.8
174446903;304;03;2025;2;17926188000104;SINTAGMA ZENITE COMERCIO LTDA;1193;1;0021312160020;2202017;CAETE;34800000;MG;2 - SIM, CHAVE DE ACESSO MUNICIPAL OU OUTRA;-9;31250217926188000104550010000011931534699966;;20250205;20250307;93.2;0;93.2
174446904;304;03;2025;2;01068423000106;JOSE LADISLAU DE SOUZA;97;1;0035861690022;5410060;CAETE;34800000;MG;2 - SIM, CHAVE DE ACESSO MUNICIPAL OU OUTRA;-9;a2b284ae1;;20250220;20250220;17085.8;0;17085.8
174446905;304;03;2025;2;21856981000143;WTRADE INTERMEDIACAO DE NEGOCIOS LTDA;21631;1;0027756080017;09811270010;BELO HORIZONTE;31960400;MG;2 - SIM, CHAVE DE ACESSO MUNICIPAL OU OUTRA;-9;31250221856981000143550010000216311351387352;;20250206;20250306;73.49;0;73.49
174446906;304;03;2025;2;25191800000168;EMPRESA JORNALISTICA OPINIAO LTDA;2707;1;;;CAETE;34800000;MG;2 - SIM, CHAVE DE ACESSO MUNICIPAL OU OUTRA;-9;a9c0966d4;;20250228;20250318;966.6;0;966.6
174446907;304;03;2025;2;05049369000102;MATOS & SILVA, TRANSPORTES, COMERCIO E SERVICOS LTDA;213;1;1002039360090;3642018;CAETE;34800000;MG;2 - SIM, CHAVE DE ACESSO MUNICIPAL OU OUTRA;-9;6dc45560e;;20250203;20250302;4178.12;0;4178.12
174446908;304;03;2025;2;17926188000104;SINTAGMA ZENITE COMERCIO LTDA;1204;1;0021312160020;2202017;CAETE;34800000;MG;2 - SIM, CHAVE DE ACESSO MUNICIPAL OU OUTRA;-9;31250217926188000104550010000012041577092570;;20250226;20250328;127;0;127
174446909;304;03;2025;2;02989244000174;PORTAL SOLUCOES LTDA;95;1;;;Belo Horizonte;30494170;MG;2 - SIM, CHAVE DE ACESSO MUNICIPAL OU OUTRA;-9;664D845A;;20250203;20250301;2835;0;2835
174446910;304;03;2025;2;41080423000146;MJA LOCACOES E TRANSPORTES LTDA;87;e;;;Barao de Cocais;34800000;MG;2 - SIM, CHAVE DE ACESSO MUNICIPAL OU OUTRA;-9;WFECETRZ;;20250203;20250310;18367.3;0;18367.3
174446911;304;03;2025;2;25314197000164;MATEUS SOARES RODRIGUES SILVA;2571;1;;;Contagem;32015370;MG;2 - SIM, CHAVE DE ACESSO MUNICIPAL OU OUTRA;-9;31250125314197000164550010000025711000453979;;20250131;20250211;100.06;0;100.06
174446912;304;03;2025;2;17926188000104;SINTAGMA ZENITE COMERCIO LTDA;1191;1;0021312160020;2202017;CAETE;34800000;MG;2 - SIM, CHAVE DE ACESSO MUNICIPAL OU OUTRA;-9;31250117926188000104550010000011911175669128;;20250130;20250307;24.3;0;24.3
174446913;304;03;2025;2;05049369000102;MATOS & SILVA, TRANSPORTES, COMERCIO E SERVICOS LTDA;214;1;1002039360090;3642018;CAETE;34800000;MG;2 - SIM, CHAVE DE ACESSO MUNICIPAL OU OUTRA;-9;3882AB925;;20250207;20250306;4296.6;0;4296.6
174446914;304;03;2025;2;12647709000162;FABIANO PAULO LAUDATE;445;1;;;CAETE;34800000;MG;2 - SIM, CHAVE DE ACESSO MUNICIPAL OU OUTRA;-9;31250212647709000162550010000004451940239382;;20250203;20250305;1413;0;1413
174446915;304;03;2025;2;26756847000194;NAZARIO & LIMA SOCIEDADE DE ADVOGADOS;64;1;;07909110015;Belo Horizonte;30110044;MG;2 - SIM, CHAVE DE ACESSO MUNICIPAL OU OUTRA;-9;DAF0ABD4;;20250226;20250328;5826.39;0;5826.39
174446916;304;03;2025;2;25191800000168;EMPRESA JORNALISTICA OPINIAO LTDA;2691;1;;;CAETE;34800000;MG;2 - SIM, CHAVE DE ACESSO MUNICIPAL OU OUTRA;-9;9b8e06021;;20250204;20250306;496.24;0;496.24
174446917;304;03;2025;2;01564385000344;LIBERTAS AUDITORES E CONSULTORES LTDA -EPP;663;S2;;;Nova Lima;34800000;MG;2 - SIM, CHAVE DE ACESSO MUNICIPAL OU OUTRA;-9;EEFD41E4A;;20250218;20250320;5655.95;0;5655.95
174446918;304;03;2025;2;21529392000150;SOLUCAO EM NEGOCIOS LTDA;4029;1;0024775320041;80808882017;BELO HORIZONTE;31150640;MG;2 - SIM, CHAVE DE ACESSO MUNICIPAL OU OUTRA;-9;3125022152939200015055001000004074256059;;20250204;20250306;3779.06;0;3779.06
174446919;304;03;2025;2;21856981000143;WTRADE INTERMEDIACAO DE NEGOCIOS LTDA;21630;1;0027756080017;09811270010;BELO HORIZONTE;31960400;MG;2 - SIM, CHAVE DE ACESSO MUNICIPAL OU OUTRA;-9;31250221856981000143550010000216301178474654;;20250206;20250306;352.6;0;352.6
174446920;304;03;2025;2;12647709000162;FABIANO PAULO LAUDATE;444;1;;;CAETE;34800000;MG;2 - SIM, CHAVE DE ACESSO MUNICIPAL OU OUTRA;-9;31250212647709000162550010000004441896802890;;20250203;20250302;1413;0;1413
174424419;304;03;2025;1;00636766000167;DIOGENES SILVA COMERCIO & SERVICOS LTDA;117;1;;;CAETE;34800000;MG;2 - SIM, CHAVE DE ACESSO MUNICIPAL OU OUTRA;-9;db07a9f8f;;20250108;20250121;2292.72;0;2292.72
174446921;304;03;2025;2;17926188000104;SINTAGMA ZENITE COMERCIO LTDA;1194;1;0021312160020;2202017;CAETE;34800000;MG;2 - SIM, CHAVE DE ACESSO MUNICIPAL OU OUTRA;-9;31250217926188000104550010000011941421692165;;20250205;20250307;1610;0;1610
174424415;304;03;2025;1;53798339000141;EQUIPA CASTRO LTDA;66;-9;;;Formiga;35574422;MG;1 - SIM, PADRÃO ESTADUAL OU SINIEF 07/05;31250153798339000141550010000000661115113114;-9;;20250129;20250227;1500;0;1500
174424416;304;03;2025;1;65353401000170;COMERCIAL VENER LTDA;39356;-9;;;Belo Horizonte;31230240;MG;1 - SIM, PADRÃO ESTADUAL OU SINIEF 07/05;31250165353401000170550010000393561489340925;-9;;20250130;20250301;156.2;0;156.2
174424417;304;03;2025;1;04225153000198;INOVACAO COMPUTACAO MOVEL LTDA;7801;-9;2231117480012;;DIVINOPOLIS;35501660;MG;1 - SIM, PADRÃO ESTADUAL OU SINIEF 07/05;31250104225153000198550010000078011000078022;-9;;20250115;20250208;7250;0;7250
174424418;304;03;2025;1;06981180000116;CEMIG DISTRIBUICAO S.A;229347493;-9;;;BELO HORIZONTE;30190131;MG;1 - SIM, PADRÃO ESTADUAL OU SINIEF 07/05;31250106981180000116660002293474931017977828;-9;;20250115;20250204;1725.88;0;1725.88
174424420;304;03;2025;1;01564385000344;LIBERTAS AUDITORES E CONSULTORES LTDA -EPP;639;2;;;Nova Lima;34800000;MG;2 - SIM, CHAVE DE ACESSO MUNICIPAL OU OUTRA;-9;9D2ED9BCA;;20250120;20250218;5655.95;0;5655.95
174424421;304;03;2025;1;09025241000160;MONITORA SEGURANCA ELETRONICA LTDA;2531;1;;;CAETE;34800000;MG;2 - SIM, CHAVE DE ACESSO MUNICIPAL OU OUTRA;-9;14A6849DB;;20250115;20250215;6055.43;0;6055.43
174424422;304;03;2025;1;41080423000146;MJA LOCACOES E TRANSPORTES LTDA;85;E;;;Barao de Cocais;34800000;MG;2 - SIM, CHAVE DE ACESSO MUNICIPAL OU OUTRA;-9;2UJO06AW;;20250103;20250202;18367.3;0;18367.3
174424423;304;03;2025;1;14388363000150;FRANCA GERENCIAMENTO OCUPACIONAL LTDA;1;1;;;Belo Horizonte;30180005;MG;2 - SIM, CHAVE DE ACESSO MUNICIPAL OU OUTRA;-9;5A0DEDA7;;20250106;20250205;2957.6;0;2957.6
174424424;304;03;2025;1;12647709000162;FABIANO PAULO LAUDATE;440;1;;;CAETE;34800000;MG;2 - SIM, CHAVE DE ACESSO MUNICIPAL OU OUTRA;-9;31250112647709000162550010000004401885540071;;20250127;20250226;1845;0;1845
174424425;304;03;2025;1;41719477000109;KARAIBA MATERIAIS DE CONSTRUCAO LTDA;14849;1;57278700000071;612017;SANTA BARBARA;35960000;MG;2 - SIM, CHAVE DE ACESSO MUNICIPAL OU OUTRA;-9;31250141719477000109550010000148491710940877;;20250124;20250223;1075;0;1075
174424426;304;03;2025;1;04225153000198;INOVACAO COMPUTACAO MOVEL LTDA;7765;1;2231117480012;;DIVINOPOLIS;35501660;MG;2 - SIM, CHAVE DE ACESSO MUNICIPAL OU OUTRA;-9;31250104225153000198550010000077651000077664;;20250102;20250131;2637.76;0;2637.76
174424427;304;03;2025;1;41080423000146;MJA LOCACOES E TRANSPORTES LTDA;86;E;;;Barao de Cocais;34800000;MG;2 - SIM, CHAVE DE ACESSO MUNICIPAL OU OUTRA;-9;DSSNBIIK;;20250103;20250202;18643.5;0;18643.5
174424428;304;03;2025;1;05049369000102;MATOS & SILVA, TRANSPORTES, COMERCIO E SERVICOS LTDA;212;1;1002039360090;3642018;CAETE;34800000;MG;2 - SIM, CHAVE DE ACESSO MUNICIPAL OU OUTRA;-9;d49e41ac9;;20250103;20250202;4574.76;0;4574.76
174424429;304;03;2025;1;01068423000106;JOSE LADISLAU DE SOUZA;96;1;0035861690022;5410060;CAETE;34800000;MG;2 - SIM, CHAVE DE ACESSO MUNICIPAL OU OUTRA;-9;8c967e870;;20250128;20250227;27069.17;0;27069.17
174424430;304;03;2025;1;01564385000344;LIBERTAS AUDITORES E CONSULTORES LTDA -EPP;635;2;;;Nova Lima;34800000;MG;2 - SIM, CHAVE DE ACESSO MUNICIPAL OU OUTRA;-9;FD783461A;;20250113;20250211;5655.95;0;5655.95
174424434;304;03;2025;1;23314651000151;ORGANIZACAO EMY LTDA;301;1;;5401800;CAETE;34800000;MG;2 - SIM, CHAVE DE ACESSO MUNICIPAL OU OUTRA;-9;6f44c2cee;;20250131;20250301;20287.11;0;20287.11
174424431;304;03;2025;1;04225153000198;INOVACAO COMPUTACAO MOVEL LTDA;7776;1;2231117480012;;DIVINOPOLIS;35501660;MG;2 - SIM, CHAVE DE ACESSO MUNICIPAL OU OUTRA;-9;312501042251530053000198550010000077761000077773;;20250102;20250131;2637.76;0;2637.76
174424432;304;03;2025;1;30968913000167;WENDERSON SILVA PEIXOTO DE MELLO;210;1;;;CAETE;34800000;MG;2 - SIM, CHAVE DE ACESSO MUNICIPAL OU OUTRA;-9;de8d99278;;20250130;20250301;39802.5;0;39802.5
174424433;304;03;2025;1;14644274000128;ROSIMEIRE RODRIGUES ALVES VIEIRA 07038545698;46;1;;;CAETE;34800000;MG;2 - SIM, CHAVE DE ACESSO MUNICIPAL OU OUTRA;-9;3110000422146442740001280000000000010225013305964151;;20250124;20250223;958.3;0;958.3
174424435;304;03;2025;1;23314651000151;ORGANIZACAO EMY LTDA;302;1;;5401800;CAETE;34800000;MG;2 - SIM, CHAVE DE ACESSO MUNICIPAL OU OUTRA;-9;8945b277d;;20250131;20250302;6961.44;0;6961.44
174424436;304;03;2025;1;26756847000194;NAZARIO & LIMA SOCIEDADE DE ADVOGADOS;21;1;;07909110015;Belo Horizonte;30110044;MG;2 - SIM, CHAVE DE ACESSO MUNICIPAL OU OUTRA;-9;523B6933;;20250122;20250222;5826.39;0;5826.39
174424437;304;03;2025;1;00636766000167;DIOGENES SILVA COMERCIO & SERVICOS LTDA;118;1;;;CAETE;34800000;MG;2 - SIM, CHAVE DE ACESSO MUNICIPAL OU OUTRA;-9;9A5715E42;;20250108;20250207;737.01;0;737.01
174424438;304;03;2025;1;30152694000143;30.152.694 ANDREA NAZARE SIQUEIRA;24;900;;;CAETE;34800000;MG;2 - SIM, CHAVE DE ACESSO MUNICIPAL OU OUTRA;-9;3110004422301526940001430000000000245012264135164;;20250108;20250207;820.8;0;820.8
174424439;304;03;2025;1;05684180000191;COMPANHIA ITABIRANA DE TELECOMUNICACOES LTDA;76;1;;;ITABIRA;35900009;MG;2 - SIM, CHAVE DE ACESSO MUNICIPAL OU OUTRA;-9;25127907;;20250102;20250203;1989.29;0;1989.29
174424440;304;03;2025;1;04225153000198;INOVACAO COMPUTACAO MOVEL LTDA;30699;1;2231117480012;;DIVINOPOLIS;35501660;MG;2 - SIM, CHAVE DE ACESSO MUNICIPAL OU OUTRA;-9;QSK7VJCGK;;20250102;20250131;2800.53;0;2800.53
174424441;304;03;2025;1;30968913000167;WENDERSON SILVA PEIXOTO DE MELLO;209;1;;;CAETE;34800000;MG;2 - SIM, CHAVE DE ACESSO MUNICIPAL OU OUTRA;-9;9d9059322;;20250130;20250301;27450;0;27450
174424442;304;03;2025;1;25191800000168;EMPRESA JORNALISTICA OPINIAO LTDA;2673;1;;;CAETE;34800000;MG;2 - SIM, CHAVE DE ACESSO MUNICIPAL OU OUTRA;-9;15701fed6;;20250109;20250208;6740.4;0;6740.4
174424443;304;03;2025;1;09025241000160;MONITORA SEGURANCA ELETRONICA LTDA;2521;1;;;CAETE;34800000;MG;2 - SIM, CHAVE DE ACESSO MUNICIPAL OU OUTRA;-9;1303C26D7;;20250106;20250205;6055.43;0;6055.43
174424444;304;03;2025;1;26756847000194;NAZARIO & LIMA SOCIEDADE DE ADVOGADOS;14;1;;07909110015;Belo Horizonte;30110044;MG;2 - SIM, CHAVE DE ACESSO MUNICIPAL OU OUTRA;-9;F59A80CF;;20250110;20250209;5826.39;0;5826.39
174436115;306;05;2025;2;17578748000179;MICHELLE PEDROSO SERVICOS CONTABEIS LTDA;656;E;;105870;Caete;34800000;MG;2 - SIM, CHAVE DE ACESSO MUNICIPAL OU OUTRA;-9;84d284247;;20250201;20250228;1450;0;1450
174436110;306;05;2025;2;47860599000105;DISTRIBUIDORA FRANCINO LTDA;602;-9;;;Vespasiano;33200396;MG;1 - SIM, PADRÃO ESTADUAL OU SINIEF 07/05;31250247860599000105550010000006021702088460;-9;;20250210;20250310;632.52;0;632.52
174436111;306;05;2025;2;47860599000105;DISTRIBUIDORA FRANCINO LTDA;605;-9;;;Vespasiano;33200396;MG;1 - SIM, PADRÃO ESTADUAL OU SINIEF 07/05;31250247860599000105550010000006051702088461;-9;;20250210;20250310;70;0;70
174436112;306;05;2025;2;47860599000105;DISTRIBUIDORA FRANCINO LTDA;604;-9;;;Vespasiano;33200396;MG;1 - SIM, PADRÃO ESTADUAL OU SINIEF 07/05;31250247860599000105550010000006041702088464;-9;;20250210;20250310;121.8;0;121.8
174436113;306;05;2025;2;47860599000105;DISTRIBUIDORA FRANCINO LTDA;606;-9;;;Vespasiano;33200396;MG;1 - SIM, PADRÃO ESTADUAL OU SINIEF 07/05;31250247860599000105550010000006061702088469;-9;;20250210;20250310;833.25;0;833.25
174436114;306;05;2025;2;47860599000105;DISTRIBUIDORA FRANCINO LTDA;607;-9;;;Vespasiano;33200396;MG;1 - SIM, PADRÃO ESTADUAL OU SINIEF 07/05;31250247860599000105550010000006071702088466;-9;;20250210;20250210;5813.19;0;5813.19
174441000;302;01;2025;2;11963458000162;LEONARDO FILOMENO;637;-9;;;CAETE;34800000;MG;1 - SIM, PADRÃO ESTADUAL OU SINIEF 07/05;31250211963458000162550010000006371421083267;-9;;20250205;20250207;1443.06;0;1443.06
174423126;306;05;2025;1;17431354000193;FERRO E ACO TAKONO LTDA;789244;-9;0620125600045;;Belo Horizonte;31975275;MG;1 - SIM, PADRÃO ESTADUAL OU SINIEF 07/05;31250117431354000193550010007892441577959217;-9;;20250123;20250123;2051.9;0;2051.9
174440996;302;01;2025;2;47860599000105;DISTRIBUIDORA FRANCINO LTDA;609;-9;;;Vespasiano;33200396;MG;1 - SIM, PADRÃO ESTADUAL OU SINIEF 07/05;31250247860599000105550010000006091702088363;-9;;20250210;20250214;1000;0;1000
174440997;302;01;2025;2;11963458000162;LEONARDO FILOMENO;636;-9;;;CAETE;34800000;MG;1 - SIM, PADRÃO ESTADUAL OU SINIEF 07/05;31250211963458000162550010000006361464996143;-9;;20250205;20250207;3843;0;3843
174440998;302;01;2025;2;21529392000231;SOLUCAO EM NEGOCIOS LTDA;1590;-9;;;Serra;29161813;ES;1 - SIM, PADRÃO ESTADUAL OU SINIEF 07/05;32250221529392000231550010000015901712760967;-9;;20250214;20250220;9997.18;0;9997.18
174440999;302;01;2025;2;19607649000101;CASTELO GRAFICA E EDITORA LTDA;1831;-9;;;BATATAIS;14315766;SP;1 - SIM, PADRÃO ESTADUAL OU SINIEF 07/05;35250219607649000101550010000018311000061800;-9;;20250211;20250220;1800;0;1800
174441001;302;01;2025;2;17926188000104;SINTAGMA ZENITE COMERCIO LTDA;1192;-9;;;CAETE;34800000;MG;1 - SIM, PADRÃO ESTADUAL OU SINIEF 07/05;31250217926188000104550010000011921343384785;-9;;20250205;20250207;607.5;0;607.5
174441005;302;01;2025;2;12039966000111;LINK CARD ADMINISTRADORA DE BENEFICIOS LTDA;3955;NFSe;;;BURI;18290000;SP;2 - SIM, CHAVE DE ACESSO MUNICIPAL OU OUTRA;-9;135H690855270372399U;;20250201;20250205;2079.4;0;2079.4
174441002;302;01;2025;2;10975133000137;APLICAR TECNOLOGIA LTDA;25;NFSe;;;BELO HORIZONTE;30220270;MG;2 - SIM, CHAVE DE ACESSO MUNICIPAL OU OUTRA;-9;4dd213f7;;20250204;20250207;194251.6;0;194251.6
174441003;302;01;2025;2;02976530000103;O 2 PLUS CARD INSTITUICAO DE PAGAMENTOS  LTDA;163;NFSe;;;Aguai;13863024;SP;2 - SIM, CHAVE DE ACESSO MUNICIPAL OU OUTRA;-9;PTLWTLZFI;;20250221;20250221;911.05;0;911.05
174441004;302;01;2025;2;27287226000171;SNAP INFORMATICA LTDA;167292;NFSe;;;RIO DE JANEIRO;20090003;RJ;2 - SIM, CHAVE DE ACESSO MUNICIPAL OU OUTRA;-9;M74IRRGI;;20250224;20250224;105;0;105
174441006;302;01;2025;2;43706443000105;LUIZ GUILHERME MARCONDES CAMPOS LTDA;105;NFSe;;;Pindamonhangaba;12420280;SP;2 - SIM, CHAVE DE ACESSO MUNICIPAL OU OUTRA;-9;BGMXWSG6;;20250211;20250217;6600;0;6600
174441007;302;01;2025;2;02976530000103;O 2 PLUS CARD INSTITUICAO DE PAGAMENTOS  LTDA;134;NFSe;;;Aguai;13863024;SP;2 - SIM, CHAVE DE ACESSO MUNICIPAL OU OUTRA;-9;U14U6ZNYI;;20250203;20250203;13041.13;0;13041.13
174441008;302;01;2025;2;02976530000103;O 2 PLUS CARD INSTITUICAO DE PAGAMENTOS  LTDA;147;NFSe;;;Aguai;13863024;SP;2 - SIM, CHAVE DE ACESSO MUNICIPAL OU OUTRA;-9;QKOBMYVT1;;20250210;20250221;455.34;0;455.34
174441009;302;01;2025;2;26427482000154;AGIL LTDA;12068;NFSe;;;Itajai;88302200;SC;2 - SIM, CHAVE DE ACESSO MUNICIPAL OU OUTRA;-9;I4TLYZTL;;20250210;20250210;10840.28;0;10840.28
174441010;302;01;2025;2;02976530000103;O 2 PLUS CARD INSTITUICAO DE PAGAMENTOS  LTDA;172;NFSe;;;Aguai;13863024;SP;2 - SIM, CHAVE DE ACESSO MUNICIPAL OU OUTRA;-9;EGJAJDPQ8;;20250228;20250310;13346.84;0;13346.84
174441011;302;01;2025;2;00165960000101;GOVERNANCABRASIL S/A TECNOLOGIA E GESTAO EM SERVICOS;127704;NFSe;;;BLUMENAU;89036001;SC;2 - SIM, CHAVE DE ACESSO MUNICIPAL OU OUTRA;-9;506A477FF;;20250228;20250330;14358.72;0;14358.72
174441012;302;01;2025;2;25191800000168;EMPRESA JORNALISTICA OPINIAO LTDA;2692;NFSE;;;CAETE;34800000;MG;2 - SIM, CHAVE DE ACESSO MUNICIPAL OU OUTRA;-9;142b276df;;20250204;20250207;1234.77;0;1234.77
174441013;302;01;2025;2;31136137000100;31.136.137 MIRIAN CRISTINA DE ANDRADE;46530495;-9;0032483920004;;BETIM;32602390;MG;4 - SIM, PADRÃO ESTADUAL OU SINIEF 07/05 - AVULSA;31250216907746000113558900465304951853748914;-9;;20250204;20250207;470;0;470
174426613;302;01;2025;1;11963458000162;LEONARDO FILOMENO;635;-9;;;CAETE;34800000;MG;1 - SIM, PADRÃO ESTADUAL OU SINIEF 07/05;31250111963458000162550010000006351111698230;-9;;20250128;20250131;2433.9;0;2433.9
174426610;302;01;2025;1;52103510000198;TERABAYTE COMERCIO E SERVICOS LTDA;267;-9;;;Belo Horizonte;30850120;MG;1 - SIM, PADRÃO ESTADUAL OU SINIEF 07/05;31250152103510000198550010000002671256024379;-9;;20250109;20250109;2908.5;0;2908.5
174426611;302;01;2025;1;47094894000190;AL OLIVEIRA LTDA;567;-9;;;Barao de Cocais;35970000;MG;1 - SIM, PADRÃO ESTADUAL OU SINIEF 07/05;31250147094894000190550010000005671006371202;-9;;20250122;20250123;7690;0;7690
174426612;302;01;2025;1;17081258000162;RELOJOARIA VIDIGAL LTDA;4203;-9;;;Barbacena;34800000;MG;1 - SIM, PADRÃO ESTADUAL OU SINIEF 07/05;31250117081258000162550010000042031863510769;-9;;20250128;20250131;3580;0;3580
174426614;302;01;2025;1;53448772000157;DEBRUM MOVEIS CORPORATIVOS LTDA;201;-9;;;Formiga;35576192;MG;1 - SIM, PADRÃO ESTADUAL OU SINIEF 07/05;31250153448772000157550010000002011688760049;-9;;20250117;20250220;11000;0;11000
174426615;302;01;2025;1;40970036000112;THAYLA GALVAO VILELA - DECORACOES;19;-9;;;Passos;37903558;MG;1 - SIM, PADRÃO ESTADUAL OU SINIEF 07/05;31250140970036000112550010000000191000057710;-9;;20250117;20250217;14200;0;14200
174426616;302;01;2025;1;46243178000164;IDEAL PRODUTOS E SERVICOS LTDA;292;-9;;;Diamantina;39100000;MG;1 - SIM, PADRÃO ESTADUAL OU SINIEF 07/05;31250146243178000164550010000002921362349709;-9;;20250102;20250108;470;0;470
174426617;302;01;2025;1;08369442000111;C & C CONTROLE DE PONTO E ACESSO LTDA;5025;-9;;;BELO HORIZONTE;30421056;MG;1 - SIM, PADRÃO ESTADUAL OU SINIEF 07/05;31250108369442000111550010000050251112092264;-9;;20250122;20250205;735;0;735
174426618;302;01;2025;1;23317916000175;MUNDO OFFICE LTDA;2342;-9;;;BETIM;32656650;MG;1 - SIM, PADRÃO ESTADUAL OU SINIEF 07/05;31250123317916000175550010000023421004640323;-9;;20250128;20250130;12500;0;12500
174426619;302;01;2025;1;07051313000118;ACTCON SOLUCOES WEB LTDA.;102;NFSe;;;IPATINGA;35162363;MG;2 - SIM, CHAVE DE ACESSO MUNICIPAL OU OUTRA;-9;TAGCLG4K;;20250130;20250228;4583.33;0;4583.33
174426620;302;01;2025;1;09025241000160;MONITORA SEGURANCA ELETRONICA LTDA;2548;NFSe;;;CAETE;34800000;MG;2 - SIM, CHAVE DE ACESSO MUNICIPAL OU OUTRA;-9;e27909938;;20250131;20250205;3300;0;3300
174426621;302;01;2025;1;29185841000100;DELTA CERTIFICACAO DIGITAL LTDA;29;NFSe;;9018989;FORMIGA;35570094;MG;2 - SIM, CHAVE DE ACESSO MUNICIPAL OU OUTRA;-9;EC5LNC4A;;20250106;20250109;119;0;119
174426622;302;01;2025;1;08369442000111;C & C CONTROLE DE PONTO E ACESSO LTDA;235;NFSe;;;BELO HORIZONTE;30421056;MG;2 - SIM, CHAVE DE ACESSO MUNICIPAL OU OUTRA;-9;32dd0d28;;20250122;20250122;90;0;90
174426623;302;01;2025;1;35275267000176;CENA PRODUCOES LTDA;536;E;;;Barao de Cocais;35970000;MG;2 - SIM, CHAVE DE ACESSO MUNICIPAL OU OUTRA;-9;0GVZMOAT;;20250104;20250107;3775;0;3775
174426624;302;01;2025;1;02976530000103;O 2 PLUS CARD INSTITUICAO DE PAGAMENTOS  LTDA;108;NFSe;;;Aguai;13863024;SP;2 - SIM, CHAVE DE ACESSO MUNICIPAL OU OUTRA;-9;YTIPJKQ8D;;20250114;20250114;12751.28;0;12751.28
174426625;302;01;2025;1;42784496000181;CENTRO MEDICO LTDA;10761;NFSe;;;CAETE;34800000;MG;2 - SIM, CHAVE DE ACESSO MUNICIPAL OU OUTRA;-9;062ef92db;;20250114;20250114;50;0;50
174426626;302;01;2025;1;00165960000101;GOVERNANCABRASIL S/A TECNOLOGIA E GESTAO EM SERVICOS;125579;NFSe;;;BLUMENAU;89036001;SC;2 - SIM, CHAVE DE ACESSO MUNICIPAL OU OUTRA;-9;86C16887C;;20250130;20250130;140;0;140
174426627;302;01;2025;1;21650715000160;INSTITUTO DE DESENVOLVIMENTO PUBLICO PLENUM BRASIL LTDA;26;NFSe;;;BELO HORIZONTE;30840560;MG;2 - SIM, CHAVE DE ACESSO MUNICIPAL OU OUTRA;-9;ae9c7c9d;;20250131;20250205;1390;0;1390
174426628;302;01;2025;1;29185841000100;DELTA CERTIFICACAO DIGITAL LTDA;92;000;;9018989;FORMIGA;35570094;MG;2 - SIM, CHAVE DE ACESSO MUNICIPAL OU OUTRA;-9;SNA41X5E;;20250110;20250113;185;0;185
174426629;302;01;2025;1;26427482000154;AGIL LTDA;10367;a1;;;Itajai;88302200;SC;2 - SIM, CHAVE DE ACESSO MUNICIPAL OU OUTRA;-9;Y2CB1KGS;;20250104;20250104;10840.28;0;10840.28
174426630;302;01;2025;1;42784496000181;CENTRO MEDICO LTDA;10690;NFSe;;;CAETE;34800000;MG;2 - SIM, CHAVE DE ACESSO MUNICIPAL OU OUTRA;-9;70f0a1b94;;20250108;20250108;100;0;100
174426631;302;01;2025;1;12039966000111;LINK CARD ADMINISTRADORA DE BENEFICIOS LTDA;1295362;NFSe;;;BURI;18290000;SP;2 - SIM, CHAVE DE ACESSO MUNICIPAL OU OUTRA;-9;INTRBF2953622025;;20250102;20250108;2881.56;0;2881.56
174426632;302;01;2025;1;21650715000160;INSTITUTO DE DESENVOLVIMENTO PUBLICO PLENUM BRASIL LTDA;27;NFSe;;;BELO HORIZONTE;30840560;MG;2 - SIM, CHAVE DE ACESSO MUNICIPAL OU OUTRA;-9;167da97c;;20250131;20250131;1890;0;1890
174426633;302;01;2025;1;00165960000101;GOVERNANCABRASIL S/A TECNOLOGIA E GESTAO EM SERVICOS;125578;NFSe;;;BLUMENAU;89036001;SC;2 - SIM, CHAVE DE ACESSO MUNICIPAL OU OUTRA;-9;6F4A20914;;20250130;20250228;1680;0;1680
174426634;302;01;2025;1;00165960000101;GOVERNANCABRASIL S/A TECNOLOGIA E GESTAO EM SERVICOS;126028;E;;;BLUMENAU;89036001;SC;2 - SIM, CHAVE DE ACESSO MUNICIPAL OU OUTRA;-9;BF8992D93;;20250131;20250131;14358.72;0;14358.72
175985848;304;03;2025;4;41664871000197;POLYVIN PLASTICOS E DERIVADOS LTDA;63933;-9;7017893550075;278370;UBERABA;38055020;MG;1 - SIM, PADRÃO ESTADUAL OU SINIEF 07/05;31250441664871000197550000000639331002855802;-9;;20250409;20250509;179.5;0;179.5
175985844;304;03;2025;4;41664871000197;POLYVIN PLASTICOS E DERIVADOS LTDA;63935;-9;7017893550075;278370;UBERABA;38055020;MG;1 - SIM, PADRÃO ESTADUAL OU SINIEF 07/05;31250441664871000197550000000639351002855823;-9;;20250409;20250509;1031;0;1031
175985845;304;03;2025;4;35302323000114;HIDROTEL COMERCIO E SERVICOS LTDA;2733;-9;;;Biguacu;88110612;SC;1 - SIM, PADRÃO ESTADUAL OU SINIEF 07/05;42250435302323000114550010000027331531335360;-9;;20250403;20250503;956.96;0;956.96
175985846;304;03;2025;4;05931197000104;G2 MATERIAIS HIDRAULICOS LTDA;6345;-9;;;Joinville;89217100;SC;1 - SIM, PADRÃO ESTADUAL OU SINIEF 07/05;42250405931197000104550010000063451521835707;-9;;20250422;20250522;3313.98;0;3313.98
175985847;304;03;2025;4;01149960000180;ITALY - VALVULAS E METAIS LTDA;66028;-9;114650990111;00438912017;SAO PAULO;4164180;SP;1 - SIM, PADRÃO ESTADUAL OU SINIEF 07/05;35250401149960000180550010000660281092883658;-9;;20250408;20250508;2600;0;2600
175985849;304;03;2025;4;01061762000160;DELFINI INDUSTRIA COMERCIO LTDA;25281;-9;;;ARARAQUARA;14802010;SP;1 - SIM, PADRÃO ESTADUAL OU SINIEF 07/05;35250401061762000160550010000252811000337855;-9;;20250403;20250508;11360;0;11360
175985850;304;03;2025;4;12647709000162;FABIANO PAULO LAUDATE;171;1;;;CAETE;34800000;MG;2 - SIM, CHAVE DE ACESSO MUNICIPAL OU OUTRA;-9;31250412647709000162550010000004591382442200;;20250423;20250523;738;0;738
175985851;304;03;2025;4;02332638000155;HIDROSANBH SOLUCOES EM SANEAMENTO E MEDICAO DE AGUA LTDA;8536;1;0627381670010;1449970017;BELO HORIZONTE;31130680;MG;2 - SIM, CHAVE DE ACESSO MUNICIPAL OU OUTRA;-9;31250402332638000155550010000085361000130195;;20250403;20250504;1442;0;1442
175985852;304;03;2025;4;02989244000174;PORTAL SOLUCOES LTDA;343;1;;;Belo Horizonte;30494170;MG;2 - SIM, CHAVE DE ACESSO MUNICIPAL OU OUTRA;-9;8E1152F4;;20250401;20250501;1500;0;1500
175985853;304;03;2025;4;17926188000104;SINTAGMA ZENITE COMERCIO LTDA;1226;1;0021312160020;2202017;CAETE;34800000;MG;2 - SIM, CHAVE DE ACESSO MUNICIPAL OU OUTRA;-9;31250417926188000104550010000012261355605517;;20250430;20250530;4746;0;4746
175985854;304;03;2025;4;01068423000106;JOSE LADISLAU DE SOUZA;100;0;0035861690022;5410060;CAETE;34800000;MG;2 - SIM, CHAVE DE ACESSO MUNICIPAL OU OUTRA;-9;484a139d3;;20250429;20250429;15423;0;15423
175985855;304;03;2025;4;23314651000151;ORGANIZACAO EMY LTDA;314;1;;5401800;CAETE;34800000;MG;2 - SIM, CHAVE DE ACESSO MUNICIPAL OU OUTRA;-9;7E666525F;;20250410;20250510;24450.21;0;24450.21
175985856;304;03;2025;4;04225153000198;INOVACAO COMPUTACAO MOVEL LTDA;8341;1;2231117480012;;DIVINOPOLIS;35501660;MG;2 - SIM, CHAVE DE ACESSO MUNICIPAL OU OUTRA;-9;31250404225153000198550010000083411000083429;;20250429;20250524;7250;0;7250
175985857;304;03;2025;4;02989244000174;PORTAL SOLUCOES LTDA;344;1;;;Belo Horizonte;30494170;MG;2 - SIM, CHAVE DE ACESSO MUNICIPAL OU OUTRA;-9;F5F27FD3;;20250401;20250501;2835;0;2835
175985858;304;03;2025;4;30968913000167;WENDERSON SILVA PEIXOTO DE MELLO;218;1;;;CAETE;34800000;MG;2 - SIM, CHAVE DE ACESSO MUNICIPAL OU OUTRA;-9;926A0454A;;20250403;20250503;14640;0;14640
175985859;304;03;2025;4;09025241000160;MONITORA SEGURANCA ELETRONICA LTDA;2616;1;;;CAETE;34800000;MG;2 - SIM, CHAVE DE ACESSO MUNICIPAL OU OUTRA;-9;3462C2BC3;;20250416;20250516;6055.43;0;6055.43
175985860;304;03;2025;4;23314651000151;ORGANIZACAO EMY LTDA;313;1;;5401800;CAETE;34800000;MG;2 - SIM, CHAVE DE ACESSO MUNICIPAL OU OUTRA;-9;32EDE4DE2;;20250410;20250510;2455.18;0;2455.18
175985861;304;03;2025;4;41080423000146;MJA LOCACOES E TRANSPORTES LTDA;98;E;;;Barao de Cocais;34800000;MG;2 - SIM, CHAVE DE ACESSO MUNICIPAL OU OUTRA;-9;UN2WI4XG;;20250410;20250510;20162.6;0;20162.6
175985862;304;03;2025;4;00165960000101;GOVERNANCABRASIL S/A TECNOLOGIA E GESTAO EM SERVICOS;130951;E;;118538;BLUMENAU;89036001;SC;2 - SIM, CHAVE DE ACESSO MUNICIPAL OU OUTRA;-9;4849E1624;;20250430;20250605;10025.54;0;10025.54
175985863;304;03;2025;4;11963458000162;LEONARDO FILOMENO;655;1;;;CAETE;34800000;MG;2 - SIM, CHAVE DE ACESSO MUNICIPAL OU OUTRA;-9;31250411963458000162550010000006551168615117;;20250424;20250524;511.56;0;511.56
175985864;304;03;2025;4;41080423000146;MJA LOCACOES E TRANSPORTES LTDA;99;E;;;Barao de Cocais;34800000;MG;2 - SIM, CHAVE DE ACESSO MUNICIPAL OU OUTRA;-9;SZGNS228;;20250422;20250522;16295.8;0;16295.8
175985865;304;03;2025;4;21935659000100;FACE CARD ADMINISTRADORA DE CARTOES LTDA;282886;1;;;Barueri;6453038;SP;2 - SIM, CHAVE DE ACESSO MUNICIPAL OU OUTRA;-9;340Z898759552316399Z;;20250401;20250425;22215.27;0;22215.27
175985866;304;03;2025;4;23314651000151;ORGANIZACAO EMY LTDA;309;1;;5401800;CAETE;34800000;MG;2 - SIM, CHAVE DE ACESSO MUNICIPAL OU OUTRA;-9;569deb621;;20250401;20250501;13635.74;0;13635.74
175985867;304;03;2025;4;23314651000151;ORGANIZACAO EMY LTDA;311;1;;5401800;CAETE;34800000;MG;2 - SIM, CHAVE DE ACESSO MUNICIPAL OU OUTRA;-9;59454B25F;;20250410;20250410;9090.73;0;9090.73
175985868;304;03;2025;4;01068423000106;JOSE LADISLAU DE SOUZA;99;1;0035861690022;5410060;CAETE;34800000;MG;2 - SIM, CHAVE DE ACESSO MUNICIPAL OU OUTRA;-9;92e912f17;;20250415;20250515;13389.46;0;13389.46
175985869;304;03;2025;4;41080423000146;MJA LOCACOES E TRANSPORTES LTDA;103;E;;;Barao de Cocais;34800000;MG;2 - SIM, CHAVE DE ACESSO MUNICIPAL OU OUTRA;-9;YDGT5H4K;;20250423;20250523;11462.3;0;11462.3
175985870;304;03;2025;4;01564385000344;LIBERTAS AUDITORES E CONSULTORES LTDA -EPP;713;2;;;Nova Lima;34800000;MG;2 - SIM, CHAVE DE ACESSO MUNICIPAL OU OUTRA;-9;9ADA6140D;;20250422;20250521;5655.95;0;5655.95
175985874;304;03;2025;4;30968913000167;WENDERSON SILVA PEIXOTO DE MELLO;216;1;;;CAETE;34800000;MG;2 - SIM, CHAVE DE ACESSO MUNICIPAL OU OUTRA;-9;5794911F7;;20250403;20250503;20734.32;0;20734.32
175985871;304;03;2025;4;23314651000151;ORGANIZACAO EMY LTDA;310;1;;5401800;CAETE;34800000;MG;2 - SIM, CHAVE DE ACESSO MUNICIPAL OU OUTRA;-9;dbebeca63;;20250401;20250501;17801.03;0;17801.03
175985872;304;03;2025;4;17926188000104;SINTAGMA ZENITE COMERCIO LTDA;1217;1;0021312160020;2202017;CAETE;34800000;MG;2 - SIM, CHAVE DE ACESSO MUNICIPAL OU OUTRA;-9;31250417926188000104550010000012171648115557;;20250403;20250503;608.4;0;608.4
175985873;304;03;2025;4;23314651000151;ORGANIZACAO EMY LTDA;312;1;;5401800;CAETE;34800000;MG;2 - SIM, CHAVE DE ACESSO MUNICIPAL OU OUTRA;-9;A5E360E17;;20250410;20250510;20420.73;0;20420.73
175985875;304;03;2025;4;30968913000167;WENDERSON SILVA PEIXOTO DE MELLO;220;1;;;CAETE;34800000;MG;2 - SIM, CHAVE DE ACESSO MUNICIPAL OU OUTRA;-9;DE79C8E69;;20250422;20250522;32391;0;32391
175985876;304;03;2025;4;05049369000102;MATOS & SILVA, TRANSPORTES, COMERCIO E SERVICOS LTDA;219;1;1002039360090;3642018;CAETE;34800000;MG;2 - SIM, CHAVE DE ACESSO MUNICIPAL OU OUTRA;-9;2f49d1638;;20250423;20250523;4415.04;0;4415.04
175985877;304;03;2025;4;09666624000117;GESTCOM INFORMATICA LIMITADA;138;1;;;PASSOS;37900104;MG;2 - SIM, CHAVE DE ACESSO MUNICIPAL OU OUTRA;-9;LY3BPDQK;;20250401;20250426;7434.46;0;7434.46
175985878;304;03;2025;4;04225153000198;INOVACAO COMPUTACAO MOVEL LTDA;31328;1;2231117480012;;DIVINOPOLIS;35501660;MG;2 - SIM, CHAVE DE ACESSO MUNICIPAL OU OUTRA;-9;HKYTVFRGI;;20250401;20250501;2800.53;0;2800.53
175985879;304;03;2025;4;26756847000194;NAZARIO & LIMA SOCIEDADE DE ADVOGADOS;137;1;;07909110015;Belo Horizonte;30110044;MG;2 - SIM, CHAVE DE ACESSO MUNICIPAL OU OUTRA;-9;4A10568D;;20250422;20250522;5826.39;0;5826.39
175985880;304;03;2025;4;04225153000198;INOVACAO COMPUTACAO MOVEL LTDA;8231;1;2231117480012;;DIVINOPOLIS;35501660;MG;2 - SIM, CHAVE DE ACESSO MUNICIPAL OU OUTRA;-9;3125010422515300019855001000082311000082323;;20250401;20250430;2637.76;0;2637.76
175985881;304;03;2025;4;14388363000150;FRANCA GERENCIAMENTO OCUPACIONAL LTDA;18;C57A96C1;;;Belo Horizonte;30180005;MG;2 - SIM, CHAVE DE ACESSO MUNICIPAL OU OUTRA;-9;C57A96C1;;20250407;20250425;2957.6;0;2957.6
175985882;304;03;2025;4;41080423000146;MJA LOCACOES E TRANSPORTES LTDA;100;E;;;Barao de Cocais;34800000;MG;2 - SIM, CHAVE DE ACESSO MUNICIPAL OU OUTRA;-9;WX67RTOW;;20250422;20250522;11324.2;0;11324.2
175985883;304;03;2025;4;41080423000146;MJA LOCACOES E TRANSPORTES LTDA;97;E;;;Barao de Cocais;34800000;MG;2 - SIM, CHAVE DE ACESSO MUNICIPAL OU OUTRA;-9;K9H15XO0;;20250410;20250510;21543.6;0;21543.6
175985884;304;03;2025;4;12647709000162;FABIANO PAULO LAUDATE;457;1;;;CAETE;34800000;MG;2 - SIM, CHAVE DE ACESSO MUNICIPAL OU OUTRA;-9;31250412647709000162550010000004571918135314;;20250416;20250516;369;0;369
175985885;304;03;2025;4;30968913000167;WENDERSON SILVA PEIXOTO DE MELLO;217;1;;;CAETE;34800000;MG;2 - SIM, CHAVE DE ACESSO MUNICIPAL OU OUTRA;-9;E858825AD;;20250403;20250503;41175;0;41175
175985886;304;03;2025;4;41080423000146;MJA LOCACOES E TRANSPORTES LTDA;101;e;;;Barao de Cocais;34800000;MG;2 - SIM, CHAVE DE ACESSO MUNICIPAL OU OUTRA;-9;04kpqrdw;;20250423;20250523;15605.3;0;15605.3
176787483;304;03;2025;5;14388363000150;FRANCA GERENCIAMENTO OCUPACIONAL LTDA;22;1;;;Belo Horizonte;30180005;MG;2 - SIM, CHAVE DE ACESSO MUNICIPAL OU OUTRA;-9;EA77F888;;20250512;20250525;2957.6;0;2957.6
176787479;304;03;2025;5;19704009000101;LOJA COND EQUIPAMENTOS PARA CONDOMINIOS LTDA;27296;-9;257284869;;PALHOCA;88131640;SC;1 - SIM, PADRÃO ESTADUAL OU SINIEF 07/05;42250519704009000101550010000272961950382624;-9;;20250512;20250612;337;0;337
176787480;304;03;2025;5;36752444000120;FREDERICO LOPES PEREIRA;29;1;0036997290078;5411620;CAETE;34800000;MG;2 - SIM, CHAVE DE ACESSO MUNICIPAL OU OUTRA;-9;854AD8AA1;;20250515;20250614;9189.4;0;9189.4
176787481;304;03;2025;5;05049369000102;MATOS & SILVA, TRANSPORTES, COMERCIO E SERVICOS LTDA;221;1;1002039360090;3642018;CAETE;34800000;MG;2 - SIM, CHAVE DE ACESSO MUNICIPAL OU OUTRA;-9;5B251A8E3;;20250522;20250621;4111.14;0;4111.14
176787482;304;03;2025;5;02989244000174;PORTAL SOLUCOES LTDA;457;1;;;Belo Horizonte;30494170;MG;2 - SIM, CHAVE DE ACESSO MUNICIPAL OU OUTRA;-9;B623E690;;20250502;20250601;1500;0;1500
176787484;304;03;2025;5;02558157000162;TELEFONICA BRASIL S.A.;10;6;;;Sao Paulo;4571936;SP;2 - SIM, CHAVE DE ACESSO MUNICIPAL OU OUTRA;-9;104401826;;20250516;20250608;2987.5;0;2987.5
176787485;304;03;2025;5;46653513000100;NUTRILAR EXPRESS LTDA;5696;1;0043578590045;;ITABIRA;35900131;MG;2 - SIM, CHAVE DE ACESSO MUNICIPAL OU OUTRA;-9;31250546653513000100550010000056961569624650;;20250507;20250607;44268;0;44268
176787486;304;03;2025;5;09025241000160;MONITORA SEGURANCA ELETRONICA LTDA;2640;1;;;CAETE;34800000;MG;2 - SIM, CHAVE DE ACESSO MUNICIPAL OU OUTRA;-9;BE776A631;;20250515;20250614;6055.43;0;6055.43
176787487;304;03;2025;5;23314651000151;ORGANIZACAO EMY LTDA;319;1;;5401800;CAETE;34800000;MG;2 - SIM, CHAVE DE ACESSO MUNICIPAL OU OUTRA;-9;8ba27b657;;20250523;20250523;30704.47;0;30704.47
176787488;304;03;2025;5;01564385000344;LIBERTAS AUDITORES E CONSULTORES LTDA -EPP;738;2;;;Nova Lima;34800000;MG;2 - SIM, CHAVE DE ACESSO MUNICIPAL OU OUTRA;-9;93034605C;;20250520;20250618;5655.95;0;5655.95
176787489;304;03;2025;5;41664871000197;POLYVIN PLASTICOS E DERIVADOS LTDA;64208;0;7017893550075;278370;UBERABA;38055020;MG;2 - SIM, CHAVE DE ACESSO MUNICIPAL OU OUTRA;-9;31250541664871000197550000000642081002863551;;20250515;20250619;6491.5;0;6491.5
176787490;304;03;2025;5;23314651000151;ORGANIZACAO EMY LTDA;317;1;;5401800;CAETE;34800000;MG;2 - SIM, CHAVE DE ACESSO MUNICIPAL OU OUTRA;-9;617e1f113;;20250522;20250621;7563.06;0;7563.06
176787491;304;03;2025;5;41664871000197;POLYVIN PLASTICOS E DERIVADOS LTDA;64207;0;7017893550075;278370;UBERABA;38055020;MG;2 - SIM, CHAVE DE ACESSO MUNICIPAL OU OUTRA;-9;31250541664871000197550000000642071002863546;;20250515;20250516;7899.75;0;7899.75
176787492;304;03;2025;5;46687136000112;COMERCIAL J & C COMEX LTDA;341;-9;;;Para de Minas;35661685;MG;1 - SIM, PADRÃO ESTADUAL OU SINIEF 07/05;31250546687136000112550030000003411258147680;-9;;20250523;20250623;720;0;720
176787493;304;03;2025;5;30968913000167;WENDERSON SILVA PEIXOTO DE MELLO;224;1;;;CAETE;34800000;MG;2 - SIM, CHAVE DE ACESSO MUNICIPAL OU OUTRA;-9;9071962F4;;20250502;20250601;18006.12;0;18006.12
176787494;304;03;2025;5;02989244000174;PORTAL SOLUCOES LTDA;458;1;;;Belo Horizonte;30494170;MG;2 - SIM, CHAVE DE ACESSO MUNICIPAL OU OUTRA;-9;1E05136F;;20250502;20250601;2835;0;2835
176787495;304;03;2025;5;36752444000120;FREDERICO LOPES PEREIRA;28;1;0036997290078;5411620;CAETE;34800000;MG;2 - SIM, CHAVE DE ACESSO MUNICIPAL OU OUTRA;-9;35382E2BD;;20250515;20250614;15372.74;0;15372.74
176787496;304;03;2025;5;12647709000162;FABIANO PAULO LAUDATE;463;1;;;CAETE;34800000;MG;2 - SIM, CHAVE DE ACESSO MUNICIPAL OU OUTRA;-9;31250512647709000162550010000004631384283814;;20250528;20250628;1629.81;0;1629.81
176787497;304;03;2025;5;14644274000128;ROSIMEIRE RODRIGUES ALVES VIEIRA 07038545698;124;1;;;CAETE;34800000;MG;2 - SIM, CHAVE DE ACESSO MUNICIPAL OU OUTRA;-9;31100042214644274000128000000000012425051504054819;;20250523;20250623;233.1;0;233.1
176787498;304;03;2025;5;12647709000162;FABIANO PAULO LAUDATE;461;1;;;CAETE;34800000;MG;2 - SIM, CHAVE DE ACESSO MUNICIPAL OU OUTRA;-9;31250512647709000162550010000004611743774573;;20250514;20250614;369;0;369
176787499;304;03;2025;5;65353401000170;COMERCIAL VENER LTDA;40674;1;;;Belo Horizonte;31230240;MG;2 - SIM, CHAVE DE ACESSO MUNICIPAL OU OUTRA;-9;31250565353401000170550010000406741545776462;;20250528;20250627;479.88;0;479.88
176787500;304;03;2025;5;26756847000194;NAZARIO & LIMA SOCIEDADE DE ADVOGADOS;190;1;;07909110015;Belo Horizonte;30110044;MG;2 - SIM, CHAVE DE ACESSO MUNICIPAL OU OUTRA;-9;EC82B67A;;20250520;20250619;5826.39;0;5826.39
176787501;304;03;2025;5;30152694000143;30.152.694 ANDREA NAZARE SIQUEIRA;32;1;;;CAETE;34800000;MG;2 - SIM, CHAVE DE ACESSO MUNICIPAL OU OUTRA;-9;3110004223015269400014300000000003225065624273896;;20250530;20250615;2865.96;0;2865.96
176787502;304;03;2025;5;03157268000391;GR INDUSTRIA E COMERCIO DE PRODUTOS QUIMICOS S.A;25074;1;;;Conselheiro Lafaiete;36407380;MG;2 - SIM, CHAVE DE ACESSO MUNICIPAL OU OUTRA;-9;31250503157268000391550010000250741316339698;;20250509;20250608;12950;0;12950
176787503;304;03;2025;5;20068898000147;CONCEITO SOLUCAO EM PUBLICACAO LTDA;250;1;0023422870083;83176852017;BELO HORIZOANTE;31275020;MG;2 - SIM, CHAVE DE ACESSO MUNICIPAL OU OUTRA;-9;fdb1e157;;20250515;20250612;1817.4;0;1817.4
176787504;304;03;2025;5;00636766000167;DIOGENES SILVA COMERCIO & SERVICOS LTDA;123;1;;;CAETE;34800000;MG;2 - SIM, CHAVE DE ACESSO MUNICIPAL OU OUTRA;-9;188eeef79;;20250530;20250615;3074.58;0;3074.58
176787505;304;03;2025;5;21529392000150;SOLUCAO EM NEGOCIOS LTDA;4068;1;0024775320041;80808882017;BELO HORIZONTE;31150640;MG;2 - SIM, CHAVE DE ACESSO MUNICIPAL OU OUTRA;-9;31250521529392000150550010000040681710504340;;20250519;20250619;2688.07;0;2688.07
176787509;304;03;2025;5;04225153000198;INOVACAO COMPUTACAO MOVEL LTDA;8376;1;2231117480012;;DIVINOPOLIS;35501660;MG;2 - SIM, CHAVE DE ACESSO MUNICIPAL OU OUTRA;-9;31250504225153000198550010000083761000083770;;20250502;20250530;2637.76;0;2637.76
176787506;304;03;2025;5;46687136000112;COMERCIAL J & C COMEX LTDA;342;-9;;;Para de Minas;35661685;MG;1 - SIM, PADRÃO ESTADUAL OU SINIEF 07/05;31250546687136000112550030000003421566477522;-9;;20250523;20250623;360;0;360
176787507;304;03;2025;5;30968913000167;WENDERSON SILVA PEIXOTO DE MELLO;221;1;;;CAETE;34800000;MG;2 - SIM, CHAVE DE ACESSO MUNICIPAL OU OUTRA;-9;056B0D769;;20250502;20250602;21411;0;21411
176787508;304;03;2025;5;41080423000146;MJA LOCACOES E TRANSPORTES LTDA;106;E;;;Barao de Cocais;34800000;MG;2 - SIM, CHAVE DE ACESSO MUNICIPAL OU OUTRA;-9;Z88K9606;;20250516;20250616;17953;0;17953
176787510;304;03;2025;5;25191800000168;EMPRESA JORNALISTICA OPINIAO LTDA;2763;1;;;CAETE;34800000;MG;2 - SIM, CHAVE DE ACESSO MUNICIPAL OU OUTRA;-9;826e9c8e6;;20250530;20250615;2341.32;0;2341.32
176787511;304;03;2025;5;30968913000167;WENDERSON SILVA PEIXOTO DE MELLO;222;1;;;CAETE;34800000;MG;2 - SIM, CHAVE DE ACESSO MUNICIPAL OU OUTRA;-9;B9BCDB473;;20250502;20250601;21411;0;21411
176787512;304;03;2025;5;41080423000146;MJA LOCACOES E TRANSPORTES LTDA;107;E;;;Barao de Cocais;34800000;MG;2 - SIM, CHAVE DE ACESSO MUNICIPAL OU OUTRA;-9;EP12E906;;20250516;20250615;14362.4;0;14362.4
176787513;304;03;2025;5;53798339000141;EQUIPA CASTRO LTDA;79;-9;;;Formiga;35574422;MG;1 - SIM, PADRÃO ESTADUAL OU SINIEF 07/05;31250553798339000141550010000000791100000796;-9;;20250521;20250620;1050;0;1050
176787514;304;03;2025;5;30968913000167;WENDERSON SILVA PEIXOTO DE MELLO;223;1;;;CAETE;34800000;MG;2 - SIM, CHAVE DE ACESSO MUNICIPAL OU OUTRA;-9;D43DA42E4;;20250502;20250601;16369.2;0;16369.2
176787515;304;03;2025;5;17926188000104;SINTAGMA ZENITE COMERCIO LTDA;1207;1;0021312160020;2202017;CAETE;34800000;MG;2 - SIM, CHAVE DE ACESSO MUNICIPAL OU OUTRA;-9;31250217926188000104550010000012071106964057;;20250228;20250613;683.4;0;683.4
176787516;304;03;2025;5;04225153000198;INOVACAO COMPUTACAO MOVEL LTDA;31527;1;2231117480012;;DIVINOPOLIS;35501660;MG;2 - SIM, CHAVE DE ACESSO MUNICIPAL OU OUTRA;-9;DNXIJACQR;;20250502;20250530;2800.53;0;2800.53
176787517;304;03;2025;5;12647709000162;FABIANO PAULO LAUDATE;464;1;;;CAETE;34800000;MG;2 - SIM, CHAVE DE ACESSO MUNICIPAL OU OUTRA;-9;31250512647709000162550010000004641099950007;;20250529;20250629;1629.81;0;1629.81
175793682;302;01;2025;4;10975133000137;APLICAR TECNOLOGIA LTDA;197;-9;;;BELO HORIZONTE;30220270;MG;1 - SIM, PADRÃO ESTADUAL OU SINIEF 07/05;31250410975133000137550010000001971337498682;-9;;20250410;20250411;26300;0;26300
175793679;302;01;2025;4;11963458000162;LEONARDO FILOMENO;649;-9;;;CAETE;34800000;MG;1 - SIM, PADRÃO ESTADUAL OU SINIEF 07/05;31250411963458000162550010000006491604550725;-9;;20250404;20250404;3272.4;0;3272.4
175793680;302;01;2025;4;11963458000162;LEONARDO FILOMENO;650;-9;;;CAETE;34800000;MG;1 - SIM, PADRÃO ESTADUAL OU SINIEF 07/05;31250411963458000162550010000006501483235922;-9;;20250404;20250404;2949.3;0;2949.3
175793681;302;01;2025;4;22645154000173;PREMIUM ARTIGOS PERSONALIZADOS LTDA;6399;-9;;;Belo Horizonte;31950100;MG;1 - SIM, PADRÃO ESTADUAL OU SINIEF 07/05;31250422645154000173550010000063991886019807;-9;;20250424;20250429;4000;0;4000
175793683;302;01;2025;4;17926188000104;SINTAGMA ZENITE COMERCIO LTDA;1219;-9;;;CAETE;34800000;MG;1 - SIM, PADRÃO ESTADUAL OU SINIEF 07/05;31250417926188000104550010000012191631864769;-9;;20250404;20250404;506.7;0;506.7
175793684;302;01;2025;4;22645154000173;PREMIUM ARTIGOS PERSONALIZADOS LTDA;6375;-9;;;Belo Horizonte;31950100;MG;1 - SIM, PADRÃO ESTADUAL OU SINIEF 07/05;31250422645154000173550010000063751883079041;-9;;20250408;20250411;12420;0;12420
175793685;302;01;2025;4;39578048000117;39.578.048 JUNIA CARLA TORRES;4;900;;;Caete;34800000;MG;2 - SIM, CHAVE DE ACESSO MUNICIPAL OU OUTRA;-9;3110004223958048000117000000000000425045663782677;;20250401;20250404;8750;0;8750
175793686;302;01;2025;4;10975133000137;APLICAR TECNOLOGIA LTDA;69;NFSe;;;BELO HORIZONTE;30220270;MG;2 - SIM, CHAVE DE ACESSO MUNICIPAL OU OUTRA;-9;c0efb477;;20250410;20250411;4943.4;0;4943.4
175793687;302;01;2025;4;00165960000101;GOVERNANCABRASIL S/A TECNOLOGIA E GESTAO EM SERVICOS;129040;E;;;BLUMENAU;89036001;SC;2 - SIM, CHAVE DE ACESSO MUNICIPAL OU OUTRA;-9;79B7A2FD6;;20250401;20250426;2100;0;2100
175793688;302;01;2025;4;12039966000111;LINK CARD ADMINISTRADORA DE BENEFICIOS LTDA;20323;1003;;;BURI;18290000;SP;2 - SIM, CHAVE DE ACESSO MUNICIPAL OU OUTRA;-9;188S602995314508999X;;20250401;20250501;2700.09;0;2700.09
175793689;302;01;2025;4;25191800000168;EMPRESA JORNALISTICA OPINIAO LTDA;2723;NFSe;;;CAETE;34800000;MG;2 - SIM, CHAVE DE ACESSO MUNICIPAL OU OUTRA;-9;d5be1515;;20250401;20250404;3376.08;0;3376.08
175793690;302;01;2025;4;21650715000160;INSTITUTO DE DESENVOLVIMENTO PUBLICO PLENUM BRASIL LTDA;359;NFSe;;;BELO HORIZONTE;30840560;MG;2 - SIM, CHAVE DE ACESSO MUNICIPAL OU OUTRA;-9;7fe9a39a;;20250425;20250428;1390;0;1390
175793691;302;01;2025;4;09025241000160;MONITORA SEGURANCA ELETRONICA LTDA;2623;NFSe;;;CAETE;34800000;MG;2 - SIM, CHAVE DE ACESSO MUNICIPAL OU OUTRA;-9;880950bde;;20250430;20250505;3300;0;3300
175793692;302;01;2025;4;39578048000117;39.578.048 JUNIA CARLA TORRES;5;900;;;Caete;34800000;MG;2 - SIM, CHAVE DE ACESSO MUNICIPAL OU OUTRA;-9;311000422395780480001170000000000000525048235088860;;20250401;20250404;6034;0;6034
175793693;302;01;2025;4;07051313000118;ACTCON SOLUCOES WEB LTDA.;525;NFSe;;;IPATINGA;35162363;MG;2 - SIM, CHAVE DE ACESSO MUNICIPAL OU OUTRA;-9;3PIZOQMS;;20250430;20250505;4583.33;0;4583.33
175793694;302;01;2025;4;02976530000103;O 2 PLUS CARD INSTITUICAO DE PAGAMENTOS  LTDA;253;NFSe;;;Aguai;13863024;SP;2 - SIM, CHAVE DE ACESSO MUNICIPAL OU OUTRA;-9;3C2LRGUJC;;20250430;20250506;13258.45;0;13258.45
175793695;302;01;2025;4;26427482000154;AGIL LTDA;13724;A1;;;Itajai;88302200;SC;2 - SIM, CHAVE DE ACESSO MUNICIPAL OU OUTRA;-9;XIUIOSGA;;20250403;20250415;10663.62;0;10663.62
175793696;302;01;2025;4;00165960000101;GOVERNANCABRASIL S/A TECNOLOGIA E GESTAO EM SERVICOS;131003;NFSe;;;BLUMENAU;89036001;SC;2 - SIM, CHAVE DE ACESSO MUNICIPAL OU OUTRA;-9;2B64DD345;;20250430;20250530;14358.72;0;14358.72
175793697;302;01;2025;4;15504667000107;ESCAL TECNOLOGIA LTDA;21600;NFSe;;;SETE LAGOAS;35700150;MG;2 - SIM, CHAVE DE ACESSO MUNICIPAL OU OUTRA;-9;bb695893;;20250430;20250505;587.46;0;587.46
178799578;304;03;2025;7;02989244000174;PORTAL SOLUCOES LTDA;706;1;;;Belo Horizonte;30494170;MG;2 - SIM, CHAVE DE ACESSO MUNICIPAL OU OUTRA;-9;45c8e209;;20250701;20250801;1500;0;1500
178799574;304;03;2025;7;12647709000162;FABIANO PAULO LAUDATE;320;4;;;CAETE;34800000;MG;2 - SIM, CHAVE DE ACESSO MUNICIPAL OU OUTRA;-9;31250712647709000162550010000004741159224602;;20250710;20250811;777.2;0;777.2
178799575;304;03;2025;7;30968913000167;WENDERSON SILVA PEIXOTO DE MELLO;237;1;;;CAETE;34800000;MG;2 - SIM, CHAVE DE ACESSO MUNICIPAL OU OUTRA;-9;47AF806CF;;20250709;20250808;10339.5;0;10339.5
178799576;304;03;2025;7;05931197000104;G2 MATERIAIS HIDRAULICOS LTDA;7358;-9;;;Joinville;89217100;SC;1 - SIM, PADRÃO ESTADUAL OU SINIEF 07/05;42250605931197000104550010000073581537212933;-9;;20250625;20250725;602.35;0;602.35
178799577;304;03;2025;7;05931197000104;G2 MATERIAIS HIDRAULICOS LTDA;7359;-9;;;Joinville;89217100;SC;1 - SIM, PADRÃO ESTADUAL OU SINIEF 07/05;42250605931197000104550010000073591537212949;-9;;20250625;20250725;187.52;0;187.52
178799579;304;03;2025;7;05049369000102;MATOS & SILVA, TRANSPORTES, COMERCIO E SERVICOS LTDA;225;1;1002039360090;3642018;CAETE;34800000;MG;2 - SIM, CHAVE DE ACESSO MUNICIPAL OU OUTRA;-9;53BC4B9F3;;20250721;20250820;4131.72;0;4131.72
178799580;304;03;2025;7;27346682000145;CINARA DOS SANTOS MAGALHES LTDA;574;1;;;CAETE;34800000;MG;2 - SIM, CHAVE DE ACESSO MUNICIPAL OU OUTRA;-9;31250727346682000145550010000005741561057220;;20250717;20250816;10623.25;0;10623.25
178799581;304;03;2025;7;26756847000194;NAZARIO & LIMA SOCIEDADE DE ADVOGADOS;312;1;;07909110015;Belo Horizonte;30110044;MG;2 - SIM, CHAVE DE ACESSO MUNICIPAL OU OUTRA;-9;F2B47A6E;;20250724;20250823;5826.39;0;5826.39
178799582;304;03;2025;7;23314651000151;ORGANIZACAO EMY LTDA;324;1;;5401800;CAETE;34800000;MG;2 - SIM, CHAVE DE ACESSO MUNICIPAL OU OUTRA;-9;bb2b380e0;;20250717;20250816;36282.22;0;36282.22
178799583;304;03;2025;7;01068423000106;JOSE LADISLAU DE SOUZA;104;1;0035861690022;5410060;CAETE;34800000;MG;2 - SIM, CHAVE DE ACESSO MUNICIPAL OU OUTRA;-9;52DCD4CE0;;20250716;20250815;16770.77;0;16770.77
178799584;304;03;2025;7;41080423000146;MJA LOCACOES E TRANSPORTES LTDA;117;E;;;Barao de Cocais;34800000;MG;2 - SIM, CHAVE DE ACESSO MUNICIPAL OU OUTRA;-9;RWLLMQG9;;20250717;20250816;16433.9;0;16433.9
178799585;304;03;2025;7;30968913000167;WENDERSON SILVA PEIXOTO DE MELLO;236;1;;;CAETE;34800000;MG;2 - SIM, CHAVE DE ACESSO MUNICIPAL OU OUTRA;-9;697A1C1AA;;20250709;20250808;1372.5;0;1372.5
178799586;304;03;2025;7;04225153000198;INOVACAO COMPUTACAO MOVEL LTDA;8700;1;2231117480012;;DIVINOPOLIS;35501660;MG;2 - SIM, CHAVE DE ACESSO MUNICIPAL OU OUTRA;-9;31250704225153000198550010000087001000087017;;20250711;20250810;12768;0;12768
178799587;304;03;2025;7;30968913000167;WENDERSON SILVA PEIXOTO DE MELLO;235;1;;;CAETE;34800000;MG;2 - SIM, CHAVE DE ACESSO MUNICIPAL OU OUTRA;-9;F51E84C38;;20250709;20250808;4117.5;0;4117.5
178799588;304;03;2025;7;41080423000146;MJA LOCACOES E TRANSPORTES LTDA;116;e;;;Barao de Cocais;34800000;MG;2 - SIM, CHAVE DE ACESSO MUNICIPAL OU OUTRA;-9;R6EMH8MZ;;20250717;20250816;15191;0;15191
178799589;304;03;2025;7;17926188000104;SINTAGMA ZENITE COMERCIO LTDA;1261;1;0021312160020;2202017;CAETE;34800000;MG;2 - SIM, CHAVE DE ACESSO MUNICIPAL OU OUTRA;-9;31250717926188000104550010000012611488478532;;20250707;20250806;1594.6;0;1594.6
178799590;304;03;2025;7;04225153000198;INOVACAO COMPUTACAO MOVEL LTDA;8647;1;2231117480012;;DIVINOPOLIS;35501660;MG;2 - SIM, CHAVE DE ACESSO MUNICIPAL OU OUTRA;-9;31250704225153000198550010000086471000086488;;20250701;20250731;2764.73;0;2764.73
178799591;304;03;2025;7;17926188000104;SINTAGMA ZENITE COMERCIO LTDA;1263;1;0021312160020;2202017;CAETE;34800000;MG;2 - SIM, CHAVE DE ACESSO MUNICIPAL OU OUTRA;-9;31250717926188000104550010000012631349107017;;20250723;20250822;709.8;0;709.8
178799592;304;03;2025;7;27346682000145;CINARA DOS SANTOS MAGALHES LTDA;575;1;;;CAETE;34800000;MG;2 - SIM, CHAVE DE ACESSO MUNICIPAL OU OUTRA;-9;31250727346682000145550010000005751476278363;;20250717;20250816;17652.2;0;17652.2
178799593;304;03;2025;7;23314651000151;ORGANIZACAO EMY LTDA;325;1;;5401800;CAETE;34800000;MG;2 - SIM, CHAVE DE ACESSO MUNICIPAL OU OUTRA;-9;715b382ea;;20250717;20250816;2731.87;0;2731.87
178799594;304;03;2025;7;37867716000109;RENOVAR MEDICAO LTDA;493;-9;;38003;Bocaiuva;39390000;MG;1 - SIM, PADRÃO ESTADUAL OU SINIEF 07/05;31250637867716000109550010000004931000005016;-9;;20250630;20250730;15350;0;15350
178799595;304;03;2025;7;01149960000180;ITALY - VALVULAS E METAIS LTDA;67325;-9;114650990111;00438912017;SAO PAULO;4164180;SP;1 - SIM, PADRÃO ESTADUAL OU SINIEF 07/05;35250701149960000180550010000673251164129571;-9;;20250723;20250822;2600;0;2600
178799596;304;03;2025;7;66832825000342;HIDROTAM INDUSTRIA E COMERCIO DE TUBOS E CONEXOES LTDA;3823;-9;;;Serra;29161376;ES;1 - SIM, PADRÃO ESTADUAL OU SINIEF 07/05;32250766832825000342550020000038231837010718;-9;;20250710;20250809;627.5;0;627.5
178799597;304;03;2025;7;30968913000167;WENDERSON SILVA PEIXOTO DE MELLO;238;1;;;CAETE;34800000;MG;2 - SIM, CHAVE DE ACESSO MUNICIPAL OU OUTRA;-9;C529FB705;;20250709;20250808;16561.5;0;16561.5
178799598;304;03;2025;7;30152694000143;30.152.694 ANDREA NAZARE SIQUEIRA;33;1;;;CAETE;34800000;MG;2 - SIM, CHAVE DE ACESSO MUNICIPAL OU OUTRA;-9;3110004223015269400014300000000003325072959398182;;20250704;20250715;2978.82;0;2978.82
178799599;304;03;2025;7;09666624000117;GESTCOM INFORMATICA LIMITADA;274;1;;;PASSOS;37900104;MG;2 - SIM, CHAVE DE ACESSO MUNICIPAL OU OUTRA;-9;I5LGW8QW;;20250702;20250801;7793.88;0;7793.88
178799600;304;03;2025;7;30968913000167;WENDERSON SILVA PEIXOTO DE MELLO;234;1;;;CAETE;34800000;MG;2 - SIM, CHAVE DE ACESSO MUNICIPAL OU OUTRA;-9;37307BCD8;;20250709;20250808;12140.49;0;12140.49
178799601;304;03;2025;7;12647709000162;FABIANO PAULO LAUDATE;475;1;;;CAETE;34800000;MG;2 - SIM, CHAVE DE ACESSO MUNICIPAL OU OUTRA;-9;31250712647709000162550010000004751075471762;;20250718;20250817;777.2;0;777.2
178799602;304;03;2025;7;12647709000162;FABIANO PAULO LAUDATE;472;1;;;CAETE;34800000;MG;2 - SIM, CHAVE DE ACESSO MUNICIPAL OU OUTRA;-9;31250712647709000162550010000004721501591184;;20250701;20250801;777.2;0;777.2
178799603;304;03;2025;7;36752444000120;FREDERICO LOPES PEREIRA;31;1;0036997290078;5411620;CAETE;34800000;MG;2 - SIM, CHAVE DE ACESSO MUNICIPAL OU OUTRA;-9;579E4B8EB;;20250710;20250809;15416.12;0;15416.12
178799604;304;03;2025;7;30968913000167;WENDERSON SILVA PEIXOTO DE MELLO;232;1;;;CAETE;34800000;MG;2 - SIM, CHAVE DE ACESSO MUNICIPAL OU OUTRA;-9;67D777F7B;;20250709;20250808;9275.88;0;9275.88
178799605;304;03;2025;7;30968913000167;WENDERSON SILVA PEIXOTO DE MELLO;233;1;;;CAETE;34800000;MG;2 - SIM, CHAVE DE ACESSO MUNICIPAL OU OUTRA;-9;35C884F38;;20250709;20250808;9003.06;0;9003.06
178799609;304;03;2025;7;05931197000104;G2 MATERIAIS HIDRAULICOS LTDA;7360;-9;;;Joinville;89217100;SC;1 - SIM, PADRÃO ESTADUAL OU SINIEF 07/05;42250605931197000104550010000073601537212958;-9;;20250625;20250725;284.2;0;284.2
178799606;304;03;2025;7;01068423000106;JOSE LADISLAU DE SOUZA;103;1;0035861690022;5410060;CAETE;34800000;MG;2 - SIM, CHAVE DE ACESSO MUNICIPAL OU OUTRA;-9;bfefe5afe;;20250702;20250802;14144.24;0;14144.24
178799607;304;03;2025;7;00165960000101;GOVERNANCABRASIL S/A TECNOLOGIA E GESTAO EM SERVICOS;136603;1;;118538;BLUMENAU;89036001;SC;2 - SIM, CHAVE DE ACESSO MUNICIPAL OU OUTRA;-9;D7CC98412;;20250731;20250905;10025.54;0;10025.54
178799608;304;03;2025;7;04225153000198;INOVACAO COMPUTACAO MOVEL LTDA;31932;1;2231117480012;;DIVINOPOLIS;35501660;MG;2 - SIM, CHAVE DE ACESSO MUNICIPAL OU OUTRA;-9;YUQAZBXT3;;20250701;20250731;2935.34;0;2935.34
177517601;302;01;2025;5;11963458000162;LEONARDO FILOMENO;658;-9;;;CAETE;34800000;MG;1 - SIM, PADRÃO ESTADUAL OU SINIEF 07/05;31250511963458000162550010000006581587621375;-9;;20250507;20250510;820;0;820
177517598;302;01;2025;5;11963458000162;LEONARDO FILOMENO;656;-9;;;CAETE;34800000;MG;1 - SIM, PADRÃO ESTADUAL OU SINIEF 07/05;31250511963458000162550010000006561214691977;-9;;20250507;20250514;1251.8;0;1251.8
177517599;302;01;2025;5;12039966000111;LINK CARD ADMINISTRADORA DE BENEFICIOS LTDA;27684;NFSe;;;BURI;18290000;SP;2 - SIM, CHAVE DE ACESSO MUNICIPAL OU OUTRA;-9;175S236002367077599U;;20250501;20250505;3456.94;0;3456.94
177517600;302;01;2025;5;07051313000118;ACTCON SOLUCOES WEB LTDA.;680;H;;;IPATINGA;35162363;MG;2 - SIM, CHAVE DE ACESSO MUNICIPAL OU OUTRA;-9;LEKMQEDM;;20250530;20250630;4583.33;0;4583.33
177517602;302;01;2025;5;26427482000154;AGIL LTDA;14611;A1;;;Itajai;88302200;SC;2 - SIM, CHAVE DE ACESSO MUNICIPAL OU OUTRA;-9;TF2TNI5S;;20250505;20250505;10840.28;0;10840.28
177517603;302;01;2025;5;10975133000137;APLICAR TECNOLOGIA LTDA;90;NFSe;;;BELO HORIZONTE;30220270;MG;2 - SIM, CHAVE DE ACESSO MUNICIPAL OU OUTRA;-9;1c7b25cb;;20250508;20250509;17649;0;17649
177517604;302;01;2025;5;08369442000111;C & C CONTROLE DE PONTO E ACESSO LTDA;1286;NFSe;;;BELO HORIZONTE;30421056;MG;2 - SIM, CHAVE DE ACESSO MUNICIPAL OU OUTRA;-9;637299e3;;20250522;20250531;90;0;90
178710494;302;01;2025;7;25191800000168;EMPRESA JORNALISTICA OPINIAO LTDA;2797;NFSe;;;CAETE;34800000;MG;2 - SIM, CHAVE DE ACESSO MUNICIPAL OU OUTRA;-9;cac12958c;;20250731;20250808;140.7;0;140.7
178710490;302;01;2025;7;07051313000118;ACTCON SOLUCOES WEB LTDA.;1010;NFSe;;;IPATINGA;35162363;MG;2 - SIM, CHAVE DE ACESSO MUNICIPAL OU OUTRA;-9;KVCOEYP4;;20250731;20250901;4583.33;0;4583.33
178710491;302;01;2025;7;02976530000103;O 2 PLUS CARD INSTITUICAO DE PAGAMENTOS  LTDA;419;NFSe;;;Aguai;13863024;SP;2 - SIM, CHAVE DE ACESSO MUNICIPAL OU OUTRA;-9;CBF3NLV0S;;20250731;20250815;17400;0;17400
178710492;302;01;2025;7;12039966000111;LINK CARD ADMINISTRADORA DE BENEFICIOS LTDA;72010;NFSe;;;BURI;18290000;SP;2 - SIM, CHAVE DE ACESSO MUNICIPAL OU OUTRA;-9;672X077874845497499R;;20250701;20250731;3018.56;0;3018.56
178710493;302;01;2025;7;02976530000103;O 2 PLUS CARD INSTITUICAO DE PAGAMENTOS  LTDA;306;NFSe;;;Aguai;13863024;SP;2 - SIM, CHAVE DE ACESSO MUNICIPAL OU OUTRA;-9;3RVXKSVAT;;20250702;20250716;4141.55;0;4141.55
178710495;302;01;2025;7;11963458000162;LEONARDO FILOMENO;677;-9;;;CAETE;34800000;MG;1 - SIM, PADRÃO ESTADUAL OU SINIEF 07/05;31250711963458000162550010000006771108631653;-9;;20250708;20250711;3606.6;0;3606.6
178710496;302;01;2025;7;10975133000137;APLICAR TECNOLOGIA LTDA;205;-9;;;BELO HORIZONTE;30220270;MG;1 - SIM, PADRÃO ESTADUAL OU SINIEF 07/05;31250710975133000137550110000002051398905318;-9;;20250717;20250718;23050;0;23050
178710497;302;01;2025;7;09025241000160;MONITORA SEGURANCA ELETRONICA LTDA;2696;NFSe;;;CAETE;34800000;MG;2 - SIM, CHAVE DE ACESSO MUNICIPAL OU OUTRA;-9;9fd1fc5ca;;20250731;20250806;3300;0;3300
178710498;302;01;2025;7;35528559000173;PGB GRAFICA E EDITORA LTDA;154;NFSe;;;Belo Horizonte;30421465;MG;2 - SIM, CHAVE DE ACESSO MUNICIPAL OU OUTRA;-9;c1e62be3;;20250729;20250729;11070;0;11070
178710499;302;01;2025;7;26427482000154;AGIL LTDA;15284;NFSe;;;Itajai;88302200;SC;2 - SIM, CHAVE DE ACESSO MUNICIPAL OU OUTRA;-9;M6MJ57HU;;20250702;20250702;11081.18;0;11081.18
178710503;302;01;2025;7;11963458000162;LEONARDO FILOMENO;676;-9;;;CAETE;34800000;MG;1 - SIM, PADRÃO ESTADUAL OU SINIEF 07/05;31250711963458000162550010000006761726058939;-9;;20250708;20250711;656;0;656
178710500;302;01;2025;7;00165960000101;GOVERNANCABRASIL S/A TECNOLOGIA E GESTAO EM SERVICOS;136393;NFSe;;;BLUMENAU;89036001;SC;2 - SIM, CHAVE DE ACESSO MUNICIPAL OU OUTRA;-9;EFAA7192A;;20250731;20250731;14358.72;0;14358.72
178710501;302;01;2025;7;11963458000162;LEONARDO FILOMENO;678;-9;;;CAETE;34800000;MG;1 - SIM, PADRÃO ESTADUAL OU SINIEF 07/05;31250711963458000162550010000006781332570767;-9;;20250708;20250711;2098.52;0;2098.52
178710502;302;01;2025;7;11963458000162;LEONARDO FILOMENO;679;-9;;;CAETE;34800000;MG;1 - SIM, PADRÃO ESTADUAL OU SINIEF 07/05;31250711963458000162550010000006791156500878;-9;;20250717;20250805;956.3;0;956.3
178710504;302;01;2025;7;10975133000137;APLICAR TECNOLOGIA LTDA;136;NFSe;;;BELO HORIZONTE;30220270;MG;2 - SIM, CHAVE DE ACESSO MUNICIPAL OU OUTRA;-9;7eddeb18;;20250717;20250717;36859;0;36859
177517608;302;01;2025;5;27287226000171;SNAP INFORMATICA LTDA;169828;NFSe;;;RIO DE JANEIRO;20090003;RJ;2 - SIM, CHAVE DE ACESSO MUNICIPAL OU OUTRA;-9;R8ZHRBFK;;20250523;20250605;105;0;105
177517605;302;01;2025;5;11963458000162;LEONARDO FILOMENO;657;-9;;;CAETE;34800000;MG;1 - SIM, PADRÃO ESTADUAL OU SINIEF 07/05;31250511963458000162550010000006571169707293;-9;;20250507;20250509;392.25;0;392.25
177517606;302;01;2025;5;09025241000160;MONITORA SEGURANCA ELETRONICA LTDA;2648;NFSe;;;CAETE;34800000;MG;2 - SIM, CHAVE DE ACESSO MUNICIPAL OU OUTRA;-9;b9999df5d;;20250530;20250530;3300;0;3300
177517607;302;01;2025;5;25191800000168;EMPRESA JORNALISTICA OPINIAO LTDA;2756;NFSe;;;CAETE;34800000;MG;2 - SIM, CHAVE DE ACESSO MUNICIPAL OU OUTRA;-9;214fa50d6;;20250506;20250509;6392.7;0;6392.7
177517609;302;01;2025;5;17926188000104;SINTAGMA ZENITE COMERCIO LTDA;1239;-9;;;CAETE;34800000;MG;1 - SIM, PADRÃO ESTADUAL OU SINIEF 07/05;31250517926188000104550010000012391279312048;-9;;20250523;20250526;1800;0;1800
177517610;302;01;2025;5;02976530000103;O 2 PLUS CARD INSTITUICAO DE PAGAMENTOS  LTDA;301;NFSe;;;Aguai;13863024;SP;2 - SIM, CHAVE DE ACESSO MUNICIPAL OU OUTRA;-9;AY8YAMDQF;;20250530;20250616;13258.45;0;13258.45
177517611;302;01;2025;5;00165960000101;GOVERNANCABRASIL S/A TECNOLOGIA E GESTAO EM SERVICOS;132911;NFSe;;;BLUMENAU;89036001;SC;2 - SIM, CHAVE DE ACESSO MUNICIPAL OU OUTRA;-9;08EED1120;;20250530;20250630;14358.72;0;14358.72
177517612;302;01;2025;5;17926188000104;SINTAGMA ZENITE COMERCIO LTDA;1228;-9;;;CAETE;34800000;MG;1 - SIM, PADRÃO ESTADUAL OU SINIEF 07/05;31250517926188000104550010000012281333250870;-9;;20250507;20250507;420;0;420
177517613;302;01;2025;5;15504667000107;ESCAL TECNOLOGIA LTDA;21627;NFSe;;;SETE LAGOAS;35700150;MG;2 - SIM, CHAVE DE ACESSO MUNICIPAL OU OUTRA;-9;060233f9;;20250530;20250606;587.46;0;587.46
177517614;302;01;2025;5;08369442000111;C & C CONTROLE DE PONTO E ACESSO LTDA;5594;-9;;;BELO HORIZONTE;30421056;MG;1 - SIM, PADRÃO ESTADUAL OU SINIEF 07/05;31250508369442000111550010000055941937428200;-9;;20250522;20250531;235;0;235
177517615;302;01;2025;5;11963458000162;LEONARDO FILOMENO;659;-9;;;CAETE;34800000;MG;1 - SIM, PADRÃO ESTADUAL OU SINIEF 07/05;31250511963458000162550010000006591933345480;-9;;20250507;20250509;4986.4;0;4986.4
177695749;302;01;2025;6;11963458000162;LEONARDO FILOMENO;668;-9;;;CAETE;34800000;MG;1 - SIM, PADRÃO ESTADUAL OU SINIEF 07/05;31250611963458000162550010000006681532213658;-9;;20250603;20250606;656;0;656
177695745;302;01;2025;6;15504667000107;ESCAL TECNOLOGIA LTDA;21651;NFSe;;;SETE LAGOAS;35700150;MG;2 - SIM, CHAVE DE ACESSO MUNICIPAL OU OUTRA;-9;7c920d81;;20250627;20250703;587.46;0;587.46
177695746;302;01;2025;6;12039966000111;LINK CARD ADMINISTRADORA DE BENEFICIOS LTDA;49378;NFSe;;;BURI;18290000;SP;2 - SIM, CHAVE DE ACESSO MUNICIPAL OU OUTRA;-9;127Q897140150032699W;;20250601;20250701;3078.82;0;3078.82
177695747;302;01;2025;6;25191800000168;EMPRESA JORNALISTICA OPINIAO LTDA;2761;NFSe;;;CAETE;34800000;MG;2 - SIM, CHAVE DE ACESSO MUNICIPAL OU OUTRA;-9;32daefa81;;20250603;20250606;6156.22;0;6156.22
177695748;302;01;2025;6;25191800000168;EMPRESA JORNALISTICA OPINIAO LTDA;2782;NFSe;;;CAETE;34800000;MG;2 - SIM, CHAVE DE ACESSO MUNICIPAL OU OUTRA;-9;5c2f5b95e;;20250626;20250703;4610.88;0;4610.88
177695750;302;01;2025;6;11963458000162;LEONARDO FILOMENO;666;-9;;;CAETE;34800000;MG;1 - SIM, PADRÃO ESTADUAL OU SINIEF 07/05;31250611963458000162550010000006661101555253;-9;;20250603;20250606;300.3;0;300.3
177695751;302;01;2025;6;47156456000109;EMBACOM LTDA;964;-9;;;Ipatinga;35162038;MG;1 - SIM, PADRÃO ESTADUAL OU SINIEF 07/05;31250647156456000109550010000009641000522644;-9;;20250602;20250613;405;0;405
177695752;302;01;2025;6;47156456000109;EMBACOM LTDA;965;-9;;;Ipatinga;35162038;MG;1 - SIM, PADRÃO ESTADUAL OU SINIEF 07/05;31250647156456000109550010000009651000373719;-9;;20250602;20250613;7053.87;0;7053.87
177695753;302;01;2025;6;12039966000111;LINK CARD ADMINISTRADORA DE BENEFICIOS LTDA;50505;NFSe;;;BURI;18290000;SP;2 - SIM, CHAVE DE ACESSO MUNICIPAL OU OUTRA;-9;138R942575219284399X;;20250601;20250701;4162.95;0;4162.95
177695754;302;01;2025;6;09025241000160;MONITORA SEGURANCA ELETRONICA LTDA;134964;NFSe;;;CAETE;34800000;MG;2 - SIM, CHAVE DE ACESSO MUNICIPAL OU OUTRA;-9;c949e3e4a;;20250630;20250703;3300;0;3300
177695755;302;01;2025;6;07051313000118;ACTCON SOLUCOES WEB LTDA.;819;NFSe;;;IPATINGA;35162363;MG;2 - SIM, CHAVE DE ACESSO MUNICIPAL OU OUTRA;-9;NWNFSKLU;;20250630;20250730;4583.33;0;4583.33
177695756;302;01;2025;6;00165960000101;GOVERNANCABRASIL S/A TECNOLOGIA E GESTAO EM SERVICOS;133982;E;;;BLUMENAU;89036001;SC;2 - SIM, CHAVE DE ACESSO MUNICIPAL OU OUTRA;-9;AF8A76BF0;;20250611;20250611;400;0;400
177695757;302;01;2025;6;65245441000107;PAULO GERALDO DE ARAUJO LTDA;1535;-9;;;CAETE;34800000;MG;1 - SIM, PADRÃO ESTADUAL OU SINIEF 07/05;31250665245441000107550010000015351000002182;-9;;20250612;20250613;5864.24;0;5864.24
177695758;302;01;2025;6;02976530000103;O 2 PLUS CARD INSTITUICAO DE PAGAMENTOS  LTDA;353;NFSe;;;Aguai;13863024;SP;2 - SIM, CHAVE DE ACESSO MUNICIPAL OU OUTRA;-9;P9EPPXPXN;;20250627;20250715;13258.45;0;13258.45
177695759;302;01;2025;6;11963458000162;LEONARDO FILOMENO;671;-9;;;CAETE;34800000;MG;1 - SIM, PADRÃO ESTADUAL OU SINIEF 07/05;31250611963458000162550010000006711280278918;-9;;20250604;20250613;1818.6;0;1818.6
177695760;302;01;2025;6;26427482000154;AGIL LTDA;150080;A1;;;Itajai;88302200;SC;2 - SIM, CHAVE DE ACESSO MUNICIPAL OU OUTRA;-9;GDSR7AE3;;20250604;20250610;11081.18;0;11081.18
177695761;302;01;2025;6;21650715000160;INSTITUTO DE DESENVOLVIMENTO PUBLICO PLENUM BRASIL LTDA;594;NFSe;;;BELO HORIZONTE;30840560;MG;2 - SIM, CHAVE DE ACESSO MUNICIPAL OU OUTRA;-9;31062001241209777000148250000000059425060720421293;;20250606;20250613;1390;0;1390
177695762;302;01;2025;6;11963458000162;LEONARDO FILOMENO;667;-9;;;CAETE;34800000;MG;1 - SIM, PADRÃO ESTADUAL OU SINIEF 07/05;31250611963458000162550010000006671407883247;-9;;20250603;20250606;4146.8;0;4146.8
177695763;302;01;2025;6;12039966000111;LINK CARD ADMINISTRADORA DE BENEFICIOS LTDA;50504;NFSe;;;BURI;18290000;SP;2 - SIM, CHAVE DE ACESSO MUNICIPAL OU OUTRA;-9;113S336671314783999S;;20250601;20250701;4843.67;0;4843.67
177695764;302;01;2025;6;00165960000101;GOVERNANCABRASIL S/A TECNOLOGIA E GESTAO EM SERVICOS;13494;NFSe;;;BLUMENAU;89036001;SC;2 - SIM, CHAVE DE ACESSO MUNICIPAL OU OUTRA;-9;7326F229;;20250630;20250730;14358.72;0;14358.72
179498298;302;01;2025;8;11963458000162;LEONARDO FILOMENO;682;-9;;;CAETE;34800000;MG;1 - SIM, PADRÃO ESTADUAL OU SINIEF 07/05;31250811963458000162550010000006821802879226;-9;;20250805;20250808;3724.2;0;3724.2
179498295;302;01;2025;8;02976530000103;O 2 PLUS CARD INSTITUICAO DE PAGAMENTOS  LTDA;435;NFSe;;;Aguai;13863024;SP;2 - SIM, CHAVE DE ACESSO MUNICIPAL OU OUTRA;-9;TF7FKC5AY;;20250806;20250806;10440;0;10440
179498296;302;01;2025;8;12039966000111;LINK CARD ADMINISTRADORA DE BENEFICIOS LTDA;95956;NFSe;;;BURI;18290000;SP;2 - SIM, CHAVE DE ACESSO MUNICIPAL OU OUTRA;-9;185S560894327691199U;;20250801;20250831;668.1;0;668.1
179498297;302;01;2025;8;07051313000118;ACTCON SOLUCOES WEB LTDA.;1154;NFSe;;;IPATINGA;35162363;MG;2 - SIM, CHAVE DE ACESSO MUNICIPAL OU OUTRA;-9;57DZ3XU6;;20250829;20250930;4583.33;0;4583.33
179498299;302;01;2025;8;11963458000162;LEONARDO FILOMENO;683;-9;;;CAETE;34800000;MG;1 - SIM, PADRÃO ESTADUAL OU SINIEF 07/05;31250811963458000162550010000006831389471729;-9;;20250805;20250808;130.45;0;130.45
179498300;302;01;2025;8;15504667000107;ESCAL TECNOLOGIA LTDA;21677;NFSe;;;SETE LAGOAS;35700150;MG;2 - SIM, CHAVE DE ACESSO MUNICIPAL OU OUTRA;-9;0e67c368;;20250801;20250818;587.46;0;587.46
179498301;302;01;2025;8;65245441000107;PAULO GERALDO DE ARAUJO LTDA;1576;-9;;;CAETE;34800000;MG;1 - SIM, PADRÃO ESTADUAL OU SINIEF 07/05;31250865245441000107550010000015761000002379;-9;;20250819;20250822;347.04;0;347.04
179498302;302;01;2025;8;28231621000103;ALVES SOLUCOES INTEGRADAS LTDA;202529;NFSe;;;BELO HORIZONTE;30520250;MG;2 - SIM, CHAVE DE ACESSO MUNICIPAL OU OUTRA;-9;f7902260;;20250804;20250808;74433.3;0;74433.3
179498303;302;01;2025;8;09025241000160;MONITORA SEGURANCA ELETRONICA LTDA;2722;NFSe;;;CAETE;34800000;MG;2 - SIM, CHAVE DE ACESSO MUNICIPAL OU OUTRA;-9;25c57f686;;20250829;20250905;3300;0;3300
179498304;302;01;2025;8;65245441000107;PAULO GERALDO DE ARAUJO LTDA;1577;-9;;;CAETE;34800000;MG;1 - SIM, PADRÃO ESTADUAL OU SINIEF 07/05;31250865245441000107550010000015771000002384;-9;;20250819;20250822;144.81;0;144.81
179498305;302;01;2025;8;27287226000171;SNAP INFORMATICA LTDA;172461;NFSe;;;RIO DE JANEIRO;20090003;RJ;2 - SIM, CHAVE DE ACESSO MUNICIPAL OU OUTRA;-9;JPHQK2KC;;20250822;20250905;111;0;111
179498306;302;01;2025;8;02976530000103;O 2 PLUS CARD INSTITUICAO DE PAGAMENTOS  LTDA;483;NFSe;;;Aguai;13863024;SP;2 - SIM, CHAVE DE ACESSO MUNICIPAL OU OUTRA;-9;CGO66AZFZ;;20250829;20250915;17400;0;17400
179498307;302;01;2025;8;08369442000111;C & C CONTROLE DE PONTO E ACESSO LTDA;5871;-9;;;BELO HORIZONTE;30421056;MG;1 - SIM, PADRÃO ESTADUAL OU SINIEF 07/05;31250808369442000111550010000058711290081864;-9;;20250805;20250805;190;0;190
179498308;302;01;2025;8;11963458000162;LEONARDO FILOMENO;685;-9;;;CAETE;34800000;MG;1 - SIM, PADRÃO ESTADUAL OU SINIEF 07/05;31250811963458000162550010000006851528647019;-9;;20250820;20250905;1615.4;0;1615.4
179498309;302;01;2025;8;00165960000101;GOVERNANCABRASIL S/A TECNOLOGIA E GESTAO EM SERVICOS;137977;NFSe;;;BLUMENAU;89036001;SC;2 - SIM, CHAVE DE ACESSO MUNICIPAL OU OUTRA;-9;C71AE431C;;20250829;20250830;14358.72;0;14358.72
177821139;304;03;2025;6;01149960000180;ITALY - VALVULAS E METAIS LTDA;66696;-9;114650990111;00438912017;SAO PAULO;4164180;SP;1 - SIM, PADRÃO ESTADUAL OU SINIEF 07/05;35250601149960000180550010000666961645238157;-9;;20250602;20250702;2600;0;2600
177821136;304;03;2025;6;09666624000117;GESTCOM INFORMATICA LIMITADA;228;1;;;PASSOS;37900104;MG;2 - SIM, CHAVE DE ACESSO MUNICIPAL OU OUTRA;-9;QRJRQT3;;20250603;20250620;7434.46;0;7434.46
177821137;304;03;2025;6;12647709000162;FABIANO PAULO LAUDATE;465;1;;;CAETE;34800000;MG;2 - SIM, CHAVE DE ACESSO MUNICIPAL OU OUTRA;-9;31250612647709000162550010000004651795941180;;20250609;20250709;1488.15;0;1488.15
177821138;304;03;2025;6;17926188000104;SINTAGMA ZENITE COMERCIO LTDA;1247;1;0021312160020;2202017;CAETE;34800000;MG;2 - SIM, CHAVE DE ACESSO MUNICIPAL OU OUTRA;-9;31250617926188000104550010000012471143224711;;20250611;20250711;3730;0;3730
177821140;304;03;2025;6;41719477000109;KARAIBA MATERIAIS DE CONSTRUCAO LTDA;15067;1;57278700000071;612017;SANTA BARBARA;35960000;MG;2 - SIM, CHAVE DE ACESSO MUNICIPAL OU OUTRA;-9;31250641719477000109550010000150671133781950;;20250605;20250705;1439.1;0;1439.1
177821141;304;03;2025;6;30968913000167;WENDERSON SILVA PEIXOTO DE MELLO;229;1;;;CAETE;34800000;MG;2 - SIM, CHAVE DE ACESSO MUNICIPAL OU OUTRA;-9;7E4881422;;20250603;20250703;11731.26;0;11731.26
177821142;304;03;2025;6;17926188000104;SINTAGMA ZENITE COMERCIO LTDA;1243;1;0021312160020;2202017;CAETE;34800000;MG;2 - SIM, CHAVE DE ACESSO MUNICIPAL OU OUTRA;-9;31250617926188000104550010000012431390268589;;20250606;20250607;2921.8;0;2921.8
177821143;304;03;2025;6;01564385000344;LIBERTAS AUDITORES E CONSULTORES LTDA -EPP;766;2;;;Nova Lima;34800000;MG;2 - SIM, CHAVE DE ACESSO MUNICIPAL OU OUTRA;-9;1D294937A;;20250623;20250722;5655.95;0;5655.95
177821144;304;03;2025;6;14644274000128;ROSIMEIRE RODRIGUES ALVES VIEIRA 07038545698;126;900;;;CAETE;34800000;MG;2 - SIM, CHAVE DE ACESSO MUNICIPAL OU OUTRA;-9;31100042214644274000128000000000012625067279528859;;20250602;20250702;828.8;0;828.8
177821145;304;03;2025;6;12647709000162;FABIANO PAULO LAUDATE;468;1;;;CAETE;34800000;MG;2 - SIM, CHAVE DE ACESSO MUNICIPAL OU OUTRA;-9;31250612647709000162550010000004681560937125;;20250609;20250709;582.9;0;582.9
177821146;304;03;2025;6;06981180000116;CEMIG DISTRIBUICAO S.A;279153922;0;;;BELO HORIZONTE;30190131;MG;2 - SIM, CHAVE DE ACESSO MUNICIPAL OU OUTRA;-9;31250606981180000116660002791539221014577750;;20250613;20250704;2053.33;0;2053.33
177821147;304;03;2025;6;19525278000372;BAUMINAS QUIMICA LTDA.;64660;-9;1530311480053;01020280201001;NOVA LIMA;34012580;MG;1 - SIM, PADRÃO ESTADUAL OU SINIEF 07/05;31250619525278000372550030000646601784558190;-9;;20250603;20250703;35840.91;0;35840.91
177821148;304;03;2025;6;26756847000194;NAZARIO & LIMA SOCIEDADE DE ADVOGADOS;252;1;;07909110015;Belo Horizonte;30110044;MG;2 - SIM, CHAVE DE ACESSO MUNICIPAL OU OUTRA;-9;5F7C553;;20250623;20250723;5826.39;0;5826.39
177821149;304;03;2025;6;25191800000168;EMPRESA JORNALISTICA OPINIAO LTDA;2785;1;;;CAETE;34800000;MG;2 - SIM, CHAVE DE ACESSO MUNICIPAL OU OUTRA;-9;F76131C67;;20250630;20250715;386.64;0;386.64
177821150;304;03;2025;6;30968913000167;WENDERSON SILVA PEIXOTO DE MELLO;226;1;;;CAETE;34800000;MG;2 - SIM, CHAVE DE ACESSO MUNICIPAL OU OUTRA;-9;2EEEAEB08;;20250603;20250703;33672;0;33672
177821151;304;03;2025;6;05049369000102;MATOS & SILVA, TRANSPORTES, COMERCIO E SERVICOS LTDA;223;1;1002039360090;3642018;CAETE;34800000;MG;2 - SIM, CHAVE DE ACESSO MUNICIPAL OU OUTRA;-9;9a43ade8b;;20250627;20250727;5095.14;0;5095.14
177821152;304;03;2025;6;30968913000167;WENDERSON SILVA PEIXOTO DE MELLO;227;1;;;CAETE;34800000;MG;2 - SIM, CHAVE DE ACESSO MUNICIPAL OU OUTRA;-9;B02156262;;20250603;20250703;3385.5;0;3385.5
177821153;304;03;2025;6;02989244000174;PORTAL SOLUCOES LTDA;584;1;;;Belo Horizonte;30494170;MG;2 - SIM, CHAVE DE ACESSO MUNICIPAL OU OUTRA;-9;2F971E15;;20250602;20250701;1500;0;1500
177821154;304;03;2025;6;24027468000138;ALEIXO & FERREIRA HIDROJATEAMENTO LTDA;3705;1;;;Betim;34800000;MG;2 - SIM, CHAVE DE ACESSO MUNICIPAL OU OUTRA;-9;S8YB4BOST;;20250617;20250717;33605.86;0;33605.86
177821155;304;03;2025;6;52429342000125;ALIANCA UTILIDADES & SERVICOS LTDA;892;-9;;;Sete Lagoas;35700350;MG;1 - SIM, PADRÃO ESTADUAL OU SINIEF 07/05;31250652429342000125550010000008921887893677;-9;;20250615;20250715;2119;0;2119
177821156;304;03;2025;6;30968913000167;WENDERSON SILVA PEIXOTO DE MELLO;228;1;;;CAETE;34800000;MG;2 - SIM, CHAVE DE ACESSO MUNICIPAL OU OUTRA;-9;7F933855B;;20250603;20250703;7594.5;0;7594.5
177821157;304;03;2025;6;41719477000109;KARAIBA MATERIAIS DE CONSTRUCAO LTDA;15066;1;57278700000071;612017;SANTA BARBARA;35960000;MG;2 - SIM, CHAVE DE ACESSO MUNICIPAL OU OUTRA;-9;31250641719477000109550010000150661113493692;;20250605;20250705;1439.1;0;1439.1
177821158;304;03;2025;6;23314651000151;ORGANIZACAO EMY LTDA;322;1;;5401800;CAETE;34800000;MG;2 - SIM, CHAVE DE ACESSO MUNICIPAL OU OUTRA;-9;ba1f19546;;20250605;20250705;7639.92;0;7639.92
177821159;304;03;2025;6;12647709000162;FABIANO PAULO LAUDATE;466;1;;;CAETE;34800000;MG;2 - SIM, CHAVE DE ACESSO MUNICIPAL OU OUTRA;-9;31250612647709000162550010000004661369955594;;20250609;20250709;1488.15;0;1488.15
177821160;304;03;2025;6;17926188000104;SINTAGMA ZENITE COMERCIO LTDA;1244;1;0021312160020;2202017;CAETE;34800000;MG;2 - SIM, CHAVE DE ACESSO MUNICIPAL OU OUTRA;-9;31250617926188000104550010000012441690072199;;20250606;20250706;24.3;0;24.3
177821161;304;03;2025;6;41080423000146;MJA LOCACOES E TRANSPORTES LTDA;112;E;;;Barao de Cocais;34800000;MG;2 - SIM, CHAVE DE ACESSO MUNICIPAL OU OUTRA;-9;40IHRX7F;;20250626;20250726;14086.2;0;14086.2
177821162;304;03;2025;6;21935659000100;FACE CARD ADMINISTRADORA DE CARTOES LTDA;307076;1;;;Barueri;6453038;SP;2 - SIM, CHAVE DE ACESSO MUNICIPAL OU OUTRA;-9;496W199469212249499;;20250604;20250624;30749.05;0;30749.05
177821163;304;03;2025;6;14388363000150;FRANCA GERENCIAMENTO OCUPACIONAL LTDA;26;89FCAC04;;;Belo Horizonte;30180005;MG;2 - SIM, CHAVE DE ACESSO MUNICIPAL OU OUTRA;-9;89FCAC04;;20250609;20250625;2957.6;0;2957.6
177821167;304;03;2025;6;12647709000162;FABIANO PAULO LAUDATE;467;1;;;CAETE;34800000;MG;2 - SIM, CHAVE DE ACESSO MUNICIPAL OU OUTRA;-9;31250612647709000162550010000004671718685098;;20250609;20250709;777.2;0;777.2
177821164;304;03;2025;6;35302323000114;HIDROTEL COMERCIO E SERVICOS LTDA;2850;-9;;;Biguacu;88110612;SC;1 - SIM, PADRÃO ESTADUAL OU SINIEF 07/05;42250535302323000114550010000028501972346193;-9;;20250528;20250625;391.3;0;391.3
177821165;304;03;2025;6;41080423000146;MJA LOCACOES E TRANSPORTES LTDA;111;e;;;Barao de Cocais;34800000;MG;2 - SIM, CHAVE DE ACESSO MUNICIPAL OU OUTRA;-9;VJTR3S40;;20250626;20250726;17400.6;0;17400.6
177821166;304;03;2025;6;00165960000101;GOVERNANCABRASIL S/A TECNOLOGIA E GESTAO EM SERVICOS;134616;1;;118538;BLUMENAU;89036001;SC;2 - SIM, CHAVE DE ACESSO MUNICIPAL OU OUTRA;-9;F702CB9B4;;20250630;20250805;10025.54;0;10025.54
177821168;304;03;2025;6;21856981000143;WTRADE INTERMEDIACAO DE NEGOCIOS LTDA;22875;-9;0027756080017;09811270010;BELO HORIZONTE;31960400;MG;1 - SIM, PADRÃO ESTADUAL OU SINIEF 07/05;31250521856981000143550010000228751206210235;-9;;20250527;20250627;474.82;0;474.82
177821169;304;03;2025;6;21935659000100;FACE CARD ADMINISTRADORA DE CARTOES LTDA;307084;1;;;Barueri;6453038;SP;2 - SIM, CHAVE DE ACESSO MUNICIPAL OU OUTRA;-9;151Q254089115941499Q;;20250604;20250627;311.09;0;311.09
177821170;304;03;2025;6;66832825000342;HIDROTAM INDUSTRIA E COMERCIO DE TUBOS E CONEXOES LTDA;3723;-9;;;Serra;29161376;ES;1 - SIM, PADRÃO ESTADUAL OU SINIEF 07/05;32250666832825000342550020000037231102687078;-9;;20250613;20250713;5568;0;5568
177821171;304;03;2025;6;23314651000151;ORGANIZACAO EMY LTDA;321;1;;5401800;CAETE;34800000;MG;2 - SIM, CHAVE DE ACESSO MUNICIPAL OU OUTRA;-9;dadac988a;;20250605;20250606;22684.57;0;22684.57
177821172;304;03;2025;6;02989244000174;PORTAL SOLUCOES LTDA;585;1;;;Belo Horizonte;30494170;MG;2 - SIM, CHAVE DE ACESSO MUNICIPAL OU OUTRA;-9;97784AF4;;20250602;20250701;2835;0;2835
177821173;304;03;2025;6;01068423000106;JOSE LADISLAU DE SOUZA;102;1;0035861690022;5410060;CAETE;34800000;MG;2 - SIM, CHAVE DE ACESSO MUNICIPAL OU OUTRA;-9;e1049173c;;20250606;20250706;13613.04;0;13613.04
177821174;304;03;2025;6;21935659000100;FACE CARD ADMINISTRADORA DE CARTOES LTDA;314650;1;;;Barueri;6453038;SP;2 - SIM, CHAVE DE ACESSO MUNICIPAL OU OUTRA;-9;229Q525394163011299Y;;20250630;20250725;31102.55;0;31102.55
177821175;304;03;2025;6;13851726000180;TOTAL SEGURANCA EQUIPAMENTOS DE PROTECAO E SERVICOS ESPECIALIZADOS LTDA;84945;-9;;;Mineiros;75830132;GO;1 - SIM, PADRÃO ESTADUAL OU SINIEF 07/05;52250513851726000180550010000849451001695243;-9;;20250528;20250712;147.2;0;147.2
