seq_orgao_resp;seq_orgao;cod_orgao;num_ano_referencia;num_mes_referencia;num_documento_resp;nom_pessoa_resp;dsc_tipo_resp;num_crc_contador;dsc_estado_crc;dsc_cargo_ordenador;dsc_email_resp;dat_inicio_vig;dat_fim_vig
1108278;302;01;2020;1;039***726**;JOAO CARLOS COSTA;01 - GESTOR;;;;camara@camaradecaete.mg.gov.br;20200101;20200131
1108277;302;01;2020;1;052***126**;LEILIANE ALVARES BARBOSA;02 - CONTADOR;MG079668O7;MG;;leilibarbosa@gmail.com;20200101;20200131
1108279;302;01;2020;1;027***186**;CARLA ALESSANDRA PEREIRA DOS SANTOS;03 - CONTROLE INTERNO;;;;controladoria@camaradecaete.mg.gov.br;20200101;20200131
1108282;302;01;2020;2;039***726**;JOAO CARLOS COSTA;01 - GESTOR;;;;camara@camaradecaete.mg.gov.br;20200201;20200229
1108280;302;01;2020;2;052***126**;LEILIANE ALVARES BARBOSA;02 - CONTADOR;MG079668O7;MG;;leilibarbosa@gmail.com;20200201;20200229
1108281;302;01;2020;2;027***186**;CARLA ALESSANDRA PEREIRA DOS SANTOS;03 - CONTROLE INTERNO;;;;controladoria@camaradecaete.mg.gov.br;20200201;20200229
1108285;302;01;2020;3;039***726**;JOAO CARLOS COSTA;01 - GESTOR;;;;camara@camaradecaete.mg.gov.br;20200301;20200331
1108283;302;01;2020;3;052***126**;LEILIANE ALVARES BARBOSA;02 - CONTADOR;MG079668O7;MG;;leilibarbosa@gmail.com;20200301;20200331
1108284;302;01;2020;3;027***186**;CARLA ALESSANDRA PEREIRA DOS SANTOS;03 - CONTROLE INTERNO;;;;controladoria@camaradecaete.mg.gov.br;20200301;20200331
1108288;302;01;2020;4;039***726**;JOAO CARLOS COSTA;01 - GESTOR;;;;camara@camaradecaete.mg.gov.br;20200401;20200430
1108286;302;01;2020;4;052***126**;LEILIANE ALVARES BARBOSA;02 - CONTADOR;MG079668O7;MG;;leilibarbosa@gmail.com;20200401;20200430
1108287;302;01;2020;4;027***186**;CARLA ALESSANDRA PEREIRA DOS SANTOS;03 - CONTROLE INTERNO;;;;controladoria@camaradecaete.mg.gov.br;20200401;20200430
1108291;302;01;2020;5;039***726**;JOAO CARLOS COSTA;01 - GESTOR;;;;camara@camaradecaete.mg.gov.br;20200501;20200531
1108289;302;01;2020;5;052***126**;LEILIANE ALVARES BARBOSA;02 - CONTADOR;MG079668O7;MG;;leilibarbosa@gmail.com;20200501;20200531
1108290;302;01;2020;5;027***186**;CARLA ALESSANDRA PEREIRA DOS SANTOS;03 - CONTROLE INTERNO;;;;controladoria@camaradecaete.mg.gov.br;20200501;20200531
1112666;302;01;2020;6;039***726**;JOAO CARLOS COSTA;01 - GESTOR;;;;camara@camaradecaete.mg.gov.br;20200601;20200630
1112665;302;01;2020;6;052***126**;LEILIANE ALVARES BARBOSA;02 - CONTADOR;MG079668O7;MG;;leilibarbosa@gmail.com;20200601;20200630
1112667;302;01;2020;6;027***186**;CARLA ALESSANDRA PEREIRA DOS SANTOS;03 - CONTROLE INTERNO;;;;controladoria@camaradecaete.mg.gov.br;20200601;20200630
1216928;302;01;2020;7;039***726**;JOAO CARLOS COSTA;01 - GESTOR;;;;camara@camaradecaete.mg.gov.br;20200701;20200731
1216929;302;01;2020;7;052***126**;LEILIANE ALVARES BARBOSA;02 - CONTADOR;MG079668O7;MG;;leilibarbosa@gmail.com;20200701;20200731
1216930;302;01;2020;7;027***186**;CARLA ALESSANDRA PEREIRA DOS SANTOS;03 - CONTROLE INTERNO;;;;controladoria@camaradecaete.mg.gov.br;20200701;20200731
1216950;302;01;2020;8;039***726**;JOAO CARLOS COSTA;01 - GESTOR;;;;camara@camaradecaete.mg.gov.br;20200801;20200831
1216951;302;01;2020;8;052***126**;LEILIANE ALVARES BARBOSA;02 - CONTADOR;MG079668O7;MG;;leilibarbosa@gmail.com;20200801;20200831
1216952;302;01;2020;8;027***186**;CARLA ALESSANDRA PEREIRA DOS SANTOS;03 - CONTROLE INTERNO;;;;controladoria@camaradecaete.mg.gov.br;20200801;20200831
1216972;302;01;2020;9;039***726**;JOAO CARLOS COSTA;01 - GESTOR;;;;camara@camaradecaete.mg.gov.br;20200901;20200930
1216973;302;01;2020;9;052***126**;LEILIANE ALVARES BARBOSA;02 - CONTADOR;MG079668O7;MG;;leilibarbosa@gmail.com;20200901;20200930
1216974;302;01;2020;9;027***186**;CARLA ALESSANDRA PEREIRA DOS SANTOS;03 - CONTROLE INTERNO;;;;controladoria@camaradecaete.mg.gov.br;20200901;20200930
1233625;302;01;2020;10;039***726**;JOAO CARLOS COSTA;01 - GESTOR;;;;camara@camaradecaete.mg.gov.br;20201001;20201031
1233626;302;01;2020;10;052***126**;LEILIANE ALVARES BARBOSA;02 - CONTADOR;MG079668O7;MG;;leilibarbosa@gmail.com;20201001;20201031
1233627;302;01;2020;10;027***186**;CARLA ALESSANDRA PEREIRA DOS SANTOS;03 - CONTROLE INTERNO;;;;controladoria@camaradecaete.mg.gov.br;20201001;20201031
1249186;302;01;2020;11;039***726**;JOAO CARLOS COSTA;01 - GESTOR;;;;camara@camaradecaete.mg.gov.br;20201101;20201130
1249187;302;01;2020;11;052***126**;LEILIANE ALVARES BARBOSA;02 - CONTADOR;MG079668O7;MG;;leilibarbosa@gmail.com;20201101;20201130
1249188;302;01;2020;11;027***186**;CARLA ALESSANDRA PEREIRA DOS SANTOS;03 - CONTROLE INTERNO;;;;controladoria@camaradecaete.mg.gov.br;20201101;20201130
1268396;302;01;2020;12;039***726**;JOAO CARLOS COSTA;01 - GESTOR;;;;camara@camaradecaete.mg.gov.br;20201201;20201231
1268397;302;01;2020;12;052***126**;LEILIANE ALVARES BARBOSA;02 - CONTADOR;MG079668O7;MG;;leilibarbosa@gmail.com;20201201;20201231
1268398;302;01;2020;12;027***186**;CARLA ALESSANDRA PEREIRA DOS SANTOS;03 - CONTROLE INTERNO;;;;controladoria@camaradecaete.mg.gov.br;20201201;20201231
1133691;303;02;2020;1;842***946**;LUCAS COELHO FERREIRA;01 - GESTOR;;;;prefeitolucascoelho@caete.mg.gov.br;20200101;20200131
1133695;303;02;2020;1;114***786**;ANDRA CAROLINA SOARES;02 - CONTADOR;116407;MG;;contabilidade@caete.mg.gov.br;20200101;20200131
1133684;303;02;2020;1;779***936**;ORLANDO ZANON NETO;03 - CONTROLE INTERNO;;;;orlando.zanon@caete.mg.gov.br;20200101;20200131
1133694;303;02;2020;1;506***436**;MAURO LUCIO FRANCO;04 - ORDENADOR DE DESPESA POR DELEGAÇÃO;;;Secretário;assejur@caete.mg.gov.br;20200101;20200131
1133689;303;02;2020;1;967***686**;ÚRSULA CRISTINA ANGELO COELHO FERREIRA;04 - ORDENADOR DE DESPESA POR DELEGAÇÃO;;;Secretária;semas@caete.mg.gov.br;20200101;20200131
1133686;303;02;2020;1;099***906**;FÚLVIO AVALONNY RATTO BRANDAO;04 - ORDENADOR DE DESPESA POR DELEGAÇÃO;;;Secretário;semel@caete.mg.gov.br;20200101;20200131
1133685;303;02;2020;1;999***926**;CINTIA REGINA DOS SANTOS;04 - ORDENADOR DE DESPESA POR DELEGAÇÃO;;;Secretária;contabilidade@caete.mg.gov.br;20200101;20200131
1133693;303;02;2020;1;044***296**;JULIO CESAR BATISTA;04 - ORDENADOR DE DESPESA POR DELEGAÇÃO;;;Secretário;obras@caete.mg.gov.br;20200101;20200131
1133692;303;02;2020;1;277***646**;MARCELO GARABINI;04 - ORDENADOR DE DESPESA POR DELEGAÇÃO;;;Secretário;garabini@gmail.com;20200101;20200131
1133687;303;02;2020;1;427***406**;LOURIVAL FÉLIX MATOS DE SÁ;04 - ORDENADOR DE DESPESA POR DELEGAÇÃO;;;Secretario;procuradoria@caete.mg.gov.br;20200101;20200131
1133688;303;02;2020;1;779***936**;ORLANDO ZANON NETO;04 - ORDENADOR DE DESPESA POR DELEGAÇÃO;;;Assessor Chefe de Controle Interno;orlando.zanon@caete.mg.gov.br;20200101;20200131
1133690;303;02;2020;1;043***676**;ALISSON VITOR MARQUES;04 - ORDENADOR DE DESPESA POR DELEGAÇÃO;;;Secretário;saude@caete.mg.gov.br;20200101;20200131
1133699;303;02;2020;2;842***946**;LUCAS COELHO FERREIRA;01 - GESTOR;;;;prefeitolucascoelho@caete.mg.gov.br;20200201;20200229
1133706;303;02;2020;2;114***786**;ANDRA CAROLINA SOARES;02 - CONTADOR;116407;MG;;contabilidade@caete.mg.gov.br;20200201;20200229
1133697;303;02;2020;2;779***936**;ORLANDO ZANON NETO;03 - CONTROLE INTERNO;;;;orlando.zanon@caete.mg.gov.br;20200201;20200229
1133704;303;02;2020;2;999***926**;CINTIA REGINA DOS SANTOS;04 - ORDENADOR DE DESPESA POR DELEGAÇÃO;;;Secretária;contabilidade@caete.mg.gov.br;20200201;20200229
1133703;303;02;2020;2;099***906**;FÚLVIO AVALONNY RATTO BRANDAO;04 - ORDENADOR DE DESPESA POR DELEGAÇÃO;;;Secretário;semel@caete.mg.gov.br;20200201;20200229
1133702;303;02;2020;2;277***646**;MARCELO GARABINI;04 - ORDENADOR DE DESPESA POR DELEGAÇÃO;;;Secretário;garabini@gmail.com;20200201;20200229
1133705;303;02;2020;2;044***296**;JULIO CESAR BATISTA;04 - ORDENADOR DE DESPESA POR DELEGAÇÃO;;;Secretário;obras@caete.mg.gov.br;20200201;20200229
1133701;303;02;2020;2;779***936**;ORLANDO ZANON NETO;04 - ORDENADOR DE DESPESA POR DELEGAÇÃO;;;Assessor Chefe de Controle Interno;orlando.zanon@caete.mg.gov.br;20200201;20200229
1133700;303;02;2020;2;967***686**;ÚRSULA CRISTINA ANGELO COELHO FERREIRA;04 - ORDENADOR DE DESPESA POR DELEGAÇÃO;;;Secretária;semas@caete.mg.gov.br;20200201;20200229
1133698;303;02;2020;2;427***406**;LOURIVAL FÉLIX MATOS DE SÁ;04 - ORDENADOR DE DESPESA POR DELEGAÇÃO;;;Secretario;procuradoria@caete.mg.gov.br;20200201;20200229
1133696;303;02;2020;2;506***436**;MAURO LUCIO FRANCO;04 - ORDENADOR DE DESPESA POR DELEGAÇÃO;;;Secretário;assejur@caete.mg.gov.br;20200201;20200229
1133707;303;02;2020;2;043***676**;ALISSON VITOR MARQUES;04 - ORDENADOR DE DESPESA POR DELEGAÇÃO;;;Secretário;saude@caete.mg.gov.br;20200201;20200229
1142379;303;02;2020;3;842***946**;LUCAS COELHO FERREIRA;01 - GESTOR;;;;prefeitolucascoelho@caete.mg.gov.br;20200301;20200331
1142377;303;02;2020;3;114***786**;ANDRA CAROLINA SOARES;02 - CONTADOR;116407;MG;;contabilidade@caete.mg.gov.br;20200301;20200331
1142384;303;02;2020;3;779***936**;ORLANDO ZANON NETO;03 - CONTROLE INTERNO;;;;orlando.zanon@caete.mg.gov.br;20200301;20200331
1142383;303;02;2020;3;427***406**;LOURIVAL FÉLIX MATOS DE SÁ;04 - ORDENADOR DE DESPESA POR DELEGAÇÃO;;;Secretario;procuradoria@caete.mg.gov.br;20200301;20200304
1142381;303;02;2020;3;506***436**;MAURO LUCIO FRANCO;04 - ORDENADOR DE DESPESA POR DELEGAÇÃO;;;Procurador Municipal;assejur@caete.mg.gov.br;20200305;20200331
1142382;303;02;2020;3;999***926**;CINTIA REGINA DOS SANTOS;04 - ORDENADOR DE DESPESA POR DELEGAÇÃO;;;Secretária;contabilidade@caete.mg.gov.br;20200301;20200331
1142378;303;02;2020;3;099***906**;FÚLVIO AVALONNY RATTO BRANDAO;04 - ORDENADOR DE DESPESA POR DELEGAÇÃO;;;Secretário;semel@caete.mg.gov.br;20200301;20200331
1142385;303;02;2020;3;779***936**;ORLANDO ZANON NETO;04 - ORDENADOR DE DESPESA POR DELEGAÇÃO;;;Assessor Chefe de Controle Interno;orlando.zanon@caete.mg.gov.br;20200301;20200331
1142386;303;02;2020;3;967***686**;ÚRSULA CRISTINA ANGELO COELHO FERREIRA;04 - ORDENADOR DE DESPESA POR DELEGAÇÃO;;;Secretária;semas@caete.mg.gov.br;20200301;20200331
1142387;303;02;2020;3;277***646**;MARCELO GARABINI;04 - ORDENADOR DE DESPESA POR DELEGAÇÃO;;;Secretário;garabini@gmail.com;20200301;20200331
1142388;303;02;2020;3;506***436**;MAURO LUCIO FRANCO;04 - ORDENADOR DE DESPESA POR DELEGAÇÃO;;;Secretário;assejur@caete.mg.gov.br;20200301;20200331
1142380;303;02;2020;3;043***676**;ALISSON VITOR MARQUES;04 - ORDENADOR DE DESPESA POR DELEGAÇÃO;;;Secretário;saude@caete.mg.gov.br;20200301;20200331
1142376;303;02;2020;3;044***296**;JULIO CESAR BATISTA;04 - ORDENADOR DE DESPESA POR DELEGAÇÃO;;;Secretário;obras@caete.mg.gov.br;20200301;20200331
1142397;303;02;2020;4;842***946**;LUCAS COELHO FERREIRA;01 - GESTOR;;;;prefeitolucascoelho@caete.mg.gov.br;20200401;20200430
1142396;303;02;2020;4;114***786**;ANDRA CAROLINA SOARES;02 - CONTADOR;116407;MG;;contabilidade@caete.mg.gov.br;20200401;20200430
1142393;303;02;2020;4;779***936**;ORLANDO ZANON NETO;03 - CONTROLE INTERNO;;;;orlando.zanon@caete.mg.gov.br;20200401;20200430
1142392;303;02;2020;4;044***296**;JULIO CESAR BATISTA;04 - ORDENADOR DE DESPESA POR DELEGAÇÃO;;;Secretário;obras@caete.mg.gov.br;20200401;20200430
1142400;303;02;2020;4;779***936**;ORLANDO ZANON NETO;04 - ORDENADOR DE DESPESA POR DELEGAÇÃO;;;Assessor Chefe de Controle Interno;orlando.zanon@caete.mg.gov.br;20200401;20200430
1142395;303;02;2020;4;999***926**;CINTIA REGINA DOS SANTOS;04 - ORDENADOR DE DESPESA POR DELEGAÇÃO;;;Secretária;contabilidade@caete.mg.gov.br;20200401;20200430
1142398;303;02;2020;4;277***646**;MARCELO GARABINI;04 - ORDENADOR DE DESPESA POR DELEGAÇÃO;;;Secretário;garabini@gmail.com;20200401;20200430
1142399;303;02;2020;4;099***906**;FÚLVIO AVALONNY RATTO BRANDAO;04 - ORDENADOR DE DESPESA POR DELEGAÇÃO;;;Secretário;semel@caete.mg.gov.br;20200401;20200430
1142391;303;02;2020;4;967***686**;ÚRSULA CRISTINA ANGELO COELHO FERREIRA;04 - ORDENADOR DE DESPESA POR DELEGAÇÃO;;;Secretária;semas@caete.mg.gov.br;20200401;20200430
1142390;303;02;2020;4;506***436**;MAURO LUCIO FRANCO;04 - ORDENADOR DE DESPESA POR DELEGAÇÃO;;;Procurador Municipal;assejur@caete.mg.gov.br;20200401;20200430
1142389;303;02;2020;4;506***436**;MAURO LUCIO FRANCO;04 - ORDENADOR DE DESPESA POR DELEGAÇÃO;;;Secretário;assejur@caete.mg.gov.br;20200401;20200430
1142394;303;02;2020;4;043***676**;ALISSON VITOR MARQUES;04 - ORDENADOR DE DESPESA POR DELEGAÇÃO;;;Secretário;saude@caete.mg.gov.br;20200401;20200430
1142406;303;02;2020;5;842***946**;LUCAS COELHO FERREIRA;01 - GESTOR;;;;prefeitolucascoelho@caete.mg.gov.br;20200501;20200531
1142403;303;02;2020;5;114***786**;ANDRA CAROLINA SOARES;02 - CONTADOR;116407;MG;;contabilidade@caete.mg.gov.br;20200501;20200531
1142407;303;02;2020;5;779***936**;ORLANDO ZANON NETO;03 - CONTROLE INTERNO;;;;orlando.zanon@caete.mg.gov.br;20200501;20200531
1142404;303;02;2020;5;506***436**;MAURO LUCIO FRANCO;04 - ORDENADOR DE DESPESA POR DELEGAÇÃO;;;Secretário;assejur@caete.mg.gov.br;20200501;20200531
1142401;303;02;2020;5;506***436**;MAURO LUCIO FRANCO;04 - ORDENADOR DE DESPESA POR DELEGAÇÃO;;;Procurador Municipal;assejur@caete.mg.gov.br;20200501;20200531
1142405;303;02;2020;5;967***686**;ÚRSULA CRISTINA ANGELO COELHO FERREIRA;04 - ORDENADOR DE DESPESA POR DELEGAÇÃO;;;Secretária;semas@caete.mg.gov.br;20200501;20200531
1142408;303;02;2020;5;277***646**;MARCELO GARABINI;04 - ORDENADOR DE DESPESA POR DELEGAÇÃO;;;Secretário;garabini@gmail.com;20200501;20200531
1142402;303;02;2020;5;043***676**;ALISSON VITOR MARQUES;04 - ORDENADOR DE DESPESA POR DELEGAÇÃO;;;Secretário;saude@caete.mg.gov.br;20200501;20200531
1142410;303;02;2020;5;099***906**;FÚLVIO AVALONNY RATTO BRANDAO;04 - ORDENADOR DE DESPESA POR DELEGAÇÃO;;;Secretário;semel@caete.mg.gov.br;20200501;20200531
1142411;303;02;2020;5;999***926**;CINTIA REGINA DOS SANTOS;04 - ORDENADOR DE DESPESA POR DELEGAÇÃO;;;Secretária;contabilidade@caete.mg.gov.br;20200501;20200531
1142412;303;02;2020;5;044***296**;JULIO CESAR BATISTA;04 - ORDENADOR DE DESPESA POR DELEGAÇÃO;;;Secretário;obras@caete.mg.gov.br;20200501;20200531
1142409;303;02;2020;5;779***936**;ORLANDO ZANON NETO;04 - ORDENADOR DE DESPESA POR DELEGAÇÃO;;;Assessor Chefe de Controle Interno;orlando.zanon@caete.mg.gov.br;20200501;20200531
1216916;303;02;2020;6;842***946**;LUCAS COELHO FERREIRA;01 - GESTOR;;;;prefeitolucascoelho@caete.mg.gov.br;20200601;20200630
1216917;303;02;2020;6;114***786**;ANDRA CAROLINA SOARES;02 - CONTADOR;116407;MG;;contabilidade@caete.mg.gov.br;20200601;20200630
1216918;303;02;2020;6;779***936**;ORLANDO ZANON NETO;03 - CONTROLE INTERNO;;;;orlando.zanon@caete.mg.gov.br;20200601;20200630
1216922;303;02;2020;6;779***936**;ORLANDO ZANON NETO;04 - ORDENADOR DE DESPESA POR DELEGAÇÃO;;;Assessor Chefe de Controle Interno;orlando.zanon@caete.mg.gov.br;20200601;20200630
1216923;303;02;2020;6;967***686**;ÚRSULA CRISTINA ANGELO COELHO FERREIRA;04 - ORDENADOR DE DESPESA POR DELEGAÇÃO;;;Secretária;semas@caete.mg.gov.br;20200601;20200630
1216924;303;02;2020;6;043***676**;ALISSON VITOR MARQUES;04 - ORDENADOR DE DESPESA POR DELEGAÇÃO;;;Secretário;saude@caete.mg.gov.br;20200601;20200630
1216925;303;02;2020;6;506***436**;MAURO LUCIO FRANCO;04 - ORDENADOR DE DESPESA POR DELEGAÇÃO;;;Secretário;assejur@caete.mg.gov.br;20200601;20200630
1216926;303;02;2020;6;044***296**;JULIO CESAR BATISTA;04 - ORDENADOR DE DESPESA POR DELEGAÇÃO;;;Secretário;obras@caete.mg.gov.br;20200601;20200630
1216927;303;02;2020;6;506***436**;MAURO LUCIO FRANCO;04 - ORDENADOR DE DESPESA POR DELEGAÇÃO;;;Procurador Municipal;assejur@caete.mg.gov.br;20200601;20200630
1216920;303;02;2020;6;099***906**;FÚLVIO AVALONNY RATTO BRANDAO;04 - ORDENADOR DE DESPESA POR DELEGAÇÃO;;;Secretário;semel@caete.mg.gov.br;20200601;20200630
1216919;303;02;2020;6;999***926**;CINTIA REGINA DOS SANTOS;04 - ORDENADOR DE DESPESA POR DELEGAÇÃO;;;Secretária;contabilidade@caete.mg.gov.br;20200601;20200630
1216921;303;02;2020;6;277***646**;MARCELO GARABINI;04 - ORDENADOR DE DESPESA POR DELEGAÇÃO;;;Secretário;garabini@gmail.com;20200601;20200630
1216937;303;02;2020;7;842***946**;LUCAS COELHO FERREIRA;01 - GESTOR;;;;prefeitolucascoelho@caete.mg.gov.br;20200701;20200731
1216938;303;02;2020;7;114***786**;ANDRA CAROLINA SOARES;02 - CONTADOR;116407;MG;;contabilidade@caete.mg.gov.br;20200701;20200731
1216939;303;02;2020;7;779***936**;ORLANDO ZANON NETO;03 - CONTROLE INTERNO;;;;orlando.zanon@caete.mg.gov.br;20200701;20200731
1216949;303;02;2020;7;043***676**;ALISSON VITOR MARQUES;04 - ORDENADOR DE DESPESA POR DELEGAÇÃO;;;Secretário;saude@caete.mg.gov.br;20200701;20200731
1216944;303;02;2020;7;044***296**;JULIO CESAR BATISTA;04 - ORDENADOR DE DESPESA POR DELEGAÇÃO;;;Secretário;obras@caete.mg.gov.br;20200701;20200731
1216945;303;02;2020;7;506***436**;MAURO LÚCIO FRANCO;04 - ORDENADOR DE DESPESA POR DELEGAÇÃO;;;Secretário;assejur@caete.mg.gov.br;20200701;20200731
1216946;303;02;2020;7;099***906**;FÚLVIO AVALONNY RATTO BRANDAO;04 - ORDENADOR DE DESPESA POR DELEGAÇÃO;;;Secretário;semel@caete.mg.gov.br;20200701;20200731
1216947;303;02;2020;7;506***436**;MAURO LÚCIO FRANCO;04 - ORDENADOR DE DESPESA POR DELEGAÇÃO;;;Procurador Municipal;assejur@caete.mg.gov.br;20200701;20200731
1216948;303;02;2020;7;779***936**;ORLANDO ZANON NETO;04 - ORDENADOR DE DESPESA POR DELEGAÇÃO;;;Assessor Chefe de Controle Interno;orlando.zanon@caete.mg.gov.br;20200701;20200731
1216942;303;02;2020;7;967***686**;ÚRSULA CRISTINA ANGELO COELHO FERREIRA;04 - ORDENADOR DE DESPESA POR DELEGAÇÃO;;;Secretária;semas@caete.mg.gov.br;20200701;20200731
1216941;303;02;2020;7;999***926**;CINTIA REGINA DOS SANTOS;04 - ORDENADOR DE DESPESA POR DELEGAÇÃO;;;Secretária;contabilidade@caete.mg.gov.br;20200701;20200731
1216940;303;02;2020;7;277***646**;MARCELO GARABINI;04 - ORDENADOR DE DESPESA POR DELEGAÇÃO;;;Secretário;garabini@gmail.com;20200701;20200731
1216943;303;02;2020;7;277***646**;MARCELO GARABINI;04 - ORDENADOR DE DESPESA POR DELEGAÇÃO;;;Secretário;garabini@gmail.com;20200701;20200731
1216959;303;02;2020;8;842***946**;LUCAS COELHO FERREIRA;01 - GESTOR;;;;prefeitolucascoelho@caete.mg.gov.br;20200801;20200831
1216960;303;02;2020;8;114***786**;ANDRA CAROLINA SOARES;02 - CONTADOR;116407;MG;;contabilidade@caete.mg.gov.br;20200801;20200831
1216961;303;02;2020;8;779***936**;ORLANDO ZANON NETO;03 - CONTROLE INTERNO;;;;orlando.zanon@caete.mg.gov.br;20200801;20200831
1216970;303;02;2020;8;967***686**;ÚRSULA CRISTINA ANGELO COELHO FERREIRA;04 - ORDENADOR DE DESPESA POR DELEGAÇÃO;;;Secretária;semas@caete.mg.gov.br;20200801;20200831
1216965;303;02;2020;8;044***296**;JULIO CESAR BATISTA;04 - ORDENADOR DE DESPESA POR DELEGAÇÃO;;;Secretário;obras@caete.mg.gov.br;20200801;20200831
1216966;303;02;2020;8;506***436**;MAURO LÚCIO FRANCO;04 - ORDENADOR DE DESPESA POR DELEGAÇÃO;;;Procurador Municipal;assejur@caete.mg.gov.br;20200801;20200831
1216971;303;02;2020;8;277***646**;MARCELO GARABINI;04 - ORDENADOR DE DESPESA POR DELEGAÇÃO;;;Secretário;garabini@gmail.com;20200801;20200831
1216968;303;02;2020;8;277***646**;MARCELO GARABINI;04 - ORDENADOR DE DESPESA POR DELEGAÇÃO;;;Secretário;garabini@gmail.com;20200801;20200831
1216969;303;02;2020;8;999***926**;CINTIA REGINA DOS SANTOS;04 - ORDENADOR DE DESPESA POR DELEGAÇÃO;;;Secretária;contabilidade@caete.mg.gov.br;20200801;20200831
1216963;303;02;2020;8;043***676**;ALISSON VITOR MARQUES;04 - ORDENADOR DE DESPESA POR DELEGAÇÃO;;;Secretário;saude@caete.mg.gov.br;20200801;20200831
1216962;303;02;2020;8;099***906**;FÚLVIO AVALONNY RATTO BRANDAO;04 - ORDENADOR DE DESPESA POR DELEGAÇÃO;;;Secretário;semel@caete.mg.gov.br;20200801;20200831
1216967;303;02;2020;8;506***436**;MAURO LÚCIO FRANCO;04 - ORDENADOR DE DESPESA POR DELEGAÇÃO;;;Secretário;assejur@caete.mg.gov.br;20200801;20200831
1216964;303;02;2020;8;779***936**;ORLANDO ZANON NETO;04 - ORDENADOR DE DESPESA POR DELEGAÇÃO;;;Assessor Chefe de Controle Interno;orlando.zanon@caete.mg.gov.br;20200801;20200831
1216981;303;02;2020;9;842***946**;LUCAS COELHO FERREIRA;01 - GESTOR;;;;prefeitolucascoelho@caete.mg.gov.br;20200901;20200930
1216982;303;02;2020;9;114***786**;ANDRA CAROLINA SOARES;02 - CONTADOR;116407;MG;;contabilidade@caete.mg.gov.br;20200901;20200930
1216983;303;02;2020;9;779***936**;ORLANDO ZANON NETO;03 - CONTROLE INTERNO;;;;orlando.zanon@caete.mg.gov.br;20200901;20200930
1216987;303;02;2020;9;044***296**;JULIO CESAR BATISTA;04 - ORDENADOR DE DESPESA POR DELEGAÇÃO;;;Secretário;obras@caete.mg.gov.br;20200901;20200930
1216986;303;02;2020;9;506***436**;MAURO LÚCIO FRANCO;04 - ORDENADOR DE DESPESA POR DELEGAÇÃO;;;Procurador Municipal;assejur@caete.mg.gov.br;20200901;20200930
1216985;303;02;2020;9;779***936**;ORLANDO ZANON NETO;04 - ORDENADOR DE DESPESA POR DELEGAÇÃO;;;Assessor Chefe de Controle Interno;orlando.zanon@caete.mg.gov.br;20200901;20200930
1216984;303;02;2020;9;043***676**;ALISSON VITOR MARQUES;04 - ORDENADOR DE DESPESA POR DELEGAÇÃO;;;Secretário;saude@caete.mg.gov.br;20200901;20200930
1216992;303;02;2020;9;506***436**;MAURO LÚCIO FRANCO;04 - ORDENADOR DE DESPESA POR DELEGAÇÃO;;;Secretário;assejur@caete.mg.gov.br;20200901;20200930
1216988;303;02;2020;9;967***686**;ÚRSULA CRISTINA ANGELO COELHO FERREIRA;04 - ORDENADOR DE DESPESA POR DELEGAÇÃO;;;Secretária;semas@caete.mg.gov.br;20200901;20200930
1216990;303;02;2020;9;999***926**;CINTIA REGINA DOS SANTOS;04 - ORDENADOR DE DESPESA POR DELEGAÇÃO;;;Secretária;contabilidade@caete.mg.gov.br;20200901;20200930
1216989;303;02;2020;9;277***646**;MARCELO GARABINI;04 - ORDENADOR DE DESPESA POR DELEGAÇÃO;;;Secretário;garabini@gmail.com;20200901;20200930
1216991;303;02;2020;9;006***846**;MELQUES DE PADUA BRITO;04 - ORDENADOR DE DESPESA POR DELEGAÇÃO;;;Secretario;meioambiente@caete.mg.gov.br;20200901;20200930
1216993;303;02;2020;9;099***906**;FÚLVIO AVALONNY RATTO BRANDAO;04 - ORDENADOR DE DESPESA POR DELEGAÇÃO;;;Secretário;semel@caete.mg.gov.br;20200901;20200930
1238672;303;02;2020;10;842***946**;LUCAS COELHO FERREIRA;01 - GESTOR;;;;prefeitolucascoelho@caete.mg.gov.br;20201001;20201031
1238673;303;02;2020;10;114***786**;ANDRA CAROLINA SOARES;02 - CONTADOR;116407;MG;;contabilidade@caete.mg.gov.br;20201001;20201031
1238674;303;02;2020;10;779***936**;ORLANDO ZANON NETO;03 - CONTROLE INTERNO;;;;orlando.zanon@caete.mg.gov.br;20201001;20201031
1238675;303;02;2020;10;044***296**;JULIO CESAR BATISTA;04 - ORDENADOR DE DESPESA POR DELEGAÇÃO;;;Secretário;obras@caete.mg.gov.br;20201001;20201031
1238676;303;02;2020;10;277***646**;MARCELO GARABINI;04 - ORDENADOR DE DESPESA POR DELEGAÇÃO;;;Secretário;garabini@gmail.com;20201001;20201031
1238677;303;02;2020;10;043***676**;ALISSON VITOR MARQUES;04 - ORDENADOR DE DESPESA POR DELEGAÇÃO;;;Secretário;saude@caete.mg.gov.br;20201001;20201031
1238678;303;02;2020;10;967***686**;ÚRSULA CRISTINA ANGELO COELHO FERREIRA;04 - ORDENADOR DE DESPESA POR DELEGAÇÃO;;;Secretária;semas@caete.mg.gov.br;20201001;20201031
1238679;303;02;2020;10;999***926**;CINTIA REGINA DOS SANTOS;04 - ORDENADOR DE DESPESA POR DELEGAÇÃO;;;Secretária;contabilidade@caete.mg.gov.br;20201001;20201031
1238684;303;02;2020;10;006***846**;MELQUES DE PADUA BRITO;04 - ORDENADOR DE DESPESA POR DELEGAÇÃO;;;Secretario;meioambiente@caete.mg.gov.br;20201001;20201031
1238680;303;02;2020;10;099***906**;FÚLVIO AVALONNY RATTO BRANDAO;04 - ORDENADOR DE DESPESA POR DELEGAÇÃO;;;Secretário;semel@caete.mg.gov.br;20201001;20201031
1238682;303;02;2020;10;779***936**;ORLANDO ZANON NETO;04 - ORDENADOR DE DESPESA POR DELEGAÇÃO;;;Assessor Chefe de Controle Interno;orlando.zanon@caete.mg.gov.br;20201001;20201031
1238681;303;02;2020;10;506***436**;MAURO LÚCIO FRANCO;04 - ORDENADOR DE DESPESA POR DELEGAÇÃO;;;Secretário;assejur@caete.mg.gov.br;20201001;20201031
1238683;303;02;2020;10;506***436**;MAURO LÚCIO FRANCO;04 - ORDENADOR DE DESPESA POR DELEGAÇÃO;;;Procurador Municipal;assejur@caete.mg.gov.br;20201001;20201031
1260230;303;02;2020;11;842***946**;LUCAS COELHO FERREIRA;01 - GESTOR;;;;prefeitolucascoelho@caete.mg.gov.br;20201101;20201130
1260231;303;02;2020;11;114***786**;ANDRA CAROLINA SOARES;02 - CONTADOR;116407;MG;;contabilidade@caete.mg.gov.br;20201101;20201130
1260232;303;02;2020;11;779***936**;ORLANDO ZANON NETO;03 - CONTROLE INTERNO;;;;orlando.zanon@caete.mg.gov.br;20201101;20201130
1260233;303;02;2020;11;006***846**;MELQUES DE PADUA BRITO;04 - ORDENADOR DE DESPESA POR DELEGAÇÃO;;;Secretario;meioambiente@caete.mg.gov.br;20201101;20201130
1260241;303;02;2020;11;967***686**;ÚRSULA CRISTINA ANGELO COELHO FERREIRA;04 - ORDENADOR DE DESPESA POR DELEGAÇÃO;;;Secretaria;semas@caete.mg.gov.br;20201101;20201130
1260240;303;02;2020;11;043***676**;ALISSON VITOR MARQUES;04 - ORDENADOR DE DESPESA POR DELEGAÇÃO;;;Secretario;saude@caete.mg.gov.br;20201101;20201130
1260239;303;02;2020;11;779***936**;ORLANDO ZANON NETO;04 - ORDENADOR DE DESPESA POR DELEGAÇÃO;;;Assessor Chefe de Controle Interno;orlando.zanon@caete.mg.gov.br;20201101;20201130
1260242;303;02;2020;11;099***906**;FÚLVIO AVALONNY RATTO BRANDAO;04 - ORDENADOR DE DESPESA POR DELEGAÇÃO;;;Secretario;semel@caete.mg.gov.br;20201101;20201130
1260238;303;02;2020;11;506***436**;MAURO LÚCIO FRANCO;04 - ORDENADOR DE DESPESA POR DELEGAÇÃO;;;Secretario;assejur@caete.mg.gov.br;20201101;20201130
1260237;303;02;2020;11;999***926**;CINTIA REGINA DOS SANTOS;04 - ORDENADOR DE DESPESA POR DELEGAÇÃO;;;Secretaria;contabilidade@caete.mg.gov.br;20201101;20201130
1260236;303;02;2020;11;506***436**;MAURO LÚCIO FRANCO;04 - ORDENADOR DE DESPESA POR DELEGAÇÃO;;;Procurador Municipal;assejur@caete.mg.gov.br;20201101;20201130
1260235;303;02;2020;11;277***646**;MARCELO GARABINI;04 - ORDENADOR DE DESPESA POR DELEGAÇÃO;;;Secretario;garabini@gmail.com;20201101;20201130
1260234;303;02;2020;11;044***296**;JULIO CESAR BATISTA;04 - ORDENADOR DE DESPESA POR DELEGAÇÃO;;;Secretario;obras@caete.mg.gov.br;20201101;20201130
1269485;303;02;2020;12;842***946**;LUCAS COELHO FERREIRA;01 - GESTOR;;;;prefeitolucascoelho@caete.mg.gov.br;20201201;20201231
1269486;303;02;2020;12;114***786**;ANDRA CAROLINA SOARES;02 - CONTADOR;116407;MG;;contabilidade@caete.mg.gov.br;20201201;20201231
1269487;303;02;2020;12;779***936**;ORLANDO ZANON NETO;03 - CONTROLE INTERNO;;;;orlando.zanon@caete.mg.gov.br;20201201;20201231
1269490;303;02;2020;12;044***296**;JULIO CESAR BATISTA;04 - ORDENADOR DE DESPESA POR DELEGAÇÃO;;;Secretario;obras@caete.mg.gov.br;20201201;20201231
1269493;303;02;2020;12;779***936**;ORLANDO ZANON NETO;04 - ORDENADOR DE DESPESA POR DELEGAÇÃO;;;Assessor Chefe de Controle Interno;orlando.zanon@caete.mg.gov.br;20201201;20201231
1269495;303;02;2020;12;967***686**;ÚRSULA CRISTINA ANGELO COELHO FERREIRA;04 - ORDENADOR DE DESPESA POR DELEGAÇÃO;;;Secretaria;semas@caete.mg.gov.br;20201201;20201231
1269488;303;02;2020;12;506***436**;MAURO LÚCIO FRANCO;04 - ORDENADOR DE DESPESA POR DELEGAÇÃO;;;Secretario;assejur@caete.mg.gov.br;20201201;20201231
1269491;303;02;2020;12;099***906**;FÚLVIO AVALONNY RATTO BRANDAO;04 - ORDENADOR DE DESPESA POR DELEGAÇÃO;;;Secretario;semel@caete.mg.gov.br;20201201;20201231
1269497;303;02;2020;12;506***436**;MAURO LÚCIO FRANCO;04 - ORDENADOR DE DESPESA POR DELEGAÇÃO;;;Procurador Municipal;assejur@caete.mg.gov.br;20201201;20201231
1269489;303;02;2020;12;043***676**;ALISSON VITOR MARQUES;04 - ORDENADOR DE DESPESA POR DELEGAÇÃO;;;Secretario;saude@caete.mg.gov.br;20201201;20201231
1269492;303;02;2020;12;006***846**;MELQUES DE PADUA BRITO;04 - ORDENADOR DE DESPESA POR DELEGAÇÃO;;;Secretario;meioambiente@caete.mg.gov.br;20201201;20201231
1269494;303;02;2020;12;999***926**;CINTIA REGINA DOS SANTOS;04 - ORDENADOR DE DESPESA POR DELEGAÇÃO;;;Secretaria;contabilidade@caete.mg.gov.br;20201201;20201231
1269496;303;02;2020;12;277***646**;MARCELO GARABINI;04 - ORDENADOR DE DESPESA POR DELEGAÇÃO;;;Secretario;garabini@gmail.com;20201201;20201231
1107162;304;03;2020;1;429***506**;RENE HENRIQUE CARDOSO RENAULT;01 - GESTOR;;;;superintendencia@saaecaete.com.br;20200101;20200131
1107163;304;03;2020;1;378***586**;REGINA DE FATIMA VIEIRA SANTOS;02 - CONTADOR;34769;MG;;regininhas3d@gmail.com;20200101;20200131
1107161;304;03;2020;1;099***246**;BARBARA MARTHUCHELE ALVES DE PAULA;03 - CONTROLE INTERNO;;;;controleinterno@saaecaete.com.br;20200101;20200131
1107166;304;03;2020;2;429***506**;RENE HENRIQUE CARDOSO RENAULT;01 - GESTOR;;;;superintendencia@saaecaete.com.br;20200201;20200229
1107164;304;03;2020;2;378***586**;REGINA DE FATIMA VIEIRA SANTOS;02 - CONTADOR;34769;MG;;regininhas3d@gmail.com;20200201;20200229
1107165;304;03;2020;2;099***246**;BARBARA MARTHUCHELE ALVES DE PAULA;03 - CONTROLE INTERNO;;;;controleinterno@saaecaete.com.br;20200201;20200229
1107169;304;03;2020;3;429***506**;RENE HENRIQUE CARDOSO RENAULT;01 - GESTOR;;;;superintendencia@saaecaete.com.br;20200301;20200331
1107167;304;03;2020;3;378***586**;REGINA DE FATIMA VIEIRA SANTOS;02 - CONTADOR;34769;MG;;regininhas3d@gmail.com;20200301;20200331
1107168;304;03;2020;3;099***246**;BARBARA MARTHUCHELE ALVES DE PAULA;03 - CONTROLE INTERNO;;;;controleinterno@saaecaete.com.br;20200301;20200331
1112661;304;03;2020;4;429***506**;RENE HENRIQUE CARDOSO RENAULT;01 - GESTOR;;;;superintendencia@saaecaete.com.br;20200401;20200430
1112659;304;03;2020;4;378***586**;REGINA DE FATIMA VIEIRA SANTOS;02 - CONTADOR;34769;MG;;regininhas3d@gmail.com;20200401;20200430
1112660;304;03;2020;4;099***246**;BARBARA MARTHUCHELE ALVES DE PAULA;03 - CONTROLE INTERNO;;;;controleinterno@saaecaete.com.br;20200401;20200430
1112662;304;03;2020;5;429***506**;RENE HENRIQUE CARDOSO RENAULT;01 - GESTOR;;;;superintendencia@saaecaete.com.br;20200501;20200531
1112664;304;03;2020;5;378***586**;REGINA DE FATIMA VIEIRA SANTOS;02 - CONTADOR;34769;MG;;regininhas3d@gmail.com;20200501;20200531
1112663;304;03;2020;5;099***246**;BARBARA MARTHUCHELE ALVES DE PAULA;03 - CONTROLE INTERNO;;;;controleinterno@saaecaete.com.br;20200501;20200531
1216913;304;03;2020;6;429***506**;RENE HENRIQUE CARDOSO RENAULT;01 - GESTOR;;;;superintendencia@saaecaete.com.br;20200601;20200630
1216914;304;03;2020;6;378***586**;REGINA DE FATIMA VIEIRA SANTOS;02 - CONTADOR;34769;MG;;regininhas3d@gmail.com;20200601;20200630
1216915;304;03;2020;6;099***246**;BARBARA MARTHUCHELE ALVES DE PAULA;03 - CONTROLE INTERNO;;;;controleinterno@saaecaete.com.br;20200601;20200630
1248359;304;03;2020;7;429***506**;RENE HENRIQUE CARDOSO RENAULT;01 - GESTOR;;;;superintendencia@saaecaete.com.br;20200701;20200731
1248360;304;03;2020;7;378***586**;REGINA DE FATIMA VIEIRA SANTOS;02 - CONTADOR;34769;MG;;regininhas3d@gmail.com;20200701;20200731
1248361;304;03;2020;7;099***246**;BARBARA MARTHUCHELE ALVES DE PAULA;03 - CONTROLE INTERNO;;;;controleinterno@saaecaete.com.br;20200701;20200731
1248362;304;03;2020;8;429***506**;RENE HENRIQUE CARDOSO RENAULT;01 - GESTOR;;;;superintendencia@saaecaete.com.br;20200801;20200831
1248363;304;03;2020;8;378***586**;REGINA DE FATIMA VIEIRA SANTOS;02 - CONTADOR;34769;MG;;regininhas3d@gmail.com;20200801;20200831
1248364;304;03;2020;8;099***246**;BARBARA MARTHUCHELE ALVES DE PAULA;03 - CONTROLE INTERNO;;;;controleinterno@saaecaete.com.br;20200801;20200831
1259850;304;03;2020;9;429***506**;RENE HENRIQUE CARDOSO RENAULT;01 - GESTOR;;;;superintendencia@saaecaete.com.br;20200901;20200930
1259851;304;03;2020;9;378***586**;REGINA DE FATIMA VIEIRA SANTOS;02 - CONTADOR;34769;MG;;reginazinha@oi.com.br;20200901;20200930
1259852;304;03;2020;9;099***246**;BARBARA MARTHUCHELE ALVES DE PAULA;03 - CONTROLE INTERNO;;;;controleinterno@saaecaete.com.br;20200901;20200930
1260319;304;03;2020;10;429***506**;RENE HENRIQUE CARDOSO RENAULT;01 - GESTOR;;;;superintendencia@saaecaete.com.br;20201001;20201031
1260320;304;03;2020;10;378***586**;REGINA DE FATIMA VIEIRA SANTOS;02 - CONTADOR;34769;MG;;reginazinha@oi.com.br;20201001;20201031
1260321;304;03;2020;10;099***246**;BARBARA MARTHUCHELE ALVES DE PAULA;03 - CONTROLE INTERNO;;;;controleinterno@saaecaete.com.br;20201001;20201031
1272212;304;03;2020;11;804***476**;FERNANDO JOSE DA SILVA;01 - GESTOR;;;;nandopbjsilva@yahoo.com.br;20201101;20201130
1272213;304;03;2020;11;378***586**;REGINA DE FATIMA VIEIRA SANTOS;02 - CONTADOR;34769;MG;;reginazinha@oi.com.br;20201101;20201130
1272214;304;03;2020;11;099***246**;BARBARA MARTHUCHELE ALVES DE PAULA;03 - CONTROLE INTERNO;;;;controleinterno@saaecaete.com.br;20201101;20201130
1340683;304;03;2020;12;804***476**;FERNANDO JOSE DA SILVA;01 - GESTOR;;;;nandopbjsilva@yahoo.com.br;20201201;20201231
1340684;304;03;2020;12;378***586**;REGINA DE FATIMA VIEIRA SANTOS;02 - CONTADOR;34769;MG;;reginazinha@oi.com.br;20201201;20201231
1340685;304;03;2020;12;099***246**;BARBARA MARTHUCHELE ALVES DE PAULA;03 - CONTROLE INTERNO;;;;controleinterno@saaecaete.com.br;20201201;20201231
1118309;305;04;2020;1;084***226**;DARLAN CORRADI PERDIGAO DE ALMEIDA;01 - GESTOR;;;;fccc@caete.mg.gov.br;20200101;20200131
1118307;305;04;2020;1;999***926**;CINTIA REGINA DOS SANTOS;02 - CONTADOR;MG120904O;MG;;contabilidade@caete.mg.gov.br;20200101;20200131
1118308;305;04;2020;1;779***936**;ORLANDO ZANON NETO;03 - CONTROLE INTERNO;;;;orlando.zanon@caete.mg.gov.br;20200101;20200131
1118312;305;04;2020;2;084***226**;DARLAN CORRADI PERDIGAO DE ALMEIDA;01 - GESTOR;;;;fccc@caete.mg.gov.br;20200201;20200229
1118310;305;04;2020;2;999***926**;CINTIA REGINA DOS SANTOS;02 - CONTADOR;MG120904O;MG;;contabilidade@caete.mg.gov.br;20200201;20200229
1118311;305;04;2020;2;779***936**;ORLANDO ZANON NETO;03 - CONTROLE INTERNO;;;;orlando.zanon@caete.mg.gov.br;20200201;20200229
1118314;305;04;2020;3;084***226**;DARLAN CORRADI PERDIGAO DE ALMEIDA;01 - GESTOR;;;;fccc@caete.mg.gov.br;20200301;20200331
1118315;305;04;2020;3;999***926**;CINTIA REGINA DOS SANTOS;02 - CONTADOR;MG120904O;MG;;contabilidade@caete.mg.gov.br;20200301;20200331
1118313;305;04;2020;3;779***936**;ORLANDO ZANON NETO;03 - CONTROLE INTERNO;;;;orlando.zanon@caete.mg.gov.br;20200301;20200331
1118316;305;04;2020;4;084***226**;DARLAN CORRADI PERDIGAO DE ALMEIDA;01 - GESTOR;;;;fccc@caete.mg.gov.br;20200401;20200430
1118318;305;04;2020;4;999***926**;CINTIA REGINA DOS SANTOS;02 - CONTADOR;MG120904O;MG;;contabilidade@caete.mg.gov.br;20200401;20200430
1118317;305;04;2020;4;779***936**;ORLANDO ZANON NETO;03 - CONTROLE INTERNO;;;;orlando.zanon@caete.mg.gov.br;20200401;20200430
1118320;305;04;2020;5;084***226**;DARLAN CORRADI PERDIGAO DE ALMEIDA;01 - GESTOR;;;;fccc@caete.mg.gov.br;20200501;20200531
1118321;305;04;2020;5;999***926**;CINTIA REGINA DOS SANTOS;02 - CONTADOR;MG120904O;MG;;contabilidade@caete.mg.gov.br;20200501;20200531
1118319;305;04;2020;5;779***936**;ORLANDO ZANON NETO;03 - CONTROLE INTERNO;;;;orlando.zanon@caete.mg.gov.br;20200501;20200531
1118324;305;04;2020;6;084***226**;DARLAN CORRADI PERDIGAO DE ALMEIDA;01 - GESTOR;;;;fccc@caete.mg.gov.br;20200601;20200630
1118322;305;04;2020;6;999***926**;CINTIA REGINA DOS SANTOS;02 - CONTADOR;MG120904O;MG;;contabilidade@caete.mg.gov.br;20200601;20200630
1118323;305;04;2020;6;779***936**;ORLANDO ZANON NETO;03 - CONTROLE INTERNO;;;;orlando.zanon@caete.mg.gov.br;20200601;20200630
1216934;305;04;2020;7;084***226**;DARLAN CORRADI PERDIGAO DE ALMEIDA;01 - GESTOR;;;;fccc@caete.mg.gov.br;20200701;20200731
1216935;305;04;2020;7;999***926**;CINTIA REGINA DOS SANTOS;02 - CONTADOR;MG120904O;MG;;contabilidade@caete.mg.gov.br;20200701;20200731
1216936;305;04;2020;7;779***936**;ORLANDO ZANON NETO;03 - CONTROLE INTERNO;;;;orlando.zanon@caete.mg.gov.br;20200701;20200731
1216956;305;04;2020;8;084***226**;DARLAN CORRADI PERDIGAO DE ALMEIDA;01 - GESTOR;;;;fccc@caete.mg.gov.br;20200801;20200831
1216957;305;04;2020;8;999***926**;CINTIA REGINA DOS SANTOS;02 - CONTADOR;MG120904O;MG;;contabilidade@caete.mg.gov.br;20200801;20200831
1216958;305;04;2020;8;779***936**;ORLANDO ZANON NETO;03 - CONTROLE INTERNO;;;;orlando.zanon@caete.mg.gov.br;20200801;20200831
1216978;305;04;2020;9;084***226**;DARLAN CORRADI PERDIGAO DE ALMEIDA;01 - GESTOR;;;;fccc@caete.mg.gov.br;20200901;20200930
1216979;305;04;2020;9;999***926**;CINTIA REGINA DOS SANTOS;02 - CONTADOR;MG120904O;MG;;contabilidade@caete.mg.gov.br;20200901;20200930
1216980;305;04;2020;9;779***936**;ORLANDO ZANON NETO;03 - CONTROLE INTERNO;;;;orlando.zanon@caete.mg.gov.br;20200901;20200930
1228599;305;04;2020;10;084***226**;DARLAN CORRADI PERDIGAO DE ALMEIDA;01 - GESTOR;;;;fccc@caete.mg.gov.br;20201001;20201031
1228600;305;04;2020;10;999***926**;CINTIA REGINA DOS SANTOS;02 - CONTADOR;MG120904O;MG;;contabilidade@caete.mg.gov.br;20201001;20201031
1228601;305;04;2020;10;779***936**;ORLANDO ZANON NETO;03 - CONTROLE INTERNO;;;;orlando.zanon@caete.mg.gov.br;20201001;20201031
1252360;305;04;2020;11;084***226**;DARLAN CORRADI PERDIGAO DE ALMEIDA;01 - GESTOR;;;;fccc@caete.mg.gov.br;20201101;20201130
1252361;305;04;2020;11;999***926**;CINTIA REGINA DOS SANTOS;02 - CONTADOR;MG120904O;MG;;contabilidade@caete.mg.gov.br;20201101;20201130
1252362;305;04;2020;11;779***936**;ORLANDO ZANON NETO;03 - CONTROLE INTERNO;;;;orlando.zanon@caete.mg.gov.br;20201101;20201130
1289468;305;04;2020;12;084***226**;DARLAN CORRADI PERDIGAO DE ALMEIDA;01 - GESTOR;;;;fccc@caete.mg.gov.br;20201201;20201231
1289469;305;04;2020;12;999***926**;CINTIA REGINA DOS SANTOS;02 - CONTADOR;MG120904O;MG;;contabilidade@caete.mg.gov.br;20201201;20201231
1289470;305;04;2020;12;779***936**;ORLANDO ZANON NETO;03 - CONTROLE INTERNO;;;;orlando.zanon@caete.mg.gov.br;20201201;20201231
1122838;306;05;2020;1;027***116**;LUCINEIA MARIA FONSECA;01 - GESTOR;;;;fec@caete.mg.gov.br;20200101;20200131
1122837;306;05;2020;1;809***416**;RENATO DO CARMO SILVA FERREIRA;02 - CONTADOR;112744;MG;;rmcontabilidadeeconsultoria@gmail.com;20200101;20200131
1122839;306;05;2020;1;576***856**;RENATO BERNARDINO DE SOUZA;03 - CONTROLE INTERNO;;;;fec@caete.mg.gov.br;20200101;20200131
1122841;306;05;2020;2;027***116**;LUCINEIA MARIA FONSECA;01 - GESTOR;;;;fec@caete.mg.gov.br;20200201;20200229
1122840;306;05;2020;2;809***416**;RENATO DO CARMO SILVA FERREIRA;02 - CONTADOR;112744;MG;;rmcontabilidadeeconsultoria@gmail.com;20200201;20200229
1122842;306;05;2020;2;576***856**;RENATO BERNARDINO DE SOUZA;03 - CONTROLE INTERNO;;;;fec@caete.mg.gov.br;20200201;20200229
1131695;306;05;2020;3;027***116**;LUCINEIA MARIA FONSECA;01 - GESTOR;;;;fec@caete.mg.gov.br;20200301;20200331
1131694;306;05;2020;3;060***636**;MICHELLE PEREIRA FRANCO PEDROSO;02 - CONTADOR;91422;MG;;rmcontabilidadeeconsultoria@gmail.com;20200301;20200331
1131693;306;05;2020;3;576***856**;RENATO BERNARDINO DE SOUZA;03 - CONTROLE INTERNO;;;;fec@caete.mg.gov.br;20200301;20200331
1131697;306;05;2020;4;027***116**;LUCINEIA MARIA FONSECA;01 - GESTOR;;;;fec@caete.mg.gov.br;20200401;20200430
1131696;306;05;2020;4;060***636**;MICHELLE PEREIRA FRANCO PEDROSO;02 - CONTADOR;91422;MG;;rmcontabilidadeeconsultoria@gmail.com;20200401;20200430
1131698;306;05;2020;4;576***856**;RENATO BERNARDINO DE SOUZA;03 - CONTROLE INTERNO;;;;fec@caete.mg.gov.br;20200401;20200430
1131701;306;05;2020;5;027***116**;LUCINEIA MARIA FONSECA;01 - GESTOR;;;;fec@caete.mg.gov.br;20200501;20200531
1131700;306;05;2020;5;060***636**;MICHELLE PEREIRA FRANCO PEDROSO;02 - CONTADOR;91422;MG;;rmcontabilidadeeconsultoria@gmail.com;20200501;20200531
1131699;306;05;2020;5;576***856**;RENATO BERNARDINO DE SOUZA;03 - CONTROLE INTERNO;;;;fec@caete.mg.gov.br;20200501;20200531
1142415;306;05;2020;6;027***116**;LUCINEIA MARIA FONSECA;01 - GESTOR;;;;fec@caete.mg.gov.br;20200601;20200630
1142414;306;05;2020;6;060***636**;MICHELLE PEREIRA FRANCO PEDROSO;02 - CONTADOR;91422;MG;;rmcontabilidadeeconsultoria@gmail.com;20200601;20200630
1142413;306;05;2020;6;576***856**;RENATO BERNARDINO DE SOUZA;03 - CONTROLE INTERNO;;;;fec@caete.mg.gov.br;20200601;20200630
1216931;306;05;2020;7;027***116**;LUCINEIA MARIA FONSECA;01 - GESTOR;;;;fec@caete.mg.gov.br;20200701;20200731
1216932;306;05;2020;7;060***636**;MICHELLE PEREIRA FRANCO PEDROSO;02 - CONTADOR;91422;MG;;rmcontabilidadeeconsultoria@gmail.com;20200701;20200731
1216933;306;05;2020;7;576***856**;RENATO BERNARDINO DE SOUZA;03 - CONTROLE INTERNO;;;;fec@caete.mg.gov.br;20200701;20200731
1216953;306;05;2020;8;027***116**;LUCINEIA MARIA FONSECA;01 - GESTOR;;;;fec@caete.mg.gov.br;20200801;20200831
1216954;306;05;2020;8;060***636**;MICHELLE PEREIRA FRANCO PEDROSO;02 - CONTADOR;91422;MG;;rmcontabilidadeeconsultoria@gmail.com;20200801;20200831
1216955;306;05;2020;8;576***856**;RENATO BERNARDINO DE SOUZA;03 - CONTROLE INTERNO;;;;fec@caete.mg.gov.br;20200801;20200831
1216975;306;05;2020;9;027***116**;LUCINÉIA MARIA FONSECA;01 - GESTOR;;;;fec@caete.mg.gov.br;20200901;20200930
1216976;306;05;2020;9;060***636**;MICHELLE PEREIRA FRANCO PEDROSO;02 - CONTADOR;91422;MG;;rmcontabilidadeeconsultoria@gmail.com;20200901;20200930
1216977;306;05;2020;9;576***856**;RENATO BERNARDINO DE SOUZA;03 - CONTROLE INTERNO;;;;fec@caete.mg.gov.br;20200901;20200930
1218211;306;05;2020;10;027***116**;LUCINÉIA MARIA FONSECA;01 - GESTOR;;;;fec@caete.mg.gov.br;20201001;20201031
1218212;306;05;2020;10;060***636**;MICHELLE PEREIRA FRANCO PEDROSO;02 - CONTADOR;91422;MG;;rmcontabilidadeeconsultoria@gmail.com;20201001;20201031
1218213;306;05;2020;10;576***856**;RENATO BERNARDINO DE SOUZA;03 - CONTROLE INTERNO;;;;fec@caete.mg.gov.br;20201001;20201031
1245574;306;05;2020;11;027***116**;LUCINÉIA MARIA FONSECA;01 - GESTOR;;;;fec@caete.mg.gov.br;20201101;20201130
1245575;306;05;2020;11;060***636**;MICHELLE PEREIRA FRANCO PEDROSO;02 - CONTADOR;91422;MG;;rmcontabilidadeeconsultoria@gmail.com;20201101;20201130
1245576;306;05;2020;11;576***856**;RENATO BERNARDINO DE SOUZA;03 - CONTROLE INTERNO;;;;fec@caete.mg.gov.br;20201101;20201130
1263602;306;05;2020;12;027***116**;LUCINÉIA MARIA FONSECA;01 - GESTOR;;;;fec@caete.mg.gov.br;20201201;20201231
1263603;306;05;2020;12;060***636**;MICHELLE PEREIRA FRANCO PEDROSO;02 - CONTADOR;91422;MG;;rmcontabilidadeeconsultoria@gmail.com;20201201;20201231
1263604;306;05;2020;12;576***856**;RENATO BERNARDINO DE SOUZA;03 - CONTROLE INTERNO;;;;fec@caete.mg.gov.br;20201201;20201231
