seq_cred_dispensa;seq_item_dispensa;seq_dispensa;seq_orgao;cod_orgao;num_ano_referencia;num_mes_referencia;num_doc_credenciado;dsc_nom_credenciado;dat_credenciamento;num_inscr_estadual;dsc_sigla_uf;num_certidao_inss;dat_emi_cert_inss;dat_val_cert_inss;num_cert_fgts;dat_emi_cert_fgts;dat_val_cert_fgts;num_cert_negativa;dat_emi_cert_negativa;dat_val_cert_negativa
1032987;2379957;315169;303;02;2020;3;05684180000191;COMPANHIA ITABIRANA DE TELECOMUNICACOES LTDA;20200313;3172455111195;MG;;;;;;;;;
1033084;2380063;315187;303;02;2020;4;05684180000191;COMPANHIA ITABIRANA DE TELECOMUNICACOES LTDA;20200422;3172455111195;MG;;;;;;;;;
1033085;2380067;315187;303;02;2020;4;05684180000191;COMPANHIA ITABIRANA DE TELECOMUNICACOES LTDA;20200422;3172455111195;MG;;;;;;;;;
1033086;2380061;315187;303;02;2020;4;05684180000191;COMPANHIA ITABIRANA DE TELECOMUNICACOES LTDA;20200422;3172455111195;MG;;;;;;;;;
1033006;2380066;315187;303;02;2020;4;05684180000191;COMPANHIA ITABIRANA DE TELECOMUNICACOES LTDA;20200422;3172455111195;MG;;;;;;;;;
1033016;2380071;315187;303;02;2020;4;05684180000191;COMPANHIA ITABIRANA DE TELECOMUNICACOES LTDA;20200422;3172455111195;MG;;;;;;;;;
1033020;2380068;315187;303;02;2020;4;05684180000191;COMPANHIA ITABIRANA DE TELECOMUNICACOES LTDA;20200422;3172455111195;MG;;;;;;;;;
1033026;2380074;315187;303;02;2020;4;05684180000191;COMPANHIA ITABIRANA DE TELECOMUNICACOES LTDA;20200422;3172455111195;MG;;;;;;;;;
1033029;2380069;315187;303;02;2020;4;05684180000191;COMPANHIA ITABIRANA DE TELECOMUNICACOES LTDA;20200422;3172455111195;MG;;;;;;;;;
1033030;2380073;315187;303;02;2020;4;05684180000191;COMPANHIA ITABIRANA DE TELECOMUNICACOES LTDA;20200422;3172455111195;MG;;;;;;;;;
1033031;2380060;315187;303;02;2020;4;05684180000191;COMPANHIA ITABIRANA DE TELECOMUNICACOES LTDA;20200422;3172455111195;MG;;;;;;;;;
1033032;2380062;315187;303;02;2020;4;05684180000191;COMPANHIA ITABIRANA DE TELECOMUNICACOES LTDA;20200422;3172455111195;MG;;;;;;;;;
1033040;2380064;315187;303;02;2020;4;05684180000191;COMPANHIA ITABIRANA DE TELECOMUNICACOES LTDA;20200422;3172455111195;MG;;;;;;;;;
1033048;2380072;315187;303;02;2020;4;05684180000191;COMPANHIA ITABIRANA DE TELECOMUNICACOES LTDA;20200422;3172455111195;MG;;;;;;;;;
1033052;2380070;315187;303;02;2020;4;05684180000191;COMPANHIA ITABIRANA DE TELECOMUNICACOES LTDA;20200422;3172455111195;MG;;;;;;;;;
1033053;2380059;315187;303;02;2020;4;05684180000191;COMPANHIA ITABIRANA DE TELECOMUNICACOES LTDA;20200422;3172455111195;MG;;;;;;;;;
1033071;2380057;315187;303;02;2020;4;05684180000191;COMPANHIA ITABIRANA DE TELECOMUNICACOES LTDA;20200422;3172455111195;MG;;;;;;;;;
1033077;2380058;315187;303;02;2020;4;05684180000191;COMPANHIA ITABIRANA DE TELECOMUNICACOES LTDA;20200422;3172455111195;MG;;;;;;;;;
1033078;2380065;315187;303;02;2020;4;05684180000191;COMPANHIA ITABIRANA DE TELECOMUNICACOES LTDA;20200422;3172455111195;MG;;;;;;;;;
1099938;2515075;344997;303;02;2020;8;318***966**;CONEICAO APARECIDA LOPES DE SOUZA;20190910;;MG;;;;;;;;;
1100029;2515038;344997;303;02;2020;8;318***966**;CONEICAO APARECIDA LOPES DE SOUZA;20190910;;MG;;;;;;;;;
1099883;2514891;344970;303;02;2020;6;11002975000175;TECVIDA COMERCIO E DISTRIBUICAO LTDA;20200609;;MG;;;;;;;;;
1022933;2360820;310947;303;02;2020;1;11553360000137;TERRASA ENGENHARIA LTDA - ME;20200102;001504250021;MG;;;;;;;;;
1099968;2514996;344996;303;02;2020;8;12927876000167;SOMAMG PRODUTOS HOSPITALARES LTDA;20200814;;MG;;;;;;;;;
1099951;2515001;344996;303;02;2020;8;12927876000167;SOMAMG PRODUTOS HOSPITALARES LTDA;20200814;;MG;;;;;;;;;
1100019;2515008;344996;303;02;2020;8;12927876000167;SOMAMG PRODUTOS HOSPITALARES LTDA;20200814;;MG;;;;;;;;;
1100037;2515013;344996;303;02;2020;8;12927876000167;SOMAMG PRODUTOS HOSPITALARES LTDA;20200814;;MG;;;;;;;;;
1100043;2515027;344996;303;02;2020;8;12927876000167;SOMAMG PRODUTOS HOSPITALARES LTDA;20200814;;MG;;;;;;;;;
1023075;2361004;310973;303;02;2020;2;12927876000167;SOMAMG PRODUTOS HOSPITALARES LTDA;20200212;;MG;;;;;;;;;
1022974;2360989;310973;303;02;2020;2;12927876000167;SOMAMG PRODUTOS HOSPITALARES LTDA;20200212;;MG;;;;;;;;;
1022990;2361035;310973;303;02;2020;2;12927876000167;SOMAMG PRODUTOS HOSPITALARES LTDA;20200212;;MG;;;;;;;;;
1022998;2361071;310973;303;02;2020;2;12927876000167;SOMAMG PRODUTOS HOSPITALARES LTDA;20200212;;MG;;;;;;;;;
1023010;2361009;310973;303;02;2020;2;12927876000167;SOMAMG PRODUTOS HOSPITALARES LTDA;20200212;;MG;;;;;;;;;
1023050;2361059;310973;303;02;2020;2;12927876000167;SOMAMG PRODUTOS HOSPITALARES LTDA;20200212;;MG;;;;;;;;;
1099859;2514943;344971;303;02;2020;6;12927876000167;SOMAMG PRODUTOS HOSPITALARES LTDA;20200609;;MG;;;;;;;;;
1099867;2514896;344971;303;02;2020;6;12927876000167;SOMAMG PRODUTOS HOSPITALARES LTDA;20200609;;MG;;;;;;;;;
1099891;2514946;344971;303;02;2020;6;12927876000167;SOMAMG PRODUTOS HOSPITALARES LTDA;20200609;;MG;;;;;;;;;
1099907;2514942;344971;303;02;2020;6;12927876000167;SOMAMG PRODUTOS HOSPITALARES LTDA;20200609;;MG;;;;;;;;;
1099910;2514941;344971;303;02;2020;6;12927876000167;SOMAMG PRODUTOS HOSPITALARES LTDA;20200609;;MG;;;;;;;;;
1136052;2586251;359747;303;02;2020;11;12927876000167;SOMAMG PRODUTOS HOSPITALARES LTDA;20201112;;MG;;;;;;;;;
1136061;2586295;359747;303;02;2020;11;12927876000167;SOMAMG PRODUTOS HOSPITALARES LTDA;20201112;;MG;;;;;;;;;
1136071;2586284;359747;303;02;2020;11;12927876000167;SOMAMG PRODUTOS HOSPITALARES LTDA;20201112;;MG;;;;;;;;;
1136080;2586303;359747;303;02;2020;11;12927876000167;SOMAMG PRODUTOS HOSPITALARES LTDA;20201112;;MG;;;;;;;;;
1136086;2586254;359747;303;02;2020;11;12927876000167;SOMAMG PRODUTOS HOSPITALARES LTDA;20201112;;MG;;;;;;;;;
1136004;2586297;359747;303;02;2020;11;12927876000167;SOMAMG PRODUTOS HOSPITALARES LTDA;20201112;;MG;;;;;;;;;
1136040;2586264;359747;303;02;2020;11;12927876000167;SOMAMG PRODUTOS HOSPITALARES LTDA;20201112;;MG;;;;;;;;;
1033081;2379994;315175;303;02;2020;4;12927876000167;SOMAMG PRODUTOS HOSPITALARES LTDA;20200406;;MG;;;;;;;;;
1033090;2379968;315175;303;02;2020;4;12927876000167;SOMAMG PRODUTOS HOSPITALARES LTDA;20200406;;MG;;;;;;;;;
1033001;2379997;315175;303;02;2020;4;12927876000167;SOMAMG PRODUTOS HOSPITALARES LTDA;20200406;;MG;;;;;;;;;
1033004;2380015;315175;303;02;2020;4;12927876000167;SOMAMG PRODUTOS HOSPITALARES LTDA;20200406;;MG;;;;;;;;;
1033017;2379974;315175;303;02;2020;4;12927876000167;SOMAMG PRODUTOS HOSPITALARES LTDA;20200406;;MG;;;;;;;;;
1033034;2380006;315175;303;02;2020;4;12927876000167;SOMAMG PRODUTOS HOSPITALARES LTDA;20200406;;MG;;;;;;;;;
1033050;2380001;315175;303;02;2020;4;12927876000167;SOMAMG PRODUTOS HOSPITALARES LTDA;20200406;;MG;;;;;;;;;
1033051;2380005;315175;303;02;2020;4;12927876000167;SOMAMG PRODUTOS HOSPITALARES LTDA;20200406;;MG;;;;;;;;;
1033062;2380033;315175;303;02;2020;4;12927876000167;SOMAMG PRODUTOS HOSPITALARES LTDA;20200406;;MG;;;;;;;;;
1033072;2380008;315175;303;02;2020;4;12927876000167;SOMAMG PRODUTOS HOSPITALARES LTDA;20200406;;MG;;;;;;;;;
1022988;2361113;310983;303;02;2020;2;16539054000160;BB TURISMO LTDAME;20200203;;MG;;;;;;;;;
1022914;2360783;310932;303;02;2020;1;18709903000101;IPE ILUMINACAO E ELETRIFICACAO EIRELI;20200102;;MG;;;;;;;;;
1100062;2515151;345013;303;02;2020;9;18709903000101;IPE ILUMINACAO E ELETRIFICACAO EIRELI;20200930;;MG;;;;;;;;;
1099958;2514986;344996;303;02;2020;8;44734671000151;CRISTALIA PRODUTOS QUIMICOS FARMACEUTICOS LTDA;20200814;374007758117;SP;;;;;;;;;
1099939;2515028;344996;303;02;2020;8;44734671000151;CRISTALIA PRODUTOS QUIMICOS FARMACEUTICOS LTDA;20200814;374007758117;SP;;;;;;;;;
1099987;2514980;344996;303;02;2020;8;44734671000151;CRISTALIA PRODUTOS QUIMICOS FARMACEUTICOS LTDA;20200814;374007758117;SP;;;;;;;;;
1100021;2515032;344996;303;02;2020;8;44734671000151;CRISTALIA PRODUTOS QUIMICOS FARMACEUTICOS LTDA;20200814;374007758117;SP;;;;;;;;;
1023091;2361038;310973;303;02;2020;2;44734671000151;CRISTALIA PRODUTOS QUIMICOS FARMACEUTICOS LTDA;20200212;374007758117;SP;;;;;;;;;
1023093;2361072;310973;303;02;2020;2;44734671000151;CRISTALIA PRODUTOS QUIMICOS FARMACEUTICOS LTDA;20200212;374007758117;SP;;;;;;;;;
1022993;2361024;310973;303;02;2020;2;44734671000151;CRISTALIA PRODUTOS QUIMICOS FARMACEUTICOS LTDA;20200212;374007758117;SP;;;;;;;;;
1023045;2361052;310973;303;02;2020;2;44734671000151;CRISTALIA PRODUTOS QUIMICOS FARMACEUTICOS LTDA;20200212;374007758117;SP;;;;;;;;;
1023056;2361002;310973;303;02;2020;2;44734671000151;CRISTALIA PRODUTOS QUIMICOS FARMACEUTICOS LTDA;20200212;374007758117;SP;;;;;;;;;
1099857;2514892;344971;303;02;2020;6;44734671000151;CRISTALIA PRODUTOS QUIMICOS FARMACEUTICOS LTDA;20200609;374007758117;SP;;;;;;;;;
1099869;2514945;344971;303;02;2020;6;44734671000151;CRISTALIA PRODUTOS QUIMICOS FARMACEUTICOS LTDA;20200609;374007758117;SP;;;;;;;;;
1099871;2514933;344971;303;02;2020;6;44734671000151;CRISTALIA PRODUTOS QUIMICOS FARMACEUTICOS LTDA;20200609;374007758117;SP;;;;;;;;;
1099882;2514904;344971;303;02;2020;6;44734671000151;CRISTALIA PRODUTOS QUIMICOS FARMACEUTICOS LTDA;20200609;374007758117;SP;;;;;;;;;
1136013;2586260;359747;303;02;2020;11;44734671000151;CRISTALIA PRODUTOS QUIMICOS FARMACEUTICOS LTDA;20201112;374007758117;SP;;;;;;;;;
1136041;2586281;359747;303;02;2020;11;44734671000151;CRISTALIA PRODUTOS QUIMICOS FARMACEUTICOS LTDA;20201112;374007758117;SP;;;;;;;;;
1136044;2586321;359747;303;02;2020;11;44734671000151;CRISTALIA PRODUTOS QUIMICOS FARMACEUTICOS LTDA;20201112;374007758117;SP;;;;;;;;;
1033000;2380039;315175;303;02;2020;4;44734671000151;CRISTALIA PRODUTOS QUIMICOS FARMACEUTICOS LTDA;20200406;374007758117;SP;;;;;;;;;
1033010;2379972;315175;303;02;2020;4;44734671000151;CRISTALIA PRODUTOS QUIMICOS FARMACEUTICOS LTDA;20200406;374007758117;SP;;;;;;;;;
1033011;2379996;315175;303;02;2020;4;44734671000151;CRISTALIA PRODUTOS QUIMICOS FARMACEUTICOS LTDA;20200406;374007758117;SP;;;;;;;;;
1033045;2380042;315175;303;02;2020;4;44734671000151;CRISTALIA PRODUTOS QUIMICOS FARMACEUTICOS LTDA;20200406;374007758117;SP;;;;;;;;;
1033069;2380023;315175;303;02;2020;4;44734671000151;CRISTALIA PRODUTOS QUIMICOS FARMACEUTICOS LTDA;20200406;374007758117;SP;;;;;;;;;
1100060;2515153;345015;303;02;2020;9;12477490000281;LIDER NOTEBOOKS COMERCIO E SERVICOS LTDA;20200910;;ES;;;;;;;;;
1022936;2360778;310929;303;02;2020;1;02558157000162;TELEFONICA BRASIL SA;20200102;;SP;;;;;;;;;
1100007;2515023;344996;303;02;2020;8;00874929000140;MED CENTER COMERCIAL LTDA;20200814;;MG;;;;;;;;;
1100036;2515002;344996;303;02;2020;8;00874929000140;MED CENTER COMERCIAL LTDA;20200814;;MG;;;;;;;;;
1100055;2515006;344996;303;02;2020;8;00874929000140;MED CENTER COMERCIAL LTDA;20200814;;MG;;;;;;;;;
1023076;2360988;310973;303;02;2020;2;00874929000140;MED CENTER COMERCIAL LTDA;20200212;;MG;;;;;;;;;
1022985;2361034;310973;303;02;2020;2;00874929000140;MED CENTER COMERCIAL LTDA;20200212;;MG;;;;;;;;;
1023016;2361019;310973;303;02;2020;2;00874929000140;MED CENTER COMERCIAL LTDA;20200212;;MG;;;;;;;;;
1023038;2360997;310973;303;02;2020;2;00874929000140;MED CENTER COMERCIAL LTDA;20200212;;MG;;;;;;;;;
1099856;2514922;344971;303;02;2020;6;00874929000140;MED CENTER COMERCIAL LTDA;20200609;;MG;;;;;;;;;
1099868;2514895;344971;303;02;2020;6;00874929000140;MED CENTER COMERCIAL LTDA;20200609;;MG;;;;;;;;;
1136090;2586274;359747;303;02;2020;11;00874929000140;MED CENTER COMERCIAL LTDA;20201112;;MG;;;;;;;;;
1099971;2515012;344996;303;02;2020;8;42799163000126;BH FARMA COMERCIO REPRESENTACOES LTDA;20200814;062805900;MG;;;;;;;;;
1099928;2515031;344996;303;02;2020;8;42799163000126;BH FARMA COMERCIO REPRESENTACOES LTDA;20200814;062805900;MG;;;;;;;;;
1099980;2515024;344996;303;02;2020;8;42799163000126;BH FARMA COMERCIO REPRESENTACOES LTDA;20200814;062805900;MG;;;;;;;;;
1100040;2514990;344996;303;02;2020;8;42799163000126;BH FARMA COMERCIO REPRESENTACOES LTDA;20200814;062805900;MG;;;;;;;;;
1022966;2361037;310973;303;02;2020;2;42799163000126;BH FARMA COMERCIO REPRESENTACOES LTDA;20200212;062805900;MG;;;;;;;;;
1023027;2361061;310973;303;02;2020;2;42799163000126;BH FARMA COMERCIO REPRESENTACOES LTDA;20200212;062805900;MG;;;;;;;;;
1023035;2361057;310973;303;02;2020;2;42799163000126;BH FARMA COMERCIO REPRESENTACOES LTDA;20200212;062805900;MG;;;;;;;;;
1099898;2514921;344971;303;02;2020;6;42799163000126;BH FARMA COMERCIO REPRESENTACOES LTDA;20200609;062805900;MG;;;;;;;;;
1099904;2514915;344971;303;02;2020;6;42799163000126;BH FARMA COMERCIO REPRESENTACOES LTDA;20200609;062805900;MG;;;;;;;;;
1099906;2514928;344971;303;02;2020;6;42799163000126;BH FARMA COMERCIO REPRESENTACOES LTDA;20200609;062805900;MG;;;;;;;;;
1136056;2586317;359747;303;02;2020;11;42799163000126;BH FARMA COMERCIO REPRESENTACOES LTDA;20201112;062805900;MG;;;;;;;;;
1136025;2586316;359747;303;02;2020;11;42799163000126;BH FARMA COMERCIO REPRESENTACOES LTDA;20201112;062805900;MG;;;;;;;;;
1136034;2586271;359747;303;02;2020;11;42799163000126;BH FARMA COMERCIO REPRESENTACOES LTDA;20201112;062805900;MG;;;;;;;;;
1136037;2586288;359747;303;02;2020;11;42799163000126;BH FARMA COMERCIO REPRESENTACOES LTDA;20201112;062805900;MG;;;;;;;;;
1136039;2586302;359747;303;02;2020;11;42799163000126;BH FARMA COMERCIO REPRESENTACOES LTDA;20201112;062805900;MG;;;;;;;;;
1032998;2380032;315175;303;02;2020;4;42799163000126;BH FARMA COMERCIO REPRESENTACOES LTDA;20200406;062805900;MG;;;;;;;;;
1033028;2380041;315175;303;02;2020;4;42799163000126;BH FARMA COMERCIO REPRESENTACOES LTDA;20200406;062805900;MG;;;;;;;;;
1033046;2380012;315175;303;02;2020;4;42799163000126;BH FARMA COMERCIO REPRESENTACOES LTDA;20200406;062805900;MG;;;;;;;;;
1033058;2380017;315175;303;02;2020;4;42799163000126;BH FARMA COMERCIO REPRESENTACOES LTDA;20200406;062805900;MG;;;;;;;;;
1099979;2514998;344996;303;02;2020;8;21681325000157;MULTIFARMA COMERCIAL LTDA;20200814;31202284081;MG;;;;;;;;;
1099920;2514978;344996;303;02;2020;8;21681325000157;MULTIFARMA COMERCIAL LTDA;20200814;31202284081;MG;;;;;;;;;
1099985;2515009;344996;303;02;2020;8;21681325000157;MULTIFARMA COMERCIAL LTDA;20200814;31202284081;MG;;;;;;;;;
1100013;2514995;344996;303;02;2020;8;21681325000157;MULTIFARMA COMERCIAL LTDA;20200814;31202284081;MG;;;;;;;;;
1100028;2514989;344996;303;02;2020;8;21681325000157;MULTIFARMA COMERCIAL LTDA;20200814;31202284081;MG;;;;;;;;;
1100033;2515025;344996;303;02;2020;8;21681325000157;MULTIFARMA COMERCIAL LTDA;20200814;31202284081;MG;;;;;;;;;
1100053;2514992;344996;303;02;2020;8;21681325000157;MULTIFARMA COMERCIAL LTDA;20200814;31202284081;MG;;;;;;;;;
1023070;2361056;310973;303;02;2020;2;21681325000157;MULTIFARMA COMERCIAL LTDA;20200212;31202284081;MG;;;;;;;;;
1023080;2360987;310973;303;02;2020;2;21681325000157;MULTIFARMA COMERCIAL LTDA;20200212;31202284081;MG;;;;;;;;;
1023084;2360998;310973;303;02;2020;2;21681325000157;MULTIFARMA COMERCIAL LTDA;20200212;31202284081;MG;;;;;;;;;
1023098;2360986;310973;303;02;2020;2;21681325000157;MULTIFARMA COMERCIAL LTDA;20200212;31202284081;MG;;;;;;;;;
1022967;2361066;310973;303;02;2020;2;21681325000157;MULTIFARMA COMERCIAL LTDA;20200212;31202284081;MG;;;;;;;;;
1022981;2361097;310979;303;02;2020;2;21681325000157;MULTIFARMA COMERCIAL LTDA;20200212;31202284081;MG;;;;;;;;;
1022997;2361010;310973;303;02;2020;2;21681325000157;MULTIFARMA COMERCIAL LTDA;20200212;31202284081;MG;;;;;;;;;
1023006;2361007;310973;303;02;2020;2;21681325000157;MULTIFARMA COMERCIAL LTDA;20200212;31202284081;MG;;;;;;;;;
1023009;2361041;310973;303;02;2020;2;21681325000157;MULTIFARMA COMERCIAL LTDA;20200212;31202284081;MG;;;;;;;;;
1023018;2361051;310973;303;02;2020;2;21681325000157;MULTIFARMA COMERCIAL LTDA;20200212;31202284081;MG;;;;;;;;;
1023020;2361000;310973;303;02;2020;2;21681325000157;MULTIFARMA COMERCIAL LTDA;20200212;31202284081;MG;;;;;;;;;
1023029;2361043;310973;303;02;2020;2;21681325000157;MULTIFARMA COMERCIAL LTDA;20200212;31202284081;MG;;;;;;;;;
1023034;2361098;310979;303;02;2020;2;21681325000157;MULTIFARMA COMERCIAL LTDA;20200212;31202284081;MG;;;;;;;;;
1023054;2361049;310973;303;02;2020;2;21681325000157;MULTIFARMA COMERCIAL LTDA;20200212;31202284081;MG;;;;;;;;;
1099879;2514923;344971;303;02;2020;6;21681325000157;MULTIFARMA COMERCIAL LTDA;20200609;31202284081;MG;;;;;;;;;
1136054;2586277;359747;303;02;2020;11;21681325000157;MULTIFARMA COMERCIAL LTDA;20201112;31202284081;MG;;;;;;;;;
1136057;2586285;359747;303;02;2020;11;21681325000157;MULTIFARMA COMERCIAL LTDA;20201112;31202284081;MG;;;;;;;;;
1136010;2586243;359747;303;02;2020;11;21681325000157;MULTIFARMA COMERCIAL LTDA;20201112;31202284081;MG;;;;;;;;;
1136020;2586270;359747;303;02;2020;11;21681325000157;MULTIFARMA COMERCIAL LTDA;20201112;31202284081;MG;;;;;;;;;
1136022;2586330;359747;303;02;2020;11;21681325000157;MULTIFARMA COMERCIAL LTDA;20201112;31202284081;MG;;;;;;;;;
1136028;2586301;359747;303;02;2020;11;21681325000157;MULTIFARMA COMERCIAL LTDA;20201112;31202284081;MG;;;;;;;;;
1136032;2586313;359747;303;02;2020;11;21681325000157;MULTIFARMA COMERCIAL LTDA;20201112;31202284081;MG;;;;;;;;;
1136036;2586267;359747;303;02;2020;11;21681325000157;MULTIFARMA COMERCIAL LTDA;20201112;31202284081;MG;;;;;;;;;
1136045;2586278;359747;303;02;2020;11;21681325000157;MULTIFARMA COMERCIAL LTDA;20201112;31202284081;MG;;;;;;;;;
1033088;2380029;315175;303;02;2020;4;21681325000157;MULTIFARMA COMERCIAL LTDA;20200406;31202284081;MG;;;;;;;;;
1032993;2379989;315175;303;02;2020;4;21681325000157;MULTIFARMA COMERCIAL LTDA;20200406;31202284081;MG;;;;;;;;;
1033003;2379985;315175;303;02;2020;4;21681325000157;MULTIFARMA COMERCIAL LTDA;20200406;31202284081;MG;;;;;;;;;
1033005;2379963;315175;303;02;2020;4;21681325000157;MULTIFARMA COMERCIAL LTDA;20200406;31202284081;MG;;;;;;;;;
1033033;2379979;315175;303;02;2020;4;21681325000157;MULTIFARMA COMERCIAL LTDA;20200406;31202284081;MG;;;;;;;;;
1033036;2379966;315175;303;02;2020;4;21681325000157;MULTIFARMA COMERCIAL LTDA;20200406;31202284081;MG;;;;;;;;;
1033037;2380036;315175;303;02;2020;4;21681325000157;MULTIFARMA COMERCIAL LTDA;20200406;31202284081;MG;;;;;;;;;
1033041;2379999;315175;303;02;2020;4;21681325000157;MULTIFARMA COMERCIAL LTDA;20200406;31202284081;MG;;;;;;;;;
1033061;2380016;315175;303;02;2020;4;21681325000157;MULTIFARMA COMERCIAL LTDA;20200406;31202284081;MG;;;;;;;;;
1033075;2379973;315175;303;02;2020;4;21681325000157;MULTIFARMA COMERCIAL LTDA;20200406;31202284081;MG;;;;;;;;;
1100032;2515088;344997;303;02;2020;8;976***696**;SEBASTIAO IRES MOREIRA;20190910;;MG;;;;;;;;;
1140504;2594475;361795;303;02;2020;12;18225557000196;CONSTRUTORA REMO LTDA;20201214;;MG;;;;;;;;;
1140520;2594471;361795;303;02;2020;12;18225557000196;CONSTRUTORA REMO LTDA;20201214;;MG;;;;;;;;;
1140522;2594472;361795;303;02;2020;12;18225557000196;CONSTRUTORA REMO LTDA;20201214;;MG;;;;;;;;;
1140523;2594473;361795;303;02;2020;12;18225557000196;CONSTRUTORA REMO LTDA;20201214;;MG;;;;;;;;;
1140529;2594476;361795;303;02;2020;12;18225557000196;CONSTRUTORA REMO LTDA;20201214;;MG;;;;;;;;;
1140535;2594474;361795;303;02;2020;12;18225557000196;CONSTRUTORA REMO LTDA;20201214;;MG;;;;;;;;;
1033091;2380076;315189;303;02;2020;5;19779579000160;WCA EMPREENDIMENTOS ESPORTIVOS EIRELI;20200504;;MG;;;;;;;;;
1033096;2380077;315189;303;02;2020;5;19779579000160;WCA EMPREENDIMENTOS ESPORTIVOS EIRELI;20200504;;MG;;;;;;;;;
1023013;2361081;310975;303;02;2020;2;25369684000124;WR CALCADOS EIRELI ME;20200218;;MG;;;;;;;;;
1023049;2361082;310975;303;02;2020;2;25369684000124;WR CALCADOS EIRELI ME;20200218;;MG;;;;;;;;;
1100042;2514979;344996;303;02;2020;8;04027894000164;DUPATRI HOSPITALAR COM IMPORT E EXP LTDA;20200814;;SP;;;;;;;;;
1100054;2515003;344996;303;02;2020;8;04027894000164;DUPATRI HOSPITALAR COM IMPORT E EXP LTDA;20200814;;SP;;;;;;;;;
1022973;2361032;310973;303;02;2020;2;04027894000164;DUPATRI HOSPITALAR COM IMPORT E EXP LTDA;20200212;;SP;;;;;;;;;
1023024;2361068;310973;303;02;2020;2;04027894000164;DUPATRI HOSPITALAR COM IMPORT E EXP LTDA;20200212;;SP;;;;;;;;;
1099874;2514936;344971;303;02;2020;6;04027894000164;DUPATRI HOSPITALAR COM IMPORT E EXP LTDA;20200609;;SP;;;;;;;;;
1099905;2514917;344971;303;02;2020;6;04027894000164;DUPATRI HOSPITALAR COM IMPORT E EXP LTDA;20200609;;SP;;;;;;;;;
1032996;2379993;315175;303;02;2020;4;04027894000164;DUPATRI HOSPITALAR COM IMPORT E EXP LTDA;20200406;;SP;;;;;;;;;
1033056;2379980;315175;303;02;2020;4;04027894000164;DUPATRI HOSPITALAR COM IMPORT E EXP LTDA;20200406;;SP;;;;;;;;;
1022945;2360826;310949;303;02;2020;1;11263197000178;RCA COMERCIAL LTDA;20200102;0014704200000;MG;;;;;;;;;
1022946;2360841;310949;303;02;2020;1;11263197000178;RCA COMERCIAL LTDA;20200102;0014704200000;MG;;;;;;;;;
1022950;2360814;310945;303;02;2020;1;11263197000178;RCA COMERCIAL LTDA;20200102;0014704200000;MG;;;;;;;;;
1022951;2360822;310949;303;02;2020;1;11263197000178;RCA COMERCIAL LTDA;20200102;0014704200000;MG;;;;;;;;;
1022952;2360811;310945;303;02;2020;1;11263197000178;RCA COMERCIAL LTDA;20200102;0014704200000;MG;;;;;;;;;
1022953;2360838;310949;303;02;2020;1;11263197000178;RCA COMERCIAL LTDA;20200102;0014704200000;MG;;;;;;;;;
1022955;2360834;310949;303;02;2020;1;11263197000178;RCA COMERCIAL LTDA;20200102;0014704200000;MG;;;;;;;;;
1022960;2360847;310949;303;02;2020;1;11263197000178;RCA COMERCIAL LTDA;20200102;0014704200000;MG;;;;;;;;;
1022957;2360815;310945;303;02;2020;1;11263197000178;RCA COMERCIAL LTDA;20200102;0014704200000;MG;;;;;;;;;
1022958;2360839;310949;303;02;2020;1;11263197000178;RCA COMERCIAL LTDA;20200102;0014704200000;MG;;;;;;;;;
1022959;2360836;310949;303;02;2020;1;11263197000178;RCA COMERCIAL LTDA;20200102;0014704200000;MG;;;;;;;;;
1022961;2360844;310949;303;02;2020;1;11263197000178;RCA COMERCIAL LTDA;20200102;0014704200000;MG;;;;;;;;;
1022962;2360813;310945;303;02;2020;1;11263197000178;RCA COMERCIAL LTDA;20200102;0014704200000;MG;;;;;;;;;
1022963;2360843;310949;303;02;2020;1;11263197000178;RCA COMERCIAL LTDA;20200102;0014704200000;MG;;;;;;;;;
1022916;2360825;310949;303;02;2020;1;11263197000178;RCA COMERCIAL LTDA;20200102;0014704200000;MG;;;;;;;;;
1022913;2360840;310949;303;02;2020;1;11263197000178;RCA COMERCIAL LTDA;20200102;0014704200000;MG;;;;;;;;;
1022915;2360846;310949;303;02;2020;1;11263197000178;RCA COMERCIAL LTDA;20200102;0014704200000;MG;;;;;;;;;
1099961;2514999;344996;303;02;2020;8;18269125000187;BIOHOSP PRODUTOS HOSPITALARES LTDA;20200814;0021631820079;MG;;;;;;;;;
1099962;2515020;344996;303;02;2020;8;18269125000187;BIOHOSP PRODUTOS HOSPITALARES LTDA;20200814;0021631820079;MG;;;;;;;;;
1099970;2515111;345001;303;02;2020;8;18269125000187;BIOHOSP PRODUTOS HOSPITALARES LTDA;20200814;0021631820079;MG;;;;;;;;;
1099976;2514982;344996;303;02;2020;8;18269125000187;BIOHOSP PRODUTOS HOSPITALARES LTDA;20200814;0021631820079;MG;;;;;;;;;
1099919;2514981;344996;303;02;2020;8;18269125000187;BIOHOSP PRODUTOS HOSPITALARES LTDA;20200814;0021631820079;MG;;;;;;;;;
1099927;2515030;344996;303;02;2020;8;18269125000187;BIOHOSP PRODUTOS HOSPITALARES LTDA;20200814;0021631820079;MG;;;;;;;;;
1099991;2515000;344996;303;02;2020;8;18269125000187;BIOHOSP PRODUTOS HOSPITALARES LTDA;20200814;0021631820079;MG;;;;;;;;;
1099997;2515018;344996;303;02;2020;8;18269125000187;BIOHOSP PRODUTOS HOSPITALARES LTDA;20200814;0021631820079;MG;;;;;;;;;
1100018;2515004;344996;303;02;2020;8;18269125000187;BIOHOSP PRODUTOS HOSPITALARES LTDA;20200814;0021631820079;MG;;;;;;;;;
1100024;2514988;344996;303;02;2020;8;18269125000187;BIOHOSP PRODUTOS HOSPITALARES LTDA;20200814;0021631820079;MG;;;;;;;;;
1100030;2514993;344996;303;02;2020;8;18269125000187;BIOHOSP PRODUTOS HOSPITALARES LTDA;20200814;0021631820079;MG;;;;;;;;;
1100048;2515014;344996;303;02;2020;8;18269125000187;BIOHOSP PRODUTOS HOSPITALARES LTDA;20200814;0021631820079;MG;;;;;;;;;
1100051;2514983;344996;303;02;2020;8;18269125000187;BIOHOSP PRODUTOS HOSPITALARES LTDA;20200814;0021631820079;MG;;;;;;;;;
1023066;2361017;310973;303;02;2020;2;18269125000187;BIOHOSP PRODUTOS HOSPITALARES LTDA;20200212;0021631820079;MG;;;;;;;;;
1023079;2361046;310973;303;02;2020;2;18269125000187;BIOHOSP PRODUTOS HOSPITALARES LTDA;20200212;0021631820079;MG;;;;;;;;;
1023089;2361060;310973;303;02;2020;2;18269125000187;BIOHOSP PRODUTOS HOSPITALARES LTDA;20200212;0021631820079;MG;;;;;;;;;
1023090;2361045;310973;303;02;2020;2;18269125000187;BIOHOSP PRODUTOS HOSPITALARES LTDA;20200212;0021631820079;MG;;;;;;;;;
1023096;2361044;310973;303;02;2020;2;18269125000187;BIOHOSP PRODUTOS HOSPITALARES LTDA;20200212;0021631820079;MG;;;;;;;;;
1022969;2361018;310973;303;02;2020;2;18269125000187;BIOHOSP PRODUTOS HOSPITALARES LTDA;20200212;0021631820079;MG;;;;;;;;;
1022972;2361030;310973;303;02;2020;2;18269125000187;BIOHOSP PRODUTOS HOSPITALARES LTDA;20200212;0021631820079;MG;;;;;;;;;
1022984;2360974;310969;303;02;2020;2;18269125000187;BIOHOSP PRODUTOS HOSPITALARES LTDA;20200212;0021631820079;MG;;;;;;;;;
1022991;2360990;310973;303;02;2020;2;18269125000187;BIOHOSP PRODUTOS HOSPITALARES LTDA;20200212;0021631820079;MG;;;;;;;;;
1022996;2361040;310973;303;02;2020;2;18269125000187;BIOHOSP PRODUTOS HOSPITALARES LTDA;20200212;0021631820079;MG;;;;;;;;;
1023004;2361025;310973;303;02;2020;2;18269125000187;BIOHOSP PRODUTOS HOSPITALARES LTDA;20200212;0021631820079;MG;;;;;;;;;
1023003;2361026;310973;303;02;2020;2;18269125000187;BIOHOSP PRODUTOS HOSPITALARES LTDA;20200212;0021631820079;MG;;;;;;;;;
1023014;2361015;310973;303;02;2020;2;18269125000187;BIOHOSP PRODUTOS HOSPITALARES LTDA;20200212;0021631820079;MG;;;;;;;;;
1023028;2361064;310973;303;02;2020;2;18269125000187;BIOHOSP PRODUTOS HOSPITALARES LTDA;20200212;0021631820079;MG;;;;;;;;;
1023030;2361003;310973;303;02;2020;2;18269125000187;BIOHOSP PRODUTOS HOSPITALARES LTDA;20200212;0021631820079;MG;;;;;;;;;
1023046;2361048;310973;303;02;2020;2;18269125000187;BIOHOSP PRODUTOS HOSPITALARES LTDA;20200212;0021631820079;MG;;;;;;;;;
1023048;2361070;310973;303;02;2020;2;18269125000187;BIOHOSP PRODUTOS HOSPITALARES LTDA;20200212;0021631820079;MG;;;;;;;;;
1023052;2361053;310973;303;02;2020;2;18269125000187;BIOHOSP PRODUTOS HOSPITALARES LTDA;20200212;0021631820079;MG;;;;;;;;;
1023055;2360973;310969;303;02;2020;2;18269125000187;BIOHOSP PRODUTOS HOSPITALARES LTDA;20200212;0021631820079;MG;;;;;;;;;
1023059;2361021;310973;303;02;2020;2;18269125000187;BIOHOSP PRODUTOS HOSPITALARES LTDA;20200212;0021631820079;MG;;;;;;;;;
1023061;2361008;310973;303;02;2020;2;18269125000187;BIOHOSP PRODUTOS HOSPITALARES LTDA;20200212;0021631820079;MG;;;;;;;;;
1099853;2514900;344971;303;02;2020;6;18269125000187;BIOHOSP PRODUTOS HOSPITALARES LTDA;20200609;0021631820079;MG;;;;;;;;;
1099855;2514907;344971;303;02;2020;6;18269125000187;BIOHOSP PRODUTOS HOSPITALARES LTDA;20200609;0021631820079;MG;;;;;;;;;
1099860;2514929;344971;303;02;2020;6;18269125000187;BIOHOSP PRODUTOS HOSPITALARES LTDA;20200609;0021631820079;MG;;;;;;;;;
1099862;2514940;344971;303;02;2020;6;18269125000187;BIOHOSP PRODUTOS HOSPITALARES LTDA;20200609;0021631820079;MG;;;;;;;;;
1099876;2514913;344971;303;02;2020;6;18269125000187;BIOHOSP PRODUTOS HOSPITALARES LTDA;20200609;0021631820079;MG;;;;;;;;;
1099877;2514890;344969;303;02;2020;6;18269125000187;BIOHOSP PRODUTOS HOSPITALARES LTDA;20200618;0021631820079;MG;;;;;;;;;
1099881;2514937;344971;303;02;2020;6;18269125000187;BIOHOSP PRODUTOS HOSPITALARES LTDA;20200609;0021631820079;MG;;;;;;;;;
1099887;2514898;344971;303;02;2020;6;18269125000187;BIOHOSP PRODUTOS HOSPITALARES LTDA;20200609;0021631820079;MG;;;;;;;;;
1099888;2514932;344971;303;02;2020;6;18269125000187;BIOHOSP PRODUTOS HOSPITALARES LTDA;20200609;0021631820079;MG;;;;;;;;;
1099895;2514909;344971;303;02;2020;6;18269125000187;BIOHOSP PRODUTOS HOSPITALARES LTDA;20200609;0021631820079;MG;;;;;;;;;
1099901;2514944;344971;303;02;2020;6;18269125000187;BIOHOSP PRODUTOS HOSPITALARES LTDA;20200609;0021631820079;MG;;;;;;;;;
1099902;2514910;344971;303;02;2020;6;18269125000187;BIOHOSP PRODUTOS HOSPITALARES LTDA;20200609;0021631820079;MG;;;;;;;;;
1099903;2514894;344971;303;02;2020;6;18269125000187;BIOHOSP PRODUTOS HOSPITALARES LTDA;20200609;0021631820079;MG;;;;;;;;;
1099908;2514918;344971;303;02;2020;6;18269125000187;BIOHOSP PRODUTOS HOSPITALARES LTDA;20200609;0021631820079;MG;;;;;;;;;
1099912;2514964;344985;303;02;2020;7;18269125000187;BIOHOSP PRODUTOS HOSPITALARES LTDA;20200717;0021631820079;MG;;;;;;;;;
1099914;2514963;344985;303;02;2020;7;18269125000187;BIOHOSP PRODUTOS HOSPITALARES LTDA;20200717;0021631820079;MG;;;;;;;;;
1136063;2586312;359747;303;02;2020;11;18269125000187;BIOHOSP PRODUTOS HOSPITALARES LTDA;20201112;0021631820079;MG;;;;;;;;;
1136079;2586252;359747;303;02;2020;11;18269125000187;BIOHOSP PRODUTOS HOSPITALARES LTDA;20201112;0021631820079;MG;;;;;;;;;
1136083;2586296;359747;303;02;2020;11;18269125000187;BIOHOSP PRODUTOS HOSPITALARES LTDA;20201112;0021631820079;MG;;;;;;;;;
1136084;2586244;359747;303;02;2020;11;18269125000187;BIOHOSP PRODUTOS HOSPITALARES LTDA;20201112;0021631820079;MG;;;;;;;;;
1136085;2586309;359747;303;02;2020;11;18269125000187;BIOHOSP PRODUTOS HOSPITALARES LTDA;20201112;0021631820079;MG;;;;;;;;;
1136088;2586265;359747;303;02;2020;11;18269125000187;BIOHOSP PRODUTOS HOSPITALARES LTDA;20201112;0021631820079;MG;;;;;;;;;
1136091;2586279;359747;303;02;2020;11;18269125000187;BIOHOSP PRODUTOS HOSPITALARES LTDA;20201112;0021631820079;MG;;;;;;;;;
1136095;2586282;359747;303;02;2020;11;18269125000187;BIOHOSP PRODUTOS HOSPITALARES LTDA;20201112;0021631820079;MG;;;;;;;;;
1136097;2586249;359747;303;02;2020;11;18269125000187;BIOHOSP PRODUTOS HOSPITALARES LTDA;20201112;0021631820079;MG;;;;;;;;;
1136099;2586261;359747;303;02;2020;11;18269125000187;BIOHOSP PRODUTOS HOSPITALARES LTDA;20201112;0021631820079;MG;;;;;;;;;
1136000;2586304;359747;303;02;2020;11;18269125000187;BIOHOSP PRODUTOS HOSPITALARES LTDA;20201112;0021631820079;MG;;;;;;;;;
1136001;2586263;359747;303;02;2020;11;18269125000187;BIOHOSP PRODUTOS HOSPITALARES LTDA;20201112;0021631820079;MG;;;;;;;;;
1136002;2586275;359747;303;02;2020;11;18269125000187;BIOHOSP PRODUTOS HOSPITALARES LTDA;20201112;0021631820079;MG;;;;;;;;;
1136014;2586268;359747;303;02;2020;11;18269125000187;BIOHOSP PRODUTOS HOSPITALARES LTDA;20201112;0021631820079;MG;;;;;;;;;
1136015;2586294;359747;303;02;2020;11;18269125000187;BIOHOSP PRODUTOS HOSPITALARES LTDA;20201112;0021631820079;MG;;;;;;;;;
1136016;2586242;359747;303;02;2020;11;18269125000187;BIOHOSP PRODUTOS HOSPITALARES LTDA;20201112;0021631820079;MG;;;;;;;;;
1136019;2586250;359747;303;02;2020;11;18269125000187;BIOHOSP PRODUTOS HOSPITALARES LTDA;20201112;0021631820079;MG;;;;;;;;;
1136026;2586300;359747;303;02;2020;11;18269125000187;BIOHOSP PRODUTOS HOSPITALARES LTDA;20201112;0021631820079;MG;;;;;;;;;
1136038;2586320;359747;303;02;2020;11;18269125000187;BIOHOSP PRODUTOS HOSPITALARES LTDA;20201112;0021631820079;MG;;;;;;;;;
1136042;2586256;359747;303;02;2020;11;18269125000187;BIOHOSP PRODUTOS HOSPITALARES LTDA;20201112;0021631820079;MG;;;;;;;;;
1033087;2379981;315175;303;02;2020;4;18269125000187;BIOHOSP PRODUTOS HOSPITALARES LTDA;20200406;0021631820079;MG;;;;;;;;;
1032995;2380034;315175;303;02;2020;4;18269125000187;BIOHOSP PRODUTOS HOSPITALARES LTDA;20200406;0021631820079;MG;;;;;;;;;
1032999;2380040;315175;303;02;2020;4;18269125000187;BIOHOSP PRODUTOS HOSPITALARES LTDA;20200406;0021631820079;MG;;;;;;;;;
1033002;2379969;315175;303;02;2020;4;18269125000187;BIOHOSP PRODUTOS HOSPITALARES LTDA;20200406;0021631820079;MG;;;;;;;;;
1033007;2380010;315175;303;02;2020;4;18269125000187;BIOHOSP PRODUTOS HOSPITALARES LTDA;20200406;0021631820079;MG;;;;;;;;;
1033009;2380021;315175;303;02;2020;4;18269125000187;BIOHOSP PRODUTOS HOSPITALARES LTDA;20200406;0021631820079;MG;;;;;;;;;
1033014;2380003;315175;303;02;2020;4;18269125000187;BIOHOSP PRODUTOS HOSPITALARES LTDA;20200406;0021631820079;MG;;;;;;;;;
1033022;2379986;315175;303;02;2020;4;18269125000187;BIOHOSP PRODUTOS HOSPITALARES LTDA;20200406;0021631820079;MG;;;;;;;;;
1033023;2380013;315175;303;02;2020;4;18269125000187;BIOHOSP PRODUTOS HOSPITALARES LTDA;20200406;0021631820079;MG;;;;;;;;;
1033035;2379987;315175;303;02;2020;4;18269125000187;BIOHOSP PRODUTOS HOSPITALARES LTDA;20200406;0021631820079;MG;;;;;;;;;
1033043;2379975;315175;303;02;2020;4;18269125000187;BIOHOSP PRODUTOS HOSPITALARES LTDA;20200406;0021631820079;MG;;;;;;;;;
1033049;2380018;315175;303;02;2020;4;18269125000187;BIOHOSP PRODUTOS HOSPITALARES LTDA;20200406;0021631820079;MG;;;;;;;;;
1033060;2379976;315175;303;02;2020;4;18269125000187;BIOHOSP PRODUTOS HOSPITALARES LTDA;20200406;0021631820079;MG;;;;;;;;;
1033057;2380004;315175;303;02;2020;4;18269125000187;BIOHOSP PRODUTOS HOSPITALARES LTDA;20200406;0021631820079;MG;;;;;;;;;
1033065;2380011;315175;303;02;2020;4;18269125000187;BIOHOSP PRODUTOS HOSPITALARES LTDA;20200406;0021631820079;MG;;;;;;;;;
1033066;2379965;315175;303;02;2020;4;18269125000187;BIOHOSP PRODUTOS HOSPITALARES LTDA;20200406;0021631820079;MG;;;;;;;;;
1033067;2379995;315175;303;02;2020;4;18269125000187;BIOHOSP PRODUTOS HOSPITALARES LTDA;20200406;0021631820079;MG;;;;;;;;;
1033074;2379991;315175;303;02;2020;4;18269125000187;BIOHOSP PRODUTOS HOSPITALARES LTDA;20200406;0021631820079;MG;;;;;;;;;
1033079;2379977;315175;303;02;2020;4;18269125000187;BIOHOSP PRODUTOS HOSPITALARES LTDA;20200406;0021631820079;MG;;;;;;;;;
1033103;2380107;315197;303;02;2020;5;18269125000187;BIOHOSP PRODUTOS HOSPITALARES LTDA;20200507;0021631820079;MG;;;;;;;;;
1099921;2515059;344997;303;02;2020;8;025***306**;FERNANDO JOSÉ DA COSTA MAGALHAES;20190910;;MG;;;;;;;;;
1099944;2515077;344997;303;02;2020;8;025***306**;FERNANDO JOSÉ DA COSTA MAGALHAES;20190910;;MG;;;;;;;;;
1099996;2515043;344997;303;02;2020;8;025***306**;FERNANDO JOSÉ DA COSTA MAGALHAES;20190910;;MG;;;;;;;;;
1100034;2514985;344996;303;02;2020;8;49475833001684;BIOLAB SANUS FARMACÊUTICA LTDA;20200814;;SP;;;;;;;;;
1022979;2361047;310973;303;02;2020;2;49475833001684;BIOLAB SANUS FARMACÊUTICA LTDA;20200212;;SP;;;;;;;;;
1023025;2360992;310973;303;02;2020;2;49475833001684;BIOLAB SANUS FARMACÊUTICA LTDA;20200212;;SP;;;;;;;;;
1099899;2514902;344971;303;02;2020;6;49475833001684;BIOLAB SANUS FARMACÊUTICA LTDA;20200609;;SP;;;;;;;;;
1136075;2586272;359747;303;02;2020;11;49475833001684;BIOLAB SANUS FARMACÊUTICA LTDA;20201112;;SP;;;;;;;;;
1033064;2379984;315175;303;02;2020;4;49475833001684;BIOLAB SANUS FARMACÊUTICA LTDA;20200406;;SP;;;;;;;;;
1023012;2360999;310973;303;02;2020;2;22635177000105;MEDICOM EIRELI;20200212;;MG;;;;;;;;;
1033013;2380027;315175;303;02;2020;4;22635177000105;MEDICOM EIRELI;20200406;;MG;;;;;;;;;
1136068;2586305;359747;303;02;2020;11;67729178000220;COMERCIAL CIRÚRGICA RIOCLARENSE LTDA;20201112;062996580000;MG;;;;;;;;;
1136076;2586325;359747;303;02;2020;11;67729178000220;COMERCIAL CIRÚRGICA RIOCLARENSE LTDA;20201112;062996580000;MG;;;;;;;;;
1136102;2586245;359747;303;02;2020;11;67729178000220;COMERCIAL CIRÚRGICA RIOCLARENSE LTDA;20201112;062996580000;MG;;;;;;;;;
1135996;2586257;359747;303;02;2020;11;67729178000220;COMERCIAL CIRÚRGICA RIOCLARENSE LTDA;20201112;062996580000;MG;;;;;;;;;
1135999;2586259;359747;303;02;2020;11;67729178000220;COMERCIAL CIRÚRGICA RIOCLARENSE LTDA;20201112;062996580000;MG;;;;;;;;;
1136023;2586315;359747;303;02;2020;11;67729178000220;COMERCIAL CIRÚRGICA RIOCLARENSE LTDA;20201112;062996580000;MG;;;;;;;;;
1136047;2586310;359747;303;02;2020;11;67729178000220;COMERCIAL CIRÚRGICA RIOCLARENSE LTDA;20201112;062996580000;MG;;;;;;;;;
1099994;2515110;345000;303;02;2020;8;03842913000143;GRUPO ÁUDIO MISTER MIX LTDA EPP;20200811;;MG;;;;;;;;;
1100009;2514974;344993;303;02;2020;8;03842913000143;GRUPO ÁUDIO MISTER MIX LTDA EPP;20200807;;MG;;;;;;;;;
1022954;2360809;310944;303;02;2020;1;03842913000143;GRUPO ÁUDIO MISTER MIX LTDA EPP;20200122;;MG;;;;;;;;;
1022923;2360802;310939;303;02;2020;1;03842913000143;GRUPO ÁUDIO MISTER MIX LTDA EPP;20200114;;MG;;;;;;;;;
1022937;2360803;310939;303;02;2020;1;03842913000143;GRUPO ÁUDIO MISTER MIX LTDA EPP;20200114;;MG;;;;;;;;;
1022942;2360810;310944;303;02;2020;1;03842913000143;GRUPO ÁUDIO MISTER MIX LTDA EPP;20200122;;MG;;;;;;;;;
1023069;2361094;310978;303;02;2020;2;03842913000143;GRUPO ÁUDIO MISTER MIX LTDA EPP;20200221;;MG;;;;;;;;;
1023077;2360972;310968;303;02;2020;2;03842913000143;GRUPO ÁUDIO MISTER MIX LTDA EPP;20200212;;MG;;;;;;;;;
1023078;2361084;310977;303;02;2020;2;03842913000143;GRUPO ÁUDIO MISTER MIX LTDA EPP;20200213;;MG;;;;;;;;;
1023082;2361073;310974;303;02;2020;2;03842913000143;GRUPO ÁUDIO MISTER MIX LTDA EPP;20200213;;MG;;;;;;;;;
1023085;2361092;310977;303;02;2020;2;03842913000143;GRUPO ÁUDIO MISTER MIX LTDA EPP;20200213;;MG;;;;;;;;;
1023100;2361087;310977;303;02;2020;2;03842913000143;GRUPO ÁUDIO MISTER MIX LTDA EPP;20200213;;MG;;;;;;;;;
1023101;2360975;310970;303;02;2020;2;03842913000143;GRUPO ÁUDIO MISTER MIX LTDA EPP;20200221;;MG;;;;;;;;;
1023102;2360967;310968;303;02;2020;2;03842913000143;GRUPO ÁUDIO MISTER MIX LTDA EPP;20200212;;MG;;;;;;;;;
1022968;2361078;310974;303;02;2020;2;03842913000143;GRUPO ÁUDIO MISTER MIX LTDA EPP;20200213;;MG;;;;;;;;;
1022975;2360970;310968;303;02;2020;2;03842913000143;GRUPO ÁUDIO MISTER MIX LTDA EPP;20200212;;MG;;;;;;;;;
1022976;2361088;310977;303;02;2020;2;03842913000143;GRUPO ÁUDIO MISTER MIX LTDA EPP;20200213;;MG;;;;;;;;;
1022978;2361080;310974;303;02;2020;2;03842913000143;GRUPO ÁUDIO MISTER MIX LTDA EPP;20200213;;MG;;;;;;;;;
1022994;2360976;310970;303;02;2020;2;03842913000143;GRUPO ÁUDIO MISTER MIX LTDA EPP;20200221;;MG;;;;;;;;;
1023000;2361075;310974;303;02;2020;2;03842913000143;GRUPO ÁUDIO MISTER MIX LTDA EPP;20200213;;MG;;;;;;;;;
1023001;2361091;310977;303;02;2020;2;03842913000143;GRUPO ÁUDIO MISTER MIX LTDA EPP;20200213;;MG;;;;;;;;;
1023011;2361086;310977;303;02;2020;2;03842913000143;GRUPO ÁUDIO MISTER MIX LTDA EPP;20200213;;MG;;;;;;;;;
1023017;2361089;310977;303;02;2020;2;03842913000143;GRUPO ÁUDIO MISTER MIX LTDA EPP;20200213;;MG;;;;;;;;;
1023019;2361077;310974;303;02;2020;2;03842913000143;GRUPO ÁUDIO MISTER MIX LTDA EPP;20200213;;MG;;;;;;;;;
1023021;2361093;310977;303;02;2020;2;03842913000143;GRUPO ÁUDIO MISTER MIX LTDA EPP;20200213;;MG;;;;;;;;;
1023037;2361079;310974;303;02;2020;2;03842913000143;GRUPO ÁUDIO MISTER MIX LTDA EPP;20200213;;MG;;;;;;;;;
1023041;2361074;310974;303;02;2020;2;03842913000143;GRUPO ÁUDIO MISTER MIX LTDA EPP;20200213;;MG;;;;;;;;;
1023043;2361076;310974;303;02;2020;2;03842913000143;GRUPO ÁUDIO MISTER MIX LTDA EPP;20200213;;MG;;;;;;;;;
1023051;2360969;310968;303;02;2020;2;03842913000143;GRUPO ÁUDIO MISTER MIX LTDA EPP;20200212;;MG;;;;;;;;;
1023053;2361090;310977;303;02;2020;2;03842913000143;GRUPO ÁUDIO MISTER MIX LTDA EPP;20200213;;MG;;;;;;;;;
1023057;2360971;310968;303;02;2020;2;03842913000143;GRUPO ÁUDIO MISTER MIX LTDA EPP;20200212;;MG;;;;;;;;;
1023058;2361085;310977;303;02;2020;2;03842913000143;GRUPO ÁUDIO MISTER MIX LTDA EPP;20200213;;MG;;;;;;;;;
1023063;2360968;310968;303;02;2020;2;03842913000143;GRUPO ÁUDIO MISTER MIX LTDA EPP;20200212;;MG;;;;;;;;;
1099917;2514966;344987;303;02;2020;7;03842913000143;GRUPO ÁUDIO MISTER MIX LTDA EPP;20200724;;MG;;;;;;;;;
1099918;2514967;344987;303;02;2020;7;03842913000143;GRUPO ÁUDIO MISTER MIX LTDA EPP;20200724;;MG;;;;;;;;;
1099911;2514968;344987;303;02;2020;7;03842913000143;GRUPO ÁUDIO MISTER MIX LTDA EPP;20200724;;MG;;;;;;;;;
1136024;2586331;359748;303;02;2020;11;03842913000143;GRUPO ÁUDIO MISTER MIX LTDA EPP;20201130;;MG;;;;;;;;;
1032990;2379926;315154;303;02;2020;3;03842913000143;GRUPO ÁUDIO MISTER MIX LTDA EPP;20200305;;MG;;;;;;;;;
1032986;2379928;315154;303;02;2020;3;03842913000143;GRUPO ÁUDIO MISTER MIX LTDA EPP;20200305;;MG;;;;;;;;;
1032988;2379927;315154;303;02;2020;3;03842913000143;GRUPO ÁUDIO MISTER MIX LTDA EPP;20200305;;MG;;;;;;;;;
1032989;2379937;315163;303;02;2020;3;03842913000143;GRUPO ÁUDIO MISTER MIX LTDA EPP;20200313;;MG;;;;;;;;;
1116582;2549501;352208;303;02;2020;10;03842913000143;GRUPO ÁUDIO MISTER MIX LTDA EPP;20201009;;MG;;;;;;;;;
1099959;2515056;344997;303;02;2020;8;745***636**;HILTON MOREIRA FILHO;20190910;;MG;;;;;;;;;
1099965;2515050;344997;303;02;2020;8;745***636**;HILTON MOREIRA FILHO;20190910;;MG;;;;;;;;;
1099977;2515082;344997;303;02;2020;8;745***636**;HILTON MOREIRA FILHO;20190910;;MG;;;;;;;;;
1099978;2515042;344997;303;02;2020;8;745***636**;HILTON MOREIRA FILHO;20190910;;MG;;;;;;;;;
1099930;2515107;344997;303;02;2020;8;745***636**;HILTON MOREIRA FILHO;20190910;;MG;;;;;;;;;
1099931;2515094;344997;303;02;2020;8;745***636**;HILTON MOREIRA FILHO;20190910;;MG;;;;;;;;;
1099932;2515047;344997;303;02;2020;8;745***636**;HILTON MOREIRA FILHO;20190910;;MG;;;;;;;;;
1099942;2515068;344997;303;02;2020;8;745***636**;HILTON MOREIRA FILHO;20190910;;MG;;;;;;;;;
1099953;2515063;344997;303;02;2020;8;745***636**;HILTON MOREIRA FILHO;20190910;;MG;;;;;;;;;
1099988;2515053;344997;303;02;2020;8;745***636**;HILTON MOREIRA FILHO;20190910;;MG;;;;;;;;;
1099995;2515066;344997;303;02;2020;8;745***636**;HILTON MOREIRA FILHO;20190910;;MG;;;;;;;;;
1100004;2515104;344997;303;02;2020;8;745***636**;HILTON MOREIRA FILHO;20190910;;MG;;;;;;;;;
1100017;2515098;344997;303;02;2020;8;745***636**;HILTON MOREIRA FILHO;20190910;;MG;;;;;;;;;
1100020;2515087;344997;303;02;2020;8;745***636**;HILTON MOREIRA FILHO;20190910;;MG;;;;;;;;;
1100044;2515070;344997;303;02;2020;8;745***636**;HILTON MOREIRA FILHO;20190910;;MG;;;;;;;;;
1100050;2515035;344997;303;02;2020;8;745***636**;HILTON MOREIRA FILHO;20190910;;MG;;;;;;;;;
1099937;2515007;344996;303;02;2020;8;11896538000142;SOLUMED DISTRDE MED E PROD PARA SAÚDE LTDA;20200814;;MG;;;;;;;;;
1100000;2514984;344996;303;02;2020;8;11896538000142;SOLUMED DISTRDE MED E PROD PARA SAÚDE LTDA;20200814;;MG;;;;;;;;;
1100001;2515029;344996;303;02;2020;8;11896538000142;SOLUMED DISTRDE MED E PROD PARA SAÚDE LTDA;20200814;;MG;;;;;;;;;
1100023;2515017;344996;303;02;2020;8;11896538000142;SOLUMED DISTRDE MED E PROD PARA SAÚDE LTDA;20200814;;MG;;;;;;;;;
1100027;2515026;344996;303;02;2020;8;11896538000142;SOLUMED DISTRDE MED E PROD PARA SAÚDE LTDA;20200814;;MG;;;;;;;;;
1100046;2515021;344996;303;02;2020;8;11896538000142;SOLUMED DISTRDE MED E PROD PARA SAÚDE LTDA;20200814;;MG;;;;;;;;;
1023071;2361055;310973;303;02;2020;2;11896538000142;SOLUMED DISTRDE MED E PROD PARA SAÚDE LTDA;20200212;;MG;;;;;;;;;
1023074;2361023;310973;303;02;2020;2;11896538000142;SOLUMED DISTRDE MED E PROD PARA SAÚDE LTDA;20200212;;MG;;;;;;;;;
1022965;2361029;310973;303;02;2020;2;11896538000142;SOLUMED DISTRDE MED E PROD PARA SAÚDE LTDA;20200212;;MG;;;;;;;;;
1022987;2361005;310973;303;02;2020;2;11896538000142;SOLUMED DISTRDE MED E PROD PARA SAÚDE LTDA;20200212;;MG;;;;;;;;;
1023026;2361065;310973;303;02;2020;2;11896538000142;SOLUMED DISTRDE MED E PROD PARA SAÚDE LTDA;20200212;;MG;;;;;;;;;
1023031;2361062;310973;303;02;2020;2;11896538000142;SOLUMED DISTRDE MED E PROD PARA SAÚDE LTDA;20200212;;MG;;;;;;;;;
1023039;2361022;310973;303;02;2020;2;11896538000142;SOLUMED DISTRDE MED E PROD PARA SAÚDE LTDA;20200212;;MG;;;;;;;;;
1099863;2514926;344971;303;02;2020;6;11896538000142;SOLUMED DISTRDE MED E PROD PARA SAÚDE LTDA;20200609;;MG;;;;;;;;;
1099864;2514899;344971;303;02;2020;6;11896538000142;SOLUMED DISTRDE MED E PROD PARA SAÚDE LTDA;20200609;;MG;;;;;;;;;
1099866;2514916;344971;303;02;2020;6;11896538000142;SOLUMED DISTRDE MED E PROD PARA SAÚDE LTDA;20200609;;MG;;;;;;;;;
1099873;2514905;344971;303;02;2020;6;11896538000142;SOLUMED DISTRDE MED E PROD PARA SAÚDE LTDA;20200609;;MG;;;;;;;;;
1099880;2514930;344971;303;02;2020;6;11896538000142;SOLUMED DISTRDE MED E PROD PARA SAÚDE LTDA;20200609;;MG;;;;;;;;;
1099884;2514893;344971;303;02;2020;6;11896538000142;SOLUMED DISTRDE MED E PROD PARA SAÚDE LTDA;20200609;;MG;;;;;;;;;
1099897;2514903;344971;303;02;2020;6;11896538000142;SOLUMED DISTRDE MED E PROD PARA SAÚDE LTDA;20200609;;MG;;;;;;;;;
1033083;2380022;315175;303;02;2020;4;11896538000142;SOLUMED DISTRDE MED E PROD PARA SAÚDE LTDA;20200406;;MG;;;;;;;;;
1033089;2380009;315175;303;02;2020;4;11896538000142;SOLUMED DISTRDE MED E PROD PARA SAÚDE LTDA;20200406;;MG;;;;;;;;;
1099950;2514977;344995;303;02;2020;8;19187475000167;SELT ENGENHARIA LTDA;20200804;0622052960022;MG;;;;;;;;;
1100005;2514976;344995;303;02;2020;8;19187475000167;SELT ENGENHARIA LTDA;20200804;0622052960022;MG;;;;;;;;;
1136073;2586262;359747;303;02;2020;11;03945035000191;ACACIA COMERCIO DE MEDICAMENTOS LTDA;20201112;;MG;;;;;;;;;
1136078;2586258;359747;303;02;2020;11;03945035000191;ACACIA COMERCIO DE MEDICAMENTOS LTDA;20201112;;MG;;;;;;;;;
1136081;2586327;359747;303;02;2020;11;03945035000191;ACACIA COMERCIO DE MEDICAMENTOS LTDA;20201112;;MG;;;;;;;;;
1136033;2586319;359747;303;02;2020;11;03945035000191;ACACIA COMERCIO DE MEDICAMENTOS LTDA;20201112;;MG;;;;;;;;;
1136043;2586280;359747;303;02;2020;11;03945035000191;ACACIA COMERCIO DE MEDICAMENTOS LTDA;20201112;;MG;;;;;;;;;
1099975;2515073;344997;303;02;2020;8;057***636**;MIRTES MARIA DA FONSECA;20190910;;MG;;;;;;;;;
1099924;2515091;344997;303;02;2020;8;057***636**;MIRTES MARIA DA FONSECA;20190910;;MG;;;;;;;;;
1099935;2515080;344997;303;02;2020;8;057***636**;MIRTES MARIA DA FONSECA;20190910;;MG;;;;;;;;;
1099984;2515079;344997;303;02;2020;8;675***146**;ANTÔNIO ZACARIAS DE ARAÚJO;20190910;;MG;;;;;;;;;
1100002;2515060;344997;303;02;2020;8;675***146**;ANTÔNIO ZACARIAS DE ARAÚJO;20190910;;MG;;;;;;;;;
1099960;2515085;344997;303;02;2020;8;17987100000156;COOPERATIVA METROPOLITANA DE AGRICULTURORES FAMILIARES;20190910;;MG;;;;;;;;;
1099957;2515033;344997;303;02;2020;8;17987100000156;COOPERATIVA METROPOLITANA DE AGRICULTURORES FAMILIARES;20190910;;MG;;;;;;;;;
1099973;2515103;344997;303;02;2020;8;17987100000156;COOPERATIVA METROPOLITANA DE AGRICULTURORES FAMILIARES;20190910;;MG;;;;;;;;;
1099926;2515076;344997;303;02;2020;8;17987100000156;COOPERATIVA METROPOLITANA DE AGRICULTURORES FAMILIARES;20190910;;MG;;;;;;;;;
1099933;2515089;344997;303;02;2020;8;17987100000156;COOPERATIVA METROPOLITANA DE AGRICULTURORES FAMILIARES;20190910;;MG;;;;;;;;;
1099941;2515052;344997;303;02;2020;8;17987100000156;COOPERATIVA METROPOLITANA DE AGRICULTURORES FAMILIARES;20190910;;MG;;;;;;;;;
1099943;2515037;344997;303;02;2020;8;17987100000156;COOPERATIVA METROPOLITANA DE AGRICULTURORES FAMILIARES;20190910;;MG;;;;;;;;;
1099946;2515071;344997;303;02;2020;8;17987100000156;COOPERATIVA METROPOLITANA DE AGRICULTURORES FAMILIARES;20190910;;MG;;;;;;;;;
1099948;2515095;344997;303;02;2020;8;17987100000156;COOPERATIVA METROPOLITANA DE AGRICULTURORES FAMILIARES;20190910;;MG;;;;;;;;;
1099952;2515040;344997;303;02;2020;8;17987100000156;COOPERATIVA METROPOLITANA DE AGRICULTURORES FAMILIARES;20190910;;MG;;;;;;;;;
1099954;2515057;344997;303;02;2020;8;17987100000156;COOPERATIVA METROPOLITANA DE AGRICULTURORES FAMILIARES;20190910;;MG;;;;;;;;;
1099982;2515069;344997;303;02;2020;8;17987100000156;COOPERATIVA METROPOLITANA DE AGRICULTURORES FAMILIARES;20190910;;MG;;;;;;;;;
1099998;2515106;344997;303;02;2020;8;17987100000156;COOPERATIVA METROPOLITANA DE AGRICULTURORES FAMILIARES;20190910;;MG;;;;;;;;;
1100003;2515081;344997;303;02;2020;8;17987100000156;COOPERATIVA METROPOLITANA DE AGRICULTURORES FAMILIARES;20190910;;MG;;;;;;;;;
1100006;2515078;344997;303;02;2020;8;17987100000156;COOPERATIVA METROPOLITANA DE AGRICULTURORES FAMILIARES;20190910;;MG;;;;;;;;;
1100010;2515044;344997;303;02;2020;8;17987100000156;COOPERATIVA METROPOLITANA DE AGRICULTURORES FAMILIARES;20190910;;MG;;;;;;;;;
1100012;2515048;344997;303;02;2020;8;17987100000156;COOPERATIVA METROPOLITANA DE AGRICULTURORES FAMILIARES;20190910;;MG;;;;;;;;;
1100014;2515046;344997;303;02;2020;8;17987100000156;COOPERATIVA METROPOLITANA DE AGRICULTURORES FAMILIARES;20190910;;MG;;;;;;;;;
1100015;2515083;344997;303;02;2020;8;17987100000156;COOPERATIVA METROPOLITANA DE AGRICULTURORES FAMILIARES;20190910;;MG;;;;;;;;;
1100026;2515062;344997;303;02;2020;8;17987100000156;COOPERATIVA METROPOLITANA DE AGRICULTURORES FAMILIARES;20190910;;MG;;;;;;;;;
1100031;2515092;344997;303;02;2020;8;17987100000156;COOPERATIVA METROPOLITANA DE AGRICULTURORES FAMILIARES;20190910;;MG;;;;;;;;;
1100049;2515101;344997;303;02;2020;8;17987100000156;COOPERATIVA METROPOLITANA DE AGRICULTURORES FAMILIARES;20190910;;MG;;;;;;;;;
1100047;2515058;344997;303;02;2020;8;17987100000156;COOPERATIVA METROPOLITANA DE AGRICULTURORES FAMILIARES;20190910;;MG;;;;;;;;;
1100056;2515064;344997;303;02;2020;8;17987100000156;COOPERATIVA METROPOLITANA DE AGRICULTURORES FAMILIARES;20190910;;MG;;;;;;;;;
1100057;2515096;344997;303;02;2020;8;17987100000156;COOPERATIVA METROPOLITANA DE AGRICULTURORES FAMILIARES;20190910;;MG;;;;;;;;;
1136074;2586246;359747;303;02;2020;11;09053134000226;ELFA MEDICAMENTOS LTDA;20201112;;DF;;;;;;;;;
1135998;2586283;359747;303;02;2020;11;09053134000226;ELFA MEDICAMENTOS LTDA;20201112;;DF;;;;;;;;;
1136003;2586293;359747;303;02;2020;11;09053134000226;ELFA MEDICAMENTOS LTDA;20201112;;DF;;;;;;;;;
1023086;2361112;310983;303;02;2020;2;14278276000140;SX TECNOLOGIA E SERVICOS CORPORATIVOS EIRELI ME;20200203;;MG;;;;;;;;;
1023033;2361111;310983;303;02;2020;2;14278276000140;SX TECNOLOGIA E SERVICOS CORPORATIVOS EIRELI ME;20200203;;MG;;;;;;;;;
1023088;2361054;310973;303;02;2020;2;05194502000114;ALFALAGOS LTDA;20200212;;MG;;;;;;;;;
1023015;2360993;310973;303;02;2020;2;05194502000114;ALFALAGOS LTDA;20200212;;MG;;;;;;;;;
1023042;2361012;310973;303;02;2020;2;05194502000114;ALFALAGOS LTDA;20200212;;MG;;;;;;;;;
1099878;2514925;344971;303;02;2020;6;05194502000114;ALFALAGOS LTDA;20200609;;MG;;;;;;;;;
1136053;2586255;359747;303;02;2020;11;05194502000114;ALFALAGOS LTDA;20201112;;MG;;;;;;;;;
1136059;2586322;359747;303;02;2020;11;05194502000114;ALFALAGOS LTDA;20201112;;MG;;;;;;;;;
1033012;2380014;315175;303;02;2020;4;05194502000114;ALFALAGOS LTDA;20200406;;MG;;;;;;;;;
1099963;2515015;344996;303;02;2020;8;73856593001057;PRATI DONADUZZI & CIA LTDA;20200814;;MG;;;;;;;;;
1099967;2514994;344996;303;02;2020;8;73856593001057;PRATI DONADUZZI & CIA LTDA;20200814;;MG;;;;;;;;;
1099923;2514997;344996;303;02;2020;8;73856593001057;PRATI DONADUZZI & CIA LTDA;20200814;;MG;;;;;;;;;
1099925;2515011;344996;303;02;2020;8;73856593001057;PRATI DONADUZZI & CIA LTDA;20200814;;MG;;;;;;;;;
1099940;2515019;344996;303;02;2020;8;73856593001057;PRATI DONADUZZI & CIA LTDA;20200814;;MG;;;;;;;;;
1099983;2514987;344996;303;02;2020;8;73856593001057;PRATI DONADUZZI & CIA LTDA;20200814;;MG;;;;;;;;;
1100016;2515022;344996;303;02;2020;8;73856593001057;PRATI DONADUZZI & CIA LTDA;20200814;;MG;;;;;;;;;
1100022;2515005;344996;303;02;2020;8;73856593001057;PRATI DONADUZZI & CIA LTDA;20200814;;MG;;;;;;;;;
1023081;2360994;310973;303;02;2020;2;73856593001057;PRATI DONADUZZI & CIA LTDA;20200212;;MG;;;;;;;;;
1023083;2361063;310973;303;02;2020;2;73856593001057;PRATI DONADUZZI & CIA LTDA;20200212;;MG;;;;;;;;;
1023092;2361096;310979;303;02;2020;2;73856593001057;PRATI DONADUZZI & CIA LTDA;20200212;;MG;;;;;;;;;
1023094;2360996;310973;303;02;2020;2;73856593001057;PRATI DONADUZZI & CIA LTDA;20200212;;MG;;;;;;;;;
1023095;2361050;310973;303;02;2020;2;73856593001057;PRATI DONADUZZI & CIA LTDA;20200212;;MG;;;;;;;;;
1022977;2361028;310973;303;02;2020;2;73856593001057;PRATI DONADUZZI & CIA LTDA;20200212;;MG;;;;;;;;;
1022980;2361014;310973;303;02;2020;2;73856593001057;PRATI DONADUZZI & CIA LTDA;20200212;;MG;;;;;;;;;
1022983;2361069;310973;303;02;2020;2;73856593001057;PRATI DONADUZZI & CIA LTDA;20200212;;MG;;;;;;;;;
1022986;2361039;310973;303;02;2020;2;73856593001057;PRATI DONADUZZI & CIA LTDA;20200212;;MG;;;;;;;;;
1022989;2361001;310973;303;02;2020;2;73856593001057;PRATI DONADUZZI & CIA LTDA;20200212;;MG;;;;;;;;;
1022992;2361114;310984;303;02;2020;2;73856593001057;PRATI DONADUZZI & CIA LTDA;20200227;;MG;;;;;;;;;
1022995;2361058;310973;303;02;2020;2;73856593001057;PRATI DONADUZZI & CIA LTDA;20200212;;MG;;;;;;;;;
1022999;2361016;310973;303;02;2020;2;73856593001057;PRATI DONADUZZI & CIA LTDA;20200212;;MG;;;;;;;;;
1023002;2360991;310973;303;02;2020;2;73856593001057;PRATI DONADUZZI & CIA LTDA;20200212;;MG;;;;;;;;;
1023005;2361013;310973;303;02;2020;2;73856593001057;PRATI DONADUZZI & CIA LTDA;20200212;;MG;;;;;;;;;
1023008;2360995;310973;303;02;2020;2;73856593001057;PRATI DONADUZZI & CIA LTDA;20200212;;MG;;;;;;;;;
1023023;2361033;310973;303;02;2020;2;73856593001057;PRATI DONADUZZI & CIA LTDA;20200212;;MG;;;;;;;;;
1023032;2361036;310973;303;02;2020;2;73856593001057;PRATI DONADUZZI & CIA LTDA;20200212;;MG;;;;;;;;;
1023040;2361006;310973;303;02;2020;2;73856593001057;PRATI DONADUZZI & CIA LTDA;20200212;;MG;;;;;;;;;
1099858;2514897;344971;303;02;2020;6;73856593001057;PRATI DONADUZZI & CIA LTDA;20200609;;MG;;;;;;;;;
1099854;2514914;344971;303;02;2020;6;73856593001057;PRATI DONADUZZI & CIA LTDA;20200609;;MG;;;;;;;;;
1099870;2514901;344971;303;02;2020;6;73856593001057;PRATI DONADUZZI & CIA LTDA;20200609;;MG;;;;;;;;;
1099875;2514938;344971;303;02;2020;6;73856593001057;PRATI DONADUZZI & CIA LTDA;20200609;;MG;;;;;;;;;
1099885;2514939;344971;303;02;2020;6;73856593001057;PRATI DONADUZZI & CIA LTDA;20200609;;MG;;;;;;;;;
1099892;2514924;344971;303;02;2020;6;73856593001057;PRATI DONADUZZI & CIA LTDA;20200609;;MG;;;;;;;;;
1099893;2514906;344971;303;02;2020;6;73856593001057;PRATI DONADUZZI & CIA LTDA;20200609;;MG;;;;;;;;;
1099896;2514935;344971;303;02;2020;6;73856593001057;PRATI DONADUZZI & CIA LTDA;20200609;;MG;;;;;;;;;
1099900;2514911;344971;303;02;2020;6;73856593001057;PRATI DONADUZZI & CIA LTDA;20200609;;MG;;;;;;;;;
1099909;2514931;344971;303;02;2020;6;73856593001057;PRATI DONADUZZI & CIA LTDA;20200609;;MG;;;;;;;;;
1136069;2586238;359747;303;02;2020;11;73856593001057;PRATI DONADUZZI & CIA LTDA;20201112;;MG;;;;;;;;;
1136070;2586248;359747;303;02;2020;11;73856593001057;PRATI DONADUZZI & CIA LTDA;20201112;;MG;;;;;;;;;
1136072;2586273;359747;303;02;2020;11;73856593001057;PRATI DONADUZZI & CIA LTDA;20201112;;MG;;;;;;;;;
1136077;2586241;359747;303;02;2020;11;73856593001057;PRATI DONADUZZI & CIA LTDA;20201112;;MG;;;;;;;;;
1136089;2586253;359747;303;02;2020;11;73856593001057;PRATI DONADUZZI & CIA LTDA;20201112;;MG;;;;;;;;;
1136096;2586287;359747;303;02;2020;11;73856593001057;PRATI DONADUZZI & CIA LTDA;20201112;;MG;;;;;;;;;
1136098;2586291;359747;303;02;2020;11;73856593001057;PRATI DONADUZZI & CIA LTDA;20201112;;MG;;;;;;;;;
1136008;2586314;359747;303;02;2020;11;73856593001057;PRATI DONADUZZI & CIA LTDA;20201112;;MG;;;;;;;;;
1136009;2586289;359747;303;02;2020;11;73856593001057;PRATI DONADUZZI & CIA LTDA;20201112;;MG;;;;;;;;;
1136018;2586240;359747;303;02;2020;11;73856593001057;PRATI DONADUZZI & CIA LTDA;20201112;;MG;;;;;;;;;
1136021;2586323;359747;303;02;2020;11;73856593001057;PRATI DONADUZZI & CIA LTDA;20201112;;MG;;;;;;;;;
1033082;2379998;315175;303;02;2020;4;73856593001057;PRATI DONADUZZI & CIA LTDA;20200406;;MG;;;;;;;;;
1136092;2586247;359747;303;02;2020;11;00874929000140;MED CENTER COMERCIAL LTDA;20201112;;MG;;;;;;;;;
1136094;2586308;359747;303;02;2020;11;00874929000140;MED CENTER COMERCIAL LTDA;20201112;;MG;;;;;;;;;
1136101;2586307;359747;303;02;2020;11;00874929000140;MED CENTER COMERCIAL LTDA;20201112;;MG;;;;;;;;;
1136007;2586328;359747;303;02;2020;11;00874929000140;MED CENTER COMERCIAL LTDA;20201112;;MG;;;;;;;;;
1136046;2586318;359747;303;02;2020;11;00874929000140;MED CENTER COMERCIAL LTDA;20201112;;MG;;;;;;;;;
1032994;2379983;315175;303;02;2020;4;00874929000140;MED CENTER COMERCIAL LTDA;20200406;;MG;;;;;;;;;
1033021;2379982;315175;303;02;2020;4;00874929000140;MED CENTER COMERCIAL LTDA;20200406;;MG;;;;;;;;;
1033024;2380020;315175;303;02;2020;4;00874929000140;MED CENTER COMERCIAL LTDA;20200406;;MG;;;;;;;;;
1033095;2380104;315195;303;02;2020;5;00874929000140;MED CENTER COMERCIAL LTDA;20200518;;MG;;;;;;;;;
1033101;2380105;315195;303;02;2020;5;00874929000140;MED CENTER COMERCIAL LTDA;20200518;;MG;;;;;;;;;
1022918;2360793;310935;303;02;2020;1;33000118000330;TELEMAR NORTE LESTE SA;20200102;0621529016;MG;;;;;;;;;
1099964;2515036;344997;303;02;2020;8;614***106**;LUIZ CARLOS DA FONSECA;20190910;;MG;;;;;;;;;
1099981;2515090;344997;303;02;2020;8;614***106**;LUIZ CARLOS DA FONSECA;20190910;;MG;;;;;;;;;
1099992;2515074;344997;303;02;2020;8;614***106**;LUIZ CARLOS DA FONSECA;20190910;;MG;;;;;;;;;
1023036;2361095;310979;303;02;2020;2;36325157000134;COSTA CAMARGO COM DE PRODUTOS HOSPITALARESLTDA;20200212;;ES;;;;;;;;;
1023047;2361067;310973;303;02;2020;2;36325157000134;COSTA CAMARGO COM DE PRODUTOS HOSPITALARESLTDA;20200212;;ES;;;;;;;;;
1023064;2361020;310973;303;02;2020;2;36325157000134;COSTA CAMARGO COM DE PRODUTOS HOSPITALARESLTDA;20200212;;ES;;;;;;;;;
1099886;2514927;344971;303;02;2020;6;36325157000134;COSTA CAMARGO COM DE PRODUTOS HOSPITALARESLTDA;20200609;;ES;;;;;;;;;
1099889;2514919;344971;303;02;2020;6;36325157000134;COSTA CAMARGO COM DE PRODUTOS HOSPITALARESLTDA;20200609;;ES;;;;;;;;;
1100065;2515152;345014;303;02;2020;9;05684180000191;COMPANHIA ITABIRANA DE TELECOMUNICACOES LTDA;20200916;3172455111195;MG;;;;;;;;;
1100067;2515137;345011;303;02;2020;9;30330883000169;CKS COMERCIO DE VEICULOS EIRELI;20200902;;BA;;;;;;;;;
1099936;2515108;344998;303;02;2020;8;71251029000194;RV COMERCIO DE PAPEIS LTDA;20200831;062845651004;MG;;;;;;;;;
1022948;2360882;310957;303;02;2020;1;71251029000194;RV COMERCIO DE PAPEIS LTDA;20200120;062845651004;MG;;;;;;;;;
1022956;2360819;310946;303;02;2020;1;71251029000194;RV COMERCIO DE PAPEIS LTDA;20200127;062845651004;MG;;;;;;;;;
1022938;2360794;310936;303;02;2020;1;71251029000194;RV COMERCIO DE PAPEIS LTDA;20200130;062845651004;MG;;;;;;;;;
1023068;2361099;310980;303;02;2020;2;71251029000194;RV COMERCIO DE PAPEIS LTDA;20200206;062845651004;MG;;;;;;;;;
1023087;2360938;310965;303;02;2020;2;71251029000194;RV COMERCIO DE PAPEIS LTDA;20200211;062845651004;MG;;;;;;;;;
1099916;2514970;344989;303;02;2020;7;71251029000194;RV COMERCIO DE PAPEIS LTDA;20200717;062845651004;MG;;;;;;;;;
1136048;2586335;359750;303;02;2020;11;71251029000194;RV COMERCIO DE PAPEIS LTDA;20201124;062845651004;MG;;;;;;;;;
1023097;2361105;310981;303;02;2020;2;01866914000100;CAPITAL PAPELARIA E INFORMATICA LTDA;20200218;0627196410083;MG;;;;;;;;;
1023099;2361106;310981;303;02;2020;2;01866914000100;CAPITAL PAPELARIA E INFORMATICA LTDA;20200218;0627196410083;MG;;;;;;;;;
1022982;2361104;310981;303;02;2020;2;01866914000100;CAPITAL PAPELARIA E INFORMATICA LTDA;20200218;0627196410083;MG;;;;;;;;;
1023007;2361103;310981;303;02;2020;2;01866914000100;CAPITAL PAPELARIA E INFORMATICA LTDA;20200218;0627196410083;MG;;;;;;;;;
1023022;2361102;310981;303;02;2020;2;01866914000100;CAPITAL PAPELARIA E INFORMATICA LTDA;20200218;0627196410083;MG;;;;;;;;;
1023044;2361101;310981;303;02;2020;2;01866914000100;CAPITAL PAPELARIA E INFORMATICA LTDA;20200218;0627196410083;MG;;;;;;;;;
1023060;2361107;310981;303;02;2020;2;01866914000100;CAPITAL PAPELARIA E INFORMATICA LTDA;20200218;0627196410083;MG;;;;;;;;;
1023065;2361100;310981;303;02;2020;2;01866914000100;CAPITAL PAPELARIA E INFORMATICA LTDA;20200218;0627196410083;MG;;;;;;;;;
1136058;2586333;359749;303;02;2020;11;01866914000100;CAPITAL PAPELARIA E INFORMATICA LTDA;20201118;0627196410083;MG;;;;;;;;;
1136093;2586334;359749;303;02;2020;11;01866914000100;CAPITAL PAPELARIA E INFORMATICA LTDA;20201118;0627196410083;MG;;;;;;;;;
1136031;2586332;359749;303;02;2020;11;01866914000100;CAPITAL PAPELARIA E INFORMATICA LTDA;20201118;0627196410083;MG;;;;;;;;;
1100035;2515109;344999;303;02;2020;8;03630201000160;SOCIEDADE UBAENSE DE PROTECAO DE ANIMAISSUPA;20200624;;MG;;;;;;;;;
1136060;2586239;359747;303;02;2020;11;16847018000163;THN NUTRICAO E SAÚDE LTDA;20201112;;SP;;;;;;;;;
1023067;2360924;310962;303;02;2020;2;60665981000975;UNIAO QUIMICA FARMACEUTICA NACIONAL SA;20200212;;MG;;;;;;;;;
1099922;2514975;344994;303;02;2020;8;00604122000197;TRIVALE ADMINISTRACAO LTDA;20200824;;MG;;;;;;;;;
1022947;2360801;310938;303;02;2020;1;00604122000197;TRIVALE ADMINISTRACAO LTDA;20200110;;MG;;;;;;;;;
1022949;2360782;310931;303;02;2020;1;00604122000197;TRIVALE ADMINISTRACAO LTDA;20200102;;MG;;;;;;;;;
1022964;2360852;310953;303;02;2020;1;00604122000197;TRIVALE ADMINISTRACAO LTDA;20200102;;MG;;;;;;;;;
1022919;2360883;310958;303;02;2020;1;00604122000197;TRIVALE ADMINISTRACAO LTDA;20200102;;MG;;;;;;;;;
1022927;2360850;310951;303;02;2020;1;00604122000197;TRIVALE ADMINISTRACAO LTDA;20200120;;MG;;;;;;;;;
1022930;2360821;310948;303;02;2020;1;00604122000197;TRIVALE ADMINISTRACAO LTDA;20200120;;MG;;;;;;;;;
1022944;2360808;310943;303;02;2020;1;00604122000197;TRIVALE ADMINISTRACAO LTDA;20200123;;MG;;;;;;;;;
1022970;2360985;310972;303;02;2020;2;00604122000197;TRIVALE ADMINISTRACAO LTDA;20200207;;MG;;;;;;;;;
1099890;2514947;344972;303;02;2020;6;00604122000197;TRIVALE ADMINISTRACAO LTDA;20200609;;MG;;;;;;;;;
1099913;2514965;344986;303;02;2020;7;00604122000197;TRIVALE ADMINISTRACAO LTDA;20200727;;MG;;;;;;;;;
1099915;2514969;344988;303;02;2020;7;00604122000197;TRIVALE ADMINISTRACAO LTDA;20200721;;MG;;;;;;;;;
1022917;2360818;310945;303;02;2020;1;11263197000178;RCA COMERCIAL LTDA;20200102;0014704200000;MG;;;;;;;;;
1022920;2360830;310949;303;02;2020;1;11263197000178;RCA COMERCIAL LTDA;20200102;0014704200000;MG;;;;;;;;;
1022921;2360828;310949;303;02;2020;1;11263197000178;RCA COMERCIAL LTDA;20200102;0014704200000;MG;;;;;;;;;
1022922;2360829;310949;303;02;2020;1;11263197000178;RCA COMERCIAL LTDA;20200102;0014704200000;MG;;;;;;;;;
1022924;2360831;310949;303;02;2020;1;11263197000178;RCA COMERCIAL LTDA;20200102;0014704200000;MG;;;;;;;;;
1022925;2360832;310949;303;02;2020;1;11263197000178;RCA COMERCIAL LTDA;20200102;0014704200000;MG;;;;;;;;;
1022926;2360817;310945;303;02;2020;1;11263197000178;RCA COMERCIAL LTDA;20200102;0014704200000;MG;;;;;;;;;
1022928;2360837;310949;303;02;2020;1;11263197000178;RCA COMERCIAL LTDA;20200102;0014704200000;MG;;;;;;;;;
1022929;2360835;310949;303;02;2020;1;11263197000178;RCA COMERCIAL LTDA;20200102;0014704200000;MG;;;;;;;;;
1022931;2360842;310949;303;02;2020;1;11263197000178;RCA COMERCIAL LTDA;20200102;0014704200000;MG;;;;;;;;;
1022932;2360827;310949;303;02;2020;1;11263197000178;RCA COMERCIAL LTDA;20200102;0014704200000;MG;;;;;;;;;
1022934;2360823;310949;303;02;2020;1;11263197000178;RCA COMERCIAL LTDA;20200102;0014704200000;MG;;;;;;;;;
1022935;2360845;310949;303;02;2020;1;11263197000178;RCA COMERCIAL LTDA;20200102;0014704200000;MG;;;;;;;;;
1022939;2360816;310945;303;02;2020;1;11263197000178;RCA COMERCIAL LTDA;20200102;0014704200000;MG;;;;;;;;;
1022940;2360833;310949;303;02;2020;1;11263197000178;RCA COMERCIAL LTDA;20200102;0014704200000;MG;;;;;;;;;
1022941;2360812;310945;303;02;2020;1;11263197000178;RCA COMERCIAL LTDA;20200102;0014704200000;MG;;;;;;;;;
1022943;2360824;310949;303;02;2020;1;11263197000178;RCA COMERCIAL LTDA;20200102;0014704200000;MG;;;;;;;;;
1033092;2380109;315198;303;02;2020;5;11263197000178;RCA COMERCIAL LTDA;20200522;0014704200000;MG;;;;;;;;;
1033093;2380112;315198;303;02;2020;5;11263197000178;RCA COMERCIAL LTDA;20200522;0014704200000;MG;;;;;;;;;
1033094;2380080;315190;303;02;2020;5;11263197000178;RCA COMERCIAL LTDA;20200504;0014704200000;MG;;;;;;;;;
1033097;2380110;315198;303;02;2020;5;11263197000178;RCA COMERCIAL LTDA;20200522;0014704200000;MG;;;;;;;;;
1033098;2380079;315190;303;02;2020;5;11263197000178;RCA COMERCIAL LTDA;20200504;0014704200000;MG;;;;;;;;;
1033099;2380078;315190;303;02;2020;5;11263197000178;RCA COMERCIAL LTDA;20200504;0014704200000;MG;;;;;;;;;
1033100;2380081;315190;303;02;2020;5;11263197000178;RCA COMERCIAL LTDA;20200504;0014704200000;MG;;;;;;;;;
1033102;2380108;315198;303;02;2020;5;11263197000178;RCA COMERCIAL LTDA;20200522;0014704200000;MG;;;;;;;;;
1033104;2380111;315198;303;02;2020;5;11263197000178;RCA COMERCIAL LTDA;20200522;0014704200000;MG;;;;;;;;;
1033105;2380082;315190;303;02;2020;5;11263197000178;RCA COMERCIAL LTDA;20200504;0014704200000;MG;;;;;;;;;
1032991;2380019;315175;303;02;2020;4;11896538000142;SOLUMED DISTRDE MED E PROD PARA SAÚDE LTDA;20200406;;MG;;;;;;;;;
1033015;2380026;315175;303;02;2020;4;11896538000142;SOLUMED DISTRDE MED E PROD PARA SAÚDE LTDA;20200406;;MG;;;;;;;;;
1033018;2380007;315175;303;02;2020;4;11896538000142;SOLUMED DISTRDE MED E PROD PARA SAÚDE LTDA;20200406;;MG;;;;;;;;;
1033042;2380028;315175;303;02;2020;4;11896538000142;SOLUMED DISTRDE MED E PROD PARA SAÚDE LTDA;20200406;;MG;;;;;;;;;
1033047;2380043;315175;303;02;2020;4;11896538000142;SOLUMED DISTRDE MED E PROD PARA SAÚDE LTDA;20200406;;MG;;;;;;;;;
1033073;2379988;315175;303;02;2020;4;11896538000142;SOLUMED DISTRDE MED E PROD PARA SAÚDE LTDA;20200406;;MG;;;;;;;;;
1140498;2594486;361796;303;02;2020;12;29013780000196;VISA ELETRO EIRELI ME;20201203;;MG;;;;;;;;;
1140499;2594481;361796;303;02;2020;12;29013780000196;VISA ELETRO EIRELI ME;20201203;;MG;;;;;;;;;
1140500;2594515;361796;303;02;2020;12;29013780000196;VISA ELETRO EIRELI ME;20201203;;MG;;;;;;;;;
1140501;2594489;361796;303;02;2020;12;29013780000196;VISA ELETRO EIRELI ME;20201203;;MG;;;;;;;;;
1140502;2594492;361796;303;02;2020;12;29013780000196;VISA ELETRO EIRELI ME;20201203;;MG;;;;;;;;;
1140503;2594505;361796;303;02;2020;12;29013780000196;VISA ELETRO EIRELI ME;20201203;;MG;;;;;;;;;
1140505;2594482;361796;303;02;2020;12;29013780000196;VISA ELETRO EIRELI ME;20201203;;MG;;;;;;;;;
1140506;2594501;361796;303;02;2020;12;29013780000196;VISA ELETRO EIRELI ME;20201203;;MG;;;;;;;;;
1140507;2594479;361796;303;02;2020;12;29013780000196;VISA ELETRO EIRELI ME;20201203;;MG;;;;;;;;;
1140508;2594488;361796;303;02;2020;12;29013780000196;VISA ELETRO EIRELI ME;20201203;;MG;;;;;;;;;
1140509;2594510;361796;303;02;2020;12;29013780000196;VISA ELETRO EIRELI ME;20201203;;MG;;;;;;;;;
1140510;2594483;361796;303;02;2020;12;29013780000196;VISA ELETRO EIRELI ME;20201203;;MG;;;;;;;;;
1140511;2594496;361796;303;02;2020;12;29013780000196;VISA ELETRO EIRELI ME;20201203;;MG;;;;;;;;;
1140512;2594495;361796;303;02;2020;12;29013780000196;VISA ELETRO EIRELI ME;20201203;;MG;;;;;;;;;
1140513;2594498;361796;303;02;2020;12;29013780000196;VISA ELETRO EIRELI ME;20201203;;MG;;;;;;;;;
1140514;2594502;361796;303;02;2020;12;29013780000196;VISA ELETRO EIRELI ME;20201203;;MG;;;;;;;;;
1140515;2594521;361796;303;02;2020;12;29013780000196;VISA ELETRO EIRELI ME;20201203;;MG;;;;;;;;;
1140516;2594518;361796;303;02;2020;12;29013780000196;VISA ELETRO EIRELI ME;20201203;;MG;;;;;;;;;
1140517;2594520;361796;303;02;2020;12;29013780000196;VISA ELETRO EIRELI ME;20201203;;MG;;;;;;;;;
1140518;2594478;361796;303;02;2020;12;29013780000196;VISA ELETRO EIRELI ME;20201203;;MG;;;;;;;;;
1140519;2594508;361796;303;02;2020;12;29013780000196;VISA ELETRO EIRELI ME;20201203;;MG;;;;;;;;;
1140521;2594503;361796;303;02;2020;12;29013780000196;VISA ELETRO EIRELI ME;20201203;;MG;;;;;;;;;
1140524;2594477;361796;303;02;2020;12;29013780000196;VISA ELETRO EIRELI ME;20201203;;MG;;;;;;;;;
1140525;2594514;361796;303;02;2020;12;29013780000196;VISA ELETRO EIRELI ME;20201203;;MG;;;;;;;;;
1140526;2594517;361796;303;02;2020;12;29013780000196;VISA ELETRO EIRELI ME;20201203;;MG;;;;;;;;;
1140527;2594513;361796;303;02;2020;12;29013780000196;VISA ELETRO EIRELI ME;20201203;;MG;;;;;;;;;
1140528;2594516;361796;303;02;2020;12;29013780000196;VISA ELETRO EIRELI ME;20201203;;MG;;;;;;;;;
1140533;2594493;361796;303;02;2020;12;29013780000196;VISA ELETRO EIRELI ME;20201203;;MG;;;;;;;;;
1140530;2594480;361796;303;02;2020;12;29013780000196;VISA ELETRO EIRELI ME;20201203;;MG;;;;;;;;;
1140531;2594500;361796;303;02;2020;12;29013780000196;VISA ELETRO EIRELI ME;20201203;;MG;;;;;;;;;
1140532;2594490;361796;303;02;2020;12;29013780000196;VISA ELETRO EIRELI ME;20201203;;MG;;;;;;;;;
1140534;2594507;361796;303;02;2020;12;29013780000196;VISA ELETRO EIRELI ME;20201203;;MG;;;;;;;;;
1140536;2594487;361796;303;02;2020;12;29013780000196;VISA ELETRO EIRELI ME;20201203;;MG;;;;;;;;;
1140537;2594494;361796;303;02;2020;12;29013780000196;VISA ELETRO EIRELI ME;20201203;;MG;;;;;;;;;
1140538;2594512;361796;303;02;2020;12;29013780000196;VISA ELETRO EIRELI ME;20201203;;MG;;;;;;;;;
1140539;2594506;361796;303;02;2020;12;29013780000196;VISA ELETRO EIRELI ME;20201203;;MG;;;;;;;;;
1140540;2594504;361796;303;02;2020;12;29013780000196;VISA ELETRO EIRELI ME;20201203;;MG;;;;;;;;;
1140541;2594499;361796;303;02;2020;12;29013780000196;VISA ELETRO EIRELI ME;20201203;;MG;;;;;;;;;
1140542;2594491;361796;303;02;2020;12;29013780000196;VISA ELETRO EIRELI ME;20201203;;MG;;;;;;;;;
1140543;2594519;361796;303;02;2020;12;29013780000196;VISA ELETRO EIRELI ME;20201203;;MG;;;;;;;;;
1140544;2594497;361796;303;02;2020;12;29013780000196;VISA ELETRO EIRELI ME;20201203;;MG;;;;;;;;;
1140545;2594522;361796;303;02;2020;12;29013780000196;VISA ELETRO EIRELI ME;20201203;;MG;;;;;;;;;
1140546;2594484;361796;303;02;2020;12;29013780000196;VISA ELETRO EIRELI ME;20201203;;MG;;;;;;;;;
1140547;2594485;361796;303;02;2020;12;29013780000196;VISA ELETRO EIRELI ME;20201203;;MG;;;;;;;;;
1140548;2594509;361796;303;02;2020;12;29013780000196;VISA ELETRO EIRELI ME;20201203;;MG;;;;;;;;;
1140549;2594511;361796;303;02;2020;12;29013780000196;VISA ELETRO EIRELI ME;20201203;;MG;;;;;;;;;
1136065;2586232;359746;303;02;2020;11;29013780000196;VISA ELETRO EIRELI ME;20201125;;MG;;;;;;;;;
1136082;2586234;359746;303;02;2020;11;29013780000196;VISA ELETRO EIRELI ME;20201125;;MG;;;;;;;;;
1136087;2586235;359746;303;02;2020;11;29013780000196;VISA ELETRO EIRELI ME;20201125;;MG;;;;;;;;;
1135995;2586230;359746;303;02;2020;11;29013780000196;VISA ELETRO EIRELI ME;20201125;;MG;;;;;;;;;
1136006;2586231;359746;303;02;2020;11;29013780000196;VISA ELETRO EIRELI ME;20201125;;MG;;;;;;;;;
1136011;2586229;359746;303;02;2020;11;29013780000196;VISA ELETRO EIRELI ME;20201125;;MG;;;;;;;;;
1136017;2586228;359746;303;02;2020;11;29013780000196;VISA ELETRO EIRELI ME;20201125;;MG;;;;;;;;;
1136029;2586233;359746;303;02;2020;11;29013780000196;VISA ELETRO EIRELI ME;20201125;;MG;;;;;;;;;
1136030;2586236;359746;303;02;2020;11;29013780000196;VISA ELETRO EIRELI ME;20201125;;MG;;;;;;;;;
1136049;2586237;359746;303;02;2020;11;29013780000196;VISA ELETRO EIRELI ME;20201125;;MG;;;;;;;;;
1136005;2586269;359747;303;02;2020;11;49324221000104;FRESENIUS KABI BRASIL LTDA;20201112;;SP;;;;;;;;;
1100041;2514973;344992;303;02;2020;8;05343029000190;MEDLEVENSOHN COMERCIO E REPRESENTACOES DE PRODUTOS;20200814;;ES;;;;;;;;;
1099934;2515099;344997;303;02;2020;8;056***296**;SANTIAGO ELIAS DE SOUZA;20190910;;MG;;;;;;;;;
1099989;2515039;344997;303;02;2020;8;056***296**;SANTIAGO ELIAS DE SOUZA;20190910;;MG;;;;;;;;;
1099990;2515100;344997;303;02;2020;8;056***296**;SANTIAGO ELIAS DE SOUZA;20190910;;MG;;;;;;;;;
1100025;2515054;344997;303;02;2020;8;056***296**;SANTIAGO ELIAS DE SOUZA;20190910;;MG;;;;;;;;;
1136055;2586326;359747;303;02;2020;11;36325157000215;COSTA CAMARGO COM DE PROD HOSP LTDA;20201112;;MG;;;;;;;;;
1136067;2586292;359747;303;02;2020;11;36325157000215;COSTA CAMARGO COM DE PROD HOSP LTDA;20201112;;MG;;;;;;;;;
1136100;2586324;359747;303;02;2020;11;36325157000215;COSTA CAMARGO COM DE PROD HOSP LTDA;20201112;;MG;;;;;;;;;
1136012;2586266;359747;303;02;2020;11;36325157000215;COSTA CAMARGO COM DE PROD HOSP LTDA;20201112;;MG;;;;;;;;;
1032997;2380025;315175;303;02;2020;4;73856593001057;PRATI DONADUZZI & CIA LTDA;20200406;;MG;;;;;;;;;
1033008;2380030;315175;303;02;2020;4;73856593001057;PRATI DONADUZZI & CIA LTDA;20200406;;MG;;;;;;;;;
1033019;2380035;315175;303;02;2020;4;73856593001057;PRATI DONADUZZI & CIA LTDA;20200406;;MG;;;;;;;;;
1033025;2380002;315175;303;02;2020;4;73856593001057;PRATI DONADUZZI & CIA LTDA;20200406;;MG;;;;;;;;;
1033027;2379964;315175;303;02;2020;4;73856593001057;PRATI DONADUZZI & CIA LTDA;20200406;;MG;;;;;;;;;
1033038;2379990;315175;303;02;2020;4;73856593001057;PRATI DONADUZZI & CIA LTDA;20200406;;MG;;;;;;;;;
1033044;2380037;315175;303;02;2020;4;73856593001057;PRATI DONADUZZI & CIA LTDA;20200406;;MG;;;;;;;;;
1033054;2380044;315175;303;02;2020;4;73856593001057;PRATI DONADUZZI & CIA LTDA;20200406;;MG;;;;;;;;;
1033059;2380024;315175;303;02;2020;4;73856593001057;PRATI DONADUZZI & CIA LTDA;20200406;;MG;;;;;;;;;
1033063;2380038;315175;303;02;2020;4;73856593001057;PRATI DONADUZZI & CIA LTDA;20200406;;MG;;;;;;;;;
1033068;2379978;315175;303;02;2020;4;73856593001057;PRATI DONADUZZI & CIA LTDA;20200406;;MG;;;;;;;;;
1033076;2379967;315175;303;02;2020;4;73856593001057;PRATI DONADUZZI & CIA LTDA;20200406;;MG;;;;;;;;;
1033080;2380000;315175;303;02;2020;4;73856593001057;PRATI DONADUZZI & CIA LTDA;20200406;;MG;;;;;;;;;
1099969;2515010;344996;303;02;2020;8;02814497000700;CIMED INDUSTRIA DE MEDICAMENTOS LTDA;20200814;;MG;;;;;;;;;
1099949;2514991;344996;303;02;2020;8;02814497000700;CIMED INDUSTRIA DE MEDICAMENTOS LTDA;20200814;;MG;;;;;;;;;
1099986;2515016;344996;303;02;2020;8;02814497000700;CIMED INDUSTRIA DE MEDICAMENTOS LTDA;20200814;;MG;;;;;;;;;
1023072;2361031;310973;303;02;2020;2;02814497000700;CIMED INDUSTRIA DE MEDICAMENTOS LTDA;20200212;;MG;;;;;;;;;
1023073;2361042;310973;303;02;2020;2;02814497000700;CIMED INDUSTRIA DE MEDICAMENTOS LTDA;20200212;;MG;;;;;;;;;
1022971;2361027;310973;303;02;2020;2;02814497000700;CIMED INDUSTRIA DE MEDICAMENTOS LTDA;20200212;;MG;;;;;;;;;
1023062;2361011;310973;303;02;2020;2;02814497000700;CIMED INDUSTRIA DE MEDICAMENTOS LTDA;20200212;;MG;;;;;;;;;
1099861;2514934;344971;303;02;2020;6;02814497000700;CIMED INDUSTRIA DE MEDICAMENTOS LTDA;20200609;;MG;;;;;;;;;
1099865;2514920;344971;303;02;2020;6;02814497000700;CIMED INDUSTRIA DE MEDICAMENTOS LTDA;20200609;;MG;;;;;;;;;
1099872;2514908;344971;303;02;2020;6;02814497000700;CIMED INDUSTRIA DE MEDICAMENTOS LTDA;20200609;;MG;;;;;;;;;
1099894;2514912;344971;303;02;2020;6;02814497000700;CIMED INDUSTRIA DE MEDICAMENTOS LTDA;20200609;;MG;;;;;;;;;
1136062;2586290;359747;303;02;2020;11;02814497000700;CIMED INDUSTRIA DE MEDICAMENTOS LTDA;20201112;;MG;;;;;;;;;
1136064;2586306;359747;303;02;2020;11;02814497000700;CIMED INDUSTRIA DE MEDICAMENTOS LTDA;20201112;;MG;;;;;;;;;
1136066;2586286;359747;303;02;2020;11;02814497000700;CIMED INDUSTRIA DE MEDICAMENTOS LTDA;20201112;;MG;;;;;;;;;
1135997;2586329;359747;303;02;2020;11;02814497000700;CIMED INDUSTRIA DE MEDICAMENTOS LTDA;20201112;;MG;;;;;;;;;
1136027;2586311;359747;303;02;2020;11;02814497000700;CIMED INDUSTRIA DE MEDICAMENTOS LTDA;20201112;;MG;;;;;;;;;
1136035;2586299;359747;303;02;2020;11;02814497000700;CIMED INDUSTRIA DE MEDICAMENTOS LTDA;20201112;;MG;;;;;;;;;
1136050;2586276;359747;303;02;2020;11;02814497000700;CIMED INDUSTRIA DE MEDICAMENTOS LTDA;20201112;;MG;;;;;;;;;
1136051;2586298;359747;303;02;2020;11;02814497000700;CIMED INDUSTRIA DE MEDICAMENTOS LTDA;20201112;;MG;;;;;;;;;
1032992;2379971;315175;303;02;2020;4;02814497000700;CIMED INDUSTRIA DE MEDICAMENTOS LTDA;20200406;;MG;;;;;;;;;
1033039;2379970;315175;303;02;2020;4;02814497000700;CIMED INDUSTRIA DE MEDICAMENTOS LTDA;20200406;;MG;;;;;;;;;
1033055;2380031;315175;303;02;2020;4;02814497000700;CIMED INDUSTRIA DE MEDICAMENTOS LTDA;20200406;;MG;;;;;;;;;
1033070;2379992;315175;303;02;2020;4;02814497000700;CIMED INDUSTRIA DE MEDICAMENTOS LTDA;20200406;;MG;;;;;;;;;
1100058;2515150;345012;303;02;2020;9;15495400000192;ATC BUSINESS COMERCIO E REPRESENTACOES EIRELI;20200915;;MG;;;;;;;;;
1100059;2515145;345012;303;02;2020;9;15495400000192;ATC BUSINESS COMERCIO E REPRESENTACOES EIRELI;20200915;;MG;;;;;;;;;
1100061;2515146;345012;303;02;2020;9;15495400000192;ATC BUSINESS COMERCIO E REPRESENTACOES EIRELI;20200915;;MG;;;;;;;;;
1100063;2515144;345012;303;02;2020;9;15495400000192;ATC BUSINESS COMERCIO E REPRESENTACOES EIRELI;20200915;;MG;;;;;;;;;
1100064;2515149;345012;303;02;2020;9;15495400000192;ATC BUSINESS COMERCIO E REPRESENTACOES EIRELI;20200915;;MG;;;;;;;;;
1100066;2515154;345016;303;02;2020;9;15495400000192;ATC BUSINESS COMERCIO E REPRESENTACOES EIRELI;20200929;;MG;;;;;;;;;
1100068;2515143;345012;303;02;2020;9;15495400000192;ATC BUSINESS COMERCIO E REPRESENTACOES EIRELI;20200915;;MG;;;;;;;;;
1100069;2515139;345012;303;02;2020;9;15495400000192;ATC BUSINESS COMERCIO E REPRESENTACOES EIRELI;20200915;;MG;;;;;;;;;
1100070;2515140;345012;303;02;2020;9;15495400000192;ATC BUSINESS COMERCIO E REPRESENTACOES EIRELI;20200915;;MG;;;;;;;;;
1100071;2515141;345012;303;02;2020;9;15495400000192;ATC BUSINESS COMERCIO E REPRESENTACOES EIRELI;20200915;;MG;;;;;;;;;
1100072;2515147;345012;303;02;2020;9;15495400000192;ATC BUSINESS COMERCIO E REPRESENTACOES EIRELI;20200915;;MG;;;;;;;;;
1100073;2515138;345012;303;02;2020;9;15495400000192;ATC BUSINESS COMERCIO E REPRESENTACOES EIRELI;20200915;;MG;;;;;;;;;
1100074;2515148;345012;303;02;2020;9;15495400000192;ATC BUSINESS COMERCIO E REPRESENTACOES EIRELI;20200915;;MG;;;;;;;;;
1100075;2515142;345012;303;02;2020;9;15495400000192;ATC BUSINESS COMERCIO E REPRESENTACOES EIRELI;20200915;;MG;;;;;;;;;
1116576;2549484;352207;303;02;2020;10;15495400000192;ATC BUSINESS COMERCIO E REPRESENTACOES EIRELI;20201020;;MG;;;;;;;;;
1116573;2549498;352207;303;02;2020;10;15495400000192;ATC BUSINESS COMERCIO E REPRESENTACOES EIRELI;20201020;;MG;;;;;;;;;
1116574;2549492;352207;303;02;2020;10;15495400000192;ATC BUSINESS COMERCIO E REPRESENTACOES EIRELI;20201020;;MG;;;;;;;;;
1116575;2549488;352207;303;02;2020;10;15495400000192;ATC BUSINESS COMERCIO E REPRESENTACOES EIRELI;20201020;;MG;;;;;;;;;
1116577;2549482;352207;303;02;2020;10;15495400000192;ATC BUSINESS COMERCIO E REPRESENTACOES EIRELI;20201020;;MG;;;;;;;;;
1116578;2549493;352207;303;02;2020;10;15495400000192;ATC BUSINESS COMERCIO E REPRESENTACOES EIRELI;20201020;;MG;;;;;;;;;
1116579;2549480;352207;303;02;2020;10;15495400000192;ATC BUSINESS COMERCIO E REPRESENTACOES EIRELI;20201020;;MG;;;;;;;;;
1116580;2549500;352207;303;02;2020;10;15495400000192;ATC BUSINESS COMERCIO E REPRESENTACOES EIRELI;20201020;;MG;;;;;;;;;
1116581;2549490;352207;303;02;2020;10;15495400000192;ATC BUSINESS COMERCIO E REPRESENTACOES EIRELI;20201020;;MG;;;;;;;;;
1116583;2549485;352207;303;02;2020;10;15495400000192;ATC BUSINESS COMERCIO E REPRESENTACOES EIRELI;20201020;;MG;;;;;;;;;
1116584;2549483;352207;303;02;2020;10;15495400000192;ATC BUSINESS COMERCIO E REPRESENTACOES EIRELI;20201020;;MG;;;;;;;;;
1116585;2549489;352207;303;02;2020;10;15495400000192;ATC BUSINESS COMERCIO E REPRESENTACOES EIRELI;20201020;;MG;;;;;;;;;
1116586;2549499;352207;303;02;2020;10;15495400000192;ATC BUSINESS COMERCIO E REPRESENTACOES EIRELI;20201020;;MG;;;;;;;;;
1116587;2549486;352207;303;02;2020;10;15495400000192;ATC BUSINESS COMERCIO E REPRESENTACOES EIRELI;20201020;;MG;;;;;;;;;
1116588;2549481;352207;303;02;2020;10;15495400000192;ATC BUSINESS COMERCIO E REPRESENTACOES EIRELI;20201020;;MG;;;;;;;;;
1116589;2549487;352207;303;02;2020;10;15495400000192;ATC BUSINESS COMERCIO E REPRESENTACOES EIRELI;20201020;;MG;;;;;;;;;
1116590;2549496;352207;303;02;2020;10;15495400000192;ATC BUSINESS COMERCIO E REPRESENTACOES EIRELI;20201020;;MG;;;;;;;;;
1116591;2549495;352207;303;02;2020;10;15495400000192;ATC BUSINESS COMERCIO E REPRESENTACOES EIRELI;20201020;;MG;;;;;;;;;
1116592;2549494;352207;303;02;2020;10;15495400000192;ATC BUSINESS COMERCIO E REPRESENTACOES EIRELI;20201020;;MG;;;;;;;;;
1116593;2549491;352207;303;02;2020;10;15495400000192;ATC BUSINESS COMERCIO E REPRESENTACOES EIRELI;20201020;;MG;;;;;;;;;
1116594;2549497;352207;303;02;2020;10;15495400000192;ATC BUSINESS COMERCIO E REPRESENTACOES EIRELI;20201020;;MG;;;;;;;;;
1116595;2549479;352207;303;02;2020;10;15495400000192;ATC BUSINESS COMERCIO E REPRESENTACOES EIRELI;20201020;;MG;;;;;;;;;
1099956;2515093;344997;303;02;2020;8;043***096**;JOSE REGINALDO MOREIRA;20190910;;MG;;;;;;;;;
1099966;2515055;344997;303;02;2020;8;043***096**;JOSE REGINALDO MOREIRA;20190910;;MG;;;;;;;;;
1099972;2515061;344997;303;02;2020;8;043***096**;JOSE REGINALDO MOREIRA;20190910;;MG;;;;;;;;;
1099974;2515065;344997;303;02;2020;8;043***096**;JOSE REGINALDO MOREIRA;20190910;;MG;;;;;;;;;
1099929;2515086;344997;303;02;2020;8;043***096**;JOSE REGINALDO MOREIRA;20190910;;MG;;;;;;;;;
1099945;2515102;344997;303;02;2020;8;043***096**;JOSE REGINALDO MOREIRA;20190910;;MG;;;;;;;;;
1099947;2515067;344997;303;02;2020;8;043***096**;JOSE REGINALDO MOREIRA;20190910;;MG;;;;;;;;;
1099955;2515072;344997;303;02;2020;8;043***096**;JOSE REGINALDO MOREIRA;20190910;;MG;;;;;;;;;
1099993;2515097;344997;303;02;2020;8;043***096**;JOSE REGINALDO MOREIRA;20190910;;MG;;;;;;;;;
1099999;2515105;344997;303;02;2020;8;043***096**;JOSE REGINALDO MOREIRA;20190910;;MG;;;;;;;;;
1100008;2515045;344997;303;02;2020;8;043***096**;JOSE REGINALDO MOREIRA;20190910;;MG;;;;;;;;;
1100011;2515034;344997;303;02;2020;8;043***096**;JOSE REGINALDO MOREIRA;20190910;;MG;;;;;;;;;
1100038;2515041;344997;303;02;2020;8;043***096**;JOSE REGINALDO MOREIRA;20190910;;MG;;;;;;;;;
1100039;2515049;344997;303;02;2020;8;043***096**;JOSE REGINALDO MOREIRA;20190910;;MG;;;;;;;;;
1100045;2515051;344997;303;02;2020;8;043***096**;JOSE REGINALDO MOREIRA;20190910;;MG;;;;;;;;;
1100052;2515084;344997;303;02;2020;8;043***096**;JOSE REGINALDO MOREIRA;20190910;;MG;;;;;;;;;
