seq_rec_licitacao;seq_licitacao;seq_orgao;cod_orgao;num_ano_referencia;num_mes_referencia;dsc_dotacao;dsc_funcao;dsc_subfuncao;dsc_programa;dsc_acao;dsc_subacao;dsc_nat_despesa;dsc_fonte_recurso;vlr_recurso
3049485;985005;303;02;2022;3;02.02007001.12.365.0221.1221.4.4.90.52.00.101;12 - EDUCAÇÃO;365 - EDUCAÇÃO INFANTIL;0221 - MANUTENÇÃO DA EDUCAÇÃO BÁSICA;1221 - AQUISIÇÃO DE EQUIPAMENTOS ESCOLARES EDUCAÇÃO INFANTIL CRECHE;;4.4.90.52.00 - EQUIPAMENTOS E MATERIAL PERMANENTE;101 - RECEITAS DE IMPOSTOS E DE TRANSFERÊNCIAS DE IMPOSTOS VINCULADOS À EDUCAÇÃO;149196.89
3049486;985003;303;02;2022;3;02.02007001.12.122.0002.2002.3.3.90.35.00.101;12 - EDUCAÇÃO;122 - ADMINISTRAÇÃO GERAL;0002 - GESTÃO DA SECRETARIA MUNICIPAL DE EDUCAÇÃO;2002 - MANUTENÇÃO DA SECRETARIA;;3.3.90.35.00 - SERVIÇOS DE CONSULTORIA;101 - RECEITAS DE IMPOSTOS E DE TRANSFERÊNCIAS DE IMPOSTOS VINCULADOS À EDUCAÇÃO;40800
3049487;985006;303;02;2022;3;02.02007001.12.365.0221.1222.3.3.90.30.00.146;12 - EDUCAÇÃO;365 - EDUCAÇÃO INFANTIL;0221 - MANUTENÇÃO DA EDUCAÇÃO BÁSICA;1222 - MANUT DOS SERVIÇOS ADMIN DA EDUCAÇÃO INF CRECHE;;3.3.90.30.00 - MATERIAL DE CONSUMO;146 - OUTRAS TRANSFERÊNCIAS DE RECURSOS DO FNDE;10000
3125217;1013694;305;04;2022;5;04.05001.13.122.0061.2093.3.3.90.40.00.100;13 - CULTURA;122 - ADMINISTRAÇÃO GERAL;0061 - GESTÃO DA FUNDAÇÃO CASA DE CULTURA DE CAETÉ;2093 - GESTÃO DA FUNDAÇÃO;;3.3.90.40.00 - SERVIÇOS DE TECNOLOGIA DA INFORMAÇÃO E COMUNICAÇÃO - PESSOA JURÍDICA;100 - RECURSOS NÃO VINCULADOS DE IMPOSTOS;35000
3057117;988523;305;04;2022;3;04.05001.13.391.0307.1241.3.3.90.31.00.170;13 - CULTURA;391 - PATRIMÔNIO HISTÓRICO, ARTÍSTICO E ARQUEOLÓGICO;0307 - PROJETO DE CONSTRUÇÃO DO MUSEU DOS EMBOABAS LEI ROUANET;1241 - ELABORAÇÃO DE PROJETO DE CONSTRUÇÃO DO MUSEU DOS EMBOABAS;;3.3.90.31.00 - PREMIAÇÕES CULTURAIS, ARTÍSTICAS, CIENTÍFICAS, DESPORTIVAS E OUTRAS;170 - OUTROS RECURSOS NÃO VINCULADOS;222144.86
3036775;980089;303;02;2022;1;02.02015.15.453.0326.2494.3.3.60.45.00.100;15 - URBANISMO;453 - TRANSPORTES COLETIVOS URBANOS;0326 - TRANSPORTE PÚBLICO TARIFA ZERO;2494 - TRANSPORTE PÚBLICO TARIFA ZERO;;3.3.60.45.00 - SUBVENÇÕES ECONÔMICAS;100 - RECURSOS NÃO VINCULADOS DE IMPOSTOS;9142573.44
2948114;946059;302;01;2022;1;01.01001.01.031.0001.2339.3.3.90.30.00.100;01 - LEGISLATIVA;031 - AÇÃO LEGISLATIVA;0001 - PROCESSO LEGISLATIVO;2339 - MANUTENÇÃO E CONSERVAÇÃO DE VEÍCULOS;;3.3.90.30.00 - MATERIAL DE CONSUMO;100 - RECURSOS NÃO VINCULADOS DE IMPOSTOS;68527.49
3036774;980086;303;02;2022;1;02.02009.15.451.0072.1087.4.4.90.51.00.100;15 - URBANISMO;451 - INFRA-ESTRUTURA URBANA;0072 - INFRAESTRUTURA PATRIMONIAL URBANA E DISTRITAL;1087 - CONSTRUÇÃO MELHORIA E MANUTENÇÃO DE INFRAESTRUTURA URBANA;;4.4.90.51.00 - OBRAS E INSTALAÇÕES;100 - RECURSOS NÃO VINCULADOS DE IMPOSTOS;413440.35
2984182;959036;302;01;2022;2;01.01001.01.031.0001.2334.3.3.90.30.00.100;01 - LEGISLATIVA;031 - AÇÃO LEGISLATIVA;0001 - PROCESSO LEGISLATIVO;2334 - MANUTENÇÃO DOS SERVIÇOS GERAIS;;3.3.90.30.00 - MATERIAL DE CONSUMO;100 - RECURSOS NÃO VINCULADOS DE IMPOSTOS;57710
3192161;1040111;302;01;2022;7;01.01001.01.031.0001.2337.3.3.90.39.00.100;01 - LEGISLATIVA;031 - AÇÃO LEGISLATIVA;0001 - PROCESSO LEGISLATIVO;2337 - RELAÇÕES PÚBLICAS E DIVULGAÇÕES OFICIAIS;;3.3.90.39.00 - OUTROS SERVIÇOS DE TERCEIROS - PESSOA JURÍDICA;100 - RECURSOS NÃO VINCULADOS DE IMPOSTOS;16954.44
3350122;1105985;304;03;2022;11;03.06001.17.512.0033.2054.3.3.90.30.00.170;17 - SANEAMENTO;512 - SANEAMENTO BÁSICO URBANO;0033 - SISTEMA DE ESGOTO SANITÁRIO;2054 - OPERAÇÃO E MANUTENÇÃO DO SISTEMA DE ESGOTO SANITÁRIO;;3.3.90.30.00 - MATERIAL DE CONSUMO;170 - OUTROS RECURSOS NÃO VINCULADOS;33191.7
3350121;1105985;304;03;2022;11;03.06001.17.512.0079.2053.3.3.90.30.00.170;17 - SANEAMENTO;512 - SANEAMENTO BÁSICO URBANO;0079 - SISTEMA DE ABASTECIMENTO DE ÁGUA;2053 - OPERAÇÃO E MANUTENÇÃO DO SISTEMA DE ABASTECIMENTO DE ÁGUA;;3.3.90.30.00 - MATERIAL DE CONSUMO;170 - OUTROS RECURSOS NÃO VINCULADOS;20388.75
3311059;1089369;302;01;2022;10;01.01001.01.031.0001.2332.3.3.90.30.00.100;01 - LEGISLATIVA;031 - AÇÃO LEGISLATIVA;0001 - PROCESSO LEGISLATIVO;2332 - MANUTENÇÃO DOS SERVIÇOS ADMINISTRATIVOS;;3.3.90.30.00 - MATERIAL DE CONSUMO;100 - RECURSOS NÃO VINCULADOS DE IMPOSTOS;60000
3311056;1089369;302;01;2022;10;01.01001.01.031.0001.2340.3.3.90.39.00.100;01 - LEGISLATIVA;031 - AÇÃO LEGISLATIVA;0001 - PROCESSO LEGISLATIVO;2340 - MANUTENÇÃO E CONSERVAÇÃO DE BENS MÓVEIS E IMÓVEIS;;3.3.90.39.00 - OUTROS SERVIÇOS DE TERCEIROS - PESSOA JURÍDICA;100 - RECURSOS NÃO VINCULADOS DE IMPOSTOS;80000
3311057;1089369;302;01;2022;10;01.01001.01.031.0001.2335.3.3.90.31.00.100;01 - LEGISLATIVA;031 - AÇÃO LEGISLATIVA;0001 - PROCESSO LEGISLATIVO;2335 - RECEPÇÕES HOMENAGENS E FESTIVIDADES;;3.3.90.31.00 - PREMIAÇÕES CULTURAIS, ARTÍSTICAS, CIENTÍFICAS, DESPORTIVAS E OUTRAS;100 - RECURSOS NÃO VINCULADOS DE IMPOSTOS;10569
3311058;1089369;302;01;2022;10;01.01001.01.031.0001.2337.3.3.90.39.00.100;01 - LEGISLATIVA;031 - AÇÃO LEGISLATIVA;0001 - PROCESSO LEGISLATIVO;2337 - RELAÇÕES PÚBLICAS E DIVULGAÇÕES OFICIAIS;;3.3.90.39.00 - OUTROS SERVIÇOS DE TERCEIROS - PESSOA JURÍDICA;100 - RECURSOS NÃO VINCULADOS DE IMPOSTOS;32354.44
3311060;1089369;302;01;2022;10;01.01001.01.031.0001.2335.3.3.90.39.00.100;01 - LEGISLATIVA;031 - AÇÃO LEGISLATIVA;0001 - PROCESSO LEGISLATIVO;2335 - RECEPÇÕES HOMENAGENS E FESTIVIDADES;;3.3.90.39.00 - OUTROS SERVIÇOS DE TERCEIROS - PESSOA JURÍDICA;100 - RECURSOS NÃO VINCULADOS DE IMPOSTOS;18647.48
3327927;1096370;304;03;2022;2;03.06001.17.122.0030.2050.3.3.90.30.00.170;17 - SANEAMENTO;122 - ADMINISTRAÇÃO GERAL;0030 - APOIO ADMINISTRATIVO;2050 - MANUTENÇÃO DOS SERVIÇOS ADMINISTRATIVOS;;3.3.90.30.00 - MATERIAL DE CONSUMO;170 - OUTROS RECURSOS NÃO VINCULADOS;27534
3327926;1096369;304;03;2022;2;03.06001.17.512.0079.2053.3.3.90.30.00.170;17 - SANEAMENTO;512 - SANEAMENTO BÁSICO URBANO;0079 - SISTEMA DE ABASTECIMENTO DE ÁGUA;2053 - OPERAÇÃO E MANUTENÇÃO DO SISTEMA DE ABASTECIMENTO DE ÁGUA;;3.3.90.30.00 - MATERIAL DE CONSUMO;170 - OUTROS RECURSOS NÃO VINCULADOS;528600
3327928;1096371;304;03;2022;4;03.06001.17.512.0033.2054.3.3.90.30.00.170;17 - SANEAMENTO;512 - SANEAMENTO BÁSICO URBANO;0033 - SISTEMA DE ESGOTO SANITÁRIO;2054 - OPERAÇÃO E MANUTENÇÃO DO SISTEMA DE ESGOTO SANITÁRIO;;3.3.90.30.00 - MATERIAL DE CONSUMO;170 - OUTROS RECURSOS NÃO VINCULADOS;25496.66
3327929;1096371;304;03;2022;4;03.06001.17.512.0079.2053.3.3.90.30.00.170;17 - SANEAMENTO;512 - SANEAMENTO BÁSICO URBANO;0079 - SISTEMA DE ABASTECIMENTO DE ÁGUA;2053 - OPERAÇÃO E MANUTENÇÃO DO SISTEMA DE ABASTECIMENTO DE ÁGUA;;3.3.90.30.00 - MATERIAL DE CONSUMO;170 - OUTROS RECURSOS NÃO VINCULADOS;25427.36
3327931;1096371;304;03;2022;4;03.06001.17.512.0079.1218.4.4.90.51.00.170;17 - SANEAMENTO;512 - SANEAMENTO BÁSICO URBANO;0079 - SISTEMA DE ABASTECIMENTO DE ÁGUA;1218 - CONSTRUÇAÕ E AMPLIAÇÃO DO SISTEMA DE ÁGUA DA SEDE;;4.4.90.51.00 - OBRAS E INSTALAÇÕES;170 - OUTROS RECURSOS NÃO VINCULADOS;25427.36
3327932;1096373;304;03;2022;4;03.06001.17.512.0079.2053.3.3.90.39.00.170;17 - SANEAMENTO;512 - SANEAMENTO BÁSICO URBANO;0079 - SISTEMA DE ABASTECIMENTO DE ÁGUA;2053 - OPERAÇÃO E MANUTENÇÃO DO SISTEMA DE ABASTECIMENTO DE ÁGUA;;3.3.90.39.00 - OUTROS SERVIÇOS DE TERCEIROS - PESSOA JURÍDICA;170 - OUTROS RECURSOS NÃO VINCULADOS;384756.24
3327933;1096373;304;03;2022;4;03.06001.17.122.0030.2050.3.3.90.39.00.170;17 - SANEAMENTO;122 - ADMINISTRAÇÃO GERAL;0030 - APOIO ADMINISTRATIVO;2050 - MANUTENÇÃO DOS SERVIÇOS ADMINISTRATIVOS;;3.3.90.39.00 - OUTROS SERVIÇOS DE TERCEIROS - PESSOA JURÍDICA;170 - OUTROS RECURSOS NÃO VINCULADOS;33648
3327934;1096373;304;03;2022;4;03.06001.17.512.0033.2054.3.3.90.39.00.170;17 - SANEAMENTO;512 - SANEAMENTO BÁSICO URBANO;0033 - SISTEMA DE ESGOTO SANITÁRIO;2054 - OPERAÇÃO E MANUTENÇÃO DO SISTEMA DE ESGOTO SANITÁRIO;;3.3.90.39.00 - OUTROS SERVIÇOS DE TERCEIROS - PESSOA JURÍDICA;170 - OUTROS RECURSOS NÃO VINCULADOS;139000
3327935;1096374;304;03;2022;4;03.06001.17.512.0079.2053.3.3.90.39.00.170;17 - SANEAMENTO;512 - SANEAMENTO BÁSICO URBANO;0079 - SISTEMA DE ABASTECIMENTO DE ÁGUA;2053 - OPERAÇÃO E MANUTENÇÃO DO SISTEMA DE ABASTECIMENTO DE ÁGUA;;3.3.90.39.00 - OUTROS SERVIÇOS DE TERCEIROS - PESSOA JURÍDICA;170 - OUTROS RECURSOS NÃO VINCULADOS;207940
3327936;1096372;304;03;2022;4;03.06001.17.122.0030.2050.3.3.90.30.00.170;17 - SANEAMENTO;122 - ADMINISTRAÇÃO GERAL;0030 - APOIO ADMINISTRATIVO;2050 - MANUTENÇÃO DOS SERVIÇOS ADMINISTRATIVOS;;3.3.90.30.00 - MATERIAL DE CONSUMO;170 - OUTROS RECURSOS NÃO VINCULADOS;7419.5
3327938;1096376;304;03;2022;5;03.06001.17.122.0030.2050.3.3.90.40.00.170;17 - SANEAMENTO;122 - ADMINISTRAÇÃO GERAL;0030 - APOIO ADMINISTRATIVO;2050 - MANUTENÇÃO DOS SERVIÇOS ADMINISTRATIVOS;;3.3.90.40.00 - SERVIÇOS DE TECNOLOGIA DA INFORMAÇÃO E COMUNICAÇÃO - PESSOA JURÍDICA;170 - OUTROS RECURSOS NÃO VINCULADOS;92779.29
3327939;1096377;304;03;2022;5;03.06001.17.122.0030.2050.3.3.90.30.00.170;17 - SANEAMENTO;122 - ADMINISTRAÇÃO GERAL;0030 - APOIO ADMINISTRATIVO;2050 - MANUTENÇÃO DOS SERVIÇOS ADMINISTRATIVOS;;3.3.90.30.00 - MATERIAL DE CONSUMO;170 - OUTROS RECURSOS NÃO VINCULADOS;23341
3327940;1096377;304;03;2022;5;03.06001.17.122.0030.2050.3.3.90.40.00.170;17 - SANEAMENTO;122 - ADMINISTRAÇÃO GERAL;0030 - APOIO ADMINISTRATIVO;2050 - MANUTENÇÃO DOS SERVIÇOS ADMINISTRATIVOS;;3.3.90.40.00 - SERVIÇOS DE TECNOLOGIA DA INFORMAÇÃO E COMUNICAÇÃO - PESSOA JURÍDICA;170 - OUTROS RECURSOS NÃO VINCULADOS;66953.37
3327941;1096378;304;03;2022;5;03.06001.17.512.0079.1218.4.4.90.51.00.170;17 - SANEAMENTO;512 - SANEAMENTO BÁSICO URBANO;0079 - SISTEMA DE ABASTECIMENTO DE ÁGUA;1218 - CONSTRUÇAÕ E AMPLIAÇÃO DO SISTEMA DE ÁGUA DA SEDE;;4.4.90.51.00 - OBRAS E INSTALAÇÕES;170 - OUTROS RECURSOS NÃO VINCULADOS;81991
3327942;1096381;304;03;2022;6;03.06001.17.512.0033.2054.3.3.90.39.00.170;17 - SANEAMENTO;512 - SANEAMENTO BÁSICO URBANO;0033 - SISTEMA DE ESGOTO SANITÁRIO;2054 - OPERAÇÃO E MANUTENÇÃO DO SISTEMA DE ESGOTO SANITÁRIO;;3.3.90.39.00 - OUTROS SERVIÇOS DE TERCEIROS - PESSOA JURÍDICA;170 - OUTROS RECURSOS NÃO VINCULADOS;101630
3327944;1096382;304;03;2022;7;03.06001.17.512.0033.2054.3.3.90.39.00.170;17 - SANEAMENTO;512 - SANEAMENTO BÁSICO URBANO;0033 - SISTEMA DE ESGOTO SANITÁRIO;2054 - OPERAÇÃO E MANUTENÇÃO DO SISTEMA DE ESGOTO SANITÁRIO;;3.3.90.39.00 - OUTROS SERVIÇOS DE TERCEIROS - PESSOA JURÍDICA;170 - OUTROS RECURSOS NÃO VINCULADOS;190000
3327945;1096382;304;03;2022;7;03.06001.17.512.0079.2053.3.3.90.39.00.170;17 - SANEAMENTO;512 - SANEAMENTO BÁSICO URBANO;0079 - SISTEMA DE ABASTECIMENTO DE ÁGUA;2053 - OPERAÇÃO E MANUTENÇÃO DO SISTEMA DE ABASTECIMENTO DE ÁGUA;;3.3.90.39.00 - OUTROS SERVIÇOS DE TERCEIROS - PESSOA JURÍDICA;170 - OUTROS RECURSOS NÃO VINCULADOS;237500
3327946;1096383;304;03;2022;7;03.06001.17.512.0079.1059.4.4.90.52.00.170;17 - SANEAMENTO;512 - SANEAMENTO BÁSICO URBANO;0079 - SISTEMA DE ABASTECIMENTO DE ÁGUA;1059 - AQUISIÇÃO E INSTALAÇÃO DE MEDIDORES DE ÁGUA HIDRÔMETROS;;4.4.90.52.00 - EQUIPAMENTOS E MATERIAL PERMANENTE;170 - OUTROS RECURSOS NÃO VINCULADOS;207540
3327947;1096384;304;03;2022;7;03.06001.17.122.0030.2050.3.3.90.40.00.170;17 - SANEAMENTO;122 - ADMINISTRAÇÃO GERAL;0030 - APOIO ADMINISTRATIVO;2050 - MANUTENÇÃO DOS SERVIÇOS ADMINISTRATIVOS;;3.3.90.40.00 - SERVIÇOS DE TECNOLOGIA DA INFORMAÇÃO E COMUNICAÇÃO - PESSOA JURÍDICA;170 - OUTROS RECURSOS NÃO VINCULADOS;30680
3327948;1096387;304;03;2022;8;03.06001.17.122.0030.2050.3.3.90.39.00.170;17 - SANEAMENTO;122 - ADMINISTRAÇÃO GERAL;0030 - APOIO ADMINISTRATIVO;2050 - MANUTENÇÃO DOS SERVIÇOS ADMINISTRATIVOS;;3.3.90.39.00 - OUTROS SERVIÇOS DE TERCEIROS - PESSOA JURÍDICA;170 - OUTROS RECURSOS NÃO VINCULADOS;35253
3327949;1096385;304;03;2022;8;03.06001.17.122.0030.2050.3.3.90.30.00.170;17 - SANEAMENTO;122 - ADMINISTRAÇÃO GERAL;0030 - APOIO ADMINISTRATIVO;2050 - MANUTENÇÃO DOS SERVIÇOS ADMINISTRATIVOS;;3.3.90.30.00 - MATERIAL DE CONSUMO;170 - OUTROS RECURSOS NÃO VINCULADOS;9781.04
3327950;1096385;304;03;2022;8;03.06001.17.122.0030.1049.4.4.90.52.00.170;17 - SANEAMENTO;122 - ADMINISTRAÇÃO GERAL;0030 - APOIO ADMINISTRATIVO;1049 - AQUISIÇÃO DE MAQUINAS COMPUTADORES IMPRESSORAS E MOBILIÁRIO;;4.4.90.52.00 - EQUIPAMENTOS E MATERIAL PERMANENTE;170 - OUTROS RECURSOS NÃO VINCULADOS;2639
3327951;1096385;304;03;2022;8;03.06001.17.512.0033.2054.3.3.90.30.00.170;17 - SANEAMENTO;512 - SANEAMENTO BÁSICO URBANO;0033 - SISTEMA DE ESGOTO SANITÁRIO;2054 - OPERAÇÃO E MANUTENÇÃO DO SISTEMA DE ESGOTO SANITÁRIO;;3.3.90.30.00 - MATERIAL DE CONSUMO;170 - OUTROS RECURSOS NÃO VINCULADOS;10105.38
3327952;1096385;304;03;2022;8;03.06001.17.512.0079.2053.3.3.90.30.00.170;17 - SANEAMENTO;512 - SANEAMENTO BÁSICO URBANO;0079 - SISTEMA DE ABASTECIMENTO DE ÁGUA;2053 - OPERAÇÃO E MANUTENÇÃO DO SISTEMA DE ABASTECIMENTO DE ÁGUA;;3.3.90.30.00 - MATERIAL DE CONSUMO;170 - OUTROS RECURSOS NÃO VINCULADOS;19198.64
3327953;1096388;304;03;2022;8;03.06001.17.512.0079.2053.3.3.90.39.00.170;17 - SANEAMENTO;512 - SANEAMENTO BÁSICO URBANO;0079 - SISTEMA DE ABASTECIMENTO DE ÁGUA;2053 - OPERAÇÃO E MANUTENÇÃO DO SISTEMA DE ABASTECIMENTO DE ÁGUA;;3.3.90.39.00 - OUTROS SERVIÇOS DE TERCEIROS - PESSOA JURÍDICA;170 - OUTROS RECURSOS NÃO VINCULADOS;211607.69
3327954;1096389;304;03;2022;8;03.06001.17.512.0033.2054.3.3.90.39.00.170;17 - SANEAMENTO;512 - SANEAMENTO BÁSICO URBANO;0033 - SISTEMA DE ESGOTO SANITÁRIO;2054 - OPERAÇÃO E MANUTENÇÃO DO SISTEMA DE ESGOTO SANITÁRIO;;3.3.90.39.00 - OUTROS SERVIÇOS DE TERCEIROS - PESSOA JURÍDICA;170 - OUTROS RECURSOS NÃO VINCULADOS;75368.07
3327955;1096390;304;03;2022;9;03.06001.17.512.0033.2054.3.3.90.39.00.170;17 - SANEAMENTO;512 - SANEAMENTO BÁSICO URBANO;0033 - SISTEMA DE ESGOTO SANITÁRIO;2054 - OPERAÇÃO E MANUTENÇÃO DO SISTEMA DE ESGOTO SANITÁRIO;;3.3.90.39.00 - OUTROS SERVIÇOS DE TERCEIROS - PESSOA JURÍDICA;170 - OUTROS RECURSOS NÃO VINCULADOS;259794
3327956;1096390;304;03;2022;9;03.06001.17.512.0079.2053.3.3.90.39.00.170;17 - SANEAMENTO;512 - SANEAMENTO BÁSICO URBANO;0079 - SISTEMA DE ABASTECIMENTO DE ÁGUA;2053 - OPERAÇÃO E MANUTENÇÃO DO SISTEMA DE ABASTECIMENTO DE ÁGUA;;3.3.90.39.00 - OUTROS SERVIÇOS DE TERCEIROS - PESSOA JURÍDICA;170 - OUTROS RECURSOS NÃO VINCULADOS;514800
3327957;1096391;304;03;2022;10;03.06001.17.512.0079.2053.3.3.90.39.00.170;17 - SANEAMENTO;512 - SANEAMENTO BÁSICO URBANO;0079 - SISTEMA DE ABASTECIMENTO DE ÁGUA;2053 - OPERAÇÃO E MANUTENÇÃO DO SISTEMA DE ABASTECIMENTO DE ÁGUA;;3.3.90.39.00 - OUTROS SERVIÇOS DE TERCEIROS - PESSOA JURÍDICA;170 - OUTROS RECURSOS NÃO VINCULADOS;505014.92
3327958;1096392;304;03;2022;10;03.06001.17.512.0033.2054.3.3.90.39.00.170;17 - SANEAMENTO;512 - SANEAMENTO BÁSICO URBANO;0033 - SISTEMA DE ESGOTO SANITÁRIO;2054 - OPERAÇÃO E MANUTENÇÃO DO SISTEMA DE ESGOTO SANITÁRIO;;3.3.90.39.00 - OUTROS SERVIÇOS DE TERCEIROS - PESSOA JURÍDICA;170 - OUTROS RECURSOS NÃO VINCULADOS;17527.56
3327959;1096392;304;03;2022;10;03.06001.17.512.0079.2053.3.3.90.39.00.170;17 - SANEAMENTO;512 - SANEAMENTO BÁSICO URBANO;0079 - SISTEMA DE ABASTECIMENTO DE ÁGUA;2053 - OPERAÇÃO E MANUTENÇÃO DO SISTEMA DE ABASTECIMENTO DE ÁGUA;;3.3.90.39.00 - OUTROS SERVIÇOS DE TERCEIROS - PESSOA JURÍDICA;170 - OUTROS RECURSOS NÃO VINCULADOS;133237.64
3329761;1097280;302;01;2022;11;01.01001.01.031.0001.2332.3.3.90.30.00.100;01 - LEGISLATIVA;031 - AÇÃO LEGISLATIVA;0001 - PROCESSO LEGISLATIVO;2332 - MANUTENÇÃO DOS SERVIÇOS ADMINISTRATIVOS;;3.3.90.30.00 - MATERIAL DE CONSUMO;100 - RECURSOS NÃO VINCULADOS DE IMPOSTOS;54408.5
3327930;1096371;304;03;2022;4;03.06001.17.512.0033.1217.4.4.90.51.00.170;17 - SANEAMENTO;512 - SANEAMENTO BÁSICO URBANO;0033 - SISTEMA DE ESGOTO SANITÁRIO;1217 - CONSTRUÇÃO E AMPLIAÇÃO SISTEMA DE ESGOTO;;4.4.90.51.00 - OBRAS E INSTALAÇÕES;170 - OUTROS RECURSOS NÃO VINCULADOS;25849.55
3327937;1096375;304;03;2022;5;03.06001.17.512.0033.1217.4.4.90.51.00.170;17 - SANEAMENTO;512 - SANEAMENTO BÁSICO URBANO;0033 - SISTEMA DE ESGOTO SANITÁRIO;1217 - CONSTRUÇÃO E AMPLIAÇÃO SISTEMA DE ESGOTO;;4.4.90.51.00 - OBRAS E INSTALAÇÕES;170 - OUTROS RECURSOS NÃO VINCULADOS;14110.6
3327943;1096379;304;03;2022;6;03.06001.17.511.0079.1052.4.4.90.51.00.170;17 - SANEAMENTO;511 - SANEAMENTO BÁSICO RURAL;0079 - SISTEMA DE ABASTECIMENTO DE ÁGUA;1052 - CONSTRUÇÃO E AMPLIAÇÃO DO SISTEMA DE ÁGUA NOS DISTRITOS E POVOADOS;;4.4.90.51.00 - OBRAS E INSTALAÇÕES;170 - OUTROS RECURSOS NÃO VINCULADOS;6726.27
3329760;1097280;302;01;2022;11;01.01001.01.031.0001.1178.4.4.90.52.00.100;01 - LEGISLATIVA;031 - AÇÃO LEGISLATIVA;0001 - PROCESSO LEGISLATIVO;1178 - AQUISIÇÃO DE BENS E EQUIPAMENTOS;;4.4.90.52.00 - EQUIPAMENTOS E MATERIAL PERMANENTE;100 - RECURSOS NÃO VINCULADOS DE IMPOSTOS;117900
3397113;1126980;303;02;2022;8;02.02017.10.305.0049.2399.3.3.90.30.00.155;10 - SAÚDE;305 - VIGILÂNCIA EPIDEMIOLÓGICA;0049 - VIGILÂNCIA EM SAÚDE;2399 - MANUTENÇÃO DA VIGILÂNCIA EM SAÚDE;;3.3.90.30.00 - MATERIAL DE CONSUMO;155 - TRANSFERÊNCIAS DE RECURSOS DO FUNDO ESTADUAL DE SAÚDE;6299
3397105;1126977;303;02;2022;8;02.02007001.12.122.0002.2002.3.3.90.39.00.101;12 - EDUCAÇÃO;122 - ADMINISTRAÇÃO GERAL;0002 - GESTÃO DA SECRETARIA MUNICIPAL DE EDUCAÇÃO;2002 - MANUTENÇÃO DA SECRETARIA;;3.3.90.39.00 - OUTROS SERVIÇOS DE TERCEIROS - PESSOA JURÍDICA;101 - RECEITAS DE IMPOSTOS E DE TRANSFERÊNCIAS DE IMPOSTOS VINCULADOS À EDUCAÇÃO;154784.04
3397111;1126980;303;02;2022;8;02.02017.10.305.0049.2399.4.4.90.52.00.155;10 - SAÚDE;305 - VIGILÂNCIA EPIDEMIOLÓGICA;0049 - VIGILÂNCIA EM SAÚDE;2399 - MANUTENÇÃO DA VIGILÂNCIA EM SAÚDE;;4.4.90.52.00 - EQUIPAMENTOS E MATERIAL PERMANENTE;155 - TRANSFERÊNCIAS DE RECURSOS DO FUNDO ESTADUAL DE SAÚDE;5518
3397106;1126977;303;02;2022;8;02.02014.08.122.0166.2314.3.3.90.39.00.100;08 - ASSISTÊNCIA SOCIAL;122 - ADMINISTRAÇÃO GERAL;0166 - GESTÃO DA SECRETARIA MUNICIPAL DE ASSISTENCIA SOCIAL;2314 - GESTÃO DA SEMAS;;3.3.90.39.00 - OUTROS SERVIÇOS DE TERCEIROS - PESSOA JURÍDICA;100 - RECURSOS NÃO VINCULADOS DE IMPOSTOS;48366
3397107;1126977;303;02;2022;8;02.02017.10.301.0029.2063.3.3.90.39.00.159;10 - SAÚDE;301 - ATENÇÃO BÁSICA;0029 - ATENÇÃO BÁSICA;2063 - MANUTENÇÃO DA ATENÇÃO BÁSICA;;3.3.90.39.00 - OUTROS SERVIÇOS DE TERCEIROS - PESSOA JURÍDICA;159 - TRANSFERÊNCIA DE RECURSOS DO SISTEMA ÚNICO DE SAÚDE - SUS - BLOCO DE MANUTENÇÃO DAS AÇÕES E SERVIÇOS PÚBLICOS DE SAÚDE;148796.04
3397109;1126975;303;02;2022;8;02.02017.10.301.0029.2063.3.3.90.39.00.155;10 - SAÚDE;301 - ATENÇÃO BÁSICA;0029 - ATENÇÃO BÁSICA;2063 - MANUTENÇÃO DA ATENÇÃO BÁSICA;;3.3.90.39.00 - OUTROS SERVIÇOS DE TERCEIROS - PESSOA JURÍDICA;155 - TRANSFERÊNCIAS DE RECURSOS DO FUNDO ESTADUAL DE SAÚDE;127465.44
3397110;1126975;303;02;2022;8;02.02017.10.301.0029.2063.3.3.90.39.00.102;10 - SAÚDE;301 - ATENÇÃO BÁSICA;0029 - ATENÇÃO BÁSICA;2063 - MANUTENÇÃO DA ATENÇÃO BÁSICA;;3.3.90.39.00 - OUTROS SERVIÇOS DE TERCEIROS - PESSOA JURÍDICA;102 - RECEITAS DE IMPOSTOS E DE TRANSFERÊNCIAS DE IMPOSTOS VINCULADOS À SAÚDE;41003.64
3397112;1126980;303;02;2022;8;02.02017.10.301.0029.2063.4.4.90.52.00.153;10 - SAÚDE;301 - ATENÇÃO BÁSICA;0029 - ATENÇÃO BÁSICA;2063 - MANUTENÇÃO DA ATENÇÃO BÁSICA;;4.4.90.52.00 - EQUIPAMENTOS E MATERIAL PERMANENTE;153 - TRANSFERÊNCIAS DE RECURSOS DO SISTEMA ÚNICO DE SAÚDE - SUS - BLOCO DE ESTRUTURAÇÃO DA REDE DE SERVIÇOS PÚBLICOS DE SAÚDE;21200
3394170;1125718;303;02;2022;4;02.02007001.12.365.0221.1221.4.4.90.52.00.101;12 - EDUCAÇÃO;365 - EDUCAÇÃO INFANTIL;0221 - MANUTENÇÃO DA EDUCAÇÃO BÁSICA;1221 - AQUISIÇÃO DE EQUIPAMENTOS ESCOLARES EDUCAÇÃO INFANTIL CRECHE;;4.4.90.52.00 - EQUIPAMENTOS E MATERIAL PERMANENTE;101 - RECEITAS DE IMPOSTOS E DE TRANSFERÊNCIAS DE IMPOSTOS VINCULADOS À EDUCAÇÃO;224064.57
3397104;1126977;303;02;2022;8;02.02004.04.122.0094.2170.3.3.90.39.00.170;04 - ADMINISTRAÇÃO;122 - ADMINISTRAÇÃO GERAL;0094 - GESTÃO DA SECRETARIA MUNICIPAL DE ADMINISTRAÇÃO;2170 - MANUTENÇÃO DA SECRETARIA DE ADMINISTRAÇÃO;;3.3.90.39.00 - OUTROS SERVIÇOS DE TERCEIROS - PESSOA JURÍDICA;170 - OUTROS RECURSOS NÃO VINCULADOS;83436
3397108;1126977;303;02;2022;8;02.02020.04.122.0223.2408.3.3.90.39.00.100;04 - ADMINISTRAÇÃO;122 - ADMINISTRAÇÃO GERAL;0223 - GESTÃO DA SECRETARIA DE TURÍSMO CULTURA E PATRIMÔNIO;2408 - MANUTENÇÃO DA SECRETARIA;;3.3.90.39.00 - OUTROS SERVIÇOS DE TERCEIROS - PESSOA JURÍDICA;100 - RECURSOS NÃO VINCULADOS DE IMPOSTOS;8156.04
3397114;1126976;303;02;2022;8;02.02019.04.122.0164.2214.3.3.90.35.00.100;04 - ADMINISTRAÇÃO;122 - ADMINISTRAÇÃO GERAL;0164 - GESTÃO DA SECRETARIA;2214 - MANUTENÇÃO DA SECRETARIA;;3.3.90.35.00 - SERVIÇOS DE CONSULTORIA;100 - RECURSOS NÃO VINCULADOS DE IMPOSTOS;63916.67
3394164;1125716;303;02;2022;4;02.02004.04.122.0094.2170.3.3.90.40.00.100;04 - ADMINISTRAÇÃO;122 - ADMINISTRAÇÃO GERAL;0094 - GESTÃO DA SECRETARIA MUNICIPAL DE ADMINISTRAÇÃO;2170 - MANUTENÇÃO DA SECRETARIA DE ADMINISTRAÇÃO;;3.3.90.40.00 - SERVIÇOS DE TECNOLOGIA DA INFORMAÇÃO E COMUNICAÇÃO - PESSOA JURÍDICA;100 - RECURSOS NÃO VINCULADOS DE IMPOSTOS;2880411.1
3394165;1125714;303;02;2022;4;02.02009.15.451.0072.1087.4.4.90.51.00.124;15 - URBANISMO;451 - INFRA-ESTRUTURA URBANA;0072 - INFRAESTRUTURA PATRIMONIAL URBANA E DISTRITAL;1087 - CONSTRUÇÃO MELHORIA E MANUTENÇÃO DE INFRAESTRUTURA URBANA;;4.4.90.51.00 - OBRAS E INSTALAÇÕES;124 - OUTRAS TRANSFERÊNCIAS DE CONVÊNIOS OU REPASSES DA UNIÃO;283300.3
3394166;1125717;303;02;2022;4;02.02009.04.122.0070.2125.3.3.90.30.00.100;04 - ADMINISTRAÇÃO;122 - ADMINISTRAÇÃO GERAL;0070 - GESTÃO DA SECRETARIA DE OBRAS;2125 - MANUTENÇÃO DA SECRETARIA DE OBRAS;;3.3.90.30.00 - MATERIAL DE CONSUMO;100 - RECURSOS NÃO VINCULADOS DE IMPOSTOS;59720.64
3394167;1125717;303;02;2022;4;02.02004.04.122.0094.2170.3.3.90.30.00.100;04 - ADMINISTRAÇÃO;122 - ADMINISTRAÇÃO GERAL;0094 - GESTÃO DA SECRETARIA MUNICIPAL DE ADMINISTRAÇÃO;2170 - MANUTENÇÃO DA SECRETARIA DE ADMINISTRAÇÃO;;3.3.90.30.00 - MATERIAL DE CONSUMO;100 - RECURSOS NÃO VINCULADOS DE IMPOSTOS;19588.75
3394168;1125715;303;02;2022;4;02.02001.04.122.0164.2214.3.3.90.40.00.100;04 - ADMINISTRAÇÃO;122 - ADMINISTRAÇÃO GERAL;0164 - GESTÃO DA SECRETARIA;2214 - MANUTENÇÃO DA SECRETARIA;;3.3.90.40.00 - SERVIÇOS DE TECNOLOGIA DA INFORMAÇÃO E COMUNICAÇÃO - PESSOA JURÍDICA;100 - RECURSOS NÃO VINCULADOS DE IMPOSTOS;72658
3394171;1125721;303;02;2022;5;02.02007001.12.122.0002.2002.3.3.90.39.00.101;12 - EDUCAÇÃO;122 - ADMINISTRAÇÃO GERAL;0002 - GESTÃO DA SECRETARIA MUNICIPAL DE EDUCAÇÃO;2002 - MANUTENÇÃO DA SECRETARIA;;3.3.90.39.00 - OUTROS SERVIÇOS DE TERCEIROS - PESSOA JURÍDICA;101 - RECEITAS DE IMPOSTOS E DE TRANSFERÊNCIAS DE IMPOSTOS VINCULADOS À EDUCAÇÃO;1878.66
3394174;1125725;303;02;2022;5;02.02017.10.301.0029.2063.4.4.90.52.00.153;10 - SAÚDE;301 - ATENÇÃO BÁSICA;0029 - ATENÇÃO BÁSICA;2063 - MANUTENÇÃO DA ATENÇÃO BÁSICA;;4.4.90.52.00 - EQUIPAMENTOS E MATERIAL PERMANENTE;153 - TRANSFERÊNCIAS DE RECURSOS DO SISTEMA ÚNICO DE SAÚDE - SUS - BLOCO DE ESTRUTURAÇÃO DA REDE DE SERVIÇOS PÚBLICOS DE SAÚDE;25000
3394176;1125729;303;02;2022;7;02.02009.15.452.0071.2137.3.3.90.39.00.100;15 - URBANISMO;452 - SERVIÇOS URBANOS;0071 - LIMPEZA PUBLICA;2137 - MANUTENÇÃO DA LIMPEZA PÚBLICA;;3.3.90.39.00 - OUTROS SERVIÇOS DE TERCEIROS - PESSOA JURÍDICA;100 - RECURSOS NÃO VINCULADOS DE IMPOSTOS;788640
3394177;1125730;303;02;2022;7;02.02009.15.451.0072.1087.3.3.90.39.00.170;15 - URBANISMO;451 - INFRA-ESTRUTURA URBANA;0072 - INFRAESTRUTURA PATRIMONIAL URBANA E DISTRITAL;1087 - CONSTRUÇÃO MELHORIA E MANUTENÇÃO DE INFRAESTRUTURA URBANA;;3.3.90.39.00 - OUTROS SERVIÇOS DE TERCEIROS - PESSOA JURÍDICA;170 - OUTROS RECURSOS NÃO VINCULADOS;111582.6
3421864;1137219;303;02;2022;12;02.02017.10.301.0029.2063.3.3.90.39.00.102;10 - SAÚDE;301 - ATENÇÃO BÁSICA;0029 - ATENÇÃO BÁSICA;2063 - MANUTENÇÃO DA ATENÇÃO BÁSICA;;3.3.90.39.00 - OUTROS SERVIÇOS DE TERCEIROS - PESSOA JURÍDICA;102 - RECEITAS DE IMPOSTOS E DE TRANSFERÊNCIAS DE IMPOSTOS VINCULADOS À SAÚDE;88469.08
3394169;1125713;303;02;2022;4;02.02010001.10.122.0047.2110.3.3.90.39.00.102;10 - SAÚDE;122 - ADMINISTRAÇÃO GERAL;0047 - MANUTENÇÃO DO SERVIÇO DE TRANSPORTE DE PACIENTES;2110 - MANUTENÇÃO DO SETOR DE TRANSPORTE;;3.3.90.39.00 - OUTROS SERVIÇOS DE TERCEIROS - PESSOA JURÍDICA;102 - RECEITAS DE IMPOSTOS E DE TRANSFERÊNCIAS DE IMPOSTOS VINCULADOS À SAÚDE;234859.99
3394175;1125728;303;02;2022;7;02.02010001.10.122.0047.2110.3.3.90.39.00.102;10 - SAÚDE;122 - ADMINISTRAÇÃO GERAL;0047 - MANUTENÇÃO DO SERVIÇO DE TRANSPORTE DE PACIENTES;2110 - MANUTENÇÃO DO SETOR DE TRANSPORTE;;3.3.90.39.00 - OUTROS SERVIÇOS DE TERCEIROS - PESSOA JURÍDICA;102 - RECEITAS DE IMPOSTOS E DE TRANSFERÊNCIAS DE IMPOSTOS VINCULADOS À SAÚDE;19898
3394178;1125734;303;02;2022;7;02.02007001.12.361.0003.1051.4.4.90.52.00.171;12 - EDUCAÇÃO;361 - ENSINO FUNDAMENTAL;0003 - MANUTENÇÃO DA EDUCAÇÃO BÁSICA;1051 - AQUISIÇÃO DE EQUIPAMENTOS PARA O ENSINO FUNDAMENTAL;;4.4.90.52.00 - EQUIPAMENTOS E MATERIAL PERMANENTE;171 - TRANSFERÊNCIAS DO ESTADO REFERENTES A CONVÊNIOS OU DE CONTRATOS DE REPASSE VINCULADOS À EDUCAÇÃO;384838.6
3421861;1137220;303;02;2022;12;02.02007001.12.361.0003.1200.4.4.90.51.00.171;12 - EDUCAÇÃO;361 - ENSINO FUNDAMENTAL;0003 - MANUTENÇÃO DA EDUCAÇÃO BÁSICA;1200 - CONSTRUÇÃO E REFORMA DE PRÉDIOS ESCOLARES ENSINO FUNDAMENTAL;;4.4.90.51.00 - OBRAS E INSTALAÇÕES;171 - TRANSFERÊNCIAS DO ESTADO REFERENTES A CONVÊNIOS OU DE CONTRATOS DE REPASSE VINCULADOS À EDUCAÇÃO;2248028.58
3421862;1137222;303;02;2022;12;02.02017.10.305.0049.2399.4.4.90.52.00.155;10 - SAÚDE;305 - VIGILÂNCIA EPIDEMIOLÓGICA;0049 - VIGILÂNCIA EM SAÚDE;2399 - MANUTENÇÃO DA VIGILÂNCIA EM SAÚDE;;4.4.90.52.00 - EQUIPAMENTOS E MATERIAL PERMANENTE;155 - TRANSFERÊNCIAS DE RECURSOS DO FUNDO ESTADUAL DE SAÚDE;11984.49
3421863;1137219;303;02;2022;12;02.02017.10.301.0029.2063.3.3.90.39.00.155;10 - SAÚDE;301 - ATENÇÃO BÁSICA;0029 - ATENÇÃO BÁSICA;2063 - MANUTENÇÃO DA ATENÇÃO BÁSICA;;3.3.90.39.00 - OUTROS SERVIÇOS DE TERCEIROS - PESSOA JURÍDICA;155 - TRANSFERÊNCIAS DE RECURSOS DO FUNDO ESTADUAL DE SAÚDE;80000
3421859;1137215;303;02;2022;11;02.02017.10.305.0049.2399.4.4.90.52.00.155;10 - SAÚDE;305 - VIGILÂNCIA EPIDEMIOLÓGICA;0049 - VIGILÂNCIA EM SAÚDE;2399 - MANUTENÇÃO DA VIGILÂNCIA EM SAÚDE;;4.4.90.52.00 - EQUIPAMENTOS E MATERIAL PERMANENTE;155 - TRANSFERÊNCIAS DE RECURSOS DO FUNDO ESTADUAL DE SAÚDE;37082.52
3356614;1109004;302;01;2022;12;01.01001.01.031.0001.2330.3.3.90.39.00.100;01 - LEGISLATIVA;031 - AÇÃO LEGISLATIVA;0001 - PROCESSO LEGISLATIVO;2330 - MANUTENÇÃO DO CORPO LEGISLATIVO;;3.3.90.39.00 - OUTROS SERVIÇOS DE TERCEIROS - PESSOA JURÍDICA;100 - RECURSOS NÃO VINCULADOS DE IMPOSTOS;48732.64
3397102;1126978;303;02;2022;8;02.02012.08.244.0334.2400.4.4.90.52.00.129;08 - ASSISTÊNCIA SOCIAL;244 - ASSISTÊNCIA COMUNITÁRIA;0334 - INCREMENTO DE ACOES SOCIOASSISTENCIAIS;2400 - APOIO A GESTAO DO SUAS;;4.4.90.52.00 - EQUIPAMENTOS E MATERIAL PERMANENTE;129 - TRANSFERÊNCIAS DE RECURSOS DO FUNDO NACIONAL DE ASSISTÊNCIA SOCIAL (FNAS);122168.51
3397103;1126979;303;02;2022;8;02.02012.08.244.0334.2400.3.3.90.32.00.129;08 - ASSISTÊNCIA SOCIAL;244 - ASSISTÊNCIA COMUNITÁRIA;0334 - INCREMENTO DE ACOES SOCIOASSISTENCIAIS;2400 - APOIO A GESTAO DO SUAS;;3.3.90.32.00 - MATERIAL, BEM OU SERVIÇO PARA DISTRIBUIÇÃO GRATUITA;129 - TRANSFERÊNCIAS DE RECURSOS DO FUNDO NACIONAL DE ASSISTÊNCIA SOCIAL (FNAS);397206.6
3394172;1125720;303;02;2022;5;02.02020.04.392.0223.1253.4.4.90.51.00.164;04 - ADMINISTRAÇÃO;392 - DIFUSÃO CULTURAL;0223 - GESTÃO DA SECRETARIA DE TURÍSMO CULTURA E PATRIMÔNIO;1253 - EMENDAS PARLAMENTARES INDIVIDUAIS TRANSFERÊNCIA ESPECIAL;;4.4.90.51.00 - OBRAS E INSTALAÇÕES;164 - EMENDAS PARLAMENTARES INDIVIDUAIS -  TRANSFERÊNCIA ESPECIAL;27483.14
3421860;1137220;303;02;2022;12;02.02007003.12.361.0003.1200.4.4.90.51.00.119;12 - EDUCAÇÃO;361 - ENSINO FUNDAMENTAL;0003 - MANUTENÇÃO DA EDUCAÇÃO BÁSICA;1200 - CONSTRUÇÃO E REFORMA DE PRÉDIOS ESCOLARES ENSINO FUNDAMENTAL;;4.4.90.51.00 - OBRAS E INSTALAÇÕES;119 - TRANSFERÊNCIAS DO FUNDEB PARA APLICAÇÃO EM OUTRAS DESPESAS DA EDUCAÇÃO BÁSICA;15579.32
3356610;1109003;302;01;2022;12;01.01001.01.031.0001.2466.3.3.90.39.00.100;01 - LEGISLATIVA;031 - AÇÃO LEGISLATIVA;0001 - PROCESSO LEGISLATIVO;2466 - MANUTENÇÃO DA ATIVIDADE PROCON;;3.3.90.39.00 - OUTROS SERVIÇOS DE TERCEIROS - PESSOA JURÍDICA;100 - RECURSOS NÃO VINCULADOS DE IMPOSTOS;6861.27
3356611;1109003;302;01;2022;12;01.01001.01.031.0001.2332.3.3.90.39.00.100;01 - LEGISLATIVA;031 - AÇÃO LEGISLATIVA;0001 - PROCESSO LEGISLATIVO;2332 - MANUTENÇÃO DOS SERVIÇOS ADMINISTRATIVOS;;3.3.90.39.00 - OUTROS SERVIÇOS DE TERCEIROS - PESSOA JURÍDICA;100 - RECURSOS NÃO VINCULADOS DE IMPOSTOS;48799
3356612;1109004;302;01;2022;12;01.01001.01.031.0001.2466.3.3.90.39.00.100;01 - LEGISLATIVA;031 - AÇÃO LEGISLATIVA;0001 - PROCESSO LEGISLATIVO;2466 - MANUTENÇÃO DA ATIVIDADE PROCON;;3.3.90.39.00 - OUTROS SERVIÇOS DE TERCEIROS - PESSOA JURÍDICA;100 - RECURSOS NÃO VINCULADOS DE IMPOSTOS;6861.27
3356613;1109004;302;01;2022;12;01.01001.01.031.0001.2332.3.3.90.39.00.100;01 - LEGISLATIVA;031 - AÇÃO LEGISLATIVA;0001 - PROCESSO LEGISLATIVO;2332 - MANUTENÇÃO DOS SERVIÇOS ADMINISTRATIVOS;;3.3.90.39.00 - OUTROS SERVIÇOS DE TERCEIROS - PESSOA JURÍDICA;100 - RECURSOS NÃO VINCULADOS DE IMPOSTOS;48799
3365545;1112784;304;03;2022;12;03.06001.17.122.0030.1049.4.4.90.52.00.170;17 - SANEAMENTO;122 - ADMINISTRAÇÃO GERAL;0030 - APOIO ADMINISTRATIVO;1049 - AQUISIÇÃO DE MAQUINAS COMPUTADORES IMPRESSORAS E MOBILIÁRIO;;4.4.90.52.00 - EQUIPAMENTOS E MATERIAL PERMANENTE;170 - OUTROS RECURSOS NÃO VINCULADOS;67581.32
3365541;1112782;304;03;2022;12;03.06001.17.122.0030.2050.3.3.90.46.00.170;17 - SANEAMENTO;122 - ADMINISTRAÇÃO GERAL;0030 - APOIO ADMINISTRATIVO;2050 - MANUTENÇÃO DOS SERVIÇOS ADMINISTRATIVOS;;3.3.90.46.00 - AUXÍLIO-ALIMENTAÇÃO;170 - OUTROS RECURSOS NÃO VINCULADOS;237600
3365542;1112783;304;03;2022;12;03.06001.17.512.0079.1218.4.4.90.51.00.170;17 - SANEAMENTO;512 - SANEAMENTO BÁSICO URBANO;0079 - SISTEMA DE ABASTECIMENTO DE ÁGUA;1218 - CONSTRUÇAÕ E AMPLIAÇÃO DO SISTEMA DE ÁGUA DA SEDE;;4.4.90.51.00 - OBRAS E INSTALAÇÕES;170 - OUTROS RECURSOS NÃO VINCULADOS;7793.4
3365543;1112780;304;03;2022;12;03.06001.17.122.0030.1049.4.4.90.52.00.170;17 - SANEAMENTO;122 - ADMINISTRAÇÃO GERAL;0030 - APOIO ADMINISTRATIVO;1049 - AQUISIÇÃO DE MAQUINAS COMPUTADORES IMPRESSORAS E MOBILIÁRIO;;4.4.90.52.00 - EQUIPAMENTOS E MATERIAL PERMANENTE;170 - OUTROS RECURSOS NÃO VINCULADOS;115686.27
3365544;1112780;304;03;2022;12;03.06001.17.122.0030.2050.3.3.90.30.00.170;17 - SANEAMENTO;122 - ADMINISTRAÇÃO GERAL;0030 - APOIO ADMINISTRATIVO;2050 - MANUTENÇÃO DOS SERVIÇOS ADMINISTRATIVOS;;3.3.90.30.00 - MATERIAL DE CONSUMO;170 - OUTROS RECURSOS NÃO VINCULADOS;50180.74
3365546;1112781;304;03;2022;12;03.06001.17.512.0079.2053.3.3.90.30.00.170;17 - SANEAMENTO;512 - SANEAMENTO BÁSICO URBANO;0079 - SISTEMA DE ABASTECIMENTO DE ÁGUA;2053 - OPERAÇÃO E MANUTENÇÃO DO SISTEMA DE ABASTECIMENTO DE ÁGUA;;3.3.90.30.00 - MATERIAL DE CONSUMO;170 - OUTROS RECURSOS NÃO VINCULADOS;30415.2
3409156;1132134;303;02;2022;9;02.02017.10.305.0049.2399.3.3.90.30.00.155;10 - SAÚDE;305 - VIGILÂNCIA EPIDEMIOLÓGICA;0049 - VIGILÂNCIA EM SAÚDE;2399 - MANUTENÇÃO DA VIGILÂNCIA EM SAÚDE;;3.3.90.30.00 - MATERIAL DE CONSUMO;155 - TRANSFERÊNCIAS DE RECURSOS DO FUNDO ESTADUAL DE SAÚDE;1577.17
3394173;1125720;303;02;2022;5;02.02016.04.391.0156.2311.4.4.90.51.00.224;04 - ADMINISTRAÇÃO;391 - PATRIMÔNIO HISTÓRICO, ARTÍSTICO E ARQUEOLÓGICO;0156 - FUNDO MUNICIPAL DE PROTEÇÃO AO PATRIMÔNIO CULTURAL;2311 - PRESERVAÇÃO E MANUTENÇÃO DO PATRIMÔNIO HISTÓRICO MATERIAL E IMATERIAL;;4.4.90.51.00 - OBRAS E INSTALAÇÕES;224 - OUTRAS TRANSFERÊNCIAS DE CONVÊNIOS;100000
3409154;1132132;303;02;2022;9;02.02009.04.122.0070.2125.3.3.90.39.00.100;04 - ADMINISTRAÇÃO;122 - ADMINISTRAÇÃO GERAL;0070 - GESTÃO DA SECRETARIA DE OBRAS;2125 - MANUTENÇÃO DA SECRETARIA DE OBRAS;;3.3.90.39.00 - OUTROS SERVIÇOS DE TERCEIROS - PESSOA JURÍDICA;100 - RECURSOS NÃO VINCULADOS DE IMPOSTOS;16628.8
3409155;1132133;303;02;2022;9;02.02014.08.122.0166.2314.4.4.90.52.00.124;08 - ASSISTÊNCIA SOCIAL;122 - ADMINISTRAÇÃO GERAL;0166 - GESTÃO DA SECRETARIA MUNICIPAL DE ASSISTENCIA SOCIAL;2314 - GESTÃO DA SEMAS;;4.4.90.52.00 - EQUIPAMENTOS E MATERIAL PERMANENTE;124 - OUTRAS TRANSFERÊNCIAS DE CONVÊNIOS OU REPASSES DA UNIÃO;307000
3409157;1132134;303;02;2022;9;02.02017.10.305.0049.2399.4.4.90.52.00.155;10 - SAÚDE;305 - VIGILÂNCIA EPIDEMIOLÓGICA;0049 - VIGILÂNCIA EM SAÚDE;2399 - MANUTENÇÃO DA VIGILÂNCIA EM SAÚDE;;4.4.90.52.00 - EQUIPAMENTOS E MATERIAL PERMANENTE;155 - TRANSFERÊNCIAS DE RECURSOS DO FUNDO ESTADUAL DE SAÚDE;113015.98
3409159;1132136;303;02;2022;10;02.02007003.12.365.0003.1001.4.4.90.52.00.119;12 - EDUCAÇÃO;365 - EDUCAÇÃO INFANTIL;0003 - MANUTENÇÃO DA EDUCAÇÃO BÁSICA;1001 - AQUISIÇÃO DE EQUIPAMENTOS PARA A EDUCAÇÃO INFANTIL;;4.4.90.52.00 - EQUIPAMENTOS E MATERIAL PERMANENTE;119 - TRANSFERÊNCIAS DO FUNDEB PARA APLICAÇÃO EM OUTRAS DESPESAS DA EDUCAÇÃO BÁSICA;1629.67
3409160;1132136;303;02;2022;10;02.02017.10.301.0029.2063.3.3.90.30.00.159;10 - SAÚDE;301 - ATENÇÃO BÁSICA;0029 - ATENÇÃO BÁSICA;2063 - MANUTENÇÃO DA ATENÇÃO BÁSICA;;3.3.90.30.00 - MATERIAL DE CONSUMO;159 - TRANSFERÊNCIA DE RECURSOS DO SISTEMA ÚNICO DE SAÚDE - SUS - BLOCO DE MANUTENÇÃO DAS AÇÕES E SERVIÇOS PÚBLICOS DE SAÚDE;10999.2
3409162;1132137;303;02;2022;10;02.02012.08.244.0334.2400.3.3.90.32.00.129;08 - ASSISTÊNCIA SOCIAL;244 - ASSISTÊNCIA COMUNITÁRIA;0334 - INCREMENTO DE ACOES SOCIOASSISTENCIAIS;2400 - APOIO A GESTAO DO SUAS;;3.3.90.32.00 - MATERIAL, BEM OU SERVIÇO PARA DISTRIBUIÇÃO GRATUITA;129 - TRANSFERÊNCIAS DE RECURSOS DO FUNDO NACIONAL DE ASSISTÊNCIA SOCIAL (FNAS);345000
3409161;1132136;303;02;2022;10;02.02007003.12.365.0003.2006.3.3.90.30.00.119;12 - EDUCAÇÃO;365 - EDUCAÇÃO INFANTIL;0003 - MANUTENÇÃO DA EDUCAÇÃO BÁSICA;2006 - MANUTENÇÃO DA EDUCAÇÃO INFANTIL;;3.3.90.30.00 - MATERIAL DE CONSUMO;119 - TRANSFERÊNCIAS DO FUNDEB PARA APLICAÇÃO EM OUTRAS DESPESAS DA EDUCAÇÃO BÁSICA;48015.92
