seq_reg_adesao;seq_orgao;cod_orgao;seq_unidade;seq_licitacao;num_ano_referencia;num_mes_referencia;dsc_tipo_cadastro;num_processo;num_ano_processo;dat_abertura;dsc_org_gerenciador;dsc_modalidade;num_modalidade;dat_ata_reg_preco;dat_validade;dsc_nat_processo;dat_pub_aviso_inst;dsc_objeto_adesao;num_doc_resp;nom_pessoa_resp;dsc_ind_desc_tab_preco;dsc_ind_processo_lote;vlr_empenhado;vlr_liquidado;vlr_pago;vlr_rsp_processado;vlr_rsp_nao_processado
166315;302;01;576290;-1;2024;10;1 - CADASTRO INICIAL;000000000011;2024;20241009;MUNICIPIO DE VARGINHA;PREG O;;20231229;20241229;2 - ÓRGÃO NÃO PARTICIPANTE (ÓRGÃO OU ENTIDADE QUE NÃO ESTÁ CONTEMPLADO NA ATA DE REGISTRO DE PREÇOS);;AQUISICAO DE COMPUTADORES E NOTBOOKS;264***936**;JOSÉ RAIMUNDO GOMES;N O;N O;158450;158450;158450;0;0
172795;306;05;576263;-1;2024;12;1 - CADASTRO INICIAL;000000000042;2024;20241203;AMESP;PREG O;;20241031;20251031;2 - ÓRGÃO NÃO PARTICIPANTE (ÓRGÃO OU ENTIDADE QUE NÃO ESTÁ CONTEMPLADO NA ATA DE REGISTRO DE PREÇOS);;AQUISICAO DE COMPUTADORES PARA ATENDER AS DEMANDAS ADMINISTRATIVAS E OPERACIONAIS DA FUNDACAO EDUCACIONAL DE CAETE;027***116**;LUCINEIA MARIA FONSECA;N O;N O;0;0;0;0;0
172796;306;05;576263;-1;2024;12;1 - CADASTRO INICIAL;000000000045;2024;20241213;PREFEITURA MUNICIPAL DE CAETE;PREG O;;20241211;20251211;2 - ÓRGÃO NÃO PARTICIPANTE (ÓRGÃO OU ENTIDADE QUE NÃO ESTÁ CONTEMPLADO NA ATA DE REGISTRO DE PREÇOS);20241213;AQUISICOES DE GENEROS ALIMENTICIOS PARA COMPOSICAO DA CESTA DE NATAL PARA DISTRIBUICAO AOS FUNCIONARIOS DA PREFEITURA MUNICIPAL DE CAETE POR OCASIAO DAS COMEMORACOES DAS FESTIVIDADES DO NATAL EM CONFORMIDADE COM O DECRETO MUNICIPAL N° 2632024 QUE REGULAMENTA A CONCESSAO DE CESTAS NATALINAS NO EXERCICIO DE 2024;027***116**;LUCINEIA MARIA FONSECA;N O;SIM;17136;17136;17136;0;0
172797;306;05;576263;-1;2024;12;1 - CADASTRO INICIAL;000000000040;2024;20241129;CIMESMI;PREG O;;20240401;20260524;2 - ÓRGÃO NÃO PARTICIPANTE (ÓRGÃO OU ENTIDADE QUE NÃO ESTÁ CONTEMPLADO NA ATA DE REGISTRO DE PREÇOS);20241129;AQUISICOES DE CARTEIRAS COM PRANCHETAS, PARA ATENDER A NECESSIDADE DE REPOSICAO, MELHORIA E REESTRUTURACAO DO MOBILIARIO ESCOLAR DA FUNDACAO EDUCACIONAL DE CAETE;027***116**;LUCINEIA MARIA FONSECA;N O;N O;0;0;0;0;0
162093;303;02;576277;-1;2024;8;1 - CADASTRO INICIAL;000000000420;2023;20231229;SECRETARIA DE ESTADO DE PLANEJAMENTO E GESTAO;PREG O;;20231229;20231229;2 - ÓRGÃO NÃO PARTICIPANTE (ÓRGÃO OU ENTIDADE QUE NÃO ESTÁ CONTEMPLADO NA ATA DE REGISTRO DE PREÇOS);;ADESAO A ATA DE REGISTRO DE PRECO 3172023 E 1092023 DO ESTADO DE MINAS GERAIS DA SECRETARIA DE ESTADO DE PLANEJAMENTO E GESTAO SEPLAG PREGAO ELETRONICO PARA REGISTRO DE PRECOS 1982023;043***676**;ALISSON VITOR MARQUES;N O;SIM;0;0;0;0;0
162094;303;02;576277;-1;2024;8;1 - CADASTRO INICIAL;000000000419;2023;20231229;PRFEITURA MUNICIPAL DE JOAO PINHEIRO;PREG O;;20210215;20231229;2 - ÓRGÃO NÃO PARTICIPANTE (ÓRGÃO OU ENTIDADE QUE NÃO ESTÁ CONTEMPLADO NA ATA DE REGISTRO DE PREÇOS);;ADESAO A ATA DE REGISTRO DE PRECO N° 0062021, ORIGINARIA DO PREGAO ELETRONICO N°0192021 PROCESSO N° 0202021 DO MUNICIPIO DE JOAO PINHEIRO MG;043***676**;ALISSON VITOR MARQUES;N O;SIM;0;0;0;0;0
162095;303;02;576277;-1;2024;8;1 - CADASTRO INICIAL;000000000421;2023;20231229;PRFEITURA MUNICIPAL DE JOAO PINHEIRO;PREG O;;20210215;20231229;2 - ÓRGÃO NÃO PARTICIPANTE (ÓRGÃO OU ENTIDADE QUE NÃO ESTÁ CONTEMPLADO NA ATA DE REGISTRO DE PREÇOS);;ADESAO A ATA DE REGISTRO DE PRECO N° 0062021, ORIGINARIA DO PREGAO ELETRONICO N°0192021 PROCESSO N° 0202021 DO MUNICIPIO DE JOAO PINHEIRO MG;043***676**;ALISSON VITOR MARQUES;N O;N O;0;0;0;0;0
169187;303;02;576277;-1;2024;11;1 - CADASTRO INICIAL;000000000426;2023;20231229;SECRETARIA DE ESTADO DE PLANEJAMENTO E GESTAO;PREG O;;20231229;20231229;2 - ÓRGÃO NÃO PARTICIPANTE (ÓRGÃO OU ENTIDADE QUE NÃO ESTÁ CONTEMPLADO NA ATA DE REGISTRO DE PREÇOS);;ADESAO A ATA DE REGISTRO DE PRECO 3172023 E 1092023 DO ESTADO DE MINAS GERAIS DA SECRETARIA DE ESTADO DE PLANEJAMENTO E GESTAO SEPLAG PREGAO ELETRONICO PARA REGISTRO DE PRECOS 1982023;043***676**;ALISSON VITOR MARQUES;N O;SIM;0;0;0;0;0
172755;303;02;576277;-1;2024;12;1 - CADASTRO INICIAL;000000000427;2023;20231227;PRFEITURA MUNICIPAL DE JOAO PINHEIRO;PREG O;;20210215;20231227;2 - ÓRGÃO NÃO PARTICIPANTE (ÓRGÃO OU ENTIDADE QUE NÃO ESTÁ CONTEMPLADO NA ATA DE REGISTRO DE PREÇOS);;ADESAO A ATA DE REGISTRO DE PRECOS N° 0062021, ORIGINARIA DO PREGAO ELETRONICO N° 0192021 PROCESSO N° 0202021 NO MUNICIPIO DE JOAO PINHEIROMG;043***676**;ALISSON VITOR MARQUES;N O;N O;0;0;0;0;0
169136;303;02;576277;-1;2024;10;1 - CADASTRO INICIAL;000000000424;2023;20231229;PRFEITURA MUNICIPAL DE JOAO PINHEIRO;PREG O;;20210215;20231229;2 - ÓRGÃO NÃO PARTICIPANTE (ÓRGÃO OU ENTIDADE QUE NÃO ESTÁ CONTEMPLADO NA ATA DE REGISTRO DE PREÇOS);;ADESAO A ATA DE REGISTRO DE PRECO N° 0062021, ORIGINARIA DO PREGAO ELETRONICO N°0192021 PROCESSO N° 0202021 DO MUNICIPIO DE JOAO PINHEIRO MG;043***676**;ALISSON VITOR MARQUES;N O;N O;0;0;0;0;0
169135;303;02;576277;-1;2024;10;1 - CADASTRO INICIAL;000000000425;2023;20231227;PREF MUN DE PEDRO LEOPOLDO;PREG O;;20221028;20231228;2 - ÓRGÃO NÃO PARTICIPANTE (ÓRGÃO OU ENTIDADE QUE NÃO ESTÁ CONTEMPLADO NA ATA DE REGISTRO DE PREÇOS);;AQUISICAO DE MATERIAIS ESPORTIVOS PARA A EXECUCAO DAS ATIVIDADES DESENVOLVIDAS PELOS PROGRAMAS ESPORTE EM FOCO, CAETE EM MOVIMENTO, AGITA NA PRACA, AGITA NA ESCOLA E CORACAO DE ESTUDANTE, DA SECRETARIA MUNICIPAL DE ESPORTES E LAZER;009***666**;MARCO AURÉLIO CÂNDIDO ROCHA;N O;N O;0;0;0;0;0
169084;303;02;576277;-1;2024;9;1 - CADASTRO INICIAL;000000000422;2023;20231229;SECRETARIA DE ESTADO DE PLANEJAMENTO E GESTAO;PREG O;;20231229;20231229;1 - ÓRGÃO PARTICIPANTE (ÓRGÃO OU ENTIDADE QUE PARTICIPA DOS PROCEDIMENTOS INICIAIS DO SRP E INTEGRA A ATA DE REGISTRO DE PREÇOS);;ADESAO A ATA DE REGISTRO DE PRECO 3172023 E 1092023 DO ESTADO DE MINAS GERAIS DA SECRETARIA DE ESTADO DE PLANEJAMENTO E GESTAO SEPLAG PREGAO ELETRONICO PARA REGISTRO DE PRECOS 1982023;043***676**;ALISSON VITOR MARQUES;N O;N O;0;0;0;0;0
169081;303;02;576277;-1;2024;9;1 - CADASTRO INICIAL;000000000162;2024;20240923;CONSORCIO INTERMUNICIPAL MULTIFINALITARIO DA MICRORREGIAO DO;PREG O;;20240604;20250604;2 - ÓRGÃO NÃO PARTICIPANTE (ÓRGÃO OU ENTIDADE QUE NÃO ESTÁ CONTEMPLADO NA ATA DE REGISTRO DE PREÇOS);;ADESAO A ATA DE REGISTRO DE PRECOS N°0022024, DO CONSORCIO INTERMUNICIPAL MULTIFINALITARIO DA MICRORREGIAO DO ALTO SAPUCAI CIMASP, REFERENTE AO PROCESSO LICITATORIO N°0042024 E PREGAO ELETRONICO N° 0032024, NA QUAL SE TRATA DE REGISTRO DE PRECOS PARA FUTURAS E EVENTUAIS AQUISICOES DE PLAYGROUNDS, KIT INFANTIS, BRINQUEDOS E PARQUES PARA O MUNICIPIO DE CAETE;080***196**;KLEYTON CRISTIANO DA SILVA;N O;N O;0;0;0;0;0
169082;303;02;576277;-1;2024;9;1 - CADASTRO INICIAL;000000000144;2024;20240902;SECRETARIA DE ESTADO DE PLANEJAMENTO E GESTAO;PREG O;;20240524;20250524;2 - ÓRGÃO NÃO PARTICIPANTE (ÓRGÃO OU ENTIDADE QUE NÃO ESTÁ CONTEMPLADO NA ATA DE REGISTRO DE PREÇOS);20240902;ADESAO A ATA DE REGISTRO DE PRECO 0702024 DO ESTADO DE MINAS GERAIS DA SECRETARIA DE ESTADO DE PLANEJAMENTO E GESTAO SEPLAG PREGAO ELETRONICO PARA REGISTRO DE PRECOS 2802023;043***676**;ALISSON VITOR MARQUES;N O;N O;0;0;0;0;0
169083;303;02;576277;-1;2024;9;1 - CADASTRO INICIAL;000000000423;2023;20231229;PRFEITURA MUNICIPAL DE JOAO PINHEIRO;PREG O;;20210215;20231229;2 - ÓRGÃO NÃO PARTICIPANTE (ÓRGÃO OU ENTIDADE QUE NÃO ESTÁ CONTEMPLADO NA ATA DE REGISTRO DE PREÇOS);;ADESAO A ATA DE REGISTRO DE PRECO N° 0062021, ORIGINARIA DO PREGAO ELETRONICO N°0192021 PROCESSO N° 0202021 DO MUNICIPIO DE JOAO PINHEIRO MG;043***676**;ALISSON VITOR MARQUES;N O;N O;0;0;0;0;0
160030;303;02;576277;-1;2024;7;1 - CADASTRO INICIAL;000000000108;2024;20240711;LOK PIRAMIDE LTDA;PREG O;;20230405;20240711;2 - ÓRGÃO NÃO PARTICIPANTE (ÓRGÃO OU ENTIDADE QUE NÃO ESTÁ CONTEMPLADO NA ATA DE REGISTRO DE PREÇOS);;CONTRATACAO DE EMPRESA ESPECIALIZADA PARA PRESTACAO DE SERVICOS DE APOIO TECNICO A GESTAO PUBLICA EM EIXOS TEMATICOS, PARA FINS DE QUALIFICACAO TECNICAFUNCIONAL, QUE OBJETIVEM A ESTRUTURACAO DE ESTUDOS, LEVANTAMENTOS, DESENVOLVIMENTO E ASSESSORAMENTO , INSTRUMENTOS DE MONITORAMENTO E AVALIACAO;102***366**;MARCOS LUCIANO DE FIGUEREDO;N O;N O;0;0;0;0;0
160027;303;02;576277;-1;2024;7;1 - CADASTRO INICIAL;000000000415;2023;20231227;PRFEITURA MUNICIPAL DE JOAO PINHEIRO;PREG O;;20210212;20231227;2 - ÓRGÃO NÃO PARTICIPANTE (ÓRGÃO OU ENTIDADE QUE NÃO ESTÁ CONTEMPLADO NA ATA DE REGISTRO DE PREÇOS);;ADESAO A ATA DE REGISTRO DE PRECOS N° 0062021, ORIGINARIA DO PREGAO ELETRONICO N° 0192021 PROCESSO N° 0202021 NO MUNICIPIO DE JOAO PINHEIROMG;043***676**;ALISSON VITOR MARQUES;N O;N O;0;0;0;0;0
160028;303;02;576277;-1;2024;7;1 - CADASTRO INICIAL;000000000112;2024;20240715;CONSORCIO INTERMUNICIPAL MULTIFINALITARIO DA MICRORREGIAO DO;PREG O;;20240604;20250606;2 - ÓRGÃO NÃO PARTICIPANTE (ÓRGÃO OU ENTIDADE QUE NÃO ESTÁ CONTEMPLADO NA ATA DE REGISTRO DE PREÇOS);20240711;ADESAO A ATA DE REGISTRO DE PRECOS N° 0022024, PREGAO ELETRONICO N° 0032024, PROCESSO ADMINISTRATIVO N° 0042024 CONSORCIO INTERMUNICIPAL MULTIFINALITARIO DA MICRORREGIAO DO ALTO SAPUCAI CIMASP, VISANDO A AQUISICAO DE PLAYGROUNDS, KITS INFANTIS, BRINQUEDOS E PARQUES PARA IMPLANTACAO DE PARQUE MODULAR NO GINASIO POLIESPORTIVO DE CAETEMG;054***606**;JÚLIO CÉSAR DOS SANTOS TEIXEIRA;N O;SIM;376202.95;376202.95;371688.53;4514.42;0
160029;303;02;576277;-1;2024;7;1 - CADASTRO INICIAL;000000000418;2023;20231228;PRFEITURA MUNICIPAL DE JOAO PINHEIRO;PREG O;;20210215;20241228;2 - ÓRGÃO NÃO PARTICIPANTE (ÓRGÃO OU ENTIDADE QUE NÃO ESTÁ CONTEMPLADO NA ATA DE REGISTRO DE PREÇOS);;ADESAO A ATA DE REGISTRO DE PRECOS N° 0062021, ORIGINARIA DO PREGAO ELETRONICO N° 0192021 PROCESSO N° 0202021 NO MUNICIPIO DE JOAO PINHEIROMG;043***676**;ALISSON VITOR MARQUES;N O;N O;0;0;0;0;0
160031;303;02;576277;-1;2024;7;1 - CADASTRO INICIAL;000000000417;2023;20231226;PRFEITURA MUNICIPAL DE JOAO PINHEIRO;PREG O;;20210215;20231226;2 - ÓRGÃO NÃO PARTICIPANTE (ÓRGÃO OU ENTIDADE QUE NÃO ESTÁ CONTEMPLADO NA ATA DE REGISTRO DE PREÇOS);;ADESAO A ATA DE REGISTRO DE PRECOS N° 0062021, ORIGINARIA DO PREGAO ELETRONICO N° 0192021 PROCESSO N° 0202021 NO MUNICIPIO DE JOAO PINHEIROMG;043***676**;ALISSON VITOR MARQUES;N O;N O;0;0;0;0;0
160032;303;02;576277;-1;2024;7;1 - CADASTRO INICIAL;000000000416;2023;20231227;PRFEITURA MUNICIPAL DE JOAO PINHEIRO;PREG O;;20210215;20231227;2 - ÓRGÃO NÃO PARTICIPANTE (ÓRGÃO OU ENTIDADE QUE NÃO ESTÁ CONTEMPLADO NA ATA DE REGISTRO DE PREÇOS);;ADESAO A ATA DE REGISTRO DE PRECOS N° 0062021, ORIGINARIA DO PREGAO ELETRONICO N° 0192021 PROCESSO N° 0202021 NO MUNICIPIO DE JOAO PINHEIROMG;043***676**;ALISSON VITOR MARQUES;N O;N O;0;0;0;0;0
160033;303;02;576277;-1;2024;7;1 - CADASTRO INICIAL;000000000414;2023;20231227;PREF MUN DE PEDRO LEOPOLDO;PREG O;;20221028;20231228;2 - ÓRGÃO NÃO PARTICIPANTE (ÓRGÃO OU ENTIDADE QUE NÃO ESTÁ CONTEMPLADO NA ATA DE REGISTRO DE PREÇOS);;ADESAO A ATA DE REGISTRO DE PRECOS N° 2002022, PREGAO PRESENCIAL N° 0762022, PROCESSO LICITATORIO N° 1122022, REALIZADO PELO MUNICIPIO DE PEDRO LEOPOLDOMG, PARA AQUISICAO DE MATERIAIS E EQUIPAMENTOS ESPORTIVOS PARA ATENDER AS DEMANDAS DA SECRETARA MUNICIPAL DE ESPORTE, LAZER E JUVENTUDE;009***666**;MARCO AURÉLIO CÂNDIDO ROCHA;N O;N O;0;0;0;0;0
155115;303;02;576277;-1;2024;5;1 - CADASTRO INICIAL;000000000409;2023;20231227;PREF MUN DE PEDRO LEOPOLDO;PREG O;;20221028;20231228;2 - ÓRGÃO NÃO PARTICIPANTE (ÓRGÃO OU ENTIDADE QUE NÃO ESTÁ CONTEMPLADO NA ATA DE REGISTRO DE PREÇOS);;ADESAO A ATA DE REGISTRO DE PRECOS N° 0062021, ORIGINARIA DO PREGAO ELETRONICO N° 0192021 PROCESSO N° 0202021 NO MUNICIPIO DE JOAO PINHEIROMG;043***676**;ALISSON VITOR MARQUES;N O;N O;0;0;0;0;0
155113;303;02;576277;-1;2024;5;1 - CADASTRO INICIAL;000000000410;2023;20231229;SECRETARIA DE ESTADO DE PLANEJAMENTO E GESTAO;PREG O;;20231229;20231229;2 - ÓRGÃO NÃO PARTICIPANTE (ÓRGÃO OU ENTIDADE QUE NÃO ESTÁ CONTEMPLADO NA ATA DE REGISTRO DE PREÇOS);;ADESAO A ATA DE REGISTRO DE PRECO 3172023 E 1092023 DO ESTADO DE MINAS GERAIS DA SECRETARIA DE ESTADO DE PLANEJAMENTO E GESTAO SEPLAG PREGAO ELETRONICO PARA REGISTRO DE PRECOS 1982023;043***676**;ALISSON VITOR MARQUES;N O;N O;0;0;0;0;0
155114;303;02;576277;-1;2024;5;1 - CADASTRO INICIAL;000000000408;2023;20231227;MUNICIPIO DE ITAMBACURI;PREG O;;20221222;20231227;2 - ÓRGÃO NÃO PARTICIPANTE (ÓRGÃO OU ENTIDADE QUE NÃO ESTÁ CONTEMPLADO NA ATA DE REGISTRO DE PREÇOS);;ADESAO A ATA DE REGISTRO DE PRECOS 2902022,ORIGINARIA DO PREGAO ELETRONICO N° 572022 PROCESSO N°672022 PRESTACAO DE REDE DE ILUMINACAO PUBLICA,COM FORNECIMENTO DE MATERIAIS, CONFORME DESCRICOES,ESPECIFICACOES TECNICA E DEMAIS CONDICOES CONSTANTES DO ANEXO I DO EDITAL DE LICITACAO QUE ORIGINOU O RESGISTRO,PARTE INTEGRANTE E INSEPARAVEL DESTE INSTRUMENTO;102***516**;BRENO ORNELLAS SILVA MAGALHAES;N O;N O;0;0;0;0;0
151386;303;02;576277;-1;2024;3;1 - CADASTRO INICIAL;000000000402;2023;20231227;PRFEITURA MUNICIPAL DE JOAO PINHEIRO;PREG O;;20210302;20240412;2 - ÓRGÃO NÃO PARTICIPANTE (ÓRGÃO OU ENTIDADE QUE NÃO ESTÁ CONTEMPLADO NA ATA DE REGISTRO DE PREÇOS);;ADESAO A ATA DE REGISTRO DE PRECOS N° 0062021, ORIGINARIA DO PREGAO ELETRONICO N° 0192021 PROCESSO N° 0202021 NO MUNICIPIO DE JOAO PINHEIROMG;043***676**;ALISSON VITOR MARQUES;N O;N O;0;0;0;0;0
151383;303;02;576277;-1;2024;3;1 - CADASTRO INICIAL;000000000400;2023;20231229;PRFEITURA MUNICIPAL DE JOAO PINHEIRO;PREG O;;20210302;20240412;2 - ÓRGÃO NÃO PARTICIPANTE (ÓRGÃO OU ENTIDADE QUE NÃO ESTÁ CONTEMPLADO NA ATA DE REGISTRO DE PREÇOS);;ADESAO A ATA DE REGISTRO DE PRECOS N° 0062021, ORIGINARIA DO PREGAO ELETRONICO N° 0192021 PROCESSO N° 0202021 NO MUNICIPIO DE JOAO PINHEIROMG;043***676**;ALISSON VITOR MARQUES;N O;N O;0;0;0;0;0
151384;303;02;576277;-1;2024;3;1 - CADASTRO INICIAL;000000000022;2024;20240307;TRIBUNAL DE JUSTICA DO ESTADO DO ACRE;PREG O;;20231017;20241017;2 - ÓRGÃO NÃO PARTICIPANTE (ÓRGÃO OU ENTIDADE QUE NÃO ESTÁ CONTEMPLADO NA ATA DE REGISTRO DE PREÇOS);;ADESAO A ATA DE REGISTRO DE PRECOS N°1682023, PREGAO ELETRONICO N° 972023, PROCESSO N° 00078016020238010000, REALIZADO DE PELO TRIBUNAL DE JUSTICA DO ESTADO DO ACRETJAC;102***366**;MARCOS LUCIANO DE FIGUEREDO;N O;N O;0;0;0;0;0
151385;303;02;576277;-1;2024;3;1 - CADASTRO INICIAL;000000000017;2024;20240301;CONSORCIO INTEGRADO MULTIFINALITARO DO VALE DO JEQUITINHONHA;PREG O;;20230505;20240505;2 - ÓRGÃO NÃO PARTICIPANTE (ÓRGÃO OU ENTIDADE QUE NÃO ESTÁ CONTEMPLADO NA ATA DE REGISTRO DE PREÇOS);;ADESAO A ATA DE REGISTRO DE PRECO N° 0202023, PREGAO ELETRONICO N°0042023, PROCESSO N° 0092023 DO CONSORCIO INTEGRADO MULTIFINALITARIO DO VALE DO JEQUITINHONHA CIM JEQUITINHONHA, QUE TEM POR OBJETO AQUISICCAO DE CONJUNTOS ESCOLARES E MOBILIARIO ESCOLAR;080***196**;KLEYTON CRISTIANO DA SILVA;N O;N O;0;0;0;0;0
153879;303;02;576277;-1;2024;4;1 - CADASTRO INICIAL;000000000406;2023;20231227;PREF MUN DE PEDRO LEOPOLDO;PREG O;;20221028;20231228;2 - ÓRGÃO NÃO PARTICIPANTE (ÓRGÃO OU ENTIDADE QUE NÃO ESTÁ CONTEMPLADO NA ATA DE REGISTRO DE PREÇOS);;ADESAO A ATA DE REGISTRO DE PRECOS N° 2002022, PREGAO PRESENCIAL N° 0762022, PROCESSO LICITATORIO N° 1122022, REALIZADO PELO MUNICIPIO DE PEDRO LEOPOLDOMG, PARA AQUISICAO DE MATERIAIS E EQUIPAMENTOS ESPORTIVOS PARA ATENDER AS DEMANDAS DA SECRETARA MUNICIPAL DE ESPORTE, LAZER E JUVENTUDE;009***666**;MARCO AURÉLIO CÂNDIDO ROCHA;N O;N O;0;0;0;0;0
153876;303;02;576277;-1;2024;4;1 - CADASTRO INICIAL;000000000405;2023;20231227;PRFEITURA MUNICIPAL DE JOAO PINHEIRO;PREG O;;20210302;20240412;2 - ÓRGÃO NÃO PARTICIPANTE (ÓRGÃO OU ENTIDADE QUE NÃO ESTÁ CONTEMPLADO NA ATA DE REGISTRO DE PREÇOS);;ADESAO A ATA DE REGISTRO DE PRECOS N° 0062021, ORIGINARIA DO PREGAO ELETRONICO N° 0192021 PROCESSO N° 0202021 NO MUNICIPIO DE JOAO PINHEIROMG;043***676**;ALISSON VITOR MARQUES;N O;N O;0;0;0;0;0
153877;303;02;576277;-1;2024;4;1 - CADASTRO INICIAL;000000000404;2023;20231229;PRFEITURA MUNICIPAL DE JOAO PINHEIRO;PREG O;;20210302;20240412;2 - ÓRGÃO NÃO PARTICIPANTE (ÓRGÃO OU ENTIDADE QUE NÃO ESTÁ CONTEMPLADO NA ATA DE REGISTRO DE PREÇOS);;ADESAO A ATA DE REGISTRO DE PRECOS N° 0062021, ORIGINARIA DO PREGAO ELETRONICO N° 0192021 PROCESSO N° 0202021 NO MUNICIPIO DE JOAO PINHEIROMG;043***676**;ALISSON VITOR MARQUES;N O;N O;0;0;0;0;0
153878;303;02;576277;-1;2024;4;1 - CADASTRO INICIAL;000000000044;2024;20240409;PREF MUN DE SABARÁ;PREG O;;20231003;20241003;2 - ÓRGÃO NÃO PARTICIPANTE (ÓRGÃO OU ENTIDADE QUE NÃO ESTÁ CONTEMPLADO NA ATA DE REGISTRO DE PREÇOS);20240410;ADESAO A ATA DE REGISTRO DE PRECO N° 0972023, CUJO OBJETO E AQUISICAO DE ESTACOES DE TRABALHO DESKTOP, WORKSTATION, NOTEBOOK, NOBREAK E PACOTE OFFICE OBJETIVANDO A ESTRUTURACAO, MODERNIZACAO, E ATUALIZACAO DO PARQUE TECNOLOGICO DA PREFEITURA MUNICIPAL DE CAETE NAS SECRETARAS DEMANDANTES, CONFORME ESPECIFICACOES E DEMAIS CONDICOES CONSTANTES NESSES ANEXOS;054***606**;JÚLIO CÉSAR DOS SANTOS TEIXEIRA;N O;N O;0;0;0;0;0
150966;303;02;576277;-1;2024;2;1 - CADASTRO INICIAL;000000000015;2024;20240228;CONSORCIO PUBLICO INSTITUICAO DE COOPERACAO PARAOPEBA;PREG O;;20231020;20241020;2 - ÓRGÃO NÃO PARTICIPANTE (ÓRGÃO OU ENTIDADE QUE NÃO ESTÁ CONTEMPLADO NA ATA DE REGISTRO DE PREÇOS);;ADESAO A ATA DE REGISTRO DE PRECO N° 7602023, PROCESSO LICITATORIO N° 1442023, NA MODALIDADE RDC ELETRONICO N° 012023, DO TIPO MENOR PRECO, COM REGIME DE EXECUCAO POR CONTRATACAO INTEGRADA, SOB A REGENCIA DA LEI FEDERAL N° 124622011, DECRETO N° 75812011 E DEMAIS LEGISLACOES PERTINENTES, REALIZADO PELO ICISMEP;080***196**;KLEYTON CRISTIANO DA SILVA;N O;N O;0;0;0;0;0
150964;303;02;576277;-1;2024;2;1 - CADASTRO INICIAL;000000000399;2023;20231229;SECRETARIA DE ESTADO DE PLANEJAMENTO E GESTAO;PREG O;;20231229;20241229;2 - ÓRGÃO NÃO PARTICIPANTE (ÓRGÃO OU ENTIDADE QUE NÃO ESTÁ CONTEMPLADO NA ATA DE REGISTRO DE PREÇOS);;ADESAO A ATA DE REGISTRO DE PRECO 3172023 E 1092023 DO ESTADO DE MINAS GERAIS DA SECRETARIA DE ESTADO DE PLANEJAMENTO E GESTAO SEPLAG PREGAO ELETRONICO PARA REGISTRO DE PRECOS 1982023;043***676**;ALISSON VITOR MARQUES;N O;N O;0;0;0;0;0
150965;303;02;576277;-1;2024;2;1 - CADASTRO INICIAL;000000000012;2024;20240223;CAMARA MUNICIPAL DE VESPASIANO;PREG O;;20240110;20250110;2 - ÓRGÃO NÃO PARTICIPANTE (ÓRGÃO OU ENTIDADE QUE NÃO ESTÁ CONTEMPLADO NA ATA DE REGISTRO DE PREÇOS);;ADESAO A ATA DE REGISTRO DE PRECOS N°0012023, PREGAO PRESENCIAL N°0012023, PROCESSO LICITATORIO 0012023 EDITAL N°0012023, REALIZADA PELA CAMARA MUNICIPAL DE VESPASIANOMG, CUJO OBJETO E CONTRATACAO DE EMPRESA ESPECIALIZADA PARA A PRESTACAO DE SERVICOS DE ANALISE E GERENCIAMENTO ELETRONICO DO ARQUIVO FISICO DA PREFEITURA MUNICIPAL DE CAETE;054***606**;JÚLIO CÉSAR DOS SANTOS TEIXEIRA;N O;N O;444470;444470;444470;0;0
158127;303;02;576277;-1;2024;6;1 - CADASTRO INICIAL;000000000411;2023;20231229;PRFEITURA MUNICIPAL DE JOAO PINHEIRO;PREG O;;20210215;20241012;2 - ÓRGÃO NÃO PARTICIPANTE (ÓRGÃO OU ENTIDADE QUE NÃO ESTÁ CONTEMPLADO NA ATA DE REGISTRO DE PREÇOS);;ADESAO A ATA DE REGISTRO DE PRECO N° 0062021, ORIGINARIA DO PREGAO ELETRONICO N°0192021 PROCESSO N° 0202021 DO MUNICIPIO DE JOAO PINHEIRO MG;043***676**;ALISSON VITOR MARQUES;N O;N O;0;0;0;0;0
158125;303;02;576277;-1;2024;6;1 - CADASTRO INICIAL;000000000413;2023;20231227;PRFEITURA MUNICIPAL DE JOAO PINHEIRO;PREG O;;20231227;20241226;2 - ÓRGÃO NÃO PARTICIPANTE (ÓRGÃO OU ENTIDADE QUE NÃO ESTÁ CONTEMPLADO NA ATA DE REGISTRO DE PREÇOS);;ADESAO A ATA DE REGISTRO DE PRECO N° 0062021, ORIGINARIA DO PREGAO ELETRONICO N°0192021 PROCESSO N° 0202021 DO MUNICIPIO DE JOAO PINHEIRO MG;043***676**;ALISSON VITOR MARQUES;N O;N O;0;0;0;0;0
158126;303;02;576277;-1;2024;6;1 - CADASTRO INICIAL;000000000412;2023;20231227;PRFEITURA MUNICIPAL DE JOAO PINHEIRO;PREG O;;20210215;20231227;2 - ÓRGÃO NÃO PARTICIPANTE (ÓRGÃO OU ENTIDADE QUE NÃO ESTÁ CONTEMPLADO NA ATA DE REGISTRO DE PREÇOS);;ADESAO A ATA DE REGISTRO DE PRECO N° 0062021, ORIGINARIA DO PREGAO ELETRONICO N°0192021 PROCESSO N° 0202021 DO MUNICIPIO DE JOAO PINHEIRO MG;043***676**;ALISSON VITOR MARQUES;N O;SIM;0;0;0;0;0
