seq_credito_contrato;seq_contrato;seq_orgao;cod_orgao;num_ano_referencia;num_mes_referencia;dsc_dotacao;dsc_funcao;dsc_subfuncao;dsc_programa;dsc_acao;dsc_subacao;dsc_nat_despesa;dsc_fonte_recurso;vlr_recurso
147489258;3444120;304;03;2024;11;03.06001.17.512.0033.2054.3.3.90.39.00.1.500.000;17 - SANEAMENTO;512 - SANEAMENTO BÁSICO URBANO;0033 - SISTEMA DE ESGOTO SANITÁRIO;2054 - OPERAÇÃO E MANUTENÇÃO DO SISTEMA DE ESGOTO SANITÁRIO;;3.3.90.39.00 - OUTROS SERVIÇOS DE TERCEIROS  PESSOA JURÍDICA;1.500.000 - RECURSOS NÃO VINCULADOS DE IMPOSTOS;0
147489259;3444120;304;03;2024;11;03.06001.17.512.0079.1218.4.4.90.51.00.1.500.000;17 - SANEAMENTO;512 - SANEAMENTO BÁSICO URBANO;0079 - SISTEMA DE ABASTECIMENTO DE ÁGUA;1218 - CONSTRUÇAÕ E AMPLIAÇÃO DO SISTEMA DE ÁGUA DA SEDE;;4.4.90.51.00 - OBRAS E INSTALAÇÕES;1.500.000 - RECURSOS NÃO VINCULADOS DE IMPOSTOS;0
147489260;3444120;304;03;2024;11;03.06001.17.512.0033.1217.4.4.90.51.00.1.500.000;17 - SANEAMENTO;512 - SANEAMENTO BÁSICO URBANO;0033 - SISTEMA DE ESGOTO SANITÁRIO;1217 - CONSTRUÇÃO E AMPLIAÇÃO SISTEMA DE ESGOTO;;4.4.90.51.00 - OBRAS E INSTALAÇÕES;1.500.000 - RECURSOS NÃO VINCULADOS DE IMPOSTOS;0
147489261;3444120;304;03;2024;11;03.06001.17.512.0079.2053.3.3.90.39.00.1.500.000;17 - SANEAMENTO;512 - SANEAMENTO BÁSICO URBANO;0079 - SISTEMA DE ABASTECIMENTO DE ÁGUA;2053 - OPERAÇÃO E MANUTENÇÃO DO SISTEMA DE ABASTECIMENTO DE ÁGUA;;3.3.90.39.00 - OUTROS SERVIÇOS DE TERCEIROS  PESSOA JURÍDICA;1.500.000 - RECURSOS NÃO VINCULADOS DE IMPOSTOS;0
147585605;3476280;303;02;2024;12;02.02020.13.392.0260.2461.3.3.90.39.00.1.500.000;13 - CULTURA;392 - DIFUSÃO CULTURAL;0260 - PROMOÇÃO E DIVULGAÇÃO CULTURAL;2461 - FESTIVIDADES E COMEMORAÇÕES DO CALENDARIO MUNICIPAL;;3.3.90.39.00 - OUTROS SERVIÇOS DE TERCEIROS  PESSOA JURÍDICA;1.500.000 - RECURSOS NÃO VINCULADOS DE IMPOSTOS;0
147254370;3359545;302;01;2024;8;01.01001.01.031.0001.2332.3.3.90.39.00.1.500.000;01 - LEGISLATIVA;031 - AÇÃO LEGISLATIVA;0001 - PROCESSO LEGISLATIVO;2332 - MANUTENÇÃO DOS SERVIÇOS ADMINISTRATIVOS;;3.3.90.39.00 - OUTROS SERVIÇOS DE TERCEIROS  PESSOA JURÍDICA;1.500.000 - RECURSOS NÃO VINCULADOS DE IMPOSTOS;0
147254373;3359546;302;01;2024;8;01.01001.01.031.0001.2335.3.3.90.39.00.1.500.000;01 - LEGISLATIVA;031 - AÇÃO LEGISLATIVA;0001 - PROCESSO LEGISLATIVO;2335 - RECEPÇÕES HOMENAGENS E FESTIVIDADES;;3.3.90.39.00 - OUTROS SERVIÇOS DE TERCEIROS  PESSOA JURÍDICA;1.500.000 - RECURSOS NÃO VINCULADOS DE IMPOSTOS;0
147535399;3459960;302;01;2024;12;01.01001.01.031.0001.2332.3.3.90.39.00.1.500.000;01 - LEGISLATIVA;031 - AÇÃO LEGISLATIVA;0001 - PROCESSO LEGISLATIVO;2332 - MANUTENÇÃO DOS SERVIÇOS ADMINISTRATIVOS;;3.3.90.39.00 - OUTROS SERVIÇOS DE TERCEIROS  PESSOA JURÍDICA;1.500.000 - RECURSOS NÃO VINCULADOS DE IMPOSTOS;0
147461794;3434700;302;01;2024;11;01.01001.01.031.0001.2332.3.3.90.39.00.1.500.000;01 - LEGISLATIVA;031 - AÇÃO LEGISLATIVA;0001 - PROCESSO LEGISLATIVO;2332 - MANUTENÇÃO DOS SERVIÇOS ADMINISTRATIVOS;;3.3.90.39.00 - OUTROS SERVIÇOS DE TERCEIROS  PESSOA JURÍDICA;1.500.000 - RECURSOS NÃO VINCULADOS DE IMPOSTOS;0
147461796;3434702;302;01;2024;11;01.01001.01.031.0001.2332.3.3.90.39.00.1.500.000;01 - LEGISLATIVA;031 - AÇÃO LEGISLATIVA;0001 - PROCESSO LEGISLATIVO;2332 - MANUTENÇÃO DOS SERVIÇOS ADMINISTRATIVOS;;3.3.90.39.00 - OUTROS SERVIÇOS DE TERCEIROS  PESSOA JURÍDICA;1.500.000 - RECURSOS NÃO VINCULADOS DE IMPOSTOS;0
147535403;3459964;302;01;2024;12;01.01001.01.031.0001.2332.3.3.90.39.00.1.500.000;01 - LEGISLATIVA;031 - AÇÃO LEGISLATIVA;0001 - PROCESSO LEGISLATIVO;2332 - MANUTENÇÃO DOS SERVIÇOS ADMINISTRATIVOS;;3.3.90.39.00 - OUTROS SERVIÇOS DE TERCEIROS  PESSOA JURÍDICA;1.500.000 - RECURSOS NÃO VINCULADOS DE IMPOSTOS;0
147254367;3359544;302;01;2024;8;01.01001.01.031.0001.2332.3.3.90.39.00.1.500.000;01 - LEGISLATIVA;031 - AÇÃO LEGISLATIVA;0001 - PROCESSO LEGISLATIVO;2332 - MANUTENÇÃO DOS SERVIÇOS ADMINISTRATIVOS;;3.3.90.39.00 - OUTROS SERVIÇOS DE TERCEIROS  PESSOA JURÍDICA;1.500.000 - RECURSOS NÃO VINCULADOS DE IMPOSTOS;0
147254371;3359546;302;01;2024;8;01.01001.01.031.0001.2332.3.3.90.39.00.1.500.000;01 - LEGISLATIVA;031 - AÇÃO LEGISLATIVA;0001 - PROCESSO LEGISLATIVO;2332 - MANUTENÇÃO DOS SERVIÇOS ADMINISTRATIVOS;;3.3.90.39.00 - OUTROS SERVIÇOS DE TERCEIROS  PESSOA JURÍDICA;1.500.000 - RECURSOS NÃO VINCULADOS DE IMPOSTOS;0
147461791;3434699;302;01;2024;11;01.01001.01.031.0001.2330.3.3.90.35.00.1.500.000;01 - LEGISLATIVA;031 - AÇÃO LEGISLATIVA;0001 - PROCESSO LEGISLATIVO;2330 - MANUTENÇÃO DO CORPO LEGISLATIVO;;3.3.90.35.00 - SERVIÇOS DE CONSULTORIA;1.500.000 - RECURSOS NÃO VINCULADOS DE IMPOSTOS;0
147461793;3434700;302;01;2024;11;01.01001.01.031.0001.2330.3.3.90.39.00.1.500.000;01 - LEGISLATIVA;031 - AÇÃO LEGISLATIVA;0001 - PROCESSO LEGISLATIVO;2330 - MANUTENÇÃO DO CORPO LEGISLATIVO;;3.3.90.39.00 - OUTROS SERVIÇOS DE TERCEIROS  PESSOA JURÍDICA;1.500.000 - RECURSOS NÃO VINCULADOS DE IMPOSTOS;0
147461792;3434700;302;01;2024;11;01.01001.01.031.0001.2335.3.3.90.30.00.1.500.000;01 - LEGISLATIVA;031 - AÇÃO LEGISLATIVA;0001 - PROCESSO LEGISLATIVO;2335 - RECEPÇÕES HOMENAGENS E FESTIVIDADES;;3.3.90.30.00 - MATERIAL DE CONSUMO;1.500.000 - RECURSOS NÃO VINCULADOS DE IMPOSTOS;0
147535402;3459963;302;01;2024;12;01.01001.01.031.0001.1178.4.4.90.52.00.1.500.000;01 - LEGISLATIVA;031 - AÇÃO LEGISLATIVA;0001 - PROCESSO LEGISLATIVO;1178 - AQUISIÇÃO DE BENS E EQUIPAMENTOS;;4.4.90.52.00 - EQUIPAMENTOS E MATERIAL PERMANENTE;1.500.000 - RECURSOS NÃO VINCULADOS DE IMPOSTOS;0
147535400;3459961;302;01;2024;12;01.01001.01.031.0001.2334.3.3.90.30.00.1.500.000;01 - LEGISLATIVA;031 - AÇÃO LEGISLATIVA;0001 - PROCESSO LEGISLATIVO;2334 - MANUTENÇÃO DOS SERVIÇOS GERAIS;;3.3.90.30.00 - MATERIAL DE CONSUMO;1.500.000 - RECURSOS NÃO VINCULADOS DE IMPOSTOS;0
147535406;3459965;302;01;2024;12;01.01001.01.031.0001.2466.3.3.90.46.00.1.500.000;01 - LEGISLATIVA;031 - AÇÃO LEGISLATIVA;0001 - PROCESSO LEGISLATIVO;2466 - MANUTENÇÃO DA ATIVIDADE PROCON;;3.3.90.46.00 - AUXÍLIO-ALIMENTAÇÃO;1.500.000 - RECURSOS NÃO VINCULADOS DE IMPOSTOS;0
147535401;3459962;302;01;2024;12;01.01001.01.031.0001.2332.3.3.90.40.00.1.500.000;01 - LEGISLATIVA;031 - AÇÃO LEGISLATIVA;0001 - PROCESSO LEGISLATIVO;2332 - MANUTENÇÃO DOS SERVIÇOS ADMINISTRATIVOS;;3.3.90.40.00 - SERVIÇOS DE TECNOLOGIA DA INFORMAÇÃO E COMUNICAÇÃO - PESSOA JURÍDICA;1.500.000 - RECURSOS NÃO VINCULADOS DE IMPOSTOS;0
147535404;3459965;302;01;2024;12;01.01001.01.031.0001.2332.3.3.90.46.00.1.500.000;01 - LEGISLATIVA;031 - AÇÃO LEGISLATIVA;0001 - PROCESSO LEGISLATIVO;2332 - MANUTENÇÃO DOS SERVIÇOS ADMINISTRATIVOS;;3.3.90.46.00 - AUXÍLIO-ALIMENTAÇÃO;1.500.000 - RECURSOS NÃO VINCULADOS DE IMPOSTOS;0
147535405;3459965;302;01;2024;12;01.01001.01.031.0001.2334.3.3.90.46.00.1.500.000;01 - LEGISLATIVA;031 - AÇÃO LEGISLATIVA;0001 - PROCESSO LEGISLATIVO;2334 - MANUTENÇÃO DOS SERVIÇOS GERAIS;;3.3.90.46.00 - AUXÍLIO-ALIMENTAÇÃO;1.500.000 - RECURSOS NÃO VINCULADOS DE IMPOSTOS;0
147488780;3443950;303;02;2024;10;02.02006.04.122.0164.2214.3.3.90.32.00.1.500.000;04 - ADMINISTRAÇÃO;122 - ADMINISTRAÇÃO GERAL;0164 - GESTÃO DA SECRETARIA;2214 - MANUTENÇÃO DA SECRETARIA;;3.3.90.32.00 - MATERIAL, BEM OU SERVIÇO PARA DISTRIBUIÇÃO GRATUITA;1.500.000 - RECURSOS NÃO VINCULADOS DE IMPOSTOS;0
147585606;3476281;303;02;2024;12;02.02004.04.122.0094.2170.3.3.90.39.00.1.500.000;04 - ADMINISTRAÇÃO;122 - ADMINISTRAÇÃO GERAL;0094 - GESTÃO DA SECRETARIA MUNICIPAL DE ADMINISTRAÇÃO;2170 - MANUTENÇÃO DA SECRETARIA DE ADMINISTRAÇÃO;;3.3.90.39.00 - OUTROS SERVIÇOS DE TERCEIROS  PESSOA JURÍDICA;1.500.000 - RECURSOS NÃO VINCULADOS DE IMPOSTOS;0
147461795;3434701;302;01;2024;11;01.01001.01.031.0001.2337.3.3.90.39.00.1.500.000;01 - LEGISLATIVA;031 - AÇÃO LEGISLATIVA;0001 - PROCESSO LEGISLATIVO;2337 - RELAÇÕES PÚBLICAS E DIVULGAÇÕES OFICIAIS;;3.3.90.39.00 - OUTROS SERVIÇOS DE TERCEIROS  PESSOA JURÍDICA;1.500.000 - RECURSOS NÃO VINCULADOS DE IMPOSTOS;0
147254366;3359543;302;01;2024;8;01.01001.01.031.0001.2337.3.3.90.39.00.1.500.000;01 - LEGISLATIVA;031 - AÇÃO LEGISLATIVA;0001 - PROCESSO LEGISLATIVO;2337 - RELAÇÕES PÚBLICAS E DIVULGAÇÕES OFICIAIS;;3.3.90.39.00 - OUTROS SERVIÇOS DE TERCEIROS  PESSOA JURÍDICA;1.500.000 - RECURSOS NÃO VINCULADOS DE IMPOSTOS;0
147254369;3359544;302;01;2024;8;01.01001.01.031.0001.2337.3.3.90.39.00.1.500.000;01 - LEGISLATIVA;031 - AÇÃO LEGISLATIVA;0001 - PROCESSO LEGISLATIVO;2337 - RELAÇÕES PÚBLICAS E DIVULGAÇÕES OFICIAIS;;3.3.90.39.00 - OUTROS SERVIÇOS DE TERCEIROS  PESSOA JURÍDICA;1.500.000 - RECURSOS NÃO VINCULADOS DE IMPOSTOS;0
147254372;3359546;302;01;2024;8;01.01001.01.031.0001.2337.3.3.90.39.00.1.500.000;01 - LEGISLATIVA;031 - AÇÃO LEGISLATIVA;0001 - PROCESSO LEGISLATIVO;2337 - RELAÇÕES PÚBLICAS E DIVULGAÇÕES OFICIAIS;;3.3.90.39.00 - OUTROS SERVIÇOS DE TERCEIROS  PESSOA JURÍDICA;1.500.000 - RECURSOS NÃO VINCULADOS DE IMPOSTOS;0
147488774;3443947;303;02;2024;10;02.02006.04.122.0164.2214.3.3.90.32.00.1.500.000;04 - ADMINISTRAÇÃO;122 - ADMINISTRAÇÃO GERAL;0164 - GESTÃO DA SECRETARIA;2214 - MANUTENÇÃO DA SECRETARIA;;3.3.90.32.00 - MATERIAL, BEM OU SERVIÇO PARA DISTRIBUIÇÃO GRATUITA;1.500.000 - RECURSOS NÃO VINCULADOS DE IMPOSTOS;0
147488775;3443948;303;02;2024;10;02.02006.04.122.0164.2214.3.3.90.32.00.1.500.000;04 - ADMINISTRAÇÃO;122 - ADMINISTRAÇÃO GERAL;0164 - GESTÃO DA SECRETARIA;2214 - MANUTENÇÃO DA SECRETARIA;;3.3.90.32.00 - MATERIAL, BEM OU SERVIÇO PARA DISTRIBUIÇÃO GRATUITA;1.500.000 - RECURSOS NÃO VINCULADOS DE IMPOSTOS;0
147488781;3443951;303;02;2024;10;02.02006.04.122.0164.2214.3.3.90.32.00.1.500.000;04 - ADMINISTRAÇÃO;122 - ADMINISTRAÇÃO GERAL;0164 - GESTÃO DA SECRETARIA;2214 - MANUTENÇÃO DA SECRETARIA;;3.3.90.32.00 - MATERIAL, BEM OU SERVIÇO PARA DISTRIBUIÇÃO GRATUITA;1.500.000 - RECURSOS NÃO VINCULADOS DE IMPOSTOS;0
147405853;3413959;302;01;2024;10;01.01001.01.031.0001.2335.3.3.90.39.00.1.500.000;01 - LEGISLATIVA;031 - AÇÃO LEGISLATIVA;0001 - PROCESSO LEGISLATIVO;2335 - RECEPÇÕES HOMENAGENS E FESTIVIDADES;;3.3.90.39.00 - OUTROS SERVIÇOS DE TERCEIROS  PESSOA JURÍDICA;1.500.000 - RECURSOS NÃO VINCULADOS DE IMPOSTOS;0
147254368;3359544;302;01;2024;8;01.01001.01.031.0001.2335.3.3.90.39.00.1.500.000;01 - LEGISLATIVA;031 - AÇÃO LEGISLATIVA;0001 - PROCESSO LEGISLATIVO;2335 - RECEPÇÕES HOMENAGENS E FESTIVIDADES;;3.3.90.39.00 - OUTROS SERVIÇOS DE TERCEIROS  PESSOA JURÍDICA;1.500.000 - RECURSOS NÃO VINCULADOS DE IMPOSTOS;0
147254374;3359547;302;01;2024;8;01.01001.01.031.0001.2332.3.3.90.39.00.1.500.000;01 - LEGISLATIVA;031 - AÇÃO LEGISLATIVA;0001 - PROCESSO LEGISLATIVO;2332 - MANUTENÇÃO DOS SERVIÇOS ADMINISTRATIVOS;;3.3.90.39.00 - OUTROS SERVIÇOS DE TERCEIROS  PESSOA JURÍDICA;1.500.000 - RECURSOS NÃO VINCULADOS DE IMPOSTOS;0
147254375;3359547;302;01;2024;8;01.01001.01.031.0001.2337.3.3.90.39.00.1.500.000;01 - LEGISLATIVA;031 - AÇÃO LEGISLATIVA;0001 - PROCESSO LEGISLATIVO;2337 - RELAÇÕES PÚBLICAS E DIVULGAÇÕES OFICIAIS;;3.3.90.39.00 - OUTROS SERVIÇOS DE TERCEIROS  PESSOA JURÍDICA;1.500.000 - RECURSOS NÃO VINCULADOS DE IMPOSTOS;0
147254376;3359548;302;01;2024;8;01.01001.01.031.0001.2332.3.3.90.39.00.1.500.000;01 - LEGISLATIVA;031 - AÇÃO LEGISLATIVA;0001 - PROCESSO LEGISLATIVO;2332 - MANUTENÇÃO DOS SERVIÇOS ADMINISTRATIVOS;;3.3.90.39.00 - OUTROS SERVIÇOS DE TERCEIROS  PESSOA JURÍDICA;1.500.000 - RECURSOS NÃO VINCULADOS DE IMPOSTOS;0
147254377;3359549;302;01;2024;8;01.01001.01.031.0001.2492.3.3.90.39.00.1.500.000;01 - LEGISLATIVA;031 - AÇÃO LEGISLATIVA;0001 - PROCESSO LEGISLATIVO;2492 - MANUTENÇÃO DOS SERVIÇOS DE VIGILÂNCIA;;3.3.90.39.00 - OUTROS SERVIÇOS DE TERCEIROS  PESSOA JURÍDICA;1.500.000 - RECURSOS NÃO VINCULADOS DE IMPOSTOS;0
147254378;3359550;302;01;2024;8;01.01001.01.031.0001.2335.3.3.90.39.00.1.500.000;01 - LEGISLATIVA;031 - AÇÃO LEGISLATIVA;0001 - PROCESSO LEGISLATIVO;2335 - RECEPÇÕES HOMENAGENS E FESTIVIDADES;;3.3.90.39.00 - OUTROS SERVIÇOS DE TERCEIROS  PESSOA JURÍDICA;1.500.000 - RECURSOS NÃO VINCULADOS DE IMPOSTOS;0
147254379;3359551;302;01;2024;8;01.01001.01.031.0001.2335.3.3.90.39.00.1.500.000;01 - LEGISLATIVA;031 - AÇÃO LEGISLATIVA;0001 - PROCESSO LEGISLATIVO;2335 - RECEPÇÕES HOMENAGENS E FESTIVIDADES;;3.3.90.39.00 - OUTROS SERVIÇOS DE TERCEIROS  PESSOA JURÍDICA;1.500.000 - RECURSOS NÃO VINCULADOS DE IMPOSTOS;0
147254380;3359551;302;01;2024;8;01.01001.01.031.0001.2332.3.3.90.39.00.1.500.000;01 - LEGISLATIVA;031 - AÇÃO LEGISLATIVA;0001 - PROCESSO LEGISLATIVO;2332 - MANUTENÇÃO DOS SERVIÇOS ADMINISTRATIVOS;;3.3.90.39.00 - OUTROS SERVIÇOS DE TERCEIROS  PESSOA JURÍDICA;1.500.000 - RECURSOS NÃO VINCULADOS DE IMPOSTOS;0
147309133;3379571;302;01;2024;9;01.01001.01.031.0001.2340.3.3.90.39.00.1.500.000;01 - LEGISLATIVA;031 - AÇÃO LEGISLATIVA;0001 - PROCESSO LEGISLATIVO;2340 - MANUTENÇÃO E CONSERVAÇÃO DE BENS MÓVEIS E IMÓVEIS;;3.3.90.39.00 - OUTROS SERVIÇOS DE TERCEIROS  PESSOA JURÍDICA;1.500.000 - RECURSOS NÃO VINCULADOS DE IMPOSTOS;0
147309134;3379572;302;01;2024;9;01.01001.01.031.0001.2332.3.3.90.39.00.1.500.000;01 - LEGISLATIVA;031 - AÇÃO LEGISLATIVA;0001 - PROCESSO LEGISLATIVO;2332 - MANUTENÇÃO DOS SERVIÇOS ADMINISTRATIVOS;;3.3.90.39.00 - OUTROS SERVIÇOS DE TERCEIROS  PESSOA JURÍDICA;1.500.000 - RECURSOS NÃO VINCULADOS DE IMPOSTOS;0
147099762;3308078;302;01;2024;6;01.01001.01.031.0001.2335.3.3.90.31.00.1.500.000;01 - LEGISLATIVA;031 - AÇÃO LEGISLATIVA;0001 - PROCESSO LEGISLATIVO;2335 - RECEPÇÕES HOMENAGENS E FESTIVIDADES;;3.3.90.31.00 - PREMIAÇÕES CULTURAIS, ARTÍSTICAS, CIENTÍFICAS, DESPORTIVAS E OUTRAS;1.500.000 - RECURSOS NÃO VINCULADOS DE IMPOSTOS;0
147099763;3308079;302;01;2024;6;01.01001.01.031.0001.2335.3.3.90.31.00.1.500.000;01 - LEGISLATIVA;031 - AÇÃO LEGISLATIVA;0001 - PROCESSO LEGISLATIVO;2335 - RECEPÇÕES HOMENAGENS E FESTIVIDADES;;3.3.90.31.00 - PREMIAÇÕES CULTURAIS, ARTÍSTICAS, CIENTÍFICAS, DESPORTIVAS E OUTRAS;1.500.000 - RECURSOS NÃO VINCULADOS DE IMPOSTOS;0
146953354;3257645;302;01;2024;4;01.01001.01.031.0001.2466.3.3.90.39.00.1.500.000;01 - LEGISLATIVA;031 - AÇÃO LEGISLATIVA;0001 - PROCESSO LEGISLATIVO;2466 - MANUTENÇÃO DA ATIVIDADE PROCON;;3.3.90.39.00 - OUTROS SERVIÇOS DE TERCEIROS  PESSOA JURÍDICA;1.500.000 - RECURSOS NÃO VINCULADOS DE IMPOSTOS;0
146896620;3237809;303;02;2024;3;02.02020.13.392.0260.2461.3.3.90.39.00.1.500.000;13 - CULTURA;392 - DIFUSÃO CULTURAL;0260 - PROMOÇÃO E DIVULGAÇÃO CULTURAL;2461 - FESTIVIDADES E COMEMORAÇÕES DO CALENDARIO MUNICIPAL;;3.3.90.39.00 - OUTROS SERVIÇOS DE TERCEIROS  PESSOA JURÍDICA;1.500.000 - RECURSOS NÃO VINCULADOS DE IMPOSTOS;0
147029870;3285712;302;01;2024;5;01.01001.01.031.0001.2330.3.3.90.39.00.1.500.000;01 - LEGISLATIVA;031 - AÇÃO LEGISLATIVA;0001 - PROCESSO LEGISLATIVO;2330 - MANUTENÇÃO DO CORPO LEGISLATIVO;;3.3.90.39.00 - OUTROS SERVIÇOS DE TERCEIROS  PESSOA JURÍDICA;1.500.000 - RECURSOS NÃO VINCULADOS DE IMPOSTOS;0
146897872;3238273;302;01;2024;3;01.01001.01.031.0001.2466.3.3.90.36.00.1.500.000;01 - LEGISLATIVA;031 - AÇÃO LEGISLATIVA;0001 - PROCESSO LEGISLATIVO;2466 - MANUTENÇÃO DA ATIVIDADE PROCON;;3.3.90.36.00 - OUTROS SERVIÇOS DE TERCEIROS  PESSOA FÍSICA;1.500.000 - RECURSOS NÃO VINCULADOS DE IMPOSTOS;0
146879642;3232928;302;01;2024;2;01.01001.01.031.0001.2339.3.3.90.39.00.1.500.000;01 - LEGISLATIVA;031 - AÇÃO LEGISLATIVA;0001 - PROCESSO LEGISLATIVO;2339 - MANUTENÇÃO E CONSERVAÇÃO DE VEÍCULOS;;3.3.90.39.00 - OUTROS SERVIÇOS DE TERCEIROS  PESSOA JURÍDICA;1.500.000 - RECURSOS NÃO VINCULADOS DE IMPOSTOS;0
147542172;3462449;304;03;2024;12;03.06001.17.512.0079.1057.4.4.90.52.00.1.753.000;17 - SANEAMENTO;512 - SANEAMENTO BÁSICO URBANO;0079 - SISTEMA DE ABASTECIMENTO DE ÁGUA;1057 - AQUISIÇÃO E INSTALAÇÃO DE HIDRANTES MOTORES E APARELHOS;;4.4.90.52.00 - EQUIPAMENTOS E MATERIAL PERMANENTE;1.753.000 - RECURSOS PROVENIENTES DE TAXAS, CONTRIBUIÇÕES E PREÇOS PÚBLICOS;0
147488777;3443949;303;02;2024;10;02.02012.08.122.0141.2244.3.3.90.30.00.1.500.000;08 - ASSISTÊNCIA SOCIAL;122 - ADMINISTRAÇÃO GERAL;0141 - PROTEÇÃO SOCIAL ESPECIAL ABRIGOCASA DE PASSAGEM;2244 - MANUTENÇÃO DO ABRIGO CASA DE PASSAGEM;;3.3.90.30.00 - MATERIAL DE CONSUMO;1.500.000 - RECURSOS NÃO VINCULADOS DE IMPOSTOS;0
147488779;3443949;303;02;2024;10;02.02007001.12.306.0016.2037.3.3.90.30.00.1.500.000;12 - EDUCAÇÃO;306 - ALIMENTAÇÃO E NUTRIÇÃO;0016 - PROGRAMA DE ALIMENTAÇÃO ESCOLAR;2037 - EXECUÇÃO DO PROGRAMA DE ALIMENTAÇÃO ESCOLAR;;3.3.90.30.00 - MATERIAL DE CONSUMO;1.500.000 - RECURSOS NÃO VINCULADOS DE IMPOSTOS;0
146896621;3237810;303;02;2024;3;02.02007001.12.365.0003.1042.4.4.90.51.00.1.569.000;12 - EDUCAÇÃO;365 - EDUCAÇÃO INFANTIL;0003 - MANUTENÇÃO DA EDUCAÇÃO BÁSICA;1042 - CONSTRUÇÃO E REFORMA DE CRECHEPRÉ ESCOLA EDUCAÇÃO INFANTIL;;4.4.90.51.00 - OBRAS E INSTALAÇÕES;1.569.000 - OUTRAS TRANSFERÊNCIAS DE RECURSOS DO FNDE;0
146896623;3237811;303;02;2024;3;02.02006.04.122.0164.2214.3.3.90.30.00.1.500.000;04 - ADMINISTRAÇÃO;122 - ADMINISTRAÇÃO GERAL;0164 - GESTÃO DA SECRETARIA;2214 - MANUTENÇÃO DA SECRETARIA;;3.3.90.30.00 - MATERIAL DE CONSUMO;1.500.000 - RECURSOS NÃO VINCULADOS DE IMPOSTOS;0
146896622;3237810;303;02;2024;3;02.02007001.12.365.0003.1042.4.4.90.51.00.1.500.000;12 - EDUCAÇÃO;365 - EDUCAÇÃO INFANTIL;0003 - MANUTENÇÃO DA EDUCAÇÃO BÁSICA;1042 - CONSTRUÇÃO E REFORMA DE CRECHEPRÉ ESCOLA EDUCAÇÃO INFANTIL;;4.4.90.51.00 - OBRAS E INSTALAÇÕES;1.500.000 - RECURSOS NÃO VINCULADOS DE IMPOSTOS;0
147488778;3443949;303;02;2024;10;02.02007001.12.306.0016.2037.3.3.90.30.00.1.552.000;12 - EDUCAÇÃO;306 - ALIMENTAÇÃO E NUTRIÇÃO;0016 - PROGRAMA DE ALIMENTAÇÃO ESCOLAR;2037 - EXECUÇÃO DO PROGRAMA DE ALIMENTAÇÃO ESCOLAR;;3.3.90.30.00 - MATERIAL DE CONSUMO;1.552.000 - TRANSFERÊNCIAS DE RECURSOS DO FNDE REFERENTES AO PROGRAMA NACIONAL DE ALIMENTAÇÃO ESCOLAR (PNAE);0
147542156;3462435;304;03;2024;12;03.06001.17.122.0030.2050.3.3.90.30.00.1.753.000;17 - SANEAMENTO;122 - ADMINISTRAÇÃO GERAL;0030 - APOIO ADMINISTRATIVO;2050 - MANUTENÇÃO DOS SERVIÇOS ADMINISTRATIVOS;;3.3.90.30.00 - MATERIAL DE CONSUMO;1.753.000 - RECURSOS PROVENIENTES DE TAXAS, CONTRIBUIÇÕES E PREÇOS PÚBLICOS;0
147542159;3462437;304;03;2024;12;03.06001.17.122.0030.2050.3.3.90.30.00.1.753.000;17 - SANEAMENTO;122 - ADMINISTRAÇÃO GERAL;0030 - APOIO ADMINISTRATIVO;2050 - MANUTENÇÃO DOS SERVIÇOS ADMINISTRATIVOS;;3.3.90.30.00 - MATERIAL DE CONSUMO;1.753.000 - RECURSOS PROVENIENTES DE TAXAS, CONTRIBUIÇÕES E PREÇOS PÚBLICOS;0
147542162;3462440;304;03;2024;12;03.06001.17.122.0030.2050.3.3.90.30.00.1.753.000;17 - SANEAMENTO;122 - ADMINISTRAÇÃO GERAL;0030 - APOIO ADMINISTRATIVO;2050 - MANUTENÇÃO DOS SERVIÇOS ADMINISTRATIVOS;;3.3.90.30.00 - MATERIAL DE CONSUMO;1.753.000 - RECURSOS PROVENIENTES DE TAXAS, CONTRIBUIÇÕES E PREÇOS PÚBLICOS;0
147542166;3462444;304;03;2024;12;03.06001.17.122.0030.2050.3.3.90.30.00.1.753.000;17 - SANEAMENTO;122 - ADMINISTRAÇÃO GERAL;0030 - APOIO ADMINISTRATIVO;2050 - MANUTENÇÃO DOS SERVIÇOS ADMINISTRATIVOS;;3.3.90.30.00 - MATERIAL DE CONSUMO;1.753.000 - RECURSOS PROVENIENTES DE TAXAS, CONTRIBUIÇÕES E PREÇOS PÚBLICOS;0
147542167;3462445;304;03;2024;12;03.06001.17.122.0030.2050.3.3.90.30.00.1.753.000;17 - SANEAMENTO;122 - ADMINISTRAÇÃO GERAL;0030 - APOIO ADMINISTRATIVO;2050 - MANUTENÇÃO DOS SERVIÇOS ADMINISTRATIVOS;;3.3.90.30.00 - MATERIAL DE CONSUMO;1.753.000 - RECURSOS PROVENIENTES DE TAXAS, CONTRIBUIÇÕES E PREÇOS PÚBLICOS;0
147542171;3462448;304;03;2024;12;03.06001.17.122.0030.2050.3.3.90.30.00.1.753.000;17 - SANEAMENTO;122 - ADMINISTRAÇÃO GERAL;0030 - APOIO ADMINISTRATIVO;2050 - MANUTENÇÃO DOS SERVIÇOS ADMINISTRATIVOS;;3.3.90.30.00 - MATERIAL DE CONSUMO;1.753.000 - RECURSOS PROVENIENTES DE TAXAS, CONTRIBUIÇÕES E PREÇOS PÚBLICOS;0
147542157;3462436;304;03;2024;12;03.06001.17.512.0033.2054.3.3.90.30.00.1.753.000;17 - SANEAMENTO;512 - SANEAMENTO BÁSICO URBANO;0033 - SISTEMA DE ESGOTO SANITÁRIO;2054 - OPERAÇÃO E MANUTENÇÃO DO SISTEMA DE ESGOTO SANITÁRIO;;3.3.90.30.00 - MATERIAL DE CONSUMO;1.753.000 - RECURSOS PROVENIENTES DE TAXAS, CONTRIBUIÇÕES E PREÇOS PÚBLICOS;0
147542169;3462446;304;03;2024;12;03.06001.17.512.0033.2054.3.3.90.30.00.1.753.000;17 - SANEAMENTO;512 - SANEAMENTO BÁSICO URBANO;0033 - SISTEMA DE ESGOTO SANITÁRIO;2054 - OPERAÇÃO E MANUTENÇÃO DO SISTEMA DE ESGOTO SANITÁRIO;;3.3.90.30.00 - MATERIAL DE CONSUMO;1.753.000 - RECURSOS PROVENIENTES DE TAXAS, CONTRIBUIÇÕES E PREÇOS PÚBLICOS;0
147542158;3462436;304;03;2024;12;03.06001.17.512.0079.2053.3.3.90.30.00.1.753.000;17 - SANEAMENTO;512 - SANEAMENTO BÁSICO URBANO;0079 - SISTEMA DE ABASTECIMENTO DE ÁGUA;2053 - OPERAÇÃO E MANUTENÇÃO DO SISTEMA DE ABASTECIMENTO DE ÁGUA;;3.3.90.30.00 - MATERIAL DE CONSUMO;1.753.000 - RECURSOS PROVENIENTES DE TAXAS, CONTRIBUIÇÕES E PREÇOS PÚBLICOS;0
147542160;3462438;304;03;2024;12;03.06001.17.512.0079.2053.3.3.90.30.00.1.753.000;17 - SANEAMENTO;512 - SANEAMENTO BÁSICO URBANO;0079 - SISTEMA DE ABASTECIMENTO DE ÁGUA;2053 - OPERAÇÃO E MANUTENÇÃO DO SISTEMA DE ABASTECIMENTO DE ÁGUA;;3.3.90.30.00 - MATERIAL DE CONSUMO;1.753.000 - RECURSOS PROVENIENTES DE TAXAS, CONTRIBUIÇÕES E PREÇOS PÚBLICOS;0
147542161;3462439;304;03;2024;12;03.06001.17.512.0079.2053.3.3.90.30.00.1.753.000;17 - SANEAMENTO;512 - SANEAMENTO BÁSICO URBANO;0079 - SISTEMA DE ABASTECIMENTO DE ÁGUA;2053 - OPERAÇÃO E MANUTENÇÃO DO SISTEMA DE ABASTECIMENTO DE ÁGUA;;3.3.90.30.00 - MATERIAL DE CONSUMO;1.753.000 - RECURSOS PROVENIENTES DE TAXAS, CONTRIBUIÇÕES E PREÇOS PÚBLICOS;0
147542163;3462441;304;03;2024;12;03.06001.17.512.0079.2053.3.3.90.30.00.1.753.000;17 - SANEAMENTO;512 - SANEAMENTO BÁSICO URBANO;0079 - SISTEMA DE ABASTECIMENTO DE ÁGUA;2053 - OPERAÇÃO E MANUTENÇÃO DO SISTEMA DE ABASTECIMENTO DE ÁGUA;;3.3.90.30.00 - MATERIAL DE CONSUMO;1.753.000 - RECURSOS PROVENIENTES DE TAXAS, CONTRIBUIÇÕES E PREÇOS PÚBLICOS;0
147542164;3462442;304;03;2024;12;03.06001.17.512.0079.2053.3.3.90.30.00.1.753.000;17 - SANEAMENTO;512 - SANEAMENTO BÁSICO URBANO;0079 - SISTEMA DE ABASTECIMENTO DE ÁGUA;2053 - OPERAÇÃO E MANUTENÇÃO DO SISTEMA DE ABASTECIMENTO DE ÁGUA;;3.3.90.30.00 - MATERIAL DE CONSUMO;1.753.000 - RECURSOS PROVENIENTES DE TAXAS, CONTRIBUIÇÕES E PREÇOS PÚBLICOS;0
147542165;3462443;304;03;2024;12;03.06001.17.512.0079.2053.3.3.90.30.00.1.753.000;17 - SANEAMENTO;512 - SANEAMENTO BÁSICO URBANO;0079 - SISTEMA DE ABASTECIMENTO DE ÁGUA;2053 - OPERAÇÃO E MANUTENÇÃO DO SISTEMA DE ABASTECIMENTO DE ÁGUA;;3.3.90.30.00 - MATERIAL DE CONSUMO;1.753.000 - RECURSOS PROVENIENTES DE TAXAS, CONTRIBUIÇÕES E PREÇOS PÚBLICOS;0
147542168;3462446;304;03;2024;12;03.06001.17.512.0079.2053.3.3.90.30.00.1.753.000;17 - SANEAMENTO;512 - SANEAMENTO BÁSICO URBANO;0079 - SISTEMA DE ABASTECIMENTO DE ÁGUA;2053 - OPERAÇÃO E MANUTENÇÃO DO SISTEMA DE ABASTECIMENTO DE ÁGUA;;3.3.90.30.00 - MATERIAL DE CONSUMO;1.753.000 - RECURSOS PROVENIENTES DE TAXAS, CONTRIBUIÇÕES E PREÇOS PÚBLICOS;0
147542170;3462447;304;03;2024;12;03.06001.17.512.0079.1057.4.4.90.52.00.1.753.000;17 - SANEAMENTO;512 - SANEAMENTO BÁSICO URBANO;0079 - SISTEMA DE ABASTECIMENTO DE ÁGUA;1057 - AQUISIÇÃO E INSTALAÇÃO DE HIDRANTES MOTORES E APARELHOS;;4.4.90.52.00 - EQUIPAMENTOS E MATERIAL PERMANENTE;1.753.000 - RECURSOS PROVENIENTES DE TAXAS, CONTRIBUIÇÕES E PREÇOS PÚBLICOS;0
147542173;3462450;304;03;2024;12;03.06001.17.122.0030.2050.3.3.90.30.00.1.753.000;17 - SANEAMENTO;122 - ADMINISTRAÇÃO GERAL;0030 - APOIO ADMINISTRATIVO;2050 - MANUTENÇÃO DOS SERVIÇOS ADMINISTRATIVOS;;3.3.90.30.00 - MATERIAL DE CONSUMO;1.753.000 - RECURSOS PROVENIENTES DE TAXAS, CONTRIBUIÇÕES E PREÇOS PÚBLICOS;0
147542174;3462451;304;03;2024;12;03.06001.17.512.0079.2053.3.3.90.30.00.1.753.000;17 - SANEAMENTO;512 - SANEAMENTO BÁSICO URBANO;0079 - SISTEMA DE ABASTECIMENTO DE ÁGUA;2053 - OPERAÇÃO E MANUTENÇÃO DO SISTEMA DE ABASTECIMENTO DE ÁGUA;;3.3.90.30.00 - MATERIAL DE CONSUMO;1.753.000 - RECURSOS PROVENIENTES DE TAXAS, CONTRIBUIÇÕES E PREÇOS PÚBLICOS;0
147542175;3462451;304;03;2024;12;03.06001.17.512.0079.2053.3.3.90.39.00.1.753.000;17 - SANEAMENTO;512 - SANEAMENTO BÁSICO URBANO;0079 - SISTEMA DE ABASTECIMENTO DE ÁGUA;2053 - OPERAÇÃO E MANUTENÇÃO DO SISTEMA DE ABASTECIMENTO DE ÁGUA;;3.3.90.39.00 - OUTROS SERVIÇOS DE TERCEIROS  PESSOA JURÍDICA;1.753.000 - RECURSOS PROVENIENTES DE TAXAS, CONTRIBUIÇÕES E PREÇOS PÚBLICOS;0
147542176;3462452;304;03;2024;12;03.06001.17.512.0079.2053.3.3.90.30.00.1.753.000;17 - SANEAMENTO;512 - SANEAMENTO BÁSICO URBANO;0079 - SISTEMA DE ABASTECIMENTO DE ÁGUA;2053 - OPERAÇÃO E MANUTENÇÃO DO SISTEMA DE ABASTECIMENTO DE ÁGUA;;3.3.90.30.00 - MATERIAL DE CONSUMO;1.753.000 - RECURSOS PROVENIENTES DE TAXAS, CONTRIBUIÇÕES E PREÇOS PÚBLICOS;0
147542177;3462453;304;03;2024;12;03.06001.17.512.0033.2054.3.3.90.30.00.1.753.000;17 - SANEAMENTO;512 - SANEAMENTO BÁSICO URBANO;0033 - SISTEMA DE ESGOTO SANITÁRIO;2054 - OPERAÇÃO E MANUTENÇÃO DO SISTEMA DE ESGOTO SANITÁRIO;;3.3.90.30.00 - MATERIAL DE CONSUMO;1.753.000 - RECURSOS PROVENIENTES DE TAXAS, CONTRIBUIÇÕES E PREÇOS PÚBLICOS;0
147542178;3462453;304;03;2024;12;03.06001.17.512.0079.2053.3.3.90.30.00.1.753.000;17 - SANEAMENTO;512 - SANEAMENTO BÁSICO URBANO;0079 - SISTEMA DE ABASTECIMENTO DE ÁGUA;2053 - OPERAÇÃO E MANUTENÇÃO DO SISTEMA DE ABASTECIMENTO DE ÁGUA;;3.3.90.30.00 - MATERIAL DE CONSUMO;1.753.000 - RECURSOS PROVENIENTES DE TAXAS, CONTRIBUIÇÕES E PREÇOS PÚBLICOS;0
147444776;3429337;304;03;2024;9;03.06001.17.512.0079.1059.4.4.90.52.00.1.753.000;17 - SANEAMENTO;512 - SANEAMENTO BÁSICO URBANO;0079 - SISTEMA DE ABASTECIMENTO DE ÁGUA;1059 - AQUISIÇÃO E INSTALAÇÃO DE MEDIDORES DE ÁGUA HIDRÔMETROS;;4.4.90.52.00 - EQUIPAMENTOS E MATERIAL PERMANENTE;1.753.000 - RECURSOS PROVENIENTES DE TAXAS, CONTRIBUIÇÕES E PREÇOS PÚBLICOS;0
147174391;3334123;304;03;2024;7;03.06001.17.512.0079.2053.3.3.90.30.00.1.753.000;17 - SANEAMENTO;512 - SANEAMENTO BÁSICO URBANO;0079 - SISTEMA DE ABASTECIMENTO DE ÁGUA;2053 - OPERAÇÃO E MANUTENÇÃO DO SISTEMA DE ABASTECIMENTO DE ÁGUA;;3.3.90.30.00 - MATERIAL DE CONSUMO;1.753.000 - RECURSOS PROVENIENTES DE TAXAS, CONTRIBUIÇÕES E PREÇOS PÚBLICOS;0
147174392;3334124;304;03;2024;7;03.06001.17.512.0079.2053.3.3.90.30.00.1.753.000;17 - SANEAMENTO;512 - SANEAMENTO BÁSICO URBANO;0079 - SISTEMA DE ABASTECIMENTO DE ÁGUA;2053 - OPERAÇÃO E MANUTENÇÃO DO SISTEMA DE ABASTECIMENTO DE ÁGUA;;3.3.90.30.00 - MATERIAL DE CONSUMO;1.753.000 - RECURSOS PROVENIENTES DE TAXAS, CONTRIBUIÇÕES E PREÇOS PÚBLICOS;0
147174393;3334125;304;03;2024;7;03.06001.17.512.0079.2053.3.3.90.30.00.1.753.000;17 - SANEAMENTO;512 - SANEAMENTO BÁSICO URBANO;0079 - SISTEMA DE ABASTECIMENTO DE ÁGUA;2053 - OPERAÇÃO E MANUTENÇÃO DO SISTEMA DE ABASTECIMENTO DE ÁGUA;;3.3.90.30.00 - MATERIAL DE CONSUMO;1.753.000 - RECURSOS PROVENIENTES DE TAXAS, CONTRIBUIÇÕES E PREÇOS PÚBLICOS;0
147174394;3334126;304;03;2024;7;03.06001.17.512.0079.2053.3.3.90.39.00.1.753.000;17 - SANEAMENTO;512 - SANEAMENTO BÁSICO URBANO;0079 - SISTEMA DE ABASTECIMENTO DE ÁGUA;2053 - OPERAÇÃO E MANUTENÇÃO DO SISTEMA DE ABASTECIMENTO DE ÁGUA;;3.3.90.39.00 - OUTROS SERVIÇOS DE TERCEIROS  PESSOA JURÍDICA;1.753.000 - RECURSOS PROVENIENTES DE TAXAS, CONTRIBUIÇÕES E PREÇOS PÚBLICOS;0
147174395;3334126;304;03;2024;7;03.06001.17.122.0030.2050.3.3.90.30.00.1.753.000;17 - SANEAMENTO;122 - ADMINISTRAÇÃO GERAL;0030 - APOIO ADMINISTRATIVO;2050 - MANUTENÇÃO DOS SERVIÇOS ADMINISTRATIVOS;;3.3.90.30.00 - MATERIAL DE CONSUMO;1.753.000 - RECURSOS PROVENIENTES DE TAXAS, CONTRIBUIÇÕES E PREÇOS PÚBLICOS;0
147174397;3334126;304;03;2024;7;03.06001.17.512.0079.2053.3.3.90.30.00.1.753.000;17 - SANEAMENTO;512 - SANEAMENTO BÁSICO URBANO;0079 - SISTEMA DE ABASTECIMENTO DE ÁGUA;2053 - OPERAÇÃO E MANUTENÇÃO DO SISTEMA DE ABASTECIMENTO DE ÁGUA;;3.3.90.30.00 - MATERIAL DE CONSUMO;1.753.000 - RECURSOS PROVENIENTES DE TAXAS, CONTRIBUIÇÕES E PREÇOS PÚBLICOS;0
147174398;3334127;304;03;2024;7;03.06001.17.512.0079.2053.3.3.90.39.00.1.753.000;17 - SANEAMENTO;512 - SANEAMENTO BÁSICO URBANO;0079 - SISTEMA DE ABASTECIMENTO DE ÁGUA;2053 - OPERAÇÃO E MANUTENÇÃO DO SISTEMA DE ABASTECIMENTO DE ÁGUA;;3.3.90.39.00 - OUTROS SERVIÇOS DE TERCEIROS  PESSOA JURÍDICA;1.753.000 - RECURSOS PROVENIENTES DE TAXAS, CONTRIBUIÇÕES E PREÇOS PÚBLICOS;0
147029922;3285747;304;03;2024;5;03.06001.17.512.0079.2053.3.3.90.30.00.1.753.000;17 - SANEAMENTO;512 - SANEAMENTO BÁSICO URBANO;0079 - SISTEMA DE ABASTECIMENTO DE ÁGUA;2053 - OPERAÇÃO E MANUTENÇÃO DO SISTEMA DE ABASTECIMENTO DE ÁGUA;;3.3.90.30.00 - MATERIAL DE CONSUMO;1.753.000 - RECURSOS PROVENIENTES DE TAXAS, CONTRIBUIÇÕES E PREÇOS PÚBLICOS;0
147029923;3285747;304;03;2024;5;03.06001.17.512.0033.2054.3.3.90.30.00.1.753.000;17 - SANEAMENTO;512 - SANEAMENTO BÁSICO URBANO;0033 - SISTEMA DE ESGOTO SANITÁRIO;2054 - OPERAÇÃO E MANUTENÇÃO DO SISTEMA DE ESGOTO SANITÁRIO;;3.3.90.30.00 - MATERIAL DE CONSUMO;1.753.000 - RECURSOS PROVENIENTES DE TAXAS, CONTRIBUIÇÕES E PREÇOS PÚBLICOS;0
147029924;3285748;304;03;2024;5;03.06001.17.512.0079.2053.3.3.90.30.00.1.753.000;17 - SANEAMENTO;512 - SANEAMENTO BÁSICO URBANO;0079 - SISTEMA DE ABASTECIMENTO DE ÁGUA;2053 - OPERAÇÃO E MANUTENÇÃO DO SISTEMA DE ABASTECIMENTO DE ÁGUA;;3.3.90.30.00 - MATERIAL DE CONSUMO;1.753.000 - RECURSOS PROVENIENTES DE TAXAS, CONTRIBUIÇÕES E PREÇOS PÚBLICOS;0
147029925;3285748;304;03;2024;5;03.06001.17.512.0033.2054.3.3.90.30.00.1.753.000;17 - SANEAMENTO;512 - SANEAMENTO BÁSICO URBANO;0033 - SISTEMA DE ESGOTO SANITÁRIO;2054 - OPERAÇÃO E MANUTENÇÃO DO SISTEMA DE ESGOTO SANITÁRIO;;3.3.90.30.00 - MATERIAL DE CONSUMO;1.753.000 - RECURSOS PROVENIENTES DE TAXAS, CONTRIBUIÇÕES E PREÇOS PÚBLICOS;0
147029926;3285749;304;03;2024;5;03.06001.17.512.0033.2054.3.3.90.30.00.1.753.000;17 - SANEAMENTO;512 - SANEAMENTO BÁSICO URBANO;0033 - SISTEMA DE ESGOTO SANITÁRIO;2054 - OPERAÇÃO E MANUTENÇÃO DO SISTEMA DE ESGOTO SANITÁRIO;;3.3.90.30.00 - MATERIAL DE CONSUMO;1.753.000 - RECURSOS PROVENIENTES DE TAXAS, CONTRIBUIÇÕES E PREÇOS PÚBLICOS;0
147029927;3285749;304;03;2024;5;03.06001.17.512.0079.2053.3.3.90.30.00.1.753.000;17 - SANEAMENTO;512 - SANEAMENTO BÁSICO URBANO;0079 - SISTEMA DE ABASTECIMENTO DE ÁGUA;2053 - OPERAÇÃO E MANUTENÇÃO DO SISTEMA DE ABASTECIMENTO DE ÁGUA;;3.3.90.30.00 - MATERIAL DE CONSUMO;1.753.000 - RECURSOS PROVENIENTES DE TAXAS, CONTRIBUIÇÕES E PREÇOS PÚBLICOS;0
147120241;3314160;304;03;2024;6;03.06001.17.122.0030.2050.3.3.90.30.00.1.753.000;17 - SANEAMENTO;122 - ADMINISTRAÇÃO GERAL;0030 - APOIO ADMINISTRATIVO;2050 - MANUTENÇÃO DOS SERVIÇOS ADMINISTRATIVOS;;3.3.90.30.00 - MATERIAL DE CONSUMO;1.753.000 - RECURSOS PROVENIENTES DE TAXAS, CONTRIBUIÇÕES E PREÇOS PÚBLICOS;0
147174396;3334126;304;03;2024;7;03.06001.17.512.0033.2054.3.3.90.39.00.1.753.000;17 - SANEAMENTO;512 - SANEAMENTO BÁSICO URBANO;0033 - SISTEMA DE ESGOTO SANITÁRIO;2054 - OPERAÇÃO E MANUTENÇÃO DO SISTEMA DE ESGOTO SANITÁRIO;;3.3.90.39.00 - OUTROS SERVIÇOS DE TERCEIROS  PESSOA JURÍDICA;1.753.000 - RECURSOS PROVENIENTES DE TAXAS, CONTRIBUIÇÕES E PREÇOS PÚBLICOS;0
147127459;3316431;306;05;2024;6;05.08001.12.363.0329.2493.4.4.90.52.00.1.571.000;12 - EDUCAÇÃO;363 - ENSINO PROFISSIONAL;0329 - PROGRAMA TRILHA DO FUTURO;2493 - PROGRAMA TRILHA DO FUTURO;;4.4.90.52.00 - EQUIPAMENTOS E MATERIAL PERMANENTE;1.571.000 - TRANSFERÊNCIAS DO ESTADO REFERENTES A CONVÊNIOS E INSTRUMENTOS CONGÊNERES VINCULADOS À EDUCAÇÃO;0
147489906;3444358;303;02;2024;11;02.02017.10.301.0029.2063.3.3.90.39.00.1.600.000;10 - SAÚDE;301 - ATENÇÃO BÁSICA;0029 - ATENÇÃO BÁSICA;2063 - MANUTENÇÃO DA ATENÇÃO BÁSICA;;3.3.90.39.00 - OUTROS SERVIÇOS DE TERCEIROS  PESSOA JURÍDICA;1.600.000 - TRANSFERÊNCIAS FUNDO A FUNDO DE RECURSOS DO SUS PROVENIENTES DO GOVERNO FEDERAL - BLOCO DE MANUTENÇÃO DAS AÇÕES E SERVIÇOS PÚBLICOS DE SAÚDE;0
147487497;3443482;303;02;2024;9;02.02017.10.301.0029.2063.3.3.90.39.00.1.621.000;10 - SAÚDE;301 - ATENÇÃO BÁSICA;0029 - ATENÇÃO BÁSICA;2063 - MANUTENÇÃO DA ATENÇÃO BÁSICA;;3.3.90.39.00 - OUTROS SERVIÇOS DE TERCEIROS  PESSOA JURÍDICA;1.621.000 - TRANSFERÊNCIAS FUNDO A FUNDO DE RECURSOS DO SUS PROVENIENTES DO GOVERNO ESTADUAL;0
147488776;3443949;303;02;2024;10;02.02012.08.122.0226.2410.3.3.90.30.00.1.660.000;08 - ASSISTÊNCIA SOCIAL;122 - ADMINISTRAÇÃO GERAL;0226 - PROTEÇÃO SOCIAL BÁSICA;2410 - SERVIÇO CRASSERVIÇO DE CONVIVÊNCIA E FORTALECIMENTO DE VÍNCULOS;;3.3.90.30.00 - MATERIAL DE CONSUMO;1.660.000 - TRANSFERÊNCIA DE RECURSOS DO FUNDO NACIONAL DE ASSISTÊNCIA SOCIAL - FNAS;0
147487496;3443481;303;02;2024;9;02.02009.15.451.0072.1087.4.4.90.51.00.1.701.000;15 - URBANISMO;451 - INFRA-ESTRUTURA URBANA;0072 - INFRAESTRUTURA PATRIMONIAL URBANA E DISTRITAL;1087 - CONSTRUÇÃO MELHORIA E MANUTENÇÃO DE INFRAESTRUTURA URBANA;;4.4.90.51.00 - OBRAS E INSTALAÇÕES;1.701.000 - OUTRAS TRANSFERÊNCIAS DE CONVÊNIOS OU INSTRUMENTOS CONGÊNERES DOS ESTADOS;0
147198214;3340629;303;02;2024;7;02.02009.15.451.0072.1087.4.4.90.51.00.1.701.000;15 - URBANISMO;451 - INFRA-ESTRUTURA URBANA;0072 - INFRAESTRUTURA PATRIMONIAL URBANA E DISTRITAL;1087 - CONSTRUÇÃO MELHORIA E MANUTENÇÃO DE INFRAESTRUTURA URBANA;;4.4.90.51.00 - OBRAS E INSTALAÇÕES;1.701.000 - OUTRAS TRANSFERÊNCIAS DE CONVÊNIOS OU INSTRUMENTOS CONGÊNERES DOS ESTADOS;0
147198215;3340630;303;02;2024;7;02.02009.15.451.0072.1087.4.4.90.51.00.1.701.000;15 - URBANISMO;451 - INFRA-ESTRUTURA URBANA;0072 - INFRAESTRUTURA PATRIMONIAL URBANA E DISTRITAL;1087 - CONSTRUÇÃO MELHORIA E MANUTENÇÃO DE INFRAESTRUTURA URBANA;;4.4.90.51.00 - OBRAS E INSTALAÇÕES;1.701.000 - OUTRAS TRANSFERÊNCIAS DE CONVÊNIOS OU INSTRUMENTOS CONGÊNERES DOS ESTADOS;0
147198216;3340631;303;02;2024;7;02.02009.15.451.0072.1087.4.4.90.51.00.1.701.000;15 - URBANISMO;451 - INFRA-ESTRUTURA URBANA;0072 - INFRAESTRUTURA PATRIMONIAL URBANA E DISTRITAL;1087 - CONSTRUÇÃO MELHORIA E MANUTENÇÃO DE INFRAESTRUTURA URBANA;;4.4.90.51.00 - OBRAS E INSTALAÇÕES;1.701.000 - OUTRAS TRANSFERÊNCIAS DE CONVÊNIOS OU INSTRUMENTOS CONGÊNERES DOS ESTADOS;0
147488782;3443952;303;02;2024;10;02.02009.15.451.0072.1087.4.4.90.51.00.1.710.000;15 - URBANISMO;451 - INFRA-ESTRUTURA URBANA;0072 - INFRAESTRUTURA PATRIMONIAL URBANA E DISTRITAL;1087 - CONSTRUÇÃO MELHORIA E MANUTENÇÃO DE INFRAESTRUTURA URBANA;;4.4.90.51.00 - OBRAS E INSTALAÇÕES;1.710.000 - TRANSFERÊNCIA ESPECIAL DOS ESTADOS;0
