seq_forn_dispensa;seq_item_dispensa;seq_dispensa;seq_orgao;cod_orgao;num_ano_referencia;num_mes_referencia;num_doc_fornecedor;dsc_nom_fornecedor;num_inscr_estadual;dsc_sigla_uf;num_certidao_inss;dat_emi_cert_inss;dat_val_cert_inss;num_cert_fgts;dat_emi_cert_fgts;dat_val_cert_fgts;num_cndt;dat_emi_cndt;dat_val_cndt;num_quant_item;vlr_item
2938623;4152971;665245;303;02;2023;3;163***296**;ESTEFANI VIEIRA LOPES DA SILVA;;MG;;;;;;;;;;10;450
3047297;4249174;686742;303;02;2023;10;17171612000735;CARBEL SA;;MG;;;;;;;;;;1;88.5
3047298;4249175;686742;303;02;2023;10;17171612000735;CARBEL SA;;MG;;;;;;;;;;1;61.2
3047299;4249160;686742;303;02;2023;10;17171612000735;CARBEL SA;;MG;;;;;;;;;;3.3;80.92
3047300;4249166;686742;303;02;2023;10;17171612000735;CARBEL SA;;MG;;;;;;;;;;1;2.5
3047301;4249161;686742;303;02;2023;10;17171612000735;CARBEL SA;;MG;;;;;;;;;;0.9;280
3047302;4249169;686742;303;02;2023;10;17171612000735;CARBEL SA;;MG;;;;;;;;;;1;48
3047303;4249163;686742;303;02;2023;10;17171612000735;CARBEL SA;;MG;;;;;;;;;;1;13
3047304;4249171;686742;303;02;2023;10;17171612000735;CARBEL SA;;MG;;;;;;;;;;1;65
3047305;4249165;686742;303;02;2023;10;17171612000735;CARBEL SA;;MG;;;;;;;;;;1;16.8
3047306;4249173;686742;303;02;2023;10;17171612000735;CARBEL SA;;MG;;;;;;;;;;1;99.9
3047307;4249167;686742;303;02;2023;10;17171612000735;CARBEL SA;;MG;;;;;;;;;;1;37.76
3047308;4249170;686742;303;02;2023;10;17171612000735;CARBEL SA;;MG;;;;;;;;;;0.1;280
3047309;4249164;686742;303;02;2023;10;17171612000735;CARBEL SA;;MG;;;;;;;;;;1;12.06
3047310;4249162;686742;303;02;2023;10;17171612000735;CARBEL SA;;MG;;;;;;;;;;1;122
3047311;4249168;686742;303;02;2023;10;17171612000735;CARBEL SA;;MG;;;;;;;;;;0.1;280
3047312;4249172;686742;303;02;2023;10;17171612000735;CARBEL SA;;MG;;;;;;;;;;0.45;175.56
2938541;4152887;665231;303;02;2023;2;08390079000116;CAMILA ZANICHELLI GARCIA FARMACIA ME;;MG;;;;;;;;;;30;42.91
2938673;4153021;665258;303;02;2023;5;276***586**;MARILENE ELIZEU MACEDO;;MG;;;;;;;;;;12;1800
2938687;4153036;665272;303;02;2023;6;46652813000167;BRITTO E CASTANHO GRAVACOES E PRODUCOES MUSICAIS;;SP;;;;;;;;;;1;105000
2938543;4152893;665232;303;02;2023;2;18269125000187;BIOHOSP PRODUTOS HOSPITALARES LTDA;0021631820079;MG;;;;;;;;;;90;48.28
2938545;4152891;665232;303;02;2023;2;18269125000187;BIOHOSP PRODUTOS HOSPITALARES LTDA;0021631820079;MG;;;;;;;;;;360;25.02
3047372;4249235;686764;303;02;2023;12;03548881000178;ANDRADE ANDRADE EDITORA COMERCIO E SERVICOS LTDA;;BA;;;;;;;;;;1;150000
2938557;4152905;665242;303;02;2023;3;064***526**;CINTIA DE OLIVEIRA MARQUES LISBOA;;MG;;;;;;;;;;10;250
2938562;4152910;665245;303;02;2023;3;113***176**;CAIQUE SOUZA ALVES;;MG;;;;;;;;;;10;450
2938634;4152982;665245;303;02;2023;3;136***156**;ROBERTA DANIELE DE BORBA SANTOS;;MG;;;;;;;;;;10;450
2938621;4152969;665245;303;02;2023;3;148***826**;FERNANDA RESENDE PEIXOTO FRANCO;;MG;;;;;;;;;;10;450
2938579;4152927;665245;303;02;2023;3;019***546**;LARISSA MARCIA DE ALMEIDA;;MG;;;;;;;;;;10;450
2938626;4152974;665245;303;02;2023;3;495***968**;GABRIEL ALMEIDA ROCHA;;MG;;;;;;;;;;10;450
3047327;4249194;686753;303;02;2023;11;04743359000100;CARBEL PARIS VEICULOS LTDA;;MG;;;;;;;;;;1;465.6
3047328;4249191;686753;303;02;2023;11;04743359000100;CARBEL PARIS VEICULOS LTDA;;MG;;;;;;;;;;1;242.1
3047329;4249195;686753;303;02;2023;11;04743359000100;CARBEL PARIS VEICULOS LTDA;;MG;;;;;;;;;;1;320
3047330;4249199;686753;303;02;2023;11;04743359000100;CARBEL PARIS VEICULOS LTDA;;MG;;;;;;;;;;1;358.27
3047331;4249196;686753;303;02;2023;11;04743359000100;CARBEL PARIS VEICULOS LTDA;;MG;;;;;;;;;;1;814.2
3047332;4249193;686753;303;02;2023;11;04743359000100;CARBEL PARIS VEICULOS LTDA;;MG;;;;;;;;;;9;55.92
3047333;4249192;686753;303;02;2023;11;04743359000100;CARBEL PARIS VEICULOS LTDA;;MG;;;;;;;;;;1;151.04
3047334;4249198;686753;303;02;2023;11;04743359000100;CARBEL PARIS VEICULOS LTDA;;MG;;;;;;;;;;1;4.96
3047335;4249197;686753;303;02;2023;11;04743359000100;CARBEL PARIS VEICULOS LTDA;;MG;;;;;;;;;;1;67.74
3047336;4249200;686753;303;02;2023;11;04743359000100;CARBEL PARIS VEICULOS LTDA;;MG;;;;;;;;;;1;69.97
2938713;4153062;665279;303;02;2023;8;057***126**;RENILDA APARECIDA FONSECA;;MG;;;;;;;;;;220;36.25
2938518;4152858;665223;303;02;2023;1;04398505000107;CONS OPERTR COL PASS ONIB BH;;MG;;;;;;;;;;7740;4.5
2938519;4152865;665223;303;02;2023;1;04398505000107;CONS OPERTR COL PASS ONIB BH;;MG;;;;;;;;;;12;25
3047337;4249201;686754;303;02;2023;11;04798469000411;GNC AUTOMOTORES LTDA;0024812930073;MG;;;;;;;;;;1;75
3047338;4249203;686754;303;02;2023;11;04798469000411;GNC AUTOMOTORES LTDA;0024812930073;MG;;;;;;;;;;1;125
3047339;4249204;686754;303;02;2023;11;04798469000411;GNC AUTOMOTORES LTDA;0024812930073;MG;;;;;;;;;;1;103.51
3047340;4249212;686754;303;02;2023;11;04798469000411;GNC AUTOMOTORES LTDA;0024812930073;MG;;;;;;;;;;1;23
3047341;4249207;686754;303;02;2023;11;04798469000411;GNC AUTOMOTORES LTDA;0024812930073;MG;;;;;;;;;;1;123
3047342;4249208;686754;303;02;2023;11;04798469000411;GNC AUTOMOTORES LTDA;0024812930073;MG;;;;;;;;;;1;51.84
3047343;4249213;686754;303;02;2023;11;04798469000411;GNC AUTOMOTORES LTDA;0024812930073;MG;;;;;;;;;;1;37.92
3047344;4249210;686754;303;02;2023;11;04798469000411;GNC AUTOMOTORES LTDA;0024812930073;MG;;;;;;;;;;3.5;93.71
3047345;4249214;686754;303;02;2023;11;04798469000411;GNC AUTOMOTORES LTDA;0024812930073;MG;;;;;;;;;;1;14.08
3047346;4249211;686754;303;02;2023;11;04798469000411;GNC AUTOMOTORES LTDA;0024812930073;MG;;;;;;;;;;1;264.37
3047347;4249205;686754;303;02;2023;11;04798469000411;GNC AUTOMOTORES LTDA;0024812930073;MG;;;;;;;;;;1;99
3047348;4249202;686754;303;02;2023;11;04798469000411;GNC AUTOMOTORES LTDA;0024812930073;MG;;;;;;;;;;1;70
3047349;4249206;686754;303;02;2023;11;04798469000411;GNC AUTOMOTORES LTDA;0024812930073;MG;;;;;;;;;;1;90
3047350;4249209;686754;303;02;2023;11;04798469000411;GNC AUTOMOTORES LTDA;0024812930073;MG;;;;;;;;;;1;119
2938608;4152956;665245;303;02;2023;3;156***206**;RIAN ALEXANDRE SANTOS JACOME;;MG;;;;;;;;;;10;450
2938607;4152955;665245;303;02;2023;3;117***156**;DOUGLAS HENRIQUE DE ALMEIDA MARQUES;;MG;;;;;;;;;;10;450
2938590;4152938;665245;303;02;2023;3;142***686**;DANIEL DE PAULA TEIXEIRA;;MG;;;;;;;;;;10;450
2938617;4152965;665245;303;02;2023;3;147***326**;VINICIOS LEONE AGUIAR FIDELIS;;MG;;;;;;;;;;10;450
2938592;4152940;665245;303;02;2023;3;147***116**;MATEUS BATISTA QUEIROZ;;MG;;;;;;;;;;10;450
2938538;4152886;665230;303;02;2023;2;00474973000162;ESCRITÓRIO CENTRAL DE ARREC E DISTRIBUICAOECAD;;RJ;;;;;;;;;;1;4748.43
2938577;4152925;665245;303;02;2023;3;160***916**;VICTOR HENRIQUE DO CARMO SOUZA;;MG;;;;;;;;;;10;450
2938619;4152967;665245;303;02;2023;3;023***846**;MARIA LUIZA SERAFIM CRUZ;;MG;;;;;;;;;;10;450
2938683;4153032;665268;303;02;2023;5;364***216**;RONALDO SANTOS;;MG;;;;;;;;;;12;1500
2938640;4152988;665245;303;02;2023;3;144***046**;DYOVANA ANGELINA MARTA PINTO;;MG;;;;;;;;;;10;450
2938604;4152952;665245;303;02;2023;3;143***666**;NAYARA AURORA SANTOS ALMEIDA;;MG;;;;;;;;;;10;450
2938601;4152949;665245;303;02;2023;3;164***426**;SABRINA CASTELA PAULA DINIZ;;MG;;;;;;;;;;10;450
2938705;4153054;665278;303;02;2023;8;094***646**;ALINE PEREIRA SEVERIANO;;MG;;;;;;;;;;5;450
2938558;4152906;665243;303;02;2023;3;161***176**;MICHEL HENRIQUE DOS SANTOS MORAES;;MG;;;;;;;;;;10;450
3047360;4249223;686760;303;02;2023;12;07025989000137;GOLD 120 PRODUCOES E EVENTOS EIRELI;;RJ;;;;;;;;;;1;180000
2938628;4152976;665245;303;02;2023;3;128***576**;CAROLINY DIOVANA DO COUTO PENA;;MG;;;;;;;;;;10;450
2938578;4152926;665245;303;02;2023;3;020***956**;POLLIANA ANDRADE SANTOS;;MG;;;;;;;;;;10;450
2938596;4152944;665245;303;02;2023;3;050***346**;LUCIANA PIRES DOS SANTOS;;MG;;;;;;;;;;10;450
2938652;4153000;665250;303;02;2023;3;161***486**;GABRIEL FABIANO MARQUES;;MG;;;;;;;;;;10;450
2938552;4152900;665238;303;02;2023;3;147***906**;LETÍCIA CECÍLIA DO COUTO;;MG;;;;;;;;;;10;450
2938599;4152947;665245;303;02;2023;3;160***506**;GILMAR FERNANDES NASCIMENTO;;MG;;;;;;;;;;4;450
2938544;4152892;665232;303;02;2023;2;28738688000120;LEONE COM DISTRIBUICAO DE PRODUTOS NUTRI LTDA;;MG;;;;;;;;;;30;51.89
3047292;4249155;686737;303;02;2023;9;28738688000120;LEONE COM DISTRIBUICAO DE PRODUTOS NUTRI LTDA;;MG;;;;;;;;;;144;23.46
3047361;4249225;686761;303;02;2023;12;28738688000120;LEONE COM DISTRIBUICAO DE PRODUTOS NUTRI LTDA;;MG;;;;;;;;;;162;123.66
3047362;4249224;686761;303;02;2023;12;28738688000120;LEONE COM DISTRIBUICAO DE PRODUTOS NUTRI LTDA;;MG;;;;;;;;;;18;55.88
2938706;4153055;665279;303;02;2023;8;132***816**;LUCAS DAS SILVA BORGES;;MG;;;;;;;;;;1000;2.49
2938707;4153056;665279;303;02;2023;8;132***816**;LUCAS DAS SILVA BORGES;;MG;;;;;;;;;;2500;3.61
2938708;4153057;665279;303;02;2023;8;132***816**;LUCAS DAS SILVA BORGES;;MG;;;;;;;;;;200;11.65
2938710;4153059;665279;303;02;2023;8;132***816**;LUCAS DAS SILVA BORGES;;MG;;;;;;;;;;250;8.08
2938711;4153060;665279;303;02;2023;8;132***816**;LUCAS DAS SILVA BORGES;;MG;;;;;;;;;;200;3.32
2938712;4153061;665279;303;02;2023;8;132***816**;LUCAS DAS SILVA BORGES;;MG;;;;;;;;;;2200;2.77
2938715;4153064;665279;303;02;2023;8;132***816**;LUCAS DAS SILVA BORGES;;MG;;;;;;;;;;200;3.75
2938716;4153065;665279;303;02;2023;8;132***816**;LUCAS DAS SILVA BORGES;;MG;;;;;;;;;;180;3.02
2938717;4153066;665279;303;02;2023;8;132***816**;LUCAS DAS SILVA BORGES;;MG;;;;;;;;;;1000;2.49
2938718;4153067;665279;303;02;2023;8;132***816**;LUCAS DAS SILVA BORGES;;MG;;;;;;;;;;150;3.95
2938719;4153068;665279;303;02;2023;8;132***816**;LUCAS DAS SILVA BORGES;;MG;;;;;;;;;;250;4.15
2938720;4153069;665279;303;02;2023;8;132***816**;LUCAS DAS SILVA BORGES;;MG;;;;;;;;;;500;2.88
2938731;4153080;665279;303;02;2023;8;132***816**;LUCAS DAS SILVA BORGES;;MG;;;;;;;;;;500;5.49
2938728;4153077;665279;303;02;2023;8;132***816**;LUCAS DAS SILVA BORGES;;MG;;;;;;;;;;2500;3.27
2938729;4153078;665279;303;02;2023;8;132***816**;LUCAS DAS SILVA BORGES;;MG;;;;;;;;;;250;3.29
2938730;4153079;665279;303;02;2023;8;132***816**;LUCAS DAS SILVA BORGES;;MG;;;;;;;;;;350;4.98
2938593;4152941;665245;303;02;2023;3;175***486**;EDUARDA SILVA PEREIRA;;MG;;;;;;;;;;10;450
2938676;4153024;665260;303;02;2023;5;19353932000146;GH MUSIC PRODUCAO MUSICAL EDITORA E GRAVADORA LTDA;;RJ;;;;;;;;;;1;240000
2938742;4153091;665283;303;02;2023;8;10904428000546;SPECIAL PHARMUS COMERCIO DE MEDICAMENTOS LTDA;;SP;;;;;;;;;;20;70
3047356;4249190;686752;303;02;2023;11;10904428000546;SPECIAL PHARMUS COMERCIO DE MEDICAMENTOS LTDA;;SP;;;;;;;;;;432;16
2938571;4152919;665245;303;02;2023;3;018***626**;EDUARDO HENRIQUE DA ROCHA COIMBRA DOS SANTOS;;MG;;;;;;;;;;10;450
2938523;4152877;665225;303;02;2023;1;22931988000145;MB20 PRODUCOES E EVENTOS LTDA;;BA;;;;;;;;;;1;65000
2938661;4153009;665254;303;02;2023;4;32602300000137;PARCELA EXPRESS SERVICOS DIGITAIS SA;;MG;;;;;;;;;;1;1000
2938692;4153043;665273;303;02;2023;7;45195203000119;DROGARIA SAO BENTO LTDA;6340001219118;SP;;;;;;;;;;15;72.9
2938582;4152930;665245;303;02;2023;3;076***356**;HEBERTE JÚLIO WASHINGTON ROSA;;MG;;;;;;;;;;10;450
2938679;4153027;665263;303;02;2023;5;08648622000132;CRIATIVE MUSIC LTDA;;ES;;;;;;;;;;1;70000
2938612;4152960;665245;303;02;2023;3;123***576**;LORENA LOREN DE OLIVEIRA;;MG;;;;;;;;;;10;450
2938606;4152954;665245;303;02;2023;3;148***976**;CAMILA CRISTIANE JACOME LOPES;;MG;;;;;;;;;;10;450
2938568;4152916;665245;303;02;2023;3;103***976**;ANA BEATRIZ RODRIGUES DA SILVA QUINTILIANO;;MG;;;;;;;;;;10;450
2938603;4152951;665245;303;02;2023;3;135***526**;LUIS ARTHUR PEDROSA SILVA;;MG;;;;;;;;;;10;450
2938583;4152931;665245;303;02;2023;3;145***256**;LUANA TELES COELHO;;MG;;;;;;;;;;10;450
2938602;4152950;665245;303;02;2023;3;122***216**;LUCAS DANIEL DA SILVA OLIVEIRA;;MG;;;;;;;;;;10;450
2938649;4152997;665247;303;02;2023;3;19378769000176;INSTITUTO HERMES PARDINI SA;;MG;;;;;;;;;;1;1204.16
2938595;4152943;665245;303;02;2023;3;144***416**;LUISA AGANETE REIS;;MG;;;;;;;;;;10;450
2938550;4152898;665237;303;02;2023;3;126***706**;NAYANE CRISTINA SANTOS VIANA;;MG;;;;;;;;;;10;250
2938670;4153014;665257;303;02;2023;5;165***826**;ENZO RODRIGUES VALADARES;;MG;;;;;;;;;;1;500
2938547;4152895;665234;303;02;2023;2;18979328000167;SOC CIVIL DE BENEFICÊNCIA CAETEENSE;;MG;;;;;;;;;;1;5000220
3047316;4249180;686745;303;02;2023;10;18979328000167;SOC CIVIL DE BENEFICÊNCIA CAETEENSE;;MG;;;;;;;;;;1;64000
3047315;4249181;686745;303;02;2023;10;18979328000167;SOC CIVIL DE BENEFICÊNCIA CAETEENSE;;MG;;;;;;;;;;1;156320
3047317;4249178;686745;303;02;2023;10;18979328000167;SOC CIVIL DE BENEFICÊNCIA CAETEENSE;;MG;;;;;;;;;;1;70000
3047318;4249179;686745;303;02;2023;10;18979328000167;SOC CIVIL DE BENEFICÊNCIA CAETEENSE;;MG;;;;;;;;;;1;200000
3047293;4249156;686738;303;02;2023;9;24285474000195;VG SERVICOS MEDICO ME;;MG;;;;;;;;;;1200;55
2938632;4152980;665245;303;02;2023;3;166***146**;NAYARA MONTEIRO LAGE;;MG;;;;;;;;;;10;450
2938643;4152991;665245;303;02;2023;3;092***896**;ANDRYWS PASTOR FONSECA;;MG;;;;;;;;;;10;450
2938563;4152911;665245;303;02;2023;3;148***186**;WASHINGTON LUIZ MOREIRA;;MG;;;;;;;;;;10;450
2938639;4152987;665245;303;02;2023;3;121***586**;JOAO VICTOR TEIXEIRA FERREIRA;;MG;;;;;;;;;;10;450
2938638;4152986;665245;303;02;2023;3;159***786**;CAMILA SILVA FERNANDES;;MG;;;;;;;;;;10;450
2938671;4153020;665257;303;02;2023;5;126***526**;CAIO GOMES DE ARAUJO PEREIRA;;MG;;;;;;;;;;1;600
2938600;4152948;665245;303;02;2023;3;147***666**;RAFAELA CRISTINA MAGALHAES;;MG;;;;;;;;;;10;450
2938556;4152904;665241;303;02;2023;3;135***666**;ANA JULIA CRISTINA DA SILVA;;MG;;;;;;;;;;10;450
2938576;4152924;665245;303;02;2023;3;108***756**;VANESSA CRISTINA CAMPOS;;MG;;;;;;;;;;10;250
2938684;4153033;665269;303;02;2023;6;00874929000140;MED CENTER COMERCIAL LTDA;;MG;;;;;;;;;;12;575
2938734;4153083;665280;303;02;2023;8;00874929000140;MED CENTER COMERCIAL LTDA;;MG;;;;;;;;;;150;5.5
3047313;4249176;686743;303;02;2023;10;00874929000140;MED CENTER COMERCIAL LTDA;;MG;;;;;;;;;;8;575
3047320;4249184;686748;303;02;2023;10;00874929000140;MED CENTER COMERCIAL LTDA;;MG;;;;;;;;;;10;575
2938575;4152923;665245;303;02;2023;3;146***006**;PRISCILA STEFANY DA SILVA FERREIRA;;MG;;;;;;;;;;10;450
2938588;4152936;665245;303;02;2023;3;164***506**;MARIA EDUARDA LACERDA RODRIGUES;;MG;;;;;;;;;;10;450
2938597;4152945;665245;303;02;2023;3;153***706**;RAFAEL HENRIQUE ALMEIDA MARQUES;;MG;;;;;;;;;;10;450
2938566;4152914;665245;303;02;2023;3;160***716**;IASMIN CRISTINA DE OLIVEIRA;;MG;;;;;;;;;;10;450
2938655;4153004;665253;303;02;2023;4;05684180000191;COMPANHIA ITABIRANA DE TELECOMUNICACOES LTDA;3172455111195;MG;;;;;;;;;;6;3181.46
2938656;4153007;665253;303;02;2023;4;05684180000191;COMPANHIA ITABIRANA DE TELECOMUNICACOES LTDA;3172455111195;MG;;;;;;;;;;6;2365.12
2938657;4153003;665253;303;02;2023;4;05684180000191;COMPANHIA ITABIRANA DE TELECOMUNICACOES LTDA;3172455111195;MG;;;;;;;;;;6;89.7
2938658;4153005;665253;303;02;2023;4;05684180000191;COMPANHIA ITABIRANA DE TELECOMUNICACOES LTDA;3172455111195;MG;;;;;;;;;;6;418.6
2938659;4153008;665253;303;02;2023;4;05684180000191;COMPANHIA ITABIRANA DE TELECOMUNICACOES LTDA;3172455111195;MG;;;;;;;;;;6;333.33
2938660;4153006;665253;303;02;2023;4;05684180000191;COMPANHIA ITABIRANA DE TELECOMUNICACOES LTDA;3172455111195;MG;;;;;;;;;;6;1767.86
2938611;4152959;665245;303;02;2023;3;159***226**;TIAGO APARECIDO SOARES;;MG;;;;;;;;;;10;450
2938554;4152902;665239;303;02;2023;3;125***286**;ALESSANDRA LEONEL NEVES;;MG;;;;;;;;;;10;450
3047373;4249236;686765;303;02;2023;12;614***106**;LUIZ CARLOS DA FONSECA;;MG;;;;;;;;;;220;36.25
2938565;4152913;665245;303;02;2023;3;149***186**;KAREN MORYA ANDRADE MACHADO;;MG;;;;;;;;;;10;450
2938680;4153028;665264;303;02;2023;5;17908624000104;VERA CRUZ DISTRIUIBUIDORA DE PROIDUTOS HOSPITALARES LTDA;;MG;;;;;;;;;;40000;0.09
2938653;4153001;665251;303;02;2023;3;130***626**;JOAO PAULO VIEIRA PESSOA;;MG;;;;;;;;;;10;450
2938524;4152876;665224;303;02;2023;1;61186490000157;EDITORA FTD SA;;SP;;;;;;;;;;443;81.25
2938525;4152869;665224;303;02;2023;1;61186490000157;EDITORA FTD SA;;SP;;;;;;;;;;425;74.25
2938526;4152872;665224;303;02;2023;1;61186490000157;EDITORA FTD SA;;SP;;;;;;;;;;137;148.5
2938527;4152870;665224;303;02;2023;1;61186490000157;EDITORA FTD SA;;SP;;;;;;;;;;465;81.25
2938528;4152873;665224;303;02;2023;1;61186490000157;EDITORA FTD SA;;SP;;;;;;;;;;423;81.25
2938529;4152871;665224;303;02;2023;1;61186490000157;EDITORA FTD SA;;SP;;;;;;;;;;481;81.25
2938530;4152875;665224;303;02;2023;1;61186490000157;EDITORA FTD SA;;SP;;;;;;;;;;465;81.25
2938531;4152874;665224;303;02;2023;1;61186490000157;EDITORA FTD SA;;SP;;;;;;;;;;446;74.25
3047364;4249231;686763;303;02;2023;12;61186490000157;EDITORA FTD SA;;SP;;;;;;;;;;1540;84.5
3047365;4249234;686763;303;02;2023;12;61186490000157;EDITORA FTD SA;;SP;;;;;;;;;;1760;84.5
3047366;4249232;686763;303;02;2023;12;61186490000157;EDITORA FTD SA;;SP;;;;;;;;;;1620;84.5
3047367;4249227;686763;303;02;2023;12;61186490000157;EDITORA FTD SA;;SP;;;;;;;;;;300;152
3047368;4249228;686763;303;02;2023;12;61186490000157;EDITORA FTD SA;;SP;;;;;;;;;;1480;84.5
3047369;4249233;686763;303;02;2023;12;61186490000157;EDITORA FTD SA;;SP;;;;;;;;;;1880;84.5
3047370;4249229;686763;303;02;2023;12;61186490000157;EDITORA FTD SA;;SP;;;;;;;;;;1600;76
3047371;4249230;686763;303;02;2023;12;61186490000157;EDITORA FTD SA;;SP;;;;;;;;;;1600;76
2938666;4153019;665257;303;02;2023;5;115***436**;THALYSSA MAYA SOUZA DO CARMO;;MG;;;;;;;;;;1;500
2938685;4153034;665270;303;02;2023;6;24789180000109;SMARTMED REPRESENTACAO COM PROD MED HOSP LTDA;;MG;;;;;;;;;;6;469
3047352;4249217;686756;303;02;2023;11;24789180000109;SMARTMED REPRESENTACAO COM PROD MED HOSP LTDA;;MG;;;;;;;;;;1;149
3047353;4249216;686756;303;02;2023;11;24789180000109;SMARTMED REPRESENTACAO COM PROD MED HOSP LTDA;;MG;;;;;;;;;;1;129
3047354;4249218;686756;303;02;2023;11;24789180000109;SMARTMED REPRESENTACAO COM PROD MED HOSP LTDA;;MG;;;;;;;;;;1;98
3047355;4249219;686756;303;02;2023;11;24789180000109;SMARTMED REPRESENTACAO COM PROD MED HOSP LTDA;;MG;;;;;;;;;;1;149
3047314;4249182;686746;303;02;2023;10;07699145000171;INSTITUTO DE NEUROLOGIA CARLOS CHAGAS LTDA;;MG;;;;;;;;;;4000;65
2938641;4152989;665245;303;02;2023;3;160***256**;HENRIQUE IVEN SANTOS MOREIRA;;MG;;;;;;;;;;10;450
2938704;4153053;665277;303;02;2023;8;167***546**;ALICE RAFAELY CARVALHO;;MG;;;;;;;;;;5;450
2938610;4152958;665245;303;02;2023;3;148***176**;RAISSA GABRIELA DE CARVALHO;;MG;;;;;;;;;;10;450
2938569;4152917;665245;303;02;2023;3;166***466**;CAMILI VITORIA MARQUES ANTONIO;;MG;;;;;;;;;;10;250
2938564;4152912;665245;303;02;2023;3;172***886**;RAMON FERREIRA DE ANDRADE;;MG;;;;;;;;;;10;450
2938644;4152992;665245;303;02;2023;3;129***006**;MARIA EDUARDA OLIVEIRA CORREIO;;MG;;;;;;;;;;10;450
2938667;4153013;665257;303;02;2023;5;137***796**;WASHINGTON DE ASSIS SILVA;;MG;;;;;;;;;;1;500
2938553;4152901;665238;303;02;2023;3;085***246**;POLIANA CAMILA PASTOR;;MG;;;;;;;;;;10;450
2938549;4152897;665236;303;02;2023;3;10343949000148;BETIM VIDA COMERCIO DIST MATERIAIS MEDHOSPITALAR;;MG;;;;;;;;;;180;19
2938555;4152903;665240;303;02;2023;3;10343949000148;BETIM VIDA COMERCIO DIST MATERIAIS MEDHOSPITALAR;;MG;;;;;;;;;;360;19
2938699;4153048;665274;303;02;2023;7;10343949000148;BETIM VIDA COMERCIO DIST MATERIAIS MEDHOSPITALAR;;MG;;;;;;;;;;168;19.2
3047326;4249188;686750;303;02;2023;10;39494470000194;PROGOODS COMERCIO ATACADISTA DE MEDICAMENTOS LTDA;;SP;;;;;;;;;;4;10873
2938663;4153011;665256;303;02;2023;4;07112529000146;GOSHME SOLUCOES PARA A INTERNET LTDA;;BA;;;;;;;;;;1;2614.08
3047359;4249222;686759;303;02;2023;12;20479077000101;CENTRO DE TOMOGRAFIA COMPUTADORIZADA DE MG LTDA;;MG;;;;;;;;;;1;3125
2961388;4187986;672938;306;05;2023;11;30019425000103;COMERCIAL CARIACICA MULTIMODAL LTDA ME;;MG;;;;;;;;;;86;197.4
2938615;4152963;665245;303;02;2023;3;142***736**;DIOVANA GABRIELY LIMA DA ROCHA SILVA;;MG;;;;;;;;;;10;460
2938587;4152935;665245;303;02;2023;3;111***346**;OTAVIO EMILIO PERDIGAO MARQUES;;MG;;;;;;;;;;10;450
3047358;4249221;686758;303;02;2023;12;23822996000116;THIAGO MACHADO VIEIRA;;SP;;;;;;;;;;1;140000
2938585;4152933;665245;303;02;2023;3;023***086**;MELISSA ABEL RAMOS;;MG;;;;;;;;;;10;450
2938631;4152979;665245;303;02;2023;3;155***076**;SABRINA GABRIELA BITTENCOURT;;MG;;;;;;;;;;10;450
2938574;4152922;665245;303;02;2023;3;104***196**;CAIO ARTHUR SILVA FERREIRA;;MG;;;;;;;;;;10;450
2938674;4153023;665259;303;02;2023;5;12532358000144;A&G SERVICOS MÉDICOS LTDA EPP;0035072600050;MG;;;;;;;;;;5;3837.5
2938675;4153022;665259;303;02;2023;5;12532358000144;A&G SERVICOS MÉDICOS LTDA EPP;0035072600050;MG;;;;;;;;;;42;3082
2938665;4153012;665257;303;02;2023;5;157***306**;LARISSA CAROLINE NUNES;;MG;;;;;;;;;;1;500
2938682;4153030;665266;303;02;2023;5;866***286**;ADRIANA MARIA FRANCO SOUZA;;DF;;;;;;;;;;5;2000
2938723;4153072;665279;303;02;2023;8;976***696**;SEBASTIAO IRES MOREIRA;;MG;;;;;;;;;;1000;4.32
2938727;4153076;665279;303;02;2023;8;976***696**;SEBASTIAO IRES MOREIRA;;MG;;;;;;;;;;3150;7.98
2938561;4152909;665245;303;02;2023;3;703***926**;MARIA EDUARDA DE ASSIS;;MG;;;;;;;;;;10;450
2961387;4187985;672938;306;05;2023;11;21467701000105;SUPER CESTA BASICA DE ALIMENTOS LTDA;;MG;;;;;;;;;;86;168
2938609;4152957;665245;303;02;2023;3;153***516**;GIOVANNA IZABELLY CARVALHO SILVA;;MG;;;;;;;;;;10;450
2938646;4152994;665245;303;02;2023;3;149***096**;LAIS PETRINA CANDIDO GONCALVES;;MG;;;;;;;;;;10;450
2938580;4152928;665245;303;02;2023;3;153***926**;GEOVANA VITORIA DE MAGALHAES;;MG;;;;;;;;;;10;450
2938620;4152968;665245;303;02;2023;3;153***166**;EDUARDO PAULO RAMON THOMAS;;MG;;;;;;;;;;10;450
2938581;4152929;665245;303;02;2023;3;155***776**;LUANA GOMES PEREIRA;;MG;;;;;;;;;;10;450
2938548;4152896;665235;303;02;2023;2;01683479000170;NEUROHOME LTDA;;MG;;;;;;;;;;1;3898
2938668;4153018;665257;303;02;2023;5;157***896**;DIOGO AUGUSTO SOUSA SILVA;;MG;;;;;;;;;;1;600
2938598;4152946;665245;303;02;2023;3;148***726**;BRUNA KELEN DE OLIVEIRA ALEXANDRE;;MG;;;;;;;;;;10;450
2938533;4152881;665229;303;02;2023;2;29099568000193;LIDER SBX DROGARIAS LTDA;;MG;;;;;;;;;;6;21.9
2938534;4152883;665229;303;02;2023;2;29099568000193;LIDER SBX DROGARIAS LTDA;;MG;;;;;;;;;;9;12
2938536;4152885;665229;303;02;2023;2;29099568000193;LIDER SBX DROGARIAS LTDA;;MG;;;;;;;;;;6;41.9
2938537;4152882;665229;303;02;2023;2;29099568000193;LIDER SBX DROGARIAS LTDA;;MG;;;;;;;;;;12;15.9
2938539;4152890;665231;303;02;2023;2;29099568000193;LIDER SBX DROGARIAS LTDA;;MG;;;;;;;;;;6;55.9
2938540;4152889;665231;303;02;2023;2;29099568000193;LIDER SBX DROGARIAS LTDA;;MG;;;;;;;;;;12;675
2938542;4152888;665231;303;02;2023;2;29099568000193;LIDER SBX DROGARIAS LTDA;;MG;;;;;;;;;;6;385.3
2938654;4153002;665252;303;02;2023;4;29099568000193;LIDER SBX DROGARIAS LTDA;;MG;;;;;;;;;;18;90
2938677;4153025;665261;303;02;2023;5;29099568000193;LIDER SBX DROGARIAS LTDA;;MG;;;;;;;;;;4;655.9
2938688;4153038;665273;303;02;2023;7;29099568000193;LIDER SBX DROGARIAS LTDA;;MG;;;;;;;;;;7;41.9
2938689;4153045;665273;303;02;2023;7;29099568000193;LIDER SBX DROGARIAS LTDA;;MG;;;;;;;;;;5;17.7
2938690;4153040;665273;303;02;2023;7;29099568000193;LIDER SBX DROGARIAS LTDA;;MG;;;;;;;;;;6;21.9
2938691;4153046;665273;303;02;2023;7;29099568000193;LIDER SBX DROGARIAS LTDA;;MG;;;;;;;;;;6;406.88
2938693;4153039;665273;303;02;2023;7;29099568000193;LIDER SBX DROGARIAS LTDA;;MG;;;;;;;;;;8;6.15
2938694;4153047;665273;303;02;2023;7;29099568000193;LIDER SBX DROGARIAS LTDA;;MG;;;;;;;;;;5;99.77
2938695;4153037;665273;303;02;2023;7;29099568000193;LIDER SBX DROGARIAS LTDA;;MG;;;;;;;;;;9;12
2938696;4153044;665273;303;02;2023;7;29099568000193;LIDER SBX DROGARIAS LTDA;;MG;;;;;;;;;;5;59.54
2938697;4153042;665273;303;02;2023;7;29099568000193;LIDER SBX DROGARIAS LTDA;;MG;;;;;;;;;;12;15.9
2938700;4153049;665275;303;02;2023;7;29099568000193;LIDER SBX DROGARIAS LTDA;;MG;;;;;;;;;;20;299.9
2938701;4153050;665276;303;02;2023;8;29099568000193;LIDER SBX DROGARIAS LTDA;;MG;;;;;;;;;;42;39.99
2938732;4153081;665280;303;02;2023;8;29099568000193;LIDER SBX DROGARIAS LTDA;;MG;;;;;;;;;;780;0.24
2938733;4153082;665280;303;02;2023;8;29099568000193;LIDER SBX DROGARIAS LTDA;;MG;;;;;;;;;;12;60
2938735;4153084;665280;303;02;2023;8;29099568000193;LIDER SBX DROGARIAS LTDA;;MG;;;;;;;;;;1080;0.63
2938736;4153085;665280;303;02;2023;8;29099568000193;LIDER SBX DROGARIAS LTDA;;MG;;;;;;;;;;6;255.99
3047321;4249185;686749;303;02;2023;10;29099568000193;LIDER SBX DROGARIAS LTDA;;MG;;;;;;;;;;4;250.95
3047322;4249186;686749;303;02;2023;10;29099568000193;LIDER SBX DROGARIAS LTDA;;MG;;;;;;;;;;4;560
3047323;4249187;686749;303;02;2023;10;29099568000193;LIDER SBX DROGARIAS LTDA;;MG;;;;;;;;;;4;170
3047351;4249215;686755;303;02;2023;11;29099568000193;LIDER SBX DROGARIAS LTDA;;MG;;;;;;;;;;120;9.98
2938504;4152861;665223;303;02;2023;1;10426715000164;CONSORCIO OTIMO DE BILHETAGEM ELETRONICA;;MG;;;;;;;;;;800;8.35
2938505;4152862;665223;303;02;2023;1;10426715000164;CONSORCIO OTIMO DE BILHETAGEM ELETRONICA;;MG;;;;;;;;;;800;18.4
2938506;4152853;665223;303;02;2023;1;10426715000164;CONSORCIO OTIMO DE BILHETAGEM ELETRONICA;;MG;;;;;;;;;;800;7.1
2938507;4152863;665223;303;02;2023;1;10426715000164;CONSORCIO OTIMO DE BILHETAGEM ELETRONICA;;MG;;;;;;;;;;13394;13.35
2938508;4152860;665223;303;02;2023;1;10426715000164;CONSORCIO OTIMO DE BILHETAGEM ELETRONICA;;MG;;;;;;;;;;4928;9.05
2938509;4152868;665223;303;02;2023;1;10426715000164;CONSORCIO OTIMO DE BILHETAGEM ELETRONICA;;MG;;;;;;;;;;768;6.6
2938510;4152864;665223;303;02;2023;1;10426715000164;CONSORCIO OTIMO DE BILHETAGEM ELETRONICA;;MG;;;;;;;;;;928;13.85
2938512;4152857;665223;303;02;2023;1;10426715000164;CONSORCIO OTIMO DE BILHETAGEM ELETRONICA;;MG;;;;;;;;;;2106;10.3
2938513;4152867;665223;303;02;2023;1;10426715000164;CONSORCIO OTIMO DE BILHETAGEM ELETRONICA;;MG;;;;;;;;;;12;230
2938514;4152852;665223;303;02;2023;1;10426715000164;CONSORCIO OTIMO DE BILHETAGEM ELETRONICA;;MG;;;;;;;;;;240;6.6
2938515;4152856;665223;303;02;2023;1;10426715000164;CONSORCIO OTIMO DE BILHETAGEM ELETRONICA;;MG;;;;;;;;;;400;10.75
2938516;4152859;665223;303;02;2023;1;10426715000164;CONSORCIO OTIMO DE BILHETAGEM ELETRONICA;;MG;;;;;;;;;;528;16.5
2938517;4152855;665223;303;02;2023;1;10426715000164;CONSORCIO OTIMO DE BILHETAGEM ELETRONICA;;MG;;;;;;;;;;2256;4.5
2938678;4153026;665262;303;02;2023;5;10426715000164;CONSORCIO OTIMO DE BILHETAGEM ELETRONICA;;MG;;;;;;;;;;1000;13.35
2938629;4152977;665245;303;02;2023;3;159***156**;SAMARA FIGUEIREDO MONTEIRO SANTOS;;MG;;;;;;;;;;10;450
2938681;4153029;665265;303;02;2023;5;20798726000129;LUMA P C AGUIAR LACERDA PRODUCAO ME;;SP;;;;;;;;;;1;50000
2938672;4153016;665257;303;02;2023;5;967***786**;CELIA FATIMA DOS SANTOS;;MG;;;;;;;;;;1;500
2938618;4152966;665245;303;02;2023;3;161***636**;WENDERSON ALVES DE OLIVEIRA;;MG;;;;;;;;;;10;450
2938522;4152879;665227;303;02;2023;1;05729005000173;MANGABA PRODUCOES ARTISTICAS LTDA;;RJ;;;;;;;;;;1;150000
2938589;4152937;665245;303;02;2023;3;148***586**;NICOLLY STEFANE ROMAO SOUZA;;MG;;;;;;;;;;10;250
2938741;4153090;665282;303;02;2023;8;17126820000127;JAIRO BORGES CARDOSO ME;;SP;;;;;;;;;;1;65000
2938635;4152983;665245;303;02;2023;3;149***296**;SOFIA NATALIA SILVA BATISTA;;MG;;;;;;;;;;10;450
2938567;4152915;665245;303;02;2023;3;157***766**;KAMILLY CRISTINE GOMES ROSA;;MG;;;;;;;;;;10;450
2938532;4152880;665228;303;02;2023;2;573***508**;JOEL MATIAS DOS SANTOS;;MG;;;;;;;;;;15;938
2938651;4152999;665249;303;02;2023;3;06284833000108;FRENTE MINEIRA DE PREFEITOS;;MG;;;;;;;;;;1;16881
2938521;4152878;665226;303;02;2023;1;01697620000194;COMERCIAL DE RACOES ARAUJO E SILVA LTDA;;MG;;;;;;;;;;1;151200
2938605;4152953;665245;303;02;2023;3;147***656**;CLARA ANGELO MUZZI;;MG;;;;;;;;;;10;450
2780549;3896297;612912;305;04;2023;5;10830754000122;CARA DE URSO PRODUCOES ARTISITCAS LTDA;;BA;;;;;;;;;;140000;1
2938616;4152964;665245;303;02;2023;3;176***556**;TAYNARA TATIELE AZEVEDO SENA;;MG;;;;;;;;;;10;250
2938614;4152962;665245;303;02;2023;3;068***776**;IZABELA CRISTINA RODRIGUES DOS SANTOS;;MG;;;;;;;;;;10;450
2938625;4152973;665245;303;02;2023;3;159***746**;LAURA EMANUELLY DOS SANTOS SILVA;;MG;;;;;;;;;;10;450
3047363;4249226;686762;303;02;2023;12;22518056000175;CANA PRODUCOES & MS LTDA;;SP;;;;;;;;;;1;120000
3047357;4249220;686757;303;02;2023;12;08002459000489;MUNDIAL HOSPITALAR PRODUTOS PRA SAUDE LTDA;;MG;;;;;;;;;;4;17900
2938737;4153086;665281;303;02;2023;8;02794555000501;COLOPLAST DO BRASIL LTDA;;SP;;;;;;;;;;9;2151.02
2938738;4153087;665281;303;02;2023;8;02794555000501;COLOPLAST DO BRASIL LTDA;;SP;;;;;;;;;;6;2158.22
2938739;4153088;665281;303;02;2023;8;02794555000501;COLOPLAST DO BRASIL LTDA;;SP;;;;;;;;;;1;1178.82
2938740;4153089;665281;303;02;2023;8;02794555000501;COLOPLAST DO BRASIL LTDA;;SP;;;;;;;;;;4;978.22
2938560;4152908;665245;303;02;2023;3;120***806**;CHRISTOPHER GABRIEL REIS BORGES;;MG;;;;;;;;;;10;450
2938650;4152998;665248;303;02;2023;3;65137457000198;NUCLEAR MEDCENTER LTDA;;MG;;;;;;;;;;1;10000
2938570;4152918;665245;303;02;2023;3;105***706**;MICHELE CRISTINA CANDIDO;;MG;;;;;;;;;;10;450
3047279;4249143;686736;303;02;2023;9;01654749000115;STRADA VEÍCULOS E PECAS LTDA;062336004002;MG;;;;;;;;;;1;49.1
3047276;4249151;686736;303;02;2023;9;01654749000115;STRADA VEÍCULOS E PECAS LTDA;062336004002;MG;;;;;;;;;;1;67.62
3047277;4249140;686736;303;02;2023;9;01654749000115;STRADA VEÍCULOS E PECAS LTDA;062336004002;MG;;;;;;;;;;1;420
3047278;4249152;686736;303;02;2023;9;01654749000115;STRADA VEÍCULOS E PECAS LTDA;062336004002;MG;;;;;;;;;;1;168
3047280;4249147;686736;303;02;2023;9;01654749000115;STRADA VEÍCULOS E PECAS LTDA;062336004002;MG;;;;;;;;;;3;117.66
3047281;4249154;686736;303;02;2023;9;01654749000115;STRADA VEÍCULOS E PECAS LTDA;062336004002;MG;;;;;;;;;;1;280
3047282;4249142;686736;303;02;2023;9;01654749000115;STRADA VEÍCULOS E PECAS LTDA;062336004002;MG;;;;;;;;;;1;47.92
3047283;4249144;686736;303;02;2023;9;01654749000115;STRADA VEÍCULOS E PECAS LTDA;062336004002;MG;;;;;;;;;;1;31.84
3047284;4249150;686736;303;02;2023;9;01654749000115;STRADA VEÍCULOS E PECAS LTDA;062336004002;MG;;;;;;;;;;1;48
3047285;4249139;686736;303;02;2023;9;01654749000115;STRADA VEÍCULOS E PECAS LTDA;062336004002;MG;;;;;;;;;;1;26.92
3047286;4249148;686736;303;02;2023;9;01654749000115;STRADA VEÍCULOS E PECAS LTDA;062336004002;MG;;;;;;;;;;1;714
3047287;4249141;686736;303;02;2023;9;01654749000115;STRADA VEÍCULOS E PECAS LTDA;062336004002;MG;;;;;;;;;;1;140
3047288;4249146;686736;303;02;2023;9;01654749000115;STRADA VEÍCULOS E PECAS LTDA;062336004002;MG;;;;;;;;;;1;39.74
3047289;4249145;686736;303;02;2023;9;01654749000115;STRADA VEÍCULOS E PECAS LTDA;062336004002;MG;;;;;;;;;;1;39.92
3047290;4249149;686736;303;02;2023;9;01654749000115;STRADA VEÍCULOS E PECAS LTDA;062336004002;MG;;;;;;;;;;1;35.92
3047291;4249153;686736;303;02;2023;9;01654749000115;STRADA VEÍCULOS E PECAS LTDA;062336004002;MG;;;;;;;;;;3;50.55
2938721;4153070;665279;303;02;2023;8;025***306**;FERNANDO JOSÉ DA COSTA MAGALHAES;;MG;;;;;;;;;;1000;4.32
2938726;4153075;665279;303;02;2023;8;025***306**;FERNANDO JOSÉ DA COSTA MAGALHAES;;MG;;;;;;;;;;2100;7.98
2938698;4153041;665273;303;02;2023;7;14842681000140;MSR EXPRESS MEDICAMENTOS ESPECIAIS LTDA;;MG;;;;;;;;;;420;18.22
3047294;4249157;686739;303;02;2023;9;14842681000140;MSR EXPRESS MEDICAMENTOS ESPECIAIS LTDA;;MG;;;;;;;;;;126;202.98
3047319;4249189;686751;303;02;2023;10;14842681000140;MSR EXPRESS MEDICAMENTOS ESPECIAIS LTDA;;MG;;;;;;;;;;189;202.95
2938591;4152939;665245;303;02;2023;3;135***176**;NATHALIA ROSA ALMEIDA;;MG;;;;;;;;;;10;450
3047295;4249158;686740;303;02;2023;9;42918493000193;THIAGO MATOZINHOS GONCALVES LTDA.;;MG;;;;;;;;;;3000;55
2938664;4153017;665257;303;02;2023;5;125***106**;LUCAS FIGUEREDO GOMES;;MG;;;;;;;;;;1;600
2938642;4152990;665245;303;02;2023;3;154***046**;GABRIELLE APARECIDA PAIXAO COSTA;;MG;;;;;;;;;;10;450
2938586;4152934;665245;303;02;2023;3;150***986**;EVELEN FATIMA DAS MERCES;;MG;;;;;;;;;;10;450
2938551;4152899;665238;303;02;2023;3;183***246**;HENDY NARA PASTOR FONSECA;;MG;;;;;;;;;;10;450
2938613;4152961;665245;303;02;2023;3;120***986**;LUANA ESTEPHANY TEIXEIRA BRAGA;;MG;;;;;;;;;;10;450
2938645;4152993;665245;303;02;2023;3;127***576**;MARIA VICTORIA BENFICA ALVES;;MG;;;;;;;;;;10;450
2938702;4153051;665277;303;02;2023;8;108***366**;GABRIEL ARTHUR CRUZ;;MG;;;;;;;;;;5;450
2938584;4152932;665245;303;02;2023;3;147***066**;BIANCA RAFAELLY RAMOS SILVA;;MG;;;;;;;;;;10;450
2938630;4152978;665245;303;02;2023;3;104***196**;ANA LUIZA CELESTINO;;MG;;;;;;;;;;10;450
2938686;4153035;665271;303;02;2023;6;32849883000103;ORBITA SERVICOS E COMERCIO DE PRODUTOS SAUDE LTDA;;MG;;;;;;;;;;72;48.85
2938572;4152920;665245;303;02;2023;3;103***576**;PEDRO HENRIQUE DAS GRACAS PINTO;;MG;;;;;;;;;;10;450
2938594;4152942;665245;303;02;2023;3;154***986**;VICTOR AUGUSTO BASTOS DOS SANTOS;;MG;;;;;;;;;;10;450
2938703;4153052;665277;303;02;2023;8;173***816**;BENICIO BARBOSA MEIRELES BATISTA;;MG;;;;;;;;;;5;450
2938633;4152981;665245;303;02;2023;3;148***706**;ANA MARIA CARVALHO DO NASCIMENTO;;MG;;;;;;;;;;10;450
2938722;4153071;665279;303;02;2023;8;681***846**;ANTONIO ZACARIAS RODRIGUES;;MG;;;;;;;;;;6000;4.32
2938724;4153073;665279;303;02;2023;8;681***846**;ANTONIO ZACARIAS RODRIGUES;;MG;;;;;;;;;;400;6.29
2938725;4153074;665279;303;02;2023;8;681***846**;ANTONIO ZACARIAS RODRIGUES;;MG;;;;;;;;;;750;7.98
2938559;4152907;665244;303;02;2023;3;183***066**;ANA LUIZA DOS SANTOS PEREIRA;;MG;;;;;;;;;;10;450
3047325;4249183;686747;303;02;2023;10;16928871000614;GUEDES E PAIXAO LTDA;4331450900619;MG;;;;;;;;;;21;42
2786201;3906198;614918;302;01;2023;5;20818103000170;HETTI & AZALIM DO VALLE SOCIEDADE DE ADVOGADOS;;MG;36687F2EE9F92F1D;20230213;20230812;2023042803205996673011;20230428;20230527;308910652023;20230629;20231226;1;142000
2736318;3823860;599186;302;01;2023;4;13237191000151;SEC.ESTADO DE CASA CIVIL E RELACOES INSTITUCIONAIS;;MG;;;;;;;;;;1;8859
2938669;4153015;665257;303;02;2023;5;195***266**;CLAUDNEY MARQUES DA PIEDADE;;MG;;;;;;;;;;1;500
2938624;4152972;665245;303;02;2023;3;154***666**;HENRIQUE EUSTAQUIO SILVA SERAFIM;;MG;;;;;;;;;;10;450
2938636;4152984;665245;303;02;2023;3;160***226**;BRUNA PEIXOTO PINTO;;MG;;;;;;;;;;10;450
2938546;4152894;665233;303;02;2023;2;39701116000193;DROGARIA HUMANAS LTDA;;MG;;;;;;;;;;36;31.8
3047296;4249159;686741;303;02;2023;9;01772798000233;MEDTRONIC COMERCIAL LTDA;714104031113;SP;;;;;;;;;;6;2038
2938622;4152970;665245;303;02;2023;3;121***566**;GABRIEL HENRIQUE TEIXEIRA FERREIRA;;MG;;;;;;;;;;10;450
2938647;4152995;665245;303;02;2023;3;153***026**;BEATRIZ MARIA INOCENCIO;;MG;;;;;;;;;;10;450
2938662;4153010;665255;303;02;2023;4;03356819000184;ABA ASSOCIACAO BENEFICENTE AGAPE;;MG;;;;;;;;;;1;23900
2938648;4152996;665246;303;02;2023;3;65130288000164;DROGARIA CHICO LOPES LTDA;100711433002;MG;;;;;;;;;;6;79
2938627;4152975;665245;303;02;2023;3;127***756**;PAULO VITOR BENFICA ALVES;;MG;;;;;;;;;;10;450
2938709;4153058;665279;303;02;2023;8;056***296**;SANTIAGO ELIAS DE SOUZA;;MG;;;;;;;;;;100;10.5
2938714;4153063;665279;303;02;2023;8;056***296**;SANTIAGO ELIAS DE SOUZA;;MG;;;;;;;;;;100;42.91
3047324;4249177;686744;303;02;2023;10;39342176000167;MBS SOLUCOES MEDICAS;;MG;;;;;;;;;;2500;65
2938637;4152985;665245;303;02;2023;3;164***926**;KENIA OLIVEIRA PINTO;;MG;;;;;;;;;;10;450
2938573;4152921;665245;303;02;2023;3;064***876**;DEISEMAR APARECIDA DAMASCENO DA SILVA;;MG;;;;;;;;;;10;450
2938511;4152854;665223;303;02;2023;1;24314643000178;VINSCOL VIACAO NOSSA SENHORA DA CONCEICAO LTDA;;MG;;;;;;;;;;3200;5.4
2938520;4152866;665223;303;02;2023;1;24314643000178;VINSCOL VIACAO NOSSA SENHORA DA CONCEICAO LTDA;;MG;;;;;;;;;;12;15
2938535;4152884;665229;303;02;2023;2;22684331000120;CARMO DISTRIBUIDORA HOSPITALAR LTDA;;GO;;;;;;;;;;6;45
2845162;4006842;634261;302;01;2023;7;21650715000160;INSTITUTO DE DESENVOLVIMENTO PUBLICO PLENUM BRASIL LTDA - ME;;MG;;;;;;;;;;1;3270
