MÊS DISPONIBILIZAÇÃO|NIS BENEFICIÁRIO|CPF BENEFICIÁRIO|NOME BENEFICIÁRIO|ENQUADRAMENTO|VALOR BENEFÍCIO
202201|00000000000|***.555.206-**|ADAILTON DE PAULA SANTOS|EXTRACAD|3000.00
202201|00000000000|***.637.436-**|ADEMIR DE ALMEIDA|EXTRACAD|3000.00
202201|00000000000|***.166.176-**|ADILSON NUNES DOS SANTOS|EXTRACAD|3000.00
202201|00000000000|***.389.876-**|AILTON VIANA DE ALMEIDA|EXTRACAD|3000.00
202201|00000000000|***.346.496-**|ALEX DANIEL NEPOMUCENO|EXTRACAD|3000.00
202201|00000000000|***.521.966-**|ALEX MONTE DAYRELL|EXTRACAD|3000.00
202201|00000000000|***.274.056-**|ALEXANDRE DIAS CAMPOS|EXTRACAD|3000.00
202201|00000000000|***.626.176-**|ALEXANDRE FRANCO LIMA|EXTRACAD|3000.00
202201|00000000000|***.627.096-**|ALVARO CUSTODIO FERREIRA DE OLIVEIRA|EXTRACAD|3000.00
202201|00000000000|***.002.486-**|ALVINO GOMES DA SILVA FILHO|EXTRACAD|3000.00
202201|00000000000|***.210.926-**|AMADO PINTO DE OLIVEIRA JUNIOR|EXTRACAD|1200.00
202201|00000000000|***.817.876-**|ANATAN SOARES GUALBERTO|EXTRACAD|3000.00
202201|00000000000|***.683.766-**|ANDERSON GOMES ROCHA|EXTRACAD|3000.00
202201|00000000000|***.945.896-**|ANDERSON MARCELO DA SILVA|EXTRACAD|3000.00
202201|00000000000|***.289.596-**|ANDRE HENRIQUE PINTO DE ALMEIDA|EXTRACAD|3000.00
202201|00000000000|***.280.366-**|ANGELO DA SILVA JANUARIO|EXTRACAD|3000.00
202201|00000000000|***.273.366-**|ANTONIO AGOSTINHO DE MELO LIMA|EXTRACAD|3000.00
202201|00000000000|***.466.846-**|ANTONIO DA SILVA SOARES|EXTRACAD|3000.00
202201|00000000000|***.263.016-**|BERNARDO DE SENA COSTA JUNIOR|EXTRACAD|3000.00
202201|00000000000|***.656.966-**|BRADLEY FERREIRA RODRIGUES BRITO|EXTRACAD|3000.00
202201|00000000000|***.253.196-**|BRAYAN LUIZ ALMEIDA CARVALHO|EXTRACAD|3000.00
202201|00000000000|***.286.736-**|BRUNO ALVES COELHO|EXTRACAD|3000.00
202201|00000000000|***.150.596-**|CAIO CESAR SILVA GOMES|EXTRACAD|3000.00
202201|00000000000|***.097.486-**|CAIO HENRIQUE FERREIRA REZENDE|EXTRACAD|3000.00
202201|00000000000|***.193.676-**|CELSO JOSE FERREIRA ARAUJO|EXTRACAD|3000.00
202201|00000000000|***.135.746-**|CLEBER EUSTAQUIO CORREA|EXTRACAD|3000.00
202201|00000000000|***.398.356-**|CRISTIAN KENNEDY DA SILVA|EXTRACAD|3000.00
202201|00000000000|***.411.336-**|CRISTIANO JIRAN XAVIER JUNIOR|EXTRACAD|3000.00
202201|00000000000|***.463.616-**|DAVIDSON DA PAIXAO CORREIA|EXTRACAD|3000.00
202201|00000000000|***.107.826-**|DIEGO CORRADI DA SILVA|EXTRACAD|3000.00
202201|00000000000|***.556.366-**|DIOGO FONSECA VIANA|EXTRACAD|3000.00
202201|00000000000|***.892.756-**|EDSON NILSON FERNANDES RIBEIRO|EXTRACAD|3000.00
202201|00000000000|***.394.956-**|ELIAS FERNANDES BARBOSA|EXTRACAD|3000.00
202201|00000000000|***.617.456-**|ELIO GONCALVES DE OLIVEIRA|EXTRACAD|3000.00
202201|00000000000|***.512.376-**|EMERSON LEONARDO APARECIDO DA SILVEIRA|EXTRACAD|2400.00
202201|00000000000|***.566.176-**|ERIVALDO PAIM DA CAMARA|EXTRACAD|3000.00
202201|00000000000|***.739.246-**|FABIANO DE JESUS PINTO SILVA|EXTRACAD|3000.00
202201|00000000000|***.389.436-**|FABIO RAMOS NUNES|EXTRACAD|3000.00
202201|00000000000|***.218.936-**|FABIO SALVADOR DE OLIVEIRA|EXTRACAD|3000.00
202201|00000000000|***.629.816-**|FABRICIO HENRIQUE NUNES PINTO|EXTRACAD|3000.00
202201|00000000000|***.083.296-**|FELIPE CONTI THOMAS|EXTRACAD|3000.00
202201|00000000000|***.513.896-**|FERNANDO LUCAS BATISTA|EXTRACAD|2400.00
202201|00000000000|***.275.626-**|FERNANDO SILENIO DOS SANTOS|EXTRACAD|3000.00
202201|00000000000|***.723.373-**|FLAVIO SIMAO FRANCO OLIVEIRA|EXTRACAD|3000.00
202201|00000000000|***.151.446-**|FLAVIO TEIXEIRA DA ROCHA|EXTRACAD|3000.00
202201|00000000000|***.482.416-**|FRANCIS BACON DO ESPIRITO SANTO|EXTRACAD|3000.00
202201|00000000000|***.883.626-**|FREDERICO LUIZ DE ANDRADE|EXTRACAD|3000.00
202201|00000000000|***.274.066-**|GABRIEL DE OLIVEIRA SOARES|EXTRACAD|3000.00
202201|00000000000|***.021.986-**|GERALDO CLEBER DOS SANTOS|EXTRACAD|3000.00
202201|00000000000|***.596.846-**|GUILHERME SANTOS VIEIRA|EXTRACAD|3000.00
202201|00000000000|***.470.186-**|GUSTAVO STEHLING DE MELLO ROSA|EXTRACAD|3000.00
202201|00000000000|***.027.236-**|HENRIQUE ALAN SOUZA ANDRADE|EXTRACAD|3000.00
202201|00000000000|***.765.436-**|HERNANES JOSE DOS REIS|EXTRACAD|3000.00
202201|00000000000|***.345.666-**|HIGOR ALVES DE FREITAS|EXTRACAD|3000.00
202201|00000000000|***.850.216-**|HUGO VINICIUS MOREIRA DA SILVA|EXTRACAD|3000.00
202201|00000000000|***.432.246-**|HUMBERTO AZEVEDO ROQUE|EXTRACAD|3000.00
202201|00000000000|***.722.006-**|ICARO HENRIQUE MARTINS DA SILVA|EXTRACAD|3000.00
202201|00000000000|***.902.276-**|IGOR BARRETO DOS SANTOS|EXTRACAD|3000.00
202201|00000000000|***.317.216-**|JESSY DE ASSIS TEIXEIRA|EXTRACAD|3000.00
202201|00000000000|***.899.156-**|JOAO PAULO DA SILVA MIRANDA|EXTRACAD|3000.00
202201|00000000000|***.525.216-**|JOAO PAULO DA SILVA SANTOS|EXTRACAD|3000.00
202201|00000000000|***.987.906-**|JOCELMO RICARDO|EXTRACAD|3000.00
202201|00000000000|***.363.756-**|JOEL FRANCISCO FILHO|EXTRACAD|3000.00
202201|00000000000|***.184.476-**|JONATAS RODRIGUES DOS SANTOS|EXTRACAD|3000.00
202201|00000000000|***.049.586-**|JONATHAN VINICIUS VIANA|EXTRACAD|1200.00
202201|00000000000|***.181.196-**|JOSE ELOI MOREIRA|EXTRACAD|3000.00
202201|00000000000|***.790.706-**|JOSE GLICERIO FILHO|EXTRACAD|3000.00
202201|00000000000|***.805.066-**|JOSE GRACIANO MOREIRA|EXTRACAD|3000.00
202201|00000000000|***.248.606-**|JOSE NICOLAU DOS REIS|EXTRACAD|3000.00
202201|00000000000|***.098.684-**|JOSE REINALDO DE OLIVEIRA|EXTRACAD|3000.00
202201|00000000000|***.736.016-**|JULIO CESAR SILVA COSTA|EXTRACAD|3000.00
202201|00000000000|***.992.116-**|JUNIO JOSE DOS SANTOS|EXTRACAD|2400.00
202201|00000000000|***.391.656-**|KLEBER SIMOES|EXTRACAD|3000.00
202201|00000000000|***.953.226-**|KLEIDERSON LUIS FERREIRA|EXTRACAD|3000.00
202201|00000000000|***.763.376-**|LANEN FROSTH SILVA DOMINGOS|EXTRACAD|3000.00
202201|00000000000|***.336.996-**|LEONARDO SILVA DE MIRANDA|EXTRACAD|3000.00
202201|00000000000|***.180.016-**|LEONY ALMEIDA FREITAS|EXTRACAD|3000.00
202201|00000000000|***.516.046-**|LUCAS SOUZA MARTINS|EXTRACAD|3000.00
202201|00000000000|***.532.596-**|LUCIANO SILVA TEIXEIRA|EXTRACAD|3000.00
202201|00000000000|***.657.726-**|LUCIVANDER D AVILA HENRIQUE|EXTRACAD|3000.00
202201|00000000000|***.446.056-**|LUIZ CARLOS PEREIRA|EXTRACAD|3000.00
202201|00000000000|***.080.816-**|LUIZ KENNEDY GONCALVES|EXTRACAD|3000.00
202201|00000000000|***.540.096-**|LUIZ OTAVIO MIRANDA DE SOUZA|EXTRACAD|3000.00
202201|00000000000|***.835.986-**|MAGNO DE ALMEIDA SANTOS|EXTRACAD|3000.00
202201|00000000000|***.442.856-**|MARCELO MOREIRA DOS SANTOS|EXTRACAD|3000.00
202201|00000000000|***.562.136-**|MARCOS ROBERTO TEIXEIRA|EXTRACAD|3000.00
202201|00000000000|***.669.066-**|MARCOS TULIO DE PAULA|EXTRACAD|3000.00
202201|00000000000|***.858.426-**|MARCOS VINICIUS NOVAES REIS|EXTRACAD|3000.00
202201|00000000000|***.728.356-**|MARCOS VINICIUS ROSA PEDROZA|EXTRACAD|3000.00
202201|00000000000|***.120.856-**|MATEUS AUGUSTO MENDES FIGUEIREDO|EXTRACAD|3000.00
202201|00000000000|***.609.476-**|MATEUS OLIVEIRA SANTOS|EXTRACAD|3000.00
202201|00000000000|***.043.196-**|MAURETE RIBEIRO|EXTRACAD|3000.00
202201|00000000000|***.272.196-**|MAYCON DEIVIDY COUTO SOUZA|EXTRACAD|3000.00
202201|00000000000|***.405.926-**|NEIBERT AUGUSTO MAIA DIAS|EXTRACAD|3000.00
202201|00000000000|***.785.306-**|NELSON GONCALVES DE ASSIS|EXTRACAD|3000.00
202201|00000000000|***.799.398-**|ORLANDO QUEIROGA DE ARAUJO|EXTRACAD|3000.00
202201|00000000000|***.354.558-**|PATRIK BRAGA ZEFERINO|EXTRACAD|3000.00
202201|00000000000|***.314.246-**|PAULO ALVARES ANTUNES BRAGA JUNIOR|EXTRACAD|3000.00
202201|00000000000|***.528.826-**|PAULO CESAR DE BRITO|EXTRACAD|1800.00
202201|00000000000|***.913.946-**|PAULO HENRIQUE SILVA VIEIRA|EXTRACAD|3000.00
202201|00000000000|***.390.727-**|PEDRO AUGUSTO PAIVA ALMEIDA|EXTRACAD|3000.00
202201|00000000000|***.159.976-**|RAFAEL ANGELO DE FREITAS|EXTRACAD|3000.00
202201|00000000000|***.401.426-**|RAFAEL MARTINS DE OLIVEIRA|EXTRACAD|3000.00
202201|00000000000|***.815.426-**|RANIEL AUGUSTO DE LIMA LOPES|EXTRACAD|3000.00
202201|00000000000|***.754.576-**|RAPHAEL FELIPE OLIVEIRA SOUZA|EXTRACAD|3000.00
202201|00000000000|***.484.996-**|RENAN CAMARGO GARCIA DE AZEVEDO|EXTRACAD|3000.00
202201|00000000000|***.147.676-**|RENATO JUNIOR SOUZA VIEIRA|EXTRACAD|3000.00
202201|00000000000|***.713.476-**|RICARDO LUIS GUERRA DA COSTA|EXTRACAD|3000.00
202201|00000000000|***.836.516-**|RODNEI HENRIQUE DE CARVALHO|EXTRACAD|3000.00
202201|00000000000|***.340.526-**|RONALDO FERREIRA PIRES|EXTRACAD|3000.00
202201|00000000000|***.974.506-**|RONALDO JOSE DE OLIVEIRA|EXTRACAD|3000.00
202201|00000000000|***.262.906-**|RONAN WASHINGTON DE SAO JOSE|EXTRACAD|3000.00
202201|00000000000|***.131.356-**|RONILSON DO NASCIMENTO TEIXEIRA|EXTRACAD|3000.00
202201|00000000000|***.098.496-**|RUAN PABLO DOS SANTOS SILVA|EXTRACAD|3000.00
202201|00000000000|***.137.336-**|RUAN PETER DE SOUZA OLIVEIRA|EXTRACAD|3000.00
202201|00000000000|***.388.686-**|RYAN THALIS OLIVEIRA|EXTRACAD|3000.00
202201|00000000000|***.350.846-**|SAULO HENRIQUE NASCIMENTO CLAUDIO|EXTRACAD|3000.00
202201|00000000000|***.550.106-**|SAVIO JULIO GUIMARAES AGANETI|EXTRACAD|3000.00
202201|00000000000|***.936.006-**|SEBASTIAO FABIANO ROSA|EXTRACAD|3000.00
202201|00000000000|***.553.616-**|SEBASTIAO JOSE DE OLIVEIRA JUNIOR|EXTRACAD|3000.00
202201|00000000000|***.876.906-**|SERGIO NONATO ROSA DE CARVALHO|EXTRACAD|3000.00
202201|00000000000|***.325.496-**|TANCREDO ELISIO E SILVA|EXTRACAD|2400.00
202201|00000000000|***.613.676-**|THALLISON LUCAS COELHO|EXTRACAD|3000.00
202201|00000000000|***.364.666-**|THIAGO HENRIQUE DOS SANTOS|EXTRACAD|3000.00
202201|00000000000|***.321.866-**|THIAGO LUIZ VERISSIMO|EXTRACAD|3000.00
202201|00000000000|***.506.206-**|THIAGO SIQUEIRA|EXTRACAD|3000.00
202201|00000000000|***.473.176-**|ULISSES ALVES DE SOUZA|EXTRACAD|3000.00
202201|00000000000|***.796.872-**|VALQUIMAR SILVA BASTOS|EXTRACAD|3000.00
202201|00000000000|***.631.086-**|VANDER KLEISON VINICIUS MONTEIRO|EXTRACAD|3000.00
202201|00000000000|***.889.076-**|VANDERLEI ANDRE TELESFORO|EXTRACAD|3000.00
202201|00000000000|***.509.686-**|VICTOR HUGO BALDINI CAMILO|EXTRACAD|3000.00
202201|00000000000|***.704.136-**|VINICIUS DIOGO PEREIRA SANTIAGO|EXTRACAD|3000.00
202201|00000000000|***.409.186-**|VITOR ASSIS PINTO THOMAZ|EXTRACAD|3000.00
202201|00000000000|***.946.606-**|VITOR VICENTE CORNELIO SOARES|EXTRACAD|3000.00
202201|00000000000|***.873.426-**|WASHINGTON EUSTAQUIO ARAUJO|EXTRACAD|3000.00
202201|00000000000|***.612.506-**|WELLINGTON EGIDIO MARQUES|EXTRACAD|3000.00
202201|00000000000|***.955.206-**|WELLINGTON LUIS SOARES|EXTRACAD|3000.00
