MÊS REFERÊNCIA|NIS BENEFICIÁRIO|CPF BENEFICIÁRIO|NOME BENEFICIÁRIO|VALOR PARCELA
202404|||*** TITULAR MENOR DE 16 ANOS ***|1412.00
202404|||*** TITULAR MENOR DE 16 ANOS ***|1412.00
202404|||*** TITULAR MENOR DE 16 ANOS ***|1412.00
202404|||*** TITULAR MENOR DE 16 ANOS ***|1412.00
202404|||*** TITULAR MENOR DE 16 ANOS ***|1412.00
202404|||*** TITULAR MENOR DE 16 ANOS ***|1412.00
202404|||*** TITULAR MENOR DE 16 ANOS ***|1412.00
202404|||*** TITULAR MENOR DE 16 ANOS ***|1412.00
202404|||*** TITULAR MENOR DE 16 ANOS ***|1412.00
202404|||*** TITULAR MENOR DE 16 ANOS ***|1412.00
202404|||*** TITULAR MENOR DE 16 ANOS ***|1412.00
202404|||*** TITULAR MENOR DE 16 ANOS ***|1412.00
202404|||*** TITULAR MENOR DE 16 ANOS ***|1412.00
202404|||*** TITULAR MENOR DE 16 ANOS ***|1412.00
202404|||*** TITULAR MENOR DE 16 ANOS ***|1412.00
202404|||*** TITULAR MENOR DE 16 ANOS ***|1412.00
202404|||*** TITULAR MENOR DE 16 ANOS ***|1412.00
202404|||*** TITULAR MENOR DE 16 ANOS ***|1412.00
202404|||*** TITULAR MENOR DE 16 ANOS ***|1412.00
202404|||*** TITULAR MENOR DE 16 ANOS ***|1412.00
202404|||*** TITULAR MENOR DE 16 ANOS ***|1412.00
202404|||*** TITULAR MENOR DE 16 ANOS ***|1412.00
202404|||*** TITULAR MENOR DE 16 ANOS ***|1412.00
202404|||*** TITULAR MENOR DE 16 ANOS ***|1412.00
202404|||*** TITULAR MENOR DE 16 ANOS ***|1412.00
202404|||*** TITULAR MENOR DE 16 ANOS ***|1412.00
202404|||*** TITULAR MENOR DE 16 ANOS ***|1412.00
202404|||*** TITULAR MENOR DE 16 ANOS ***|1412.00
202404|||*** TITULAR MENOR DE 16 ANOS ***|1412.00
202404|||*** TITULAR MENOR DE 16 ANOS ***|1412.00
202404|||*** TITULAR MENOR DE 16 ANOS ***|1412.00
202404|||*** TITULAR MENOR DE 16 ANOS ***|1412.00
202404|||*** TITULAR MENOR DE 16 ANOS ***|1412.00
202404|||*** TITULAR MENOR DE 16 ANOS ***|1412.00
202404|||*** TITULAR MENOR DE 16 ANOS ***|1412.00
202404|||*** TITULAR MENOR DE 16 ANOS ***|1412.00
202404|||*** TITULAR MENOR DE 16 ANOS ***|1412.00
202404|||*** TITULAR MENOR DE 16 ANOS ***|1412.00
202404|||*** TITULAR MENOR DE 16 ANOS ***|1412.00
202404|||*** TITULAR MENOR DE 16 ANOS ***|1412.00
202404|||*** TITULAR MENOR DE 16 ANOS ***|1412.00
202404|||*** TITULAR MENOR DE 16 ANOS ***|1412.00
202404|||*** TITULAR MENOR DE 16 ANOS ***|1412.00
202404|||*** TITULAR MENOR DE 16 ANOS ***|1412.00
202404|||*** TITULAR MENOR DE 16 ANOS ***|1412.00
202404|||*** TITULAR MENOR DE 16 ANOS ***|1412.00
202404|||*** TITULAR MENOR DE 16 ANOS ***|1412.00
202404|||*** TITULAR MENOR DE 16 ANOS ***|1412.00
202404|||*** TITULAR MENOR DE 16 ANOS ***|1412.00
202404|||*** TITULAR MENOR DE 16 ANOS ***|1412.00
202404|||*** TITULAR MENOR DE 16 ANOS ***|1412.00
202404|||*** TITULAR MENOR DE 16 ANOS ***|1412.00
202404|||*** TITULAR MENOR DE 16 ANOS ***|1412.00
202404|||*** TITULAR MENOR DE 16 ANOS ***|1412.00
202404|||*** TITULAR MENOR DE 16 ANOS ***|1412.00
202404|||*** TITULAR MENOR DE 16 ANOS ***|1412.00
202404|||*** TITULAR MENOR DE 16 ANOS ***|1412.00
202404|||*** TITULAR MENOR DE 16 ANOS ***|1412.00
202404|||*** TITULAR MENOR DE 16 ANOS ***|1412.00
202404|||*** TITULAR MENOR DE 16 ANOS ***|1412.00
202404|||*** TITULAR MENOR DE 16 ANOS ***|1412.00
202404|||*** TITULAR MENOR DE 16 ANOS ***|1412.00
202404|||*** TITULAR MENOR DE 16 ANOS ***|1412.00
202404|||*** TITULAR MENOR DE 16 ANOS ***|1412.00
202404|||*** TITULAR MENOR DE 16 ANOS ***|1412.00
202404|||*** TITULAR MENOR DE 16 ANOS ***|1412.00
202404|||*** TITULAR MENOR DE 16 ANOS ***|1412.00
202404|||*** TITULAR MENOR DE 16 ANOS ***|1412.00
202404|||*** TITULAR MENOR DE 16 ANOS ***|1412.00
202404|||*** TITULAR MENOR DE 16 ANOS ***|1412.00
202404|||*** TITULAR MENOR DE 16 ANOS ***|1412.00
202404|||*** TITULAR MENOR DE 16 ANOS ***|1412.00
202404|||*** TITULAR MENOR DE 16 ANOS ***|1412.00
202404|||*** TITULAR MENOR DE 16 ANOS ***|1412.00
202404|||*** TITULAR MENOR DE 16 ANOS ***|1412.00
202404|||*** TITULAR MENOR DE 16 ANOS ***|1412.00
202404|||*** TITULAR MENOR DE 16 ANOS ***|1412.00
202404|||*** TITULAR MENOR DE 16 ANOS ***|1412.00
202404|||*** TITULAR MENOR DE 16 ANOS ***|1412.00
202404|||*** TITULAR MENOR DE 16 ANOS ***|1412.00
202404|||*** TITULAR MENOR DE 16 ANOS ***|1412.00
202404|||*** TITULAR MENOR DE 16 ANOS ***|1412.00
202404|||*** TITULAR MENOR DE 16 ANOS ***|1412.00
202404|||*** TITULAR MENOR DE 16 ANOS ***|1412.02
202404|||*** TITULAR MENOR DE 16 ANOS ***|1412.02
202404|||*** TITULAR MENOR DE 16 ANOS ***|1412.04
202404|||*** TITULAR MENOR DE 16 ANOS ***|1412.04
202404|||*** TITULAR MENOR DE 16 ANOS ***|1412.06
202404|||*** TITULAR MENOR DE 16 ANOS ***|1412.10
202404|||*** TITULAR MENOR DE 16 ANOS ***|1412.12
202404|||*** TITULAR MENOR DE 16 ANOS ***|1412.19
202404|||*** TITULAR MENOR DE 16 ANOS ***|1412.20
202404|||*** TITULAR MENOR DE 16 ANOS ***|1412.20
202404|||*** TITULAR MENOR DE 16 ANOS ***|1412.21
202404|||*** TITULAR MENOR DE 16 ANOS ***|1412.40
202404|||*** TITULAR MENOR DE 16 ANOS ***|1412.41
202404|||*** TITULAR MENOR DE 16 ANOS ***|1412.42
202404|||*** TITULAR MENOR DE 16 ANOS ***|1412.43
202404|||*** TITULAR MENOR DE 16 ANOS ***|1412.47
202404|||*** TITULAR MENOR DE 16 ANOS ***|1412.52
202404|||*** TITULAR MENOR DE 16 ANOS ***|1412.60
202404|||*** TITULAR MENOR DE 16 ANOS ***|1412.60
202404|||*** TITULAR MENOR DE 16 ANOS ***|1412.60
202404|||*** TITULAR MENOR DE 16 ANOS ***|1412.60
202404|||*** TITULAR MENOR DE 16 ANOS ***|1412.87
202404|||*** TITULAR MENOR DE 16 ANOS ***|1412.90
202404|16830814198|***.590.576-**|ADAIR ILARIO TORRES|1412.00
202404|16791695332|***.233.456-**|ADALGISA OLIVEIRA|1412.00
202404|10998250535|***.308.988-**|ADAO ALVES DOS SANTOS|1412.00
202404|16108335506|***.487.776-**|ADAO AUGUSTO DA COSTA|1412.00
202404|12163323511|***.529.526-**|ADAO MARCOS DE OLIVEIRA|1412.00
202404|20383563067|***.628.696-**|ADELAIDE RODRIGUES DOS SANTOS|1412.00
202404|26844525212|***.173.406-**|ADEMIR DA GUIA ALVES|1412.00
202404|26776064944|***.298.706-**|ADEMIR JOSE GONCALVES DE FARIA|1412.00
202404|16841228554|***.038.796-**|ADENILDE APARECIDA PEREIRA|1412.00
202404|12513885793|***.406.686-**|ADILSON ANDRE DA SILVA|1412.00
202404|12424889203|***.180.386-**|ADIMAR SEMEAO DE SOUZA|1412.00
202404|11793185225|***.158.336-**|ADRIANA MARCIA CALADO|1412.00
202404|10650636349|***.484.856-**|AGOSTINHO DE OLIVEIRA SANTOS|1412.00
202404|12875883102|***.279.226-**|ALAN JONES DE LOURDES SOARES|1412.00
202404|16728631535|***.850.836-**|ALAN MENDONCA FERREIRA SILVA|1412.00
202404|12370494478|***.075.406-**|ALCIDES DA CONCEICAO SANTOS|1412.00
202404|10888741828|***.384.836-**|ALCIONE MARIA ALMEIDA DE OLIVEIRA|1412.00
202404|16783134734|***.858.026-**|ALESSANDRA XAVIER DE OLIVEIRA|1412.00
202404|10435435644|***.257.056-**|ALEXANDRE MARIA DA NATIVIDADE|1412.00
202404|12841236139|***.552.276-**|ALEXANDRE SOARES MARTINS|1412.00
202404|11485317040|***.084.026-**|ALEXSANDRA VENTURA|1412.00
202404|26741665569|***.509.476-**|ALINE CRISTINA DE SOUZA|1412.00
202404|16814561477|***.722.676-**|ALINE RODRIGUES DE CARVALHO|1412.00
202404|11756076930|***.372.386-**|ALLEN RODRIGO FRANCO|1412.13
202404|11985959857|***.713.586-**|ALZIRA FERREIRA PENA|1412.00
202404|11797092817|***.429.676-**|AMANDA APARECIDA MORAIS|1412.00
202404|26735239197|***.310.556-**|AMANDA RAMOS DE CARVALHO|1412.00
202404|26839619646|***.880.326-**|AMINTAS SILVERIO|1412.00
202404|11369636720|***.986.506-**|ANA BENIGNA TEIXEIRA|1412.00
202404|11785584035|***.159.216-**|ANA DE FREITAS RODRIGUES|1412.00
202404|16155465690|***.611.526-**|ANA FLAVIA DE OLIVEIRA BONFIM|1412.00
202404|11572330087|***.401.766-**|ANA LUCIA DE MELO LIMA|1412.00
202404|10675126956|***.084.006-**|ANA LUCIA DE OLIVEIRA|1412.00
202404|16778036410|***.925.096-**|ANA MARIA FONSECA|1412.00
202404|11946017234|***.972.446-**|ANA MOREIRA DOS SANTOS|1412.00
202404|11798098010|***.791.316-**|ANA PAULA MOURA COSTA|1412.00
202404|16819033509|***.117.226-**|ANA TEREZA DE JESUS RODRIGUES|1412.00
202404|16702421304|***.322.786-**|ANCELMO PAULINO DE SOUZA|1412.00
202404|11693638872|***.704.516-**|ANDRE GERALDO LOPES FERREIRA|1412.00
202404|26763421840|***.665.266-**|ANDRE LUIS AMARO MERCES|1412.00
202404|11752300542|***.172.456-**|ANDREIA APARECIDA FERREIRA|1412.00
202404|20322740554|***.690.866-**|ANGELA MARIA ALVES|1412.00
202404|23872667056|***.648.596-**|ANGELA MARIA DE SOUZA|1412.00
202404|16873465730|***.359.396-**|ANILDOA ANTONIA FIDELES|1412.00
202404|11751936702|***.864.556-**|ANISIO ALVES COSTA|1412.00
202404|16790754467|***.341.246-**|ANITA BRITO DA SILVA|1412.00
202404|16782545161|***.290.726-**|ANITA PEDRA DE OLIVEIRA|1412.00
202404|11764741123|***.153.246-**|ANTONIA APARECIDA PONCIANO|1412.00
202404|11760133307|***.359.806-**|ANTONIA DOS SANTOS COSTA|1412.00
202404|11208339952|***.227.786-**|ANTONIA FERNANDES DE OLIVEIRA|1412.00
202404|11416791706|***.611.606-**|ANTONIA GRIGORIA DE MAGALHAES DIAS|1412.00
202404|11274051929|***.173.676-**|ANTONIA LIMA DOS SANTOS|1412.00
202404|26739470195|***.150.186-**|ANTONIA REGINA MANOEL DOS SANTOS|1412.00
202404|12319410866|***.720.346-**|ANTONIA VALENTINA SILVA|1412.00
202404|23877186935|***.900.726-**|ANTONIETA VITOR RIBEIRO DE SOUZA|1412.00
202404|10101036660|***.549.326-**|ANTONINHA BARROS DE OLIVEIRA|1412.00
202404|10629797991|***.669.706-**|ANTONIO ALVES CORREIA|1412.00
202404|12037267012|***.860.126-**|ANTONIO APARECIDA DE SOUZA|1412.00
202404|10684032160|***.888.326-**|ANTONIO ARCANJO DE MAGALHAES|1412.00
202404|12401831535|***.085.966-**|ANTONIO AUGUSTO DA COSTA|1412.00
202404|10684121872|***.556.976-**|ANTONIO CIRILO MARTINS|1412.00
202404|12033513035|***.572.498-**|ANTONIO DA COSTA SILVA|1412.00
202404|10734274219|***.778.126-**|ANTONIO DIAS DE SOUZA|1412.00
202404|11030355449|***.017.276-**|ANTONIO EUSTAQUIO DA SILVA|1412.50
202404|12141193046|***.113.256-**|ANTONIO EUSTAQUIO RUBATINO|1412.00
202404|11119389326|***.357.406-**|ANTONIO FAUSTINO BATISTA|1412.00
202404|10263336309|***.088.636-**|ANTONIO FERNANDES DO COUTO|1412.00
202404|10248688240|***.090.926-**|ANTONIO GONCALVES DE SOUZA CONCEICAO|1412.00
202404|11459072850|***.261.206-**|ANTONIO HENRIQUE DE OLIVEIRA ASSIS|1412.00
202404|11666849043|***.514.206-**|ANTONIO JACQUES PEREIRA|1412.00
202404|11713265324|***.563.436-**|ANTONIO JORGE DE ALENCAR|1412.00
202404|10813690029|***.324.726-**|ANTONIO LOURDES DA LUZ|1412.00
202404|11247797567|***.725.536-**|ANTONIO MARQUES|1412.00
202404|11285135932|***.212.246-**|ANTONIO MIGUEL ROSA|1412.00
202404|26770717229|***.668.616-**|ANTONIO MOISES CERQUEIRA FERREIRA|1412.00
202404|10759169508|***.821.286-**|ANTONIO PEDRO RODRIGUES|1412.00
202404|11765616543|***.513.996-**|ANTONIO TELES DA SILVA|1412.00
202404|11001057605|***.188.216-**|ANTONIO XAVIER DA SILVA FILHO|1412.00
202404|27269033140|***.314.276-**|APARECIDA BENEDITA DE CASTRO CUSTODIO|1412.00
202404|16872165007|***.259.516-**|APARECIDA BOA VENTURA PENNA|1412.00
202404|11945281329|***.074.206-**|APARECIDA IZABEL DE SOUZA|1412.00
202404|12808184095|***.069.806-**|APARECIDA JERONIMA DE S NASCIMENTO|1412.00
202404|16782605776|***.152.256-**|APARECIDA JUVENTINA EVANGELISTA BARBOSA|1412.00
202404|26785450843|***.204.156-**|APARECIDA RODRIGUES AGANETE|1412.00
202404|11757833980|***.301.966-**|ARIANE OLAVIA DA SILVA|1412.00
202404|16702241560|***.956.126-**|ARIENE DE ANDRADE|1412.00
202404|26790417859|***.443.696-**|ARISTOTELES TEIXEIRA DOS SANTOS|1412.36
202404|11285106193|***.097.896-**|ARLETE APARECIDA QUINTILHIANO SILVA|1412.00
202404|16898719956|***.383.896-**|BARBARA CECI DE PAULA E SILVA|1412.00
202404|12141180998|***.558.966-**|BEATRIZ TEIXEIRA DA SILVA|1412.00
202404|11798445292|***.229.416-**|BENEDITA DA SILVA|1412.00
202404|11143881871|***.136.336-**|BERENICE DOS SANTOS|1412.00
202404|21227111411|***.839.856-**|BERNARDO HUGO SILVA BARBOSA|1412.60
202404|11768222872|***.968.216-**|BRENDHA VITORIA APARECIDA ALMEIDA|1412.00
202404|16830801436|***.989.966-**|BRIGIDA MARIA ZACHARIAS|1412.00
202404|16733926530|***.922.596-**|BRUNO FELIPE DE JESUS|1412.00
202404|11796283570|***.744.726-**|BRUNO LUCIANO RIBEIRO|1412.00
202404|20647214029|***.511.946-**|BRUNO STEFANO RODRIGUES DE ALMEIDA|1412.00
202404|26767762090|***.627.006-**|CACILDA BARBOSA REIS|1412.00
202404|16271574514|***.297.086-**|CAIO CESAR DE JESUS|1412.00
202404|16209927956|***.959.486-**|CARLA PRISCILA DA SILVA|1412.00
202404|26745642555|***.747.026-**|CARLOS AUGUSTO DE OLIVEIRA BOMFIM|1412.00
202404|11772569008|***.510.206-**|CARLOS EDUARDO FERREIRA DA CRUZ|1412.00
202404|16720214625|***.811.016-**|CARLOS EDUARDO FONSECA|1412.00
202404|12274371441|***.614.706-**|CARLOS NASCIMENTO DE OLIVEIRA|1412.00
202404|10248981452|***.736.146-**|CARLOS ROBERTO FERREIRA|1412.00
202404|17019584290|***.958.606-**|CARLOS SANTOS DE SOUZA|1412.00
202404|10615177775|***.574.346-**|CARLOS SEZIO MONTEIRO|1412.00
202404|23835565393|***.521.586-**|CARMELINA DO CARMO MOREIRA|1412.20
202404|10748300330|***.800.676-**|CARMELITA MACHADO GUEDES|1412.00
202404|11369973483|***.773.596-**|CARMEN FRANCISCA DOS SANTOS|1412.00
202404|26736171588|***.384.436-**|CAROLAINE ALINE DA SILVA MARCELINO|1412.00
202404|11782486130|***.736.246-**|CAROLINA FONSECA SOUZA|1412.00
202404|11609433941|***.780.686-**|CAROLINA MARIA MORALEIDA DE SOUZA|1412.00
202404|16713297740|***.902.546-**|CAROLINA MARQUES PEREZ|1412.00
202404|11761668417|***.372.356-**|CASSIA DAS DORES PERDIGAO|1412.00
202404|26714925490|***.898.736-**|CATARINA MARIA SILVA VITORIANO|1412.00
202404|12430302677|***.234.156-**|CELIA DE OLIVEIRA DUARTE|1412.00
202404|11946034708|***.989.106-**|CELINA NEVES DE SOUZA|1412.00
202404|16896652218|***.250.206-**|CHIRLENE GOMES|1412.00
202404|27259394850|***.258.346-**|CHISDILEY OLIVEIRA ROBERTO|1412.00
202404|16836952576|***.948.696-**|CHRISTOPHER HENRIQUE PASTOR|1412.33
202404|12082755241|***.191.844-**|CICERO SEBASTIAO DA SILVA|1412.00
202404|11256618572|***.488.006-**|CIDINEI SEBASTIAO DA SILVA|1412.00
202404|26741664813|***.296.036-**|CINTIA APARECIDA LIMA|1412.00
202404|12869320878|***.537.846-**|CIOMARA LAGES|1412.00
202404|11423138826|***.223.077-**|CLARICE GOMES DE ALMEIDA|1412.00
202404|16769535913|***.950.596-**|CLAUDIA DA SILVA MACHADO SOUZA|1412.00
202404|10391564452|***.158.206-**|CLAUDILDES ANICETO DA COSTA SANTOS|1412.00
202404|27205551701|***.108.676-**|CLAUDIO JORGE CANDIDO|1412.00
202404|11788123322|***.072.976-**|CLAUDIO LUIZ RODRIGUES|1412.00
202404|11534505053|***.512.326-**|CLAUDIONOR MEIRELES|1412.00
202404|10417372725|***.850.466-**|CLEA BATISTA DE SOUZA|1412.00
202404|11793672835|***.693.486-**|CLEBER EDUARDO DOS SANTOS|1412.00
202404|16212054542|***.409.096-**|CLEIDE GUEDES FERREIRA DA PIEDADE|1412.00
202404|11783195953|***.350.716-**|CLEMENTINA JOANA DOS SANTOS|1412.00
202404|11226913045|***.794.416-**|CLEUSA SILVERIO|1412.00
202404|26708037767|***.901.596-**|CLEUZA GARCIA DE OLIVEIRA|1412.00
202404|16205617995|***.227.746-**|CLEUZA MARIA FERREIRA JACOMO|1412.00
202404|11946306350|***.548.646-**|CLEUZA MARIA JACOME|1412.00
202404|11995641493|***.047.856-**|CLEUZA NONATA MONTEIRO DA SILVA|1412.00
202404|20052485905|***.202.436-**|CONCEICAO ALVES PINTO|1412.00
202404|11679703336|***.530.996-**|CONCEICAO EUGENIA NASCIMENTO|1412.00
202404|11690801438|***.373.646-**|CONCEICAO MARIA DE JESUS COSTA|1412.00
202404|11747599993|***.696.536-**|CONCEICAO MOREIRA DE ANDRADE|1412.00
202404|26712782064|***.217.906-**|CONCEICAO OLIVEIRA DA SILVA|1412.00
202404|11370031887|***.363.326-**|CONCEICAO ROSA MOREIRA|1412.00
202404|12774772135|***.541.406-**|CONCENY QUEIROZ|1412.00
202404|12274428915|***.876.236-**|CREUZA DO COUTO DOS SANTOS|1412.00
202404|12480803939|***.483.416-**|CREUZA SILVA MOURA AMORIM|1412.00
202404|27233591380|***.699.527-**|CRISTIAN DE PAULA FAVARO|1412.62
202404|16702729376|***.532.956-**|CRISTIELLY CARLA SILVA|1412.00
202404|16811685086|***.688.046-**|CRYSTIAN SANTOS MIRANDA|1412.10
202404|11984157668|***.161.926-**|DAGMAR ALVEZ LAS CASAS|1412.00
202404|11744017802|***.489.356-**|DAISE BEATRIZ CARVALHO|1412.00
202404|26717225481|***.069.256-**|DALVA ANTONIA DAS NEVES|1412.00
202404|16852678920|***.617.256-**|DALVA FERNANDES GURGEL ELIAS|1412.00
202404|11944036541|***.563.026-**|DALVA MARCELINA GONCALVES|1412.00
202404|16036330880|***.010.256-**|DALVA MARIA GOMES|1412.00
202404|11670449232|***.335.906-**|DALVA VIEIRA DA SILVA|1412.00
202404|12793654118|***.389.937-**|DALVA VIRGINIA FIDELIX|1412.00
202404|16832138831|***.281.156-**|DANIEL DA SILVA MIRANDA|1412.20
202404|11671275890|***.205.406-**|DANIEL JULIO DE ALMEIDA|1412.00
202404|16820401214|***.798.496-**|DANIEL PIRES ROSA|1412.00
202404|26758126798|***.506.176-**|DANIEL SANTOS DE SOUZA|1412.00
202404|11290988042|***.679.856-**|DANIEL TEODORO DA COSTA|1412.00
202404|11739321175|***.846.206-**|DANIELA MARIA DA SILVA|1412.00
202404|26776582333|***.853.866-**|DANIELY APARECIDA GONCALVES|1412.00
202404|11785373654|***.914.496-**|DAVI JOSE SILVA MARTINS|1412.00
202404|20131867576|***.092.806-**|DAVID FRANCISCO LEAL ALVES|1412.00
202404|11776634106|***.263.946-**|DAVID JONATA DOS SANTOS PERDIGAO|1412.00
202404|11676085356|***.170.346-**|DEBORA INACIO CANDIDA DOS SANTOS|1412.00
202404|11781161687|***.576.326-**|DELMITA MARIA DE DEUS|1412.00
202404|26747025669|***.902.507-**|DENIZARD RIVAIL LEITE COSTA|1412.00
202404|21384625013|***.371.946-**|DERCE AUGUSTA FONSECA DOS SANTOS|1412.00
202404|10664604991|***.136.016-**|DERLI FRANCISCO DA CONCEICAO|1412.00
202404|16814545595|***.647.456-**|DEUSDITA FERNANDES SOUSA|1412.00
202404|10727979601|***.139.726-**|DEVANY MARIA MENDES ARRUDA|1412.00
202404|20329618320|***.487.586-**|DIENIFER DIANA DE LOURDES PROCOPIO|1412.00
202404|23865496896|***.883.526-**|DILMA MARIA DOS SANTOS|1412.00
202404|11391537151|***.614.676-**|DIONISIA CARMO SOUZA|1412.00
202404|26964875857|***.893.706-**|DIRCE DE FATIMA MARQUES|1412.00
202404|16030756215|***.125.226-**|DIRCE ESTEVAO MARQUES SILVA|1412.00
202404|11730993561|***.924.726-**|DIVA PETRINA LAUDATE FRANCA|1412.00
202404|11944389150|***.300.896-**|DIVINA SILVERIA DA SILVA DE OLIVEIRA|1412.00
202404|12513789239|***.571.586-**|DJALMA PEREIRA ROSA|1412.00
202404|20481131528|***.470.046-**|DOLORES DA PAIXAO PINTO|1412.00
202404|23811834378|***.694.986-**|DORA HELENA DO CARMO RODRIGUES|1412.00
202404|16704100190|***.789.926-**|DOUGLAS ALENCAR DE SOUZA|1412.00
202404|26775514725|***.503.226-**|DOUGLAS NOLASCO NEVES|1412.00
202404|10964078047|***.568.536-**|DULCI MARQUES VIANA|1412.00
202404|10952979842|***.543.566-**|EDIR DA SILVA HOMEM|1412.00
202404|11715729026|***.554.746-**|EDIVAL CALDEIRA FILHO|1412.00
202404|16769221900|***.524.326-**|EDIVINA MARIA BENTO|1412.00
202404|26725020591|***.594.696-**|EDNA APARECIDA CANDIDA MEDEIROS|1412.50
202404|16783327796|***.063.586-**|EDNA LUCIA ROSA SILVA|1412.00
202404|11453258714|***.897.336-**|EDNA PEREIRA DE SOUZA|1412.00
202404|11377338341|***.712.896-**|EDSON APOLONIO SOARES|1412.00
202404|11711954807|***.046.536-**|EDSON DE OLIVEIRA BRIGOLINI|1412.00
202404|16768681576|***.523.976-**|EDSON MOREIRA PINHEIRO|1412.00
202404|12050066394|***.735.656-**|EDUARDO ANDRADE SILVA|1412.00
202404|11785948517|***.439.796-**|EDVAN DE MATOS BANHOS|1412.00
202404|11747322860|***.331.216-**|EFIGENIA FELIX DIAS ATAIDES|1412.00
202404|12291552696|***.899.936-**|EFIGENIA PAULA DE OLIVEIRA|1412.20
202404|16841413947|***.540.096-**|ELENA LUCAS CLAUDIO|1412.00
202404|12895614107|***.753.186-**|ELIANE DA ROCHA PEREIRA|1412.00
202404|16783826938|***.411.606-**|ELIANE MOREIRA DO CARMO TEIXEIRA|1412.00
202404|11946520653|***.376.806-**|ELIAS PEREIRA DE ALMEIDA|1412.00
202404|16153818278|***.908.666-**|ELIELSON BRAGA BARBOSA|1412.00
202404|11411160015|***.357.896-**|ELIENE MARIA DA SILVA|1412.18
202404|10692472964|***.073.866-**|ELIEZER GONCALVES DOS SANTOS|1412.00
202404|11512501438|***.178.766-**|ELISANGELA MONTEIRO DA CRUZ|1412.00
202404|20611788343|***.222.546-**|ELISIANE RODRIGUES DE MAGALHAES|1412.00
202404|11370409677|***.825.476-**|ELIZABETE DA CONCEICAO MARQUES ELIAS|1412.00
202404|26780907632|***.887.746-**|ELIZABETE ISABEL PIRES|1412.00
202404|21359219732|***.918.796-**|ELKIA LODI|1412.00
202404|10781542348|***.083.036-**|ELSON ALVES FERREIRA|1412.00
202404|12169922670|***.168.736-**|ELSON MALTA MADEIRA|1412.00
202404|11234766447|***.851.526-**|ELVERCIO RAIMUNDO SABINO|1412.00
202404|26709012431|***.183.316-**|ELZA MARIA DA SILVA|1412.00
202404|11369973416|***.441.886-**|EMILIA DO ROSARIO DIAS DOS SANTOS|1412.00
202404|26790874125|***.092.116-**|ENEDINA AVELAR ALVES|1412.00
202404|16055288940|***.736.516-**|ENEDINA DIAS DE SOUZA|1412.00
202404|16136240565|***.003.446-**|ENI DA SILVA|1412.00
202404|26762088226|***.560.006-**|ERICK VITORIO FERNANDES DOS SANTOS|1412.00
202404|11671464510|***.638.786-**|ESMERALDA DE MORAES|1412.00
202404|10653131019|***.113.516-**|ESMERALDO DE SANTANA|1412.00
202404|10650412181|***.522.806-**|ESPEDITO DAS MERCES FONSECA|1412.00
202404|17065294437|***.330.758-**|EUNICE ANTUNES LIMA|1412.00
202404|11763342950|***.077.556-**|EUNICE JANUARIA DA SILVA|1412.00
202404|11423138710|***.633.926-**|EVA APARECIDA DOS SANTOS|1412.00
202404|16794217520|***.718.306-**|EVA FATIMA DOS REIS DOMINGOS|1412.00
202404|16815688241|***.428.216-**|EVA MARIA DAS GRACAS|1412.00
202404|20322742557|***.619.586-**|EVA MARIA LOPES|1412.00
202404|16150213960|***.778.126-**|FABIO DE JESUS PINTO SILVA|1412.00
202404|16844838256|***.240.696-**|FAGNER MORAIS DOS SANTOS|1412.00
202404|26715238500|***.759.066-**|FATIMA ANTONIA RODRIGUES|1412.00
202404|20322731725|***.587.036-**|FATIMA DA CONCEICAO DE SOUSA SILVA|1412.00
202404|10989312396|***.966.986-**|FATIMA FAUSTINO PIMENTA|1412.00
202404|10775039443|***.172.656-**|FATIMA MONTEIRO|1412.00
202404|16703443220|***.097.026-**|FERNANDO FELIX DOS SANTOS|1412.00
202404|12617317139|***.605.356-**|FIDELIS ARI MONTEIRO FERREIRA|1412.00
202404|10692287806|***.328.226-**|FLAVIO ANTONIO LELES DA COSTA|1412.00
202404|26768767435|***.038.886-**|FLAVIO DE SOUZA SANTOS|1412.00
202404|12681623113|***.394.906-**|FLAVIO GERALDO PESSOA|1412.00
202404|11609431671|***.070.866-**|FRANCIELE CRISTINE CARVALHO|1412.00
202404|11694765207|***.726.106-**|FRANCIMEIRA PAIXAO DE OLIVEIRA|1412.00
202404|11328058470|***.441.256-**|FRANCINA ETELVINA EUPHRAZIO|1412.00
202404|16802107792|***.257.526-**|FRANCISCA DE BORJA SEVERINO|1412.00
202404|26737605492|***.457.886-**|FRANCISCA MARIANA ALEXANDRE|1412.00
202404|10112502323|***.540.986-**|FRANCISCO ALVES DIAS|1412.00
202404|11274115005|***.684.086-**|FRANCISCO BOM SUCESSO|1412.00
202404|26748511737|***.245.476-**|FRANCISCO CARVALHO DA COSTA|1412.70
202404|12019953384|***.550.586-**|FRANCISCO DE ASSIS MATEUS|1412.00
202404|16769442010|***.521.216-**|FRANCISCO MAGALHAES|1412.00
202404|11677897192|***.555.436-**|FRANCISCO RODRIGUES|1412.76
202404|16303327118|***.220.916-**|FRANCYSMAR FONSECA BARBOSA FELIPE|1412.00
202404|16211757892|***.639.666-**|GABRIEL AUGUSTO DE SOUZA CRUZ|1412.00
202404|16810055186|***.723.616-**|GABRIEL DE OLIVEIRA RAINHA|1412.00
202404|16806765492|***.531.676-**|GABRIELA RIBEIRO SANTOS|1412.00
202404|26712584262|***.753.302-**|GENI IRENE DA SILVA PEREIRA|1412.00
202404|16233435456|***.335.266-**|GENY MACARIA RIBEIRO SANTOS|1412.00
202404|11441241641|***.063.076-**|GEORGINA GLORIA DE OLIVEIRA|1412.00
202404|26754260554|***.811.106-**|GERALDA DE ANDRADE SILVA|1412.00
202404|10900402870|***.686.316-**|GERALDA DO BOM SUCESSO SILVESTRE|1412.00
202404|11738531850|***.435.446-**|GERALDA FRANCISCA DA SILVA|1412.00
202404|11740532311|***.652.146-**|GERALDINA ATANASIO DA SILVA|1412.00
202404|16881579730|***.620.756-**|GERALDINA MARIA DE JESUS|1412.00
202404|11322134663|***.217.776-**|GERALDO ALVES DE BRITO|1412.00
202404|11769325535|***.321.646-**|GERALDO APARECIDO SILVA|1412.60
202404|11234398545|***.395.576-**|GERALDO ARAUJO|1412.00
202404|16704551523|***.706.716-**|GERALDO CARLOS DE ANDRADE|1412.00
202404|10656909444|***.167.196-**|GERALDO CESAR|1412.00
202404|10727980170|***.540.556-**|GERALDO FELIX COELHO|1412.00
202404|10638522479|***.370.516-**|GERALDO GOMES DO CARMO|1412.00
202404|11785585007|***.749.596-**|GERALDO MADALENA STUARTE|1412.00
202404|26797316144|***.119.408-**|GERALDO MARIA DA ROCHA|1412.00
202404|11780544744|***.207.866-**|GERALDO PEREIRA DOS SANTOS|1412.00
202404|16768874560|***.436.306-**|GERALDO VENANCIO DOS SANTOS|1412.00
202404|11655630690|***.600.786-**|GERBSON LIMA|1412.81
202404|11991372323|***.768.666-**|GERCINA DA SILVA RODRIGUES|1412.00
202404|16306704435|***.399.156-**|GERCINA DAS GRACAS LUZ NASCIMENTO|1412.00
202404|11243399982|***.432.826-**|GERSON ENGRACIO DA COSTA|1412.00
202404|13015452125|***.734.946-**|GESSI DE ALMEIDA SALGADO|1412.00
202404|11789157220|***.347.376-**|GIANATHAN LUZ DOS SANTOS|1412.00
202404|11117927746|***.044.616-**|GILBERTO ANTONIO ROSA|1412.00
202404|16817336334|***.332.016-**|GILBERTO JUNIOR HENRIQUE DIAS AMBROSIO|1412.00
202404|11790251243|***.847.046-**|GILSON APARECIDO DA SILVA|1412.00
202404|16703029734|***.677.626-**|GIOVANE CESAR BARBOSA|1412.00
202404|21316034986|***.616.096-**|GISLENE CONCEICAO LIMA PATRICIO|1412.00
202404|16703332755|***.489.516-**|GLAUCIA MARQUES DOS SANTOS|1412.00
202404|16821696528|***.227.686-**|GLAYSON RODRIGUES NORBERTO|1412.00
202404|11785071704|***.543.636-**|GLEISSON GRIGORIO DE ARAUJO ROSA|1412.00
202404|16822110217|***.832.946-**|GLEYCINARA GIZELLA FRANCISCA S SANTOS|1412.00
202404|11740726060|***.901.806-**|GLORIA MARIA GONCALVES SANTOS|1412.00
202404|11119396101|***.106.806-**|GOMERCINO ANACLETO PINTO|1412.00
202404|11734891003|***.710.296-**|GUILHERME HENRIQUE DE OLIVEIRA SILVA|1412.00
202404|16299168839|***.572.666-**|GUILHERME HENRIQUE PAIXAO DIAS|1412.00
202404|16868302283|***.123.846-**|GUIOMAR FRANCISCO PINHEIRO|1412.00
202404|16704519719|***.241.836-**|HAILTON MARCOS DOS SANTOS|1412.00
202404|11940227202|***.553.266-**|HAYDEE ALVES DA SILVA|1412.00
202404|16105223189|***.605.816-**|HELENA BONSUCESSO PONTES MAGALHAES|1412.00
202404|11994521613|***.941.216-**|HELENA CORREIA DA SILVA|1412.00
202404|16827710530|***.374.026-**|HELENA DE SOUZA FERREIRA|1412.00
202404|11001074208|***.031.026-**|HELI DA SILVA COSTA|1412.71
202404|10681054260|***.222.648-**|HELIO LUIZ DE OLIVEIRA|1412.10
202404|11771422852|***.391.796-**|HENRIQUE THADEU CAETANO PINTO|1412.00
202404|20329627036|***.955.516-**|HIDEMBERG DE SOUZA|1412.00
202404|26763303201|***.316.376-**|IARA APARECIDA DO CARMO|1412.00
202404|20322733892|***.596.856-**|ILMA NASCIMENTO DE SOUZA|1412.00
202404|16787561653|***.628.566-**|ILMA SOUSA|1412.00
202404|21325583687|***.952.106-**|ILZA MARIA DA SILVA|1412.00
202404|20944288779|***.096.206-**|ILZA SEVERINO|1412.40
202404|26774619299|***.652.786-**|IRACI VIEIRA DE OLIVEIRA COSTA|1412.00
202404|16727458317|***.369.356-**|IRACY MARILIA DA CRUZ|1412.00
202404|11328057172|***.989.366-**|IRACY TEIXEIRA DO CARMO|1412.00
202404|16848498441|***.604.506-**|IRANI NUNES DA SILVA|1412.00
202404|16853526334|***.689.076-**|IRANIR DE FATIMA ALMEIDA|1412.00
202404|11995569687|***.009.276-**|IRCA DA CONCEICAO OLIVEIRA SILVA|1412.00
202404|11697421118|***.673.856-**|IRENE MARIA DE JESUS BARROS|1412.00
202404|21303492476|***.684.936-**|IRENI MONTEIRO GONCALVES|1412.00
202404|11579677198|***.096.176-**|IRIAS SEVERINA|1412.00
202404|11533824295|***.201.026-**|IRMA ASSUNCAO MOREIRA|1412.00
202404|11654250206|***.855.236-**|ISABEL FERREIRA PIRES|1412.00
202404|20336193690|***.718.116-**|ITATIEINE GOMES DA PAIXAO|1412.42
202404|16782253063|***.814.506-**|IVANETE NEVES DE SOUZA|1412.00
202404|11285116466|***.035.626-**|IVANI MARIA DA SILVA|1412.00
202404|26743945470|***.011.006-**|IVANIL MARIA DA SILVA OLIVEIRA|1412.00
202404|11216227823|***.807.266-**|IVANIR FERREIRA DA SILVA|1412.00
202404|26775144367|***.896.956-**|IVETE DAS GRACAS PINTO CONCEICAO|1412.00
202404|26740949458|***.276.206-**|IVONE GOMES ROSA ENOC|1412.00
202404|11769302039|***.889.446-**|IZABEL ALVES MONTEIRO ARAUJO|1412.00
202404|26788334151|***.543.796-**|IZABEL DAS DORES LOPES OLIVEIRA|1412.00
202404|11695422524|***.422.046-**|IZABEL DIVINA DE SOUZA|1412.00
202404|11742612436|***.644.296-**|JACINTO DE MAGALHAES LOPES|1412.00
202404|21018096762|***.441.696-**|JACKSON DOS ANJOS FERNANDES|1412.00
202404|26741661105|***.310.686-**|JACYARA DUARTE PEREIRA|1412.00
202404|10604668659|***.790.386-**|JADAIR REIS DE ALMEIDA|1412.00
202404|11774486967|***.243.696-**|JAIME CARDOSO DA SILVA|1412.00
202404|12782506139|***.434.826-**|JAIME TEIXEIRA SANTOS|1412.00
202404|11327786910|***.458.456-**|JAIRINHO FRANCISCO DUARTE|1412.00
202404|11797161649|***.487.956-**|JANAINA FERREIRA DIAS|1412.00
202404|20329624355|***.766.756-**|JANDIRA BRAZ DE PAIVA|1412.00
202404|26774551481|***.886.596-**|JANETE MAGNANI LAGES MANSOLDO|1412.00
202404|16703498920|***.643.966-**|JAQUELINE HELENA SANTOS DAS MERCES|1412.90
202404|12277872476|***.684.676-**|JEANE AUGUSTA ROCHA|1412.00
202404|21432239254|***.642.106-**|JEREMY DELLER YARNELL ABOAB LEIDSTAR|1412.00
202404|26786024457|***.497.026-**|JERRY FELIPE SANTOS PERDIGAO|1412.00
202404|16185239184|***.961.926-**|JESSICA DOS SANTOS|1412.00
202404|12154092243|***.230.626-**|JESUINO DE SOUZA|1412.00
202404|10978988563|***.526.626-**|JESUS MARIA MORAIS|1412.00
202404|16802109361|***.434.876-**|JESUS PERDIGAO DE ALMEIDA FILHO|1412.00
202404|23873317822|***.042.042-**|JHOESMER JOSUE MORENO GARCIA|1412.00
202404|16234157301|***.566.756-**|JHONATA MARQUES DOS SANTOS BARBOSA|1412.00
202404|16303444734|***.111.556-**|JOANA HILDA DE JESUS ALVES|1412.00
202404|11302318890|***.165.916-**|JOANA MERCES DA SILVA MARTINS|1412.00
202404|12106809923|***.526.066-**|JOAO BATISTA DO CARMO FILHO|1412.00
202404|10623585224|***.533.406-**|JOAO BATISTA DOS SANTOS|1412.00
202404|11022961823|***.977.386-**|JOAO BATISTA GARCIA|1412.00
202404|10516060152|***.633.906-**|JOAO BATISTA MALAQUIAS|1412.00
202404|26769534230|***.347.526-**|JOAO BATISTA MOREIRA|1412.00
202404|11327786510|***.121.786-**|JOAO BATISTA NETO|1412.00
202404|10270863394|***.809.636-**|JOAO BATISTA SOUZA|1412.00
202404|10253218672|***.323.766-**|JOAO CARDOSO DOS SANTOS|1412.00
202404|16844800097|***.066.206-**|JOAO CESARIO DE OLIVEIRA|1412.00
202404|21440648826|***.644.866-**|JOAO DOMINGOS DA SILVA|1412.00
202404|11609321370|***.086.466-**|JOAO NORBERTO DOS SANTOS|1412.00
202404|11144383964|***.805.286-**|JOAO VITORINO DA SILVA|1412.00
202404|10656910086|***.622.666-**|JOCELINO JOSE DA SILVEIRA|1412.00
202404|12609028107|***.967.636-**|JOEL LEONARDO MIRANDA|1412.00
202404|11770658011|***.552.896-**|JONAS LIMA MOREIRA|1412.00
202404|12511797277|***.137.515-**|JORGE BARBOSA DE AZEVEDO|1412.00
202404|11110765619|***.880.056-**|JORGE BOSCO ELIAS|1412.00
202404|10515354381|***.027.026-**|JOSE ADRIANO PINTO|1412.00
202404|10024977370|***.548.766-**|JOSE ANSELMO DIAS|1412.00
202404|10615177651|***.453.706-**|JOSE ANTONINHO DE CARVALHO|1412.00
202404|10021709952|***.222.926-**|JOSE ANTONIO DE ALMEIDA|1412.00
202404|11307687894|***.550.606-**|JOSE BRAZ ALVES MOREIRA|1412.00
202404|12480958932|***.236.546-**|JOSE CAETANO DE ARAUJO|1412.00
202404|11968916592|***.841.976-**|JOSE CIRILO DA SILVA|1412.00
202404|11224170754|***.118.306-**|JOSE CIRILO DE OLIVEIRA|1412.00
202404|10888958576|***.374.076-**|JOSE DE SOUZA PORTO|1412.00
202404|16782126029|***.008.106-**|JOSE DIVINO MARQUES|1412.00
202404|10767117384|***.927.626-**|JOSE ELOY LIBERATO|1412.00
202404|12010298278|***.573.111-**|JOSE FERREIRA FILHO|1412.00
202404|26779228360|***.536.876-**|JOSE FRANCISCO CANDIDO|1412.00
202404|11370409723|***.115.176-**|JOSE FRANCISCO DE OLIVEIRA|1412.00
202404|11938978387|***.062.406-**|JOSE FRANCISCO PINTO|1412.00
202404|26874839525|***.649.046-**|JOSE GERALDO DE ALMEIDA|1412.00
202404|12559001111|***.883.046-**|JOSE GERALDO DE OLIVEIRA|1412.00
202404|10220315423|***.930.566-**|JOSE GERALDO PATRICIO|1412.00
202404|10758742670|***.578.286-**|JOSE IMIDIO DO BOM SUCESSO|1412.00
202404|10744937806|***.110.236-**|JOSE IZAIAS DA SILVA|1412.00
202404|11718265420|***.638.926-**|JOSE JERONIMO NONATO PIRES|1412.00
202404|11369636894|***.618.606-**|JOSE JERONIMO VIEIRA|1412.00
202404|21436906980|***.162.436-**|JOSE JOANAS MONTEIRO|1412.00
202404|26778999657|***.162.976-**|JOSE LAURO LAGES|1412.00
202404|16897199754|***.575.816-**|JOSE LUCAS FERREIRA|1412.00
202404|10391590755|***.546.246-**|JOSE MACARIO RODRIGUES|1412.00
202404|11746801829|***.176.966-**|JOSE MARCELO LOPES|1412.00
202404|11185275449|***.584.126-**|JOSE MARIA DE OLIVEIRA|1412.00
202404|11369637165|***.639.456-**|JOSE MARTINS|1412.00
202404|26783996490|***.502.308-**|JOSE MAURO DE MACEDO|1412.00
202404|11199038673|***.562.416-**|JOSE NAZARIO DANIEL|1412.00
202404|12319410998|***.362.356-**|JOSE PAULO PEREIRA FARIA|1412.00
202404|10289291752|***.318.358-**|JOSE PAULO VIEIRA|1412.00
202404|20322741410|***.068.166-**|JOSE RAIMUNDO FERNANDES|1412.00
202404|11176769671|***.557.096-**|JOSE RAIMUNDO PESSOA|1412.00
202404|12177408700|***.898.295-**|JOSE RAIMUNDO SOARES SANTOS|1412.00
202404|11673384514|***.579.266-**|JOSE ROMULO DA CONCEICAO|1412.00
202404|16235057238|***.501.086-**|JOSE ROQUE DOS SANTOS|1412.00
202404|10830762253|***.942.736-**|JOSE TEIXEIRA DA SILVA|1412.00
202404|12216703976|***.441.966-**|JOSE TEIXEIRA FILHO|1412.00
202404|26781462561|***.057.636-**|JOSENILDA FRANCA ARAUJO|1412.00
202404|11767064157|***.752.196-**|JOSIANE CRISTINA DA SILVA|1412.00
202404|10391565475|***.244.996-**|JOSUE NAZARIO PEREIRA|1412.00
202404|26783216673|***.216.006-**|JOVANNA GABRIELLE FORTUNATO DA SILVA|1412.00
202404|21426980843|***.430.296-**|JOVERCINA EDWIRGE ROSA|1412.00
202404|12228394914|***.065.896-**|JOVINA PINHEIRO DE MIRANDA|1412.00
202404|20643772183|***.432.796-**|JUCELINO PAULO DA SILVA|1412.00
202404|20161743085|***.744.536-**|JULIA NEILA DE SOUZA CRUZ|1412.00
202404|16847030888|***.445.526-**|JULIA VITORIA DO SANTOS ROSA|1412.00
202404|20058058715|***.674.376-**|JULIANA ROSA DA SILVA|1412.00
202404|20322738673|***.107.406-**|JULIO CESAR DE ALMEIDA FONTANA|1412.00
202404|12771016119|***.987.896-**|JULIO CESAR DOS SANTOS|1412.00
202404|16701946063|***.647.346-**|JULIO DE FREITAS ENGRACIO|1412.00
202404|10615177627|***.351.636-**|JULIO DOS SANTOS|1412.00
202404|11736377269|***.334.586-**|JUNIA GRASIELA ALVES MACIEL|1412.00
202404|12812322138|***.279.476-**|JUNIOR DIAS CASSIANO|1412.00
202404|16829258945|***.675.216-**|JURACI JULIANA DA SILVA|1412.00
202404|23791259829|***.159.416-**|JURACI MONTEIRO DE MAGALHAES|1412.00
202404|17024633865|***.392.236-**|JURACY DA CONCEICAO VIEIRA AGANETE|1412.00
202404|20322726969|***.723.026-**|JUSTINA MARIA DE JESUS|1412.00
202404|16784474113|***.790.966-**|JUVENTINO CARLOS|1412.00
202404|11785724295|***.965.326-**|KAIO NOGUEIRA DE OLIVEIRA SILVA|1412.20
202404|11773170044|***.715.056-**|KAIQUE ALVARO GABRIEL STUARTE DINIZ|1412.00
202404|16831698540|***.829.416-**|KAIQUE GOMES DE MEDEIROS|1412.00
202404|11784331613|***.741.606-**|KELEN REGINA MARTINS|1412.00
202404|11578865802|***.014.328-**|KENIA PATRICIA DE SOUZA|1412.00
202404|26735752633|***.909.136-**|KENNEDY EXPEDITO DA SILVA VIEIRA|1412.00
202404|16713533745|***.714.106-**|KLEBER SEBASTIAO MARQUES|1412.00
202404|26761236493|***.501.406-**|LAIANE ANTONIA ANDRE|1412.00
202404|11984555930|***.244.136-**|LAURA DOS SANTOS|1412.00
202404|11256897692|***.857.686-**|LAURENTINA RAMOS DO CARMO|1412.00
202404|11736797217|***.978.466-**|LEIDILAURA GERALDA DE ARAUJO|1412.00
202404|26792198984|***.479.206-**|LENIS LUZIA MARQUES DE SOUZA|1412.00
202404|16712938679|***.879.706-**|LEONARDO HENRIQUE MEIRELES OLIVEIRA|1412.00
202404|17035627187|***.431.226-**|LEONTINO CARDOSO DA SILVA|1412.00
202404|11748416744|***.852.336-**|LETICIA TELES MELO|1412.00
202404|11675239155|***.369.406-**|LINA DE LOURDES REIS|1412.00
202404|16888921574|***.191.596-**|LOURDES CONCEICAO SANTOS TELESPHORO|1412.00
202404|26812311098|***.709.126-**|LOURENCO DA SILVA|1412.00
202404|12178037412|***.812.426-**|LOURIVAL PEREIRA DOS SANTOS|1412.00
202404|26788047179|***.577.256-**|LUCAS HENRIQUE RODRIGUES DE ALMEIDA|1412.00
202404|16445095314|***.136.676-**|LUCIA CASSIANO DE SOUZA|1412.00
202404|10902282023|***.404.336-**|LUCIA JULIA PROCOPIO|1412.00
202404|26724253576|***.674.486-**|LUCIANA MAGELA DE SOUSA|1412.00
202404|16880747702|***.967.946-**|LUCIANA MARCIA TIAGO|1412.00
202404|11118431396|***.883.266-**|LUCIENE DOS SANTOS PEREIRA|1412.00
202404|11441254409|***.712.756-**|LUCIMARA APARECIDA PASTOR|1412.46
202404|16769567670|***.316.736-**|LUCIMARA DA SILVA|1412.00
202404|11695882614|***.402.236-**|LUCINEIA MARIA BATISTA|1412.00
202404|16448728172|***.532.196-**|LUCY ALVES DA SILVA RAMOS|1412.00
202404|11144039813|***.843.286-**|LUIS GONZAGA XAVIER|1412.00
202404|11411162646|***.247.166-**|LUIZ CARLOS DE OLIVEIRA|1412.00
202404|16452466861|***.372.006-**|LUIZ FELIPE DA SILVA ROCHA|1412.00
202404|16782695961|***.673.596-**|LUIZ VIEIRA ESPINOLA|1412.00
202404|23811559768|***.081.856-**|LUZIA BRAGA DA SILVA MUNIZ|1412.00
202404|10714704889|***.817.346-**|LUZIA DE ARAUJO LIMA BARROS|1412.00
202404|16821121584|***.253.036-**|LUZIA JACINTA DA SILVA|1412.00
202404|11654848306|***.854.966-**|MADALENA FERREIRA DA ROCHA|1412.00
202404|12386521097|***.862.926-**|MAGNO GERALDO DE OLIVEIRA|1412.00
202404|20330145686|***.858.256-**|MAGNO JOSE DAS DORES SIRIO|1412.00
202404|20476229841|***.270.846-**|MAGSTON PATRICK DA SILVA|1412.00
202404|11119396160|***.193.896-**|MANOEL ANTONIO RODRIGUES DE OLIVEIRA|1412.00
202404|12798583103|***.561.796-**|MANOEL SANTOS BASTOS|1412.00
202404|12677129096|***.235.745-**|MANOEL SATURNINO ALVES|1412.00
202404|27077588144|***.432.587-**|MANUEL BENTO DE FREITAS|1412.00
202404|11785944015|***.902.246-**|MARCELO ASSIS DA CRUZ|1412.00
202404|11744904132|***.764.346-**|MARCELO XAVIER STUARTE DINIZ|1412.00
202404|14011841028|***.007.046-**|MARCIA ANERIS PEREIRA|1412.00
202404|16786530932|***.497.096-**|MARCIA CRISTINA SILVEIRA ROSA|1412.00
202404|11653230341|***.182.406-**|MARCIA REGINA DE PAULA|1412.00
202404|11774493777|***.776.456-**|MARCIA REGINA ROCHA|1412.00
202404|10964541731|***.038.246-**|MARCIANO DIAS PEDROSA|1412.11
202404|16783585345|***.853.276-**|MARCILENE APARECIDA DA COSTA|1412.00
202404|16794638852|***.551.406-**|MARCILENE DA CONCEICAO DE CARVALHO|1412.00
202404|12530220427|***.010.556-**|MARCIO BONSUCESSO FERREIRA|1412.00
202404|11694688040|***.918.786-**|MARCIO ROBERTO RIBEIRO|1412.00
202404|26764662833|***.302.746-**|MARCO TULIO DOS SANTOS RODRIGUES|1412.00
202404|11744868870|***.951.706-**|MARCO TULIO LACERDA|1412.00
202404|16809242679|***.660.456-**|MARCOS AURELIO DOS SANTOS|1412.00
202404|11296334400|***.575.826-**|MARCOS LUIZ PINHEIRO|1412.00
202404|16713812920|***.584.436-**|MARCOS VINICIUS DA SILVA RAMOS|1412.00
202404|17041816794|***.026.086-**|MARGARETH DA CONCEICAO LOPES|1412.00
202404|11995920821|***.480.816-**|MARGARIDA MARIA REIS|1412.00
202404|16883875221|***.681.696-**|MARIA ADELINA DA SILVA SOUZA|1412.00
202404|16724770697|***.286.616-**|MARIA AFONSA ANDRADE DA CRUZ|1412.00
202404|26884925807|***.638.716-**|MARIA ALEXANDRINA SOARES FONSECA|1412.10
202404|26799275810|***.774.926-**|MARIA ALVARENGA DA SILVA|1412.00
202404|11946310195|***.054.226-**|MARIA ANGELA DOS SANTOS RIBEIRO|1412.00
202404|16845282880|***.751.716-**|MARIA ANTONIA DE FATIMA MARQUES|1412.00
202404|11941594756|***.134.526-**|MARIA ANTONIA DE LIMA|1412.00
202404|16523583008|***.399.416-**|MARIA ANTONIA DOS SANTOS|1412.00
202404|11391468885|***.389.526-**|MARIA ANTONIA MOREIRA DOS SANTOS|1412.00
202404|20443664271|***.031.076-**|MARIA ANTONIA PEREIRA|1412.00
202404|23750786069|***.601.656-**|MARIA APARECIDA CARREIRA|1412.00
202404|11738013191|***.779.446-**|MARIA APARECIDA DA SILVA|1412.00
202404|16851145007|***.524.656-**|MARIA APARECIDA DA SILVA|1412.00
202404|12343849503|***.213.306-**|MARIA APARECIDA DA SILVA DIAS|1412.00
202404|16816294948|***.942.746-**|MARIA APARECIDA DE JESUS SA|1412.00
202404|11609431132|***.255.506-**|MARIA APARECIDA DE SENA|1412.00
202404|16782253055|***.682.436-**|MARIA APARECIDA DE SOUZA|1412.00
202404|16784209282|***.427.006-**|MARIA APARECIDA DOS SANTOS|1412.00
202404|16861090345|***.031.736-**|MARIA APARECIDA EVANGELISTA|1412.00
202404|12681830100|***.577.466-**|MARIA APARECIDA MENDES BATISTA|1412.00
202404|26781542514|***.744.616-**|MARIA APARECIDA PINHEIRO LEAL|1412.00
202404|11369639028|***.846.456-**|MARIA AUXILIADORA DA SILVA MELO|1412.00
202404|11429731162|***.675.546-**|MARIA AUXILIADORA LOPES|1412.00
202404|16426697207|***.992.116-**|MARIA AUXILIADORA LOPES DE MAGALHAES|1412.00
202404|12306918874|***.402.646-**|MARIA AUXILIADORA LOURENCO|1412.00
202404|11747163303|***.110.186-**|MARIA BATISTA DA PAIXAO|1412.00
202404|20322739696|***.636.956-**|MARIA BONSUCESSO FELIPE FERREIRA|1412.00
202404|12609908115|***.373.486-**|MARIA CARVALHO DA PAIXAO|1412.00
202404|20161743409|***.942.196-**|MARIA CELIA SOUZA FONSECA CALDAS|1412.00
202404|16824376184|***.227.196-**|MARIA CELMA ALMEIDA|1412.00
202404|26740015730|***.945.036-**|MARIA CONSUELO DE AZEVEDO LOUREIRO|1412.00
202404|11564136340|***.741.486-**|MARIA CORADE REI|1412.00
202404|10656908952|***.163.016-**|MARIA CRISTINA DIAS|1412.00
202404|11768124684|***.559.746-**|MARIA CRISTINA SANTANA DE SOUZA|1412.00
202404|11747442881|***.415.856-**|MARIA DA CONCEICAO ALVES DOS SANTOS|1412.00
202404|10254520127|***.355.006-**|MARIA DA CONCEICAO CARVALHO|1412.00
202404|20401862261|***.335.466-**|MARIA DA CONCEICAO DIAS DA SILVA RIBEIRO|1412.00
202404|11672884610|***.166.986-**|MARIA DA CONCEICAO FERREIRA|1412.00
202404|16856007460|***.667.112-**|MARIA DA CONCEICAO FREITAS ARAUJO|1412.00
202404|12975269090|***.975.666-**|MARIA DA CONCEICAO GONCALVES|1412.00
202404|23875840247|***.441.406-**|MARIA DA CONCEICAO LEMOS|1412.00
202404|11328057261|***.101.916-**|MARIA DA CONCEICAO PEIXOTO MARIANO|1412.00
202404|11696784810|***.470.036-**|MARIA DA CONCEICAO SILVA|1412.00
202404|16782382998|***.867.246-**|MARIA DA CONCEICAO THEMOTEO VIANA|1412.00
202404|11756494201|***.716.796-**|MARIA DA CONSCEICAO DE JESUS MENDES|1412.40
202404|11764741530|***.704.536-**|MARIA DA CRUZ CAETANO OLIVEIRA|1412.00
202404|12430304351|***.208.276-**|MARIA DA GLORIA DE SOUZA|1412.00
202404|11397267270|***.387.386-**|MARIA DA LUZ SILVA|1412.00
202404|11695270082|***.361.646-**|MARIA DA PENHA SOUZA FREIRE|1412.00
202404|11745882639|***.554.406-**|MARIA DA PIEDADE DE LIMA|1412.00
202404|26740412969|***.112.596-**|MARIA DA PIEDADE DOS SANTOS|1412.00
202404|10711570857|***.740.616-**|MARIA DA PIEDADE SILVA MACIEL|1412.00
202404|10734595465|***.539.316-**|MARIA DA PIEDADE TIMOTEO BAILAO|1412.00
202404|11946290429|***.552.976-**|MARIA DA SILVA MARCIO|1412.00
202404|11023480152|***.126.846-**|MARIA DAS DORES CAMPOS|1412.00
202404|12077065569|***.553.886-**|MARIA DAS DORES PEREIRA DA CRUZ|1412.00
202404|11691564871|***.030.666-**|MARIA DAS DORES TEOFILO|1412.00
202404|16838107768|***.667.346-**|MARIA DAS DORES XAVIER|1412.00
202404|11941496550|***.818.516-**|MARIA DAS GRACAS DE JESUS|1412.00
202404|11391472190|***.055.286-**|MARIA DAS GRACAS DE SOUZA MACHADO|1412.00
202404|16410911042|***.484.836-**|MARIA DAS GRACAS DUARTE ROSA|1412.00
202404|26708632207|***.273.376-**|MARIA DAS GRACAS FERREIRA DE SOUZA|1412.00
202404|11939271678|***.167.946-**|MARIA DAS GRACAS GUIMARAES ROCHA|1412.00
202404|13920214772|***.865.266-**|MARIA DAS GRACAS MARQUES GOMES|1412.00
202404|11332682680|***.261.416-**|MARIA DAS GRACAS MENDES SAMPAIO|1412.00
202404|10391609979|***.417.426-**|MARIA DAS GRACAS MENDES SILVA|1412.00
202404|26788679191|***.947.766-**|MARIA DAS GRACAS OLIVEIRA|1412.00
202404|11699400363|***.029.156-**|MARIA DAS GRACAS OLIVEIRA VAGO|1412.00
202404|11738964838|***.267.676-**|MARIA DAS GRACAS PEREIRA|1412.00
202404|10553057933|***.026.686-**|MARIA DAS GRACAS SOARES|1412.00
202404|11486369639|***.235.596-**|MARIA DAS MERCES BARBOSA|1412.00
202404|16896980550|***.592.606-**|MARIA DE FATIMA COSTA PINTO|1412.00
202404|16471125063|***.395.496-**|MARIA DE FATIMA DA CRUZ|1412.00
202404|21312661242|***.211.416-**|MARIA DE FATIMA DA SILVA|1412.00
202404|20643571013|***.490.636-**|MARIA DE FATIMA GOMES|1412.00
202404|11946057910|***.336.576-**|MARIA DE FATIMA RODRIGUES MAGALHAES|1412.00
202404|16480871910|***.327.056-**|MARIA DE FATIMA ROSA|1412.00
202404|20336195723|***.229.966-**|MARIA DE FATIMA ROSA ROCHA|1412.00
202404|11942135810|***.865.746-**|MARIA DE JESUS|1412.00
202404|16847971879|***.188.166-**|MARIA DE JESUS FELIX|1412.00
202404|16445113762|***.622.266-**|MARIA DE LOURDES ALVES|1412.00
202404|10751613913|***.649.106-**|MARIA DE LOURDES BERNADA CARLOS|1412.00
202404|11757600129|***.109.066-**|MARIA DE LOURDES CARDOSO DA SILVA|1412.00
202404|20707340130|***.628.156-**|MARIA DE LOURDES FRANCISCA DA SILVA|1412.00
202404|16785486972|***.312.846-**|MARIA DE LOURDES PASSOS|1412.00
202404|15159477733|***.385.686-**|MARIA DE LOURDES SANTOS|1412.00
202404|11995154312|***.654.116-**|MARIA DE LOURDES SILVA|1412.00
202404|16782253098|***.432.006-**|MARIA DE LOURDES SOARES|1412.00
202404|11765599576|***.766.706-**|MARIA DE OLIVEIRA DA PAIXAO|1412.00
202404|26753887049|***.072.226-**|MARIA DIAS DA SILVA|1412.00
202404|11732234498|***.766.696-**|MARIA DO CARMO DOS SANTOS|1412.00
202404|11411162654|***.963.276-**|MARIA DO CARMO GREGORIO SOARES|1412.00
202404|11728682279|***.106.976-**|MARIA DO PORTO DE SOUZA|1412.00
202404|11345128589|***.838.166-**|MARIA DO PORTO MOREIRA|1412.00
202404|16769525101|***.829.176-**|MARIA DOROTEA ARRUDA|1412.00
202404|11730539704|***.898.166-**|MARIA DOS ANJOS VIANA|1412.00
202404|12809105121|***.485.256-**|MARIA DOS REIS CLARINDO|1412.00
202404|16822811827|***.226.486-**|MARIA EDUARDA COSTA|1412.00
202404|16895859455|***.229.586-**|MARIA ELEOTERIA DAS MERCES|1412.00
202404|26740801477|***.351.476-**|MARIA ELZA ARCANJO|1412.00
202404|16783238416|***.722.336-**|MARIA EVA FONSECA|1412.53
202404|12343851052|***.551.416-**|MARIA FAUSTINA NICOLAU|1412.00
202404|15616176277|***.009.006-**|MARIA FELIPE DO CARMO|1412.00
202404|11770593696|***.756.096-**|MARIA FERNANDA DA LUZ|1412.00
202404|23773388663|***.215.496-**|MARIA FIRMINA DAS GRACAS|1412.00
202404|10843243519|***.445.416-**|MARIA FIRMINA DE SOUZA|1412.00
202404|27238839615|***.234.936-**|MARIA FREIRA DE JESUS|1412.00
202404|16831858083|***.774.886-**|MARIA FREITAS RAMOS ALVES|1412.68
202404|11761952921|***.707.296-**|MARIA GERCI DE OLIVEIRA SANTOS|1412.00
202404|11691656393|***.292.236-**|MARIA GORETE NEPOMUCENO|1412.00
202404|26745747403|***.233.896-**|MARIA ILDA ALVES DE OLIVEIRA|1412.00
202404|11795647102|***.231.666-**|MARIA IMACULADA REIS COSTA|1412.00
202404|26731444012|***.377.156-**|MARIA IVALDETE OLIVEIRA DA SILVA VIEGAS|1412.00
202404|12534503520|***.714.926-**|MARIA IZABEL DIAS SOUZA|1412.00
202404|12724730137|***.925.716-**|MARIA JOSE ALVES VIEIRA|1412.00
202404|11770907160|***.286.496-**|MARIA JOSE DA SILVA ARAUJO|1412.00
202404|12736531134|***.101.406-**|MARIA JOSE DA SILVA NICOLAU|1412.00
202404|11608806868|***.623.526-**|MARIA JOSE DE MAGALHAES DE OLIVEIRA|1412.00
202404|11274115072|***.261.176-**|MARIA JOSE ELOI|1412.00
202404|20694673166|***.659.586-**|MARIA JOSE MOTA|1412.00
202404|16822633244|***.753.566-**|MARIA JOSE NANCY ROCHA|1412.00
202404|10979281137|***.442.796-**|MARIA JOSE OLIVEIRA DOS SANTOS|1412.00
202404|12189957216|***.888.006-**|MARIA JOSE PIRES DOS SANTOS|1412.00
202404|11676215535|***.375.196-**|MARIA JOSE VIEIRA|1412.00
202404|11460829055|***.051.286-**|MARIA LINA ANGELO|1412.00
202404|11741342702|***.334.796-**|MARIA LINA DIAS|1412.00
202404|10643189464|***.898.466-**|MARIA LOURDES MATOSINHOS|1412.00
202404|11689612341|***.640.016-**|MARIA LUCIA DE OLIVEIRA BARRETO|1412.00
202404|11782003236|***.289.026-**|MARIA LUCIA GUERRA|1412.00
202404|11798886744|***.581.506-**|MARIA LUCIA MARQUES|1412.00
202404|11412219641|***.399.056-**|MARIA LUCIENE DE OLIVEIRA|1412.00
202404|16807070099|***.109.506-**|MARIA LUIZA|1412.00
202404|16448738097|***.883.396-**|MARIA LUIZA QUARESMA DOS SANTOS|1412.00
202404|11685271990|***.862.826-**|MARIA LUZIA JESUS SIQUEIRA|1412.00
202404|11697061200|***.927.016-**|MARIA LUZIA SIQUEIRA DA CONCEICAO|1412.00
202404|11663306405|***.015.406-**|MARIA MADALENA DA SILVA|1412.00
202404|11143797269|***.808.906-**|MARIA MADALENA DO NASCIMENTO VICENTE|1412.00
202404|20083419122|***.603.876-**|MARIA MARCELINA DA CRUZ|1412.00
202404|11461330763|***.048.218-**|MARIA MARCIA GOMES MOREIRA|1412.00
202404|11025297711|***.239.706-**|MARIA MARGARIDA REIS|1412.00
202404|11669883293|***.432.356-**|MARIA MARTA DO PORTO|1412.00
202404|20336195391|***.844.696-**|MARIA MARTINHA NONATO|1412.00
202404|11752062501|***.715.016-**|MARIA MARTINS LOPES|1412.00
202404|11369637068|***.119.706-**|MARIA PRISCA DA SILVA CANDIDO|1412.00
202404|16870914495|***.942.246-**|MARIA RAIMUNDA|1412.00
202404|11697252855|***.479.896-**|MARIA RAIMUNDA DA SILVA|1412.00
202404|16474322331|***.437.856-**|MARIA RAYMUNDA DE NASCIMENTO|1412.00
202404|11392948910|***.945.956-**|MARIA ROCHA SILVA|1412.00
202404|11577475580|***.321.316-**|MARIA ROSA DA SILVA CRUZ|1412.00
202404|11391468370|***.310.186-**|MARIA ROSA DE OLIVEIRA SILVA|1412.00
202404|16866569363|***.389.206-**|MARIA ROSA RUFINO|1412.00
202404|20322720758|***.505.876-**|MARIA SONIA RAMOS DA COSTA JANUARIO|1412.00
202404|16808155225|***.128.966-**|MARIA SOUZA PAULA DA MATA|1412.00
202404|11946366280|***.875.286-**|MARIA TEREZINHA DE AQUINO|1412.00
202404|26724863811|***.005.326-**|MARIA THOME DA SILVA|1412.00
202404|16777238744|***.422.506-**|MARIA VENANCIA DA SILVA EVANGELISTA|1412.00
202404|16379779117|***.747.036-**|MARIA VIANA DOS SANTOS OLIVEIRA|1412.00
202404|16809190130|***.701.096-**|MARIA VICTORIA MOURA MENEZES|1412.00
202404|11756925008|***.086.176-**|MARIA VIEGA DO NASCIMENTO|1412.00
202404|16839279180|***.428.836-**|MARIANA DA CONCEICAO SILVA SOUZA|1412.00
202404|16825029941|***.008.786-**|MARICELE DA SILVA GANDRA|1412.00
202404|16805804303|***.016.226-**|MARILIA MARTA DE FARIA|1412.00
202404|11750815480|***.219.156-**|MARILIA MARTINS CANDIDO|1412.00
202404|10254628971|***.240.836-**|MARILIA PAULA FERREIRA|1412.00
202404|16870947946|***.182.886-**|MARILIA RODRIGUES DE OLIVEIRA|1412.00
202404|11945982190|***.097.796-**|MARINA DOS SANTOS REIS|1412.00
202404|12181900800|***.454.706-**|MARINHO JOSE DE SOUZA|1412.00
202404|26892857521|***.902.606-**|MARIO BENTO|1412.00
202404|11226679417|***.550.216-**|MARIO CALIXTO GUIMARAES|1412.00
202404|16782424631|***.809.776-**|MARIO LUCIO DE MORAIS|1412.00
202404|12534637160|***.562.476-**|MARIO LUCIO DOS SANTOS|1412.00
202404|11361123936|***.168.586-**|MARIO RODRIGUES DOS REIS|1412.00
202404|12446625012|***.477.416-**|MARIO SEBASTIAO DA CONCEICAO|1412.00
202404|26760436626|***.207.776-**|MARLENE ANSELMO GOMES|1412.00
202404|26719651810|***.530.646-**|MARLENE RODRIGUES|1412.00
202404|11750394140|***.401.316-**|MARLY ADELAIDE DE OLIVEIRA|1412.00
202404|11676454181|***.250.956-**|MARLY MARIA DE SIQUEIRA|1412.00
202404|20336203726|***.504.046-**|MARTA ANGELINA VELOSO|1412.00
202404|26740425955|***.809.596-**|MARTA LUCIA ALVARENGA|1412.00
202404|16769810825|***.167.026-**|MARTA MOREIRA DA SILVA ESPINDOLA|1412.00
202404|11750185959|***.222.966-**|MATEUS HENRIQUE ROSA STUARTE|1412.00
202404|26741531740|***.779.666-**|MATEUS HENRIQUE SIMAO FERREIRA|1412.00
202404|11782261391|***.659.316-**|MATHEUS DIAS DA CONCEICAO|1412.00
202404|16445173846|***.796.696-**|MAURA MARIA DOS SANTOS|1412.00
202404|26729738071|***.183.416-**|MAURA SILVA PEIXOTO DE MELLO|1412.00
202404|11327785883|***.765.296-**|MAURO GOMES DA SILVA|1412.00
202404|12338652209|***.676.126-**|MAXIMILIANO EUSTAQUIO DE OLIVEIRA|1412.00
202404|11783761177|***.245.146-**|MAYCON DOUGLAS DOS SANTOS|1412.00
202404|16789196600|***.557.926-**|MAYSON SULIVAN DE OLIVEIRA SANTOS|1412.00
202404|16823931834|***.978.056-**|MELLISA CRISTINA FONSECA|1412.00
202404|20755099391|***.742.136-**|MICHELE ALMEIDA DE SOUZA|1412.00
202404|16844968338|***.788.856-**|MILLA CHRISTIE BARROS DA SILVA|1412.00
202404|11687281348|***.538.126-**|MILLER FARLEY FONSECA|1412.00
202404|16846798626|***.050.696-**|MIRIAM DA LUZ DE OLIVEIRA|1412.00
202404|11777803084|***.927.256-**|MIRIAN DA PIEDADE TEIXEIRA|1412.00
202404|26757196598|***.881.316-**|MIRTES GONCALVES ESTEVAM|1412.00
202404|12842703091|***.026.446-**|MIRTES MARIA SILVESTRE DO CARMO|1412.00
202404|11369637602|***.060.326-**|MOACIR MORADO MATEUS FILHO|1412.00
202404|27204444189|***.322.026-**|MONICA MARIA DA CONSOLACAO SANTOS|1412.00
202404|12640304099|***.213.866-**|MONICA MARIA DA SILVA ANDRADE|1412.00
202404|11469851606|***.394.076-**|MUNERAT GOMES SAMPAIO|1412.00
202404|16709747671|***.038.936-**|NADINA BONIFACIO GONCALVES|1412.00
202404|20336196002|***.909.346-**|NADIR AUGUSTA DE SOUZA|1412.00
202404|16810593323|***.957.166-**|NAIARA RAFAELA CRISTINA DE JESUS|1412.00
202404|16814199360|***.347.096-**|NAIELLE FLAVIA DOS SANTOS RODRIGUES|1412.00
202404|11578474129|***.334.156-**|NAIR ALVES MOREIRA|1412.00
202404|16824246965|***.803.836-**|NATALIA APARECIDA ALVES PEREIRA|1412.00
202404|11681575234|***.097.296-**|NATALIA CELIA PESSOA|1412.00
202404|16811537788|***.874.086-**|NATALINA NASCIMENTO FIGUEIREDO SILVA|1412.00
202404|20396217367|***.567.436-**|NAZARE GONCALVES COELHO|1412.00
202404|11608967438|***.933.696-**|NAZARET CONCEICAO GONCALVES|1412.00
202404|16769166012|***.829.036-**|NEIDE DE LOURDES MOREIRA|1412.00
202404|16865063369|***.063.476-**|NEIMAR FELIX DIAS|1412.00
202404|20997081451|***.739.446-**|NELMA RAMOS CLAUDINO|1412.00
202404|11340190774|***.244.616-**|NELSON GOMES DA ROCHA|1412.00
202404|20443662937|***.731.346-**|NEMIAS ANTONIO PEREIRA|1412.00
202404|20329612985|***.003.256-**|NERCI MARIA GUERRA|1412.00
202404|10819572257|***.214.686-**|NESTOR SEVERINO|1412.00
202404|11574722322|***.417.496-**|NEUSA ALVES NAVARRO|1412.00
202404|11460638799|***.770.516-**|NEUSA MARIA MODESTO|1412.00
202404|26723908625|***.706.366-**|NEUSA OLIVEIRA ALVES|1412.00
202404|16808428051|***.529.106-**|NEUZA DA SILVA PERDIGAO|1412.00
202404|26752227177|***.812.006-**|NEUZA MARIA DOS SANTOS|1412.00
202404|11734280306|***.000.156-**|NILDA APARECIDA MARQUES|1412.00
202404|20322739890|***.861.106-**|NILDA DA MERCES RIBEIRO|1412.00
202404|10734597115|***.644.096-**|NILDA MARIA SOARES|1412.00
202404|11737086608|***.548.796-**|NILMA BATISTA COELHO FERREIRA|1412.00
202404|20708265671|***.242.416-**|NILMA SOARES MARQUES|1412.00
202404|16806384448|***.270.506-**|NILSON GONCALVES DOS SANTOS MARQUES|1412.00
202404|11694111797|***.955.836-**|NILSON SENA DOS SANTOS|1412.00
202404|10623725573|***.050.106-**|NIVALDO EUSTAQUIO DUARTE|1412.00
202404|16807553197|***.963.386-**|NOEMIA CAMILA DA SILVA|1412.00
202404|11369637874|***.652.496-**|NORMA APARECIDA DOS SANTOS L MACHADO|1412.00
202404|11634330727|***.462.105-**|NORMA CARVALHO LOPES NUNO PEREIRA|1412.00
202404|11370031500|***.518.056-**|OLGA RODRIGUES CAMPOS|1412.00
202404|16832396172|***.413.286-**|ONOFRE FRANCISCO FERREIRA|1412.00
202404|26752853566|***.799.398-**|ORLANDO QUEIROGA DE ARAUJO|1412.00
202404|11714127740|***.964.236-**|ORLY JOSE NUNES|1412.00
202404|20329636116|***.675.206-**|ORMEZINDA RODRIGUES REIS AFONSO|1412.00
202404|10565228401|***.111.806-**|OSCALINO FERREIRA DA ROCHA|1412.00
202404|10643143464|***.016.026-**|OSEAS MACHADO PEREIRA|1412.00
202404|16806329080|***.096.196-**|OSVALDO FELES SEVERINO|1412.00
202404|12338722274|***.871.276-**|OTACILIO GOMES DE MOURA|1412.00
202404|11791604719|***.622.226-**|OTAVIO JORDAN BATISTA DOS SANTOS|1412.00
202404|10227997953|***.531.446-**|OZENY BENTO DA SILVA|1412.00
202404|16826269555|***.934.856-**|PABLO EMANUEL DE SOUZA COSTA|1412.00
202404|16666822057|***.744.866-**|PALOMA KETHLEN DE SOUZA OLIVEIRA|1412.00
202404|16768363850|***.561.126-**|PATRICIA BONSUCESSO BARBARA GONCALVES|1412.00
202404|16809550306|***.060.126-**|PAULO CESAR SOARES SANTOS|1412.00
202404|10711394374|***.440.556-**|PAULO CESAR XAVIER|1412.00
202404|16776585637|***.332.356-**|PAULO DE SOUZA DA CONCEICAO|1412.00
202404|21302940386|***.885.926-**|PAULO FAUSTINO MARCELINO|1412.00
202404|11770422395|***.295.296-**|PAULO JUNIO MARTINS|1412.00
202404|12338573856|***.574.526-**|PAULO RODRIGUES DOS REIS|1412.00
202404|16776925802|***.432.026-**|PAULO SERGIO DE JESUS|1412.08
202404|11327785492|***.734.826-**|PAULO SOARES CALDEIRA|1412.00
202404|10272263882|***.920.836-**|PEDRO DE ALCANTARA DOS SANTOS|1412.00
202404|16847981840|***.023.736-**|PEDRO HENRIQUE SOARES DE ALMEIDA|1412.00
202404|10263004195|***.579.096-**|PEDRO MATEUS DA SILVA|1412.00
202404|10623103017|***.441.076-**|PEDRO TELES FERREIRA|1412.00
202404|16769767997|***.021.236-**|PIEDADE IVANILDE PEREIRA|1412.00
202404|16769584132|***.386.826-**|PIEDADE MARIA DE MAGALHAES|1412.00
202404|16880833943|***.371.606-**|PIEDADE NONATA PAULITO|1412.00
202404|26795251010|***.091.636-**|RAFAEL JOSE FERREIRA|1412.00
202404|26741695581|***.563.646-**|RAFAEL OLIVEIRA RAMOS|1412.00
202404|11274326499|***.781.836-**|RAILS DIAS PEREIRA|1412.00
202404|11754034106|***.314.306-**|RAIMUNDA ALZIRA DE SOUZA SIQUEIRA|1412.00
202404|11797860580|***.903.326-**|RAIMUNDA BATISTA DOS SANTOS ROQUE|1412.00
202404|11776576920|***.590.876-**|RAIMUNDA BORGES MAGALHAES|1412.00
202404|12306929078|***.900.966-**|RAIMUNDA EUNICE DOS SANTOS|1412.00
202404|11943733885|***.630.256-**|RAIMUNDA FERREIRA DE SALLES SILVA|1412.00
202404|10707449348|***.347.486-**|RAIMUNDA LEONCIA DIAS VIANA|1412.00
202404|11697326425|***.742.636-**|RAIMUNDA NICOLAU SOARES SANTOS|1412.00
202404|10846690494|***.514.636-**|RAIMUNDO CUNHA LOPES|1412.00
202404|11000003137|***.494.886-**|RAIMUNDO FERREIRA DA SILVA|1412.00
202404|12014763536|***.546.466-**|RAIMUNDO FLORIANO DOS REIS|1412.00
202404|10714794853|***.237.156-**|RAIMUNDO FRANCISCO DA CRUZ|1412.00
202404|10263003350|***.645.976-**|RAIMUNDO MARTINS DE OLIVEIRA|1412.00
202404|11782981530|***.872.806-**|RAISSA CARLA DOS SANTOS|1412.00
202404|16703672645|***.910.996-**|RANALY DAYANA BATISTA ALVES DA SILVA|1412.00
202404|11784674898|***.350.116-**|RAQUEL ALVES RAMOS|1412.00
202404|16816642318|***.507.996-**|RAYMUNDA|1412.00
202404|11609431639|***.543.816-**|RAYMUNDA DO PERPETUO SOCORRO|1412.00
202404|11330153825|***.244.886-**|RAYMUNDA OLIVEIRA DA SILVA|1412.00
202404|20086005914|***.956.136-**|REGINA HONORATA DA ROCHA ARAUJO|1412.00
202404|16807374594|***.324.546-**|REGINA PATRICIA DA SILVA|1412.00
202404|16782654661|***.063.326-**|REGINALDO ANTONIO DE MOURA|1412.00
202404|12663383106|***.042.046-**|REGINALDO ANTONIO RODRIGUES|1412.00
202404|26873642817|***.025.486-**|REINALDO EIRES SILVA|1412.00
202404|16751186623|***.893.776-**|REINALDO RODRIGUES JUNIOR|1412.00
202404|16712927901|***.703.106-**|RENATA APARECIDA DE OLIVEIRA|1412.00
202404|12495495712|***.628.596-**|RENATO POLICARPO|1412.00
202404|16852877281|***.574.176-**|RENE DA SILVA|1412.00
202404|16789949640|***.815.486-**|RICARDO ALVES DE ALMEIDA TEIXEIRA|1412.00
202404|11777401768|***.423.356-**|RICARDO FERREIRA DIAS|1412.00
202404|16627027411|***.778.576-**|RITA VIANA DIAS FERNANDES|1412.00
202404|11777928561|***.614.066-**|ROBERTO ALVES|1412.00
202404|11784875303|***.240.826-**|ROBERTO TEIXEIRA DOS REIS|1412.00
202404|26780082722|***.264.566-**|ROBSON DOS SANTOS FELIX JUNIOR|1412.00
202404|16769741130|***.572.376-**|RODRIGO CAMARGO ANDRE COSTA|1412.00
202404|16784549059|***.793.306-**|RODRIGO VIEIRA DA SILVA|1412.04
202404|11667005191|***.140.246-**|ROMEU BONSUCESSO DE SOUZA|1412.00
202404|20997071839|***.916.686-**|ROMIRTES ROCHA CRISTINO|1412.00
202404|16839444458|***.302.316-**|RONALD FERREIRA ARCANJO|1412.00
202404|26780651611|***.867.276-**|RONALDO GONCALVES DA SILVA|1412.00
202404|11683907447|***.204.916-**|RONEI ALVES DA CRUZ|1412.90
202404|12278011539|***.436.176-**|ROQUE TEIXEIRA FILHO|1412.00
202404|11369636282|***.377.246-**|ROSA DE LOURDES DOS REIS|1412.00
202404|11749205526|***.907.076-**|ROSA JANUARIA CEBOLA|1412.00
202404|11609432325|***.767.246-**|ROSA MARIA DA COSTA SANTOS|1412.00
202404|11782367190|***.730.066-**|ROSANGELA APARECIDA DA SILVA|1412.00
202404|11784308492|***.240.236-**|ROSANGELA CHAVES NOGUEIRA|1412.00
202404|11391620393|***.412.406-**|ROSANGELA DA LUZ RODRIGUES|1412.00
202404|16895897497|***.989.026-**|ROSANGELA MARIA NASCIMENTO TORRES|1412.00
202404|11946260198|***.083.186-**|ROSELI MARIA DE JESUS|1412.00
202404|20396217685|***.992.376-**|ROSEMEIRE PEREIRA NASCIMENTO DA SILVA|1412.00
202404|20322737677|***.727.976-**|ROSENI LUIZA DAS GRACAS SILVA|1412.00
202404|26742363590|***.650.006-**|ROSILENE SEBASTIANA DE OLIVEIRA RAMOS|1412.00
202404|23613781499|***.789.216-**|ROSIMEIRE APARECIDA MACHADO|1412.00
202404|11784661974|***.182.216-**|RUBENS NIVALDO PINTO|1412.00
202404|11944779404|***.834.206-**|RUTE ANTONIA DA SILVEIRA LA ROCCA|1412.00
202404|16571294630|***.995.276-**|RUTE DE ALMEIDA NASCIMENTO|1412.00
202404|16782253071|***.144.236-**|RUTH DE SOUZA NAZARE FERNANDES|1412.96
202404|12696097129|***.821.666-**|SABRINE DOS SANTOS VIEIRA|1412.00
202404|16817345970|***.563.686-**|SAMUEL FELIPE CABRAL SILVA|1412.00
202404|11576407637|***.184.846-**|SANDRA LUCIA RODRIGUES DE OLIVEIRA|1412.00
202404|27266070282|***.851.636-**|SANDRA MARIA BARBOSA|1412.50
202404|11750956459|***.980.146-**|SANDRA MARIA FERREIRA DA SILVA|1412.00
202404|20923818051|***.834.946-**|SANDRA PEIXOTO AFONSO|1412.00
202404|26740271150|***.911.296-**|SEBASTIANA DE OLIVEIRA ROSA|1412.00
202404|11577943346|***.800.486-**|SEBASTIANA RODRIGUES ALECRIM|1412.00
202404|10628869239|***.082.846-**|SEBASTIAO CARLOS DE OLIVEIRA|1412.00
202404|11298803173|***.772.216-**|SEBASTIAO LOPES PEREIRA|1412.00
202404|11409845995|***.723.156-**|SEBASTIAO NAZARINO DOS SANTOS|1412.00
202404|11327785590|***.948.166-**|SELMA NATALIA SILVA|1412.00
202404|12401793021|***.946.906-**|SERGIO DO BONSUCESSO BATISTA|1412.00
202404|12386290206|***.676.166-**|SERGIO SIMAO|1412.00
202404|10863079021|***.485.796-**|SERRAPIAO ALVES FERREIRA|1412.00
202404|11256618602|***.355.036-**|SHEILA LOURDES DE ASSIS|1412.00
202404|16712810117|***.981.536-**|SIDNEI MAGNO PENA|1412.00
202404|11971921674|***.850.996-**|SIDONIO MARTINS BARBOSA|1412.00
202404|10424342739|***.885.066-**|SILAS GUALBERTO|1412.00
202404|20161744219|***.969.626-**|SILMARA SILVIA DOS SANTOS|1412.22
202404|16583099099|***.772.576-**|SILVANIA DA CONSOLACAO DOS SANTOS|1412.00
202404|16790533851|***.608.716-**|SIMONE CAMPOS VIANA|1412.00
202404|16829926352|***.437.746-**|SIMONE DAMASCENO DIAS|1412.00
202404|11784743342|***.350.136-**|SOLANGE CAMPOS DA COSTA|1412.00
202404|27250658811|***.730.856-**|SOLANGE DE FATIMA PEREIRA|1412.00
202404|12306898725|***.766.736-**|SOLIDADE VIEIRA ESPINOLA DOS ANJOS|1412.00
202404|16769060885|***.782.296-**|SONIA APARECIDA DE ANDRADE|1412.00
202404|16783402054|***.411.756-**|SONIA JUSTINA MALAQUIAS|1412.00
202404|23617030862|***.363.056-**|SONIA MARIA DAS GRACAS DIEQUES ALMEIDA|1412.00
202404|10734595678|***.856.146-**|SUELY INACIA MENDES SANTOS|1412.00
202404|20476231668|***.565.856-**|SUZANA LETICIA DOS SANTOS MENDES|1412.00
202404|26795276013|***.113.486-**|TAINA FERREIRA DOS SANTOS|1412.00
202404|26714962418|***.127.976-**|TALYTA TERESA MARQUES|1412.00
202404|11770660008|***.552.946-**|TAMILA SIBELI SANTOS|1412.00
202404|26741553990|***.643.066-**|TATIANA APARECIDA ARAUJO|1412.00
202404|11765193561|***.857.426-**|TEREZINHA DA TRINDADE SEVERINO|1412.00
202404|11327785638|***.075.916-**|TEREZINHA DE JESUS COSTA PIRES|1412.00
202404|26753997359|***.098.456-**|TEREZINHA DEDICA DOS SANTOS|1412.00
202404|26738958100|***.819.996-**|TEREZINHA MARIA PEREIRA|1412.00
202404|11746477150|***.257.246-**|TEREZINHA MARIA PEREIRA|1412.00
202404|20052481853|***.333.676-**|TEREZINHA OSCARLINA DE JESUS FERREIRA|1412.00
202404|11322389335|***.300.186-**|TEREZINHA ROSA DA SILVA|1412.27
202404|16680141606|***.695.096-**|THAIZ FRANCISCA DOS SANTOS|1412.50
202404|11756362747|***.673.966-**|THALITA DE FATIMA MARQUES|1412.70
202404|11779743879|***.068.046-**|TULIO ALEX MOREIRA OLIVEIRA|1412.00
202404|16704048619|***.305.196-**|TULIO HENRIQUE CAMILO|1412.00
202404|26745787120|***.874.766-**|TULIO HENRIQUE DOS REIS|1412.00
202404|10112504288|***.632.406-**|ULYSSES GUILHERME BARBOSA JUNIOR|1412.00
202404|12672802116|***.525.406-**|VALDEK DELFINO DA CUNHA JUNIOR|1412.00
202404|11460830711|***.715.936-**|VALDENIR DOS SANTOS PATROCINIO|1412.00
202404|26814987749|***.797.726-**|VALTEMIR ALMEIDA VITOR|1412.00
202404|11673240164|***.476.656-**|VALTER FRANCISCO FERREIRA|1412.65
202404|26784357394|***.514.436-**|VANDA MARIA SILVA|1412.00
202404|11785224055|***.999.886-**|VANDERLEI AUGUSTO DA COSTA|1412.00
202404|10806202421|***.093.496-**|VANESSA VAZ MOURAO|1412.00
202404|16751412127|***.708.866-**|VANILDE APARECIDA DE FREITAS GOMES|1412.00
202404|10254634084|***.278.876-**|VANIR FERREIRA DOS SANTOS|1412.00
202404|20433457206|***.738.356-**|VENISIA MARIA MASCARENHAS SIUVES ALVES|1412.00
202404|11694415850|***.771.406-**|VERA LUCIA DA SILVA|1412.00
202404|11498369876|***.328.186-**|VERA LUCIA DOS SANTOS SOARES|1412.00
202404|11340190987|***.544.236-**|VERA LUCIA TORRES|1412.00
202404|11290939467|***.622.376-**|VERONICA MADALENA MARQUES|1412.00
202404|11673946245|***.857.806-**|VICENCIA PIRES DE ALMEIDA FRANCA|1412.00
202404|10999882179|***.187.416-**|VICENTE DE PAULA SOUZA|1412.00
202404|12019905274|***.465.716-**|VICENTE DE PAULO MONTEIRO|1412.00
202404|16847769654|***.827.856-**|VICENTINA AMBROZIA BATISTA|1412.00
202404|11350018940|***.749.576-**|VICENTINA APARECIDA SOARES|1412.00
202404|11790218726|***.946.046-**|VICTOR LEONARDO DO NASCIMENTO TORRES|1412.00
202404|26744315674|***.621.216-**|VILMA MAURICIO PEREIRA|1412.00
202404|16733901146|***.643.586-**|VINICIUS EVANGELISTA BARBOSA|1412.00
202404|10888837035|***.212.716-**|WAGNER ALVES DE SOUZA|1412.00
202404|10734161104|***.168.676-**|WAGNER ESTEVAM DA CRUZ|1412.00
202404|11732172140|***.043.336-**|WALACE ENGRACIO COSTA|1412.00
202404|11377338953|***.844.636-**|WALDILENE MARCIA DA SILVA|1412.00
202404|10777111559|***.369.766-**|WALDIR FAUSTINO AFONSO|1412.00
202404|26878414669|***.359.986-**|WALLISSON APARECIDO ELEOTERIO|1412.00
202404|26775631250|***.726.686-**|WALQUIRIA FERREIRA SANTOS|1412.00
202404|10819562952|***.522.208-**|WALTER APARECIDA DE SENA|1412.00
202404|16789196626|***.486.496-**|WANDER VIEGAS|1412.00
202404|13061258093|***.200.996-**|WANDERLEY GOMES DA PAIXAO|1412.00
202404|16710102662|***.930.976-**|WANDERSON LUIS PEDRO DE OLIVEIRA|1412.00
202404|11328118473|***.413.336-**|WANTUIR HIPOLITO RODRIGUES|1412.00
202404|16838662834|***.371.396-**|WANUBLIA GABRIELA XAVIER M DOS SANTOS|1412.00
202404|11513361389|***.237.826-**|WASHINGTON FELIPE DE SOUZA|1412.00
202404|20333485429|***.123.376-**|WELBERTON SOARES DA SILVA|1412.00
202404|11798284868|***.097.316-**|WELINGTON PINTO DA PAIXAO|1412.60
202404|11737302394|***.627.886-**|WELLINGTON CLAUDIO RODRIGUES|1412.00
202404|11785057191|***.078.896-**|WEMERSON RODRIGO DE ARAUJO|1412.00
202404|11962247354|***.074.676-**|WENDERSON NAZARET DA SILVA|1412.70
202404|11753623795|***.679.786-**|WESLEY LIMA MAIA|1412.00
202404|10263008115|***.284.366-**|WILSON BORGES|1412.00
202404|12430303452|***.986.686-**|WILSON CIARA DA COSTA|1412.00
202404|27172177873|***.049.636-**|WILSON FERREIRA DE ALMEIDA|1412.00
202404|21283977437|***.418.366-**|YULLI BATISTA DE ALMEIDA|1412.00
202404|11671801061|***.355.706-**|ZENITA RODRIGUES DE OLIVEIRA|1412.00
202404|11361123863|***.436.006-**|ZENITE FERNANDES SOARES ANGELO|1412.00
202404|11677714373|***.151.676-**|ZILDA DA SILVA LEOCADIO|1412.00
202404|12518794737|***.639.576-**|ZILDA VIANA DOS SANTOS|1412.00
