Código Favorecido|Nome Favorecido|Nome Órgão|Valor Recebido
***.464.626-**|ALICE CORREA MARTINS DA COSTA|Conselho Nacional de Desenvolvimento Científico e Tecnológico|300
***.058.796-**|ALINI MACEDO COIMBRA|Universidade Federal dos Vales do Jequitinhonha e Mucuri|292.3200
***.471.576-**|AMANDA CRISTINA BATISTA FRANCO|Universidade Federal de Minas Gerais|700
***.798.236-**|ANA FLAVIA BARBOSA PERDIGAO|Instituto Federal de Educação, Ciência e Tecnologia de Minas Gerais|335
***.798.236-**|ANA FLAVIA BARBOSA PERDIGAO|Conselho Nacional de Desenvolvimento Científico e Tecnológico|300
***.841.466-**|ANA FLAVIA FONSECA CLAUDINO|Ministério da Educação - Unidades com vínculo direto|700
***.476.586-**|ANA FLAVIA SILVA RODRIGUES|Universidade Federal de Ouro Preto|30
***.740.846-**|ANA SOPHIA ZANON SILVA|Conselho Nacional de Desenvolvimento Científico e Tecnológico|700
***.464.416-**|ARTHUR CORREA MARTINS DA COSTA|Ministério da Educação - Unidades com vínculo direto|700
***.758.956-**|ATHILA GOMES ASSUNCAO|Universidade Federal de Ouro Preto|30
***.808.496-**|BRYAN ORTERO PEREZ GONCALVES|Conselho Nacional de Desenvolvimento Científico e Tecnológico|5680
01945924000123|CAIXA ESCOLAR - ISRAEL PINHEIRO|Fundo Nacional de Desenvolvimento da Educação|3475
18562611000199|CAIXA ESCOLAR ANEZIA MARIA PINHEIRO|Fundo Nacional de Desenvolvimento da Educação|3235
06113342000102|CAIXA ESCOLAR COLIBRI DE ENSINO FUNDAMENTAL ESPECIAL|Fundo Nacional de Desenvolvimento da Educação|2545
18562405000189|CAIXA ESCOLAR DR JOAO PINHEIRO|Fundo Nacional de Desenvolvimento da Educação|4915
18562439000173|CAIXA ESCOLAR HELENA DE BARROS PINHEIRO|Fundo Nacional de Desenvolvimento da Educação|3075
05843803000121|CAIXA ESCOLAR HELIO CERQUEIRA PEIXOTO|Fundo Nacional de Desenvolvimento da Educação|3655
18562413000125|CAIXA ESCOLAR JOAO MONLEVADE|Fundo Nacional de Desenvolvimento da Educação|2865
02002172000120|CAIXA ESCOLAR JOSE HERCULANO|Fundo Nacional de Desenvolvimento da Educação|2675
18273987000183|CAIXA ESCOLAR JOSE LOURENCO LAUDATE|Fundo Nacional de Desenvolvimento da Educação|2595
46784540000104|CAIXA ESCOLAR OZORIO LEAO|Fundo Nacional de Desenvolvimento da Educação|3205
22473558000127|CAIXA ESCOLAR PADRE GILSON DA SILVEIRA GOULART|Fundo Nacional de Desenvolvimento da Educação|4875
03166229000199|CAIXA ESCOLAR PADRE JOAQUIM SATURNINO DE FREITAS|Fundo Nacional de Desenvolvimento da Educação|5465
03166218000109|CAIXA ESCOLAR PROFESSORA SIRLENE DE PAULA|Fundo Nacional de Desenvolvimento da Educação|3975
***.198.006-**|CLARISSA PEIXOTO SILVA CUNHA|Conselho Nacional de Desenvolvimento Científico e Tecnológico|300
19994997000170|CRIATIVA SOLUCOES PARA CONSTRUCAO LTDA|Comando do Exército|258
19994997000170|CRIATIVA SOLUCOES PARA CONSTRUCAO LTDA|Fundo do Exército|12984.9900
19994997000170|CRIATIVA SOLUCOES PARA CONSTRUCAO LTDA|Comando do Exército|722.0200
19994997000170|CRIATIVA SOLUCOES PARA CONSTRUCAO LTDA|Comando do Exército|621.0300
***.411.336-**|CRISTIANO JIRAN XAVIER JUNIOR|Conselho Nacional de Desenvolvimento Científico e Tecnológico|700
19718735000183|DROGARIA & PERFUMARIA GUIMARAES LTDA|Ministério da Saúde - Unidades com vínculo direto|21067.9400
65130288000164|DROGARIA CHICO LOPES LTDA|Ministério da Saúde - Unidades com vínculo direto|5390.7700
18977546000162|DROGARIA JOSE BRANDAO LTDA|Ministério da Saúde - Unidades com vínculo direto|7574.4600
***.342.036-**|ELIZABETH DA PIEDADE CRUZ GUEDES|Companhia de Pesquisa de Recursos Minerais|2076.8000
13483416000150|FUNDO MUNICIPAL DE ASSISTENCIA SOCIAL|Fundo Nacional de Assistência Social|4516.9400
11348416000111|FUNDO MUNICIPAL DE SAUDE|Ministério da Saúde - Unidades com vínculo direto|1025866.9200
***.185.647-**|GABRIEL AFRANIO JACOME SANTOS|Universidade Federal de Minas Gerais|175
***.422.926-**|GEOVANA VITORIA DE MAGALHAES|Ministério da Educação - Unidades com vínculo direto|700
***.101.786-**|GISLAINE APARECIDA DE CASSIA SOUZA|Centro Federal de Educação Tecnológica de Minas Gerais|380
***.470.186-**|GUSTAVO STEHLING DE MELLO ROSA|Conselho Nacional de Desenvolvimento Científico e Tecnológico|700
***.157.186-**|HALLEF HENDRYCKS PASTOR FONSECA|Centro Federal de Educação Tecnológica de Minas Gerais|380
***.831.356-**|HEBERTE JULIO WASHINGTON ROSA|Universidade Federal de Minas Gerais|700
***.220.156-**|HEIGLER LIMA GUERRA|Comando do Exército|2337.5000
***.795.636-**|IARA AUANA DUARTE|Ministério da Educação - Unidades com vínculo direto|700
***.097.466-**|ISADORA MARIA SOARES DE MELO|Conselho Nacional de Desenvolvimento Científico e Tecnológico|700
***.901.126-**|ITALO AUGUSTO ALVES DE OLIVEIRA|Conselho Nacional de Desenvolvimento Científico e Tecnológico|300
***.699.866-**|IZAIAS CALAZANS DA CRUZ|Ministério da Saúde - Unidades com vínculo direto|755
***.600.936-**|JOAO VICTOR CANDIDO DE OLIVEIRA|Universidade Federal de Ouro Preto|500
***.006.830-**|JONATHAN NEREU LISBOA PIMENTA ROJAS|Companhia de Pesquisa de Recursos Minerais|2100
***.753.626-**|JULIA DUARTE DUCZMAL|Universidade Federal de Viçosa|340
***.130.216-**|JULIANA LEMOS RABELO|Conselho Nacional de Desenvolvimento Científico e Tecnológico|2340
***.199.196-**|LAIS FERREIRA MARQUES|Universidade Federal de Minas Gerais|700
***.284.496-**|LISIEUX FRANCO FUZESSY|Conselho Nacional de Desenvolvimento Científico e Tecnológico|5200
***.035.516-**|MARIA ISABELA MENDES FIGUEIREDO|Instituto Federal de Educação, Ciência e Tecnologia do Espírito Santo|585
***.275.006-**|MARIA RITA MAGALHAES MOREIRA|Instituto Federal de Educação, Ciência e Tecnologia de Minas Gerais|450
***.996.066-**|MARIANA URIAS ROSA|Instituto Federal de Educação, Ciência e Tecnologia de Minas Gerais|300
***.508.346-**|MATEUS HENRIQUE MARIANO RODRIGUES|Instituto Federal de Educação, Ciência e Tecnologia de Minas Gerais|335
18302299000102|MUNICIPIO DE CAETE|Instituto Nacional do Seguro Social|366.7000
18302299000102|MUNICIPIO DE CAETE|Fundo Nacional de Desenvolvimento da Educação|1057079.4600
18302299000102|MUNICIPIO DE CAETE|Departamento Nacional de Infraestrutura de Transportes|354.9800
***.378.956-**|MYLENNA ROSA DE SOUZA DAS DORES SILVA|Ministério da Educação - Unidades com vínculo direto|700
***.804.196-**|NIBIA MARIANA ELEUTERIO|Conselho Nacional de Desenvolvimento Científico e Tecnológico|560
19464236000107|NUBIA INACIO NOVAIS DE OLIVEIRA PEIXOTO LTDA|Ministério da Saúde - Unidades com vínculo direto|10027.1400
***.276.426-**|PABLO DE ALMEIDA GONCALVES|Companhia de Pesquisa de Recursos Minerais|1040.1200
***.367.716-**|PHILIPE HENRIQUE RODRIGUES|Ministério da Educação - Unidades com vínculo direto|700
18976811000279|POSTOS JESU CAETANO FONSECA LTDA.|Polícia Federal|2.6300
***.670.916-**|RAQUEL MENDES MATTOS|Conselho Nacional de Desenvolvimento Científico e Tecnológico|300
26673492000170|SEMEAR CONSULTORIA E CAPACITACAO LTDA|Ministério de Minas e Energia - Unidades com vínculo direto|19107.9500
24789180000109|SMARTMED REPRESENTACAO E COMERCIO DE PRODUTOS MEDICOS E HOSPITALARES LTDA|Fundo do Exército|9800
18979328000167|SOCIEDADE CIVIL DE BENEFICENCIA CAETEENSE|Ministério da Saúde - Unidades com vínculo direto|36495.3400
***.244.256-**|THAIS ALEXIA SILVA OLIVEIRA|Conselho Nacional de Desenvolvimento Científico e Tecnológico|700
***.254.326-**|THAIS SANCHES BARROS|Universidade Federal de Ouro Preto|1000
***.136.566-**|VICTOR GABRIEL GERALDO ALMEIDA SILVA|Universidade Federal de Minas Gerais|90
***.136.566-**|VICTOR GABRIEL GERALDO ALMEIDA SILVA|Universidade Federal de Minas Gerais|100
***.039.426-**|VITORIA STHEFANY BERNARDES GONCALVES|Fundação Universidade Federal de São João Del-Rei|700
***.292.416-**|WESLEY JUNIO GARCIA|Fundo do Regime Geral da Previdência Social|1724.4600
