seq_decreto_alt|seq_orgao|cod_orgao|cod_municipio|num_ano_referencia|num_mes_referencia|num_decreto|dat_ass_decreto|dsc_tipo_decreto|vlr_aberto
929327|303|02|3110004|2020|12|000114|20201224|01 - DECRETO DE CRÉDITO SUPLEMENTAR|39852.97
929328|303|02|3110004|2020|12|000280|20201211|01 - DECRETO DE CRÉDITO SUPLEMENTAR|4994.94
929329|303|02|3110004|2020|12|000271|20201201|01 - DECRETO DE CRÉDITO SUPLEMENTAR|1551511.5
929330|303|02|3110004|2020|12|000287|20201217|01 - DECRETO DE CRÉDITO SUPLEMENTAR|1000.0
929331|303|02|3110004|2020|12|000284|20201214|01 - DECRETO DE CRÉDITO SUPLEMENTAR|12486.0
929332|303|02|3110004|2020|12|000292|20201223|01 - DECRETO DE CRÉDITO SUPLEMENTAR|65605.55
929333|303|02|3110004|2020|12|000294|20201229|02 - DECRETO DE CRÉDITO ESPECIAL|75000.0
929334|303|02|3110004|2020|12|000273|20201201|04 - DECRETO DE CRÉDITO EXTRAORDINÁRIO|299282.58
929335|303|02|3110004|2020|12|000278|20201210|04 - DECRETO DE CRÉDITO EXTRAORDINÁRIO|169431.0
887099|303|02|3110004|2020|9|000202|20200909|01 - DECRETO DE CRÉDITO SUPLEMENTAR|12278.87
887100|303|02|3110004|2020|9|000216|20200929|01 - DECRETO DE CRÉDITO SUPLEMENTAR|178499.0
887101|303|02|3110004|2020|9|000200|20200908|01 - DECRETO DE CRÉDITO SUPLEMENTAR|18762.54
887105|303|02|3110004|2020|9|000204|20200911|04 - DECRETO DE CRÉDITO EXTRAORDINÁRIO|500000.0
887102|303|02|3110004|2020|9|000196|20200901|01 - DECRETO DE CRÉDITO SUPLEMENTAR|254610.0
887103|303|02|3110004|2020|9|000206|20200916|01 - DECRETO DE CRÉDITO SUPLEMENTAR|1895196.0
887104|303|02|3110004|2020|9|000193|20200901|01 - DECRETO DE CRÉDITO SUPLEMENTAR|1428006.91
887106|303|02|3110004|2020|9|000201|20200908|04 - DECRETO DE CRÉDITO EXTRAORDINÁRIO|598633.5
887107|303|02|3110004|2020|9|000203|20200911|04 - DECRETO DE CRÉDITO EXTRAORDINÁRIO|161883.86
828729|303|02|3110004|2020|1|000018|20200127|01 - DECRETO DE CRÉDITO SUPLEMENTAR|40000.0
828726|303|02|3110004|2020|1|000012|20200115|01 - DECRETO DE CRÉDITO SUPLEMENTAR|139000.0
828727|303|02|3110004|2020|1|000006|20200106|01 - DECRETO DE CRÉDITO SUPLEMENTAR|629640.75
828728|303|02|3110004|2020|1|000020|20200129|01 - DECRETO DE CRÉDITO SUPLEMENTAR|27128.98
828730|303|02|3110004|2020|1|000022|20200131|01 - DECRETO DE CRÉDITO SUPLEMENTAR|89500.0
887088|303|02|3110004|2020|8|000177|20200814|01 - DECRETO DE CRÉDITO SUPLEMENTAR|26147.58
887089|303|02|3110004|2020|8|000162|20200807|01 - DECRETO DE CRÉDITO SUPLEMENTAR|270.67
887090|303|02|3110004|2020|8|000161|20200805|01 - DECRETO DE CRÉDITO SUPLEMENTAR|99648.0
887091|303|02|3110004|2020|8|000156|20200803|01 - DECRETO DE CRÉDITO SUPLEMENTAR|659268.11
887092|303|02|3110004|2020|8|000181|20200817|04 - DECRETO DE CRÉDITO EXTRAORDINÁRIO|33075.0
887093|303|02|3110004|2020|8|000191|20200821|04 - DECRETO DE CRÉDITO EXTRAORDINÁRIO|70307.65
887094|303|02|3110004|2020|8|000164|20200807|04 - DECRETO DE CRÉDITO EXTRAORDINÁRIO|77288.0
887095|303|02|3110004|2020|8|000166|20200812|04 - DECRETO DE CRÉDITO EXTRAORDINÁRIO|161918.6
887096|303|02|3110004|2020|8|000160|20200803|04 - DECRETO DE CRÉDITO EXTRAORDINÁRIO|161918.6
887097|303|02|3110004|2020|8|000167|20200812|04 - DECRETO DE CRÉDITO EXTRAORDINÁRIO|1060198.05
887098|303|02|3110004|2020|8|000187|20200817|04 - DECRETO DE CRÉDITO EXTRAORDINÁRIO|300000.0
887072|303|02|3110004|2020|6|000103|20200601|01 - DECRETO DE CRÉDITO SUPLEMENTAR|777141.23
828731|303|02|3110004|2020|2|000033|20200212|01 - DECRETO DE CRÉDITO SUPLEMENTAR|24500.0
828732|303|02|3110004|2020|2|000025|20200203|01 - DECRETO DE CRÉDITO SUPLEMENTAR|715842.25
887069|303|02|3110004|2020|6|000107|20200604|01 - DECRETO DE CRÉDITO SUPLEMENTAR|1000.0
887070|303|02|3110004|2020|6|000116|20200617|01 - DECRETO DE CRÉDITO SUPLEMENTAR|160000.0
887071|303|02|3110004|2020|6|000118|20200618|01 - DECRETO DE CRÉDITO SUPLEMENTAR|24582.3
887073|303|02|3110004|2020|6|000124|20200623|01 - DECRETO DE CRÉDITO SUPLEMENTAR|264376.41
887074|303|02|3110004|2020|6|000117|20200617|02 - DECRETO DE CRÉDITO ESPECIAL|155564.69
887075|303|02|3110004|2020|6|000112|20200610|04 - DECRETO DE CRÉDITO EXTRAORDINÁRIO|161918.6
887076|303|02|3110004|2020|6|000108|20200604|04 - DECRETO DE CRÉDITO EXTRAORDINÁRIO|193140.0
887077|303|02|3110004|2020|6|000111|20200609|04 - DECRETO DE CRÉDITO EXTRAORDINÁRIO|502392.16
887078|303|02|3110004|2020|6|000126|20200625|04 - DECRETO DE CRÉDITO EXTRAORDINÁRIO|1060198.05
887079|303|02|3110004|2020|7|000132|20200701|01 - DECRETO DE CRÉDITO SUPLEMENTAR|1374500.37
887080|303|02|3110004|2020|7|000139|20200706|01 - DECRETO DE CRÉDITO SUPLEMENTAR|90000.0
887081|303|02|3110004|2020|7|000152|20200721|01 - DECRETO DE CRÉDITO SUPLEMENTAR|184379.42
887082|303|02|3110004|2020|7|000141|20200707|01 - DECRETO DE CRÉDITO SUPLEMENTAR|154768.56
887083|303|02|3110004|2020|7|000133|20200701|04 - DECRETO DE CRÉDITO EXTRAORDINÁRIO|160065.0
887084|303|02|3110004|2020|7|000153|20200721|04 - DECRETO DE CRÉDITO EXTRAORDINÁRIO|133522.95
887085|303|02|3110004|2020|7|000154|20200721|04 - DECRETO DE CRÉDITO EXTRAORDINÁRIO|200000.0
887086|303|02|3110004|2020|7|000151|20200721|04 - DECRETO DE CRÉDITO EXTRAORDINÁRIO|1060198.05
887087|303|02|3110004|2020|7|000148|20200720|04 - DECRETO DE CRÉDITO EXTRAORDINÁRIO|1296504.0
923174|303|02|3110004|2020|11|000269|20201130|01 - DECRETO DE CRÉDITO SUPLEMENTAR|223200.0
923175|303|02|3110004|2020|11|000248|20201103|01 - DECRETO DE CRÉDITO SUPLEMENTAR|1434353.05
923176|303|02|3110004|2020|11|000270|20201130|01 - DECRETO DE CRÉDITO SUPLEMENTAR|1445000.0
923177|303|02|3110004|2020|11|000258|20201113|01 - DECRETO DE CRÉDITO SUPLEMENTAR|780.0
923178|303|02|3110004|2020|11|000265|20201120|04 - DECRETO DE CRÉDITO EXTRAORDINÁRIO|170225.0
835231|303|02|3110004|2020|3|000048|20200309|02 - DECRETO DE CRÉDITO ESPECIAL|410000.0
835225|303|02|3110004|2020|3|000058|20200319|01 - DECRETO DE CRÉDITO SUPLEMENTAR|29108.0
835226|303|02|3110004|2020|3|000047|20200309|04 - DECRETO DE CRÉDITO EXTRAORDINÁRIO|1276764.18
835227|303|02|3110004|2020|3|000065|20200325|01 - DECRETO DE CRÉDITO SUPLEMENTAR|53000.0
835228|303|02|3110004|2020|3|000035|20200302|01 - DECRETO DE CRÉDITO SUPLEMENTAR|462680.84
835229|303|02|3110004|2020|3|000044|20200305|02 - DECRETO DE CRÉDITO ESPECIAL|1523215.03
835230|303|02|3110004|2020|3|000040|20200303|01 - DECRETO DE CRÉDITO SUPLEMENTAR|2000.0
835232|303|02|3110004|2020|4|000084|20200427|04 - DECRETO DE CRÉDITO EXTRAORDINÁRIO|535945.06
835233|303|02|3110004|2020|4|000068|20200401|01 - DECRETO DE CRÉDITO SUPLEMENTAR|348633.68
835234|303|02|3110004|2020|5|000099|20200525|01 - DECRETO DE CRÉDITO SUPLEMENTAR|162700.0
835235|303|02|3110004|2020|5|000087|20200504|01 - DECRETO DE CRÉDITO SUPLEMENTAR|1014866.25
835236|303|02|3110004|2020|5|000096|20200519|04 - DECRETO DE CRÉDITO EXTRAORDINÁRIO|133522.95
835237|303|02|3110004|2020|5|000090|20200504|01 - DECRETO DE CRÉDITO SUPLEMENTAR|15000.0
904155|303|02|3110004|2020|10|000240|20201020|01 - DECRETO DE CRÉDITO SUPLEMENTAR|88669.0
904152|303|02|3110004|2020|10|000233|20201015|01 - DECRETO DE CRÉDITO SUPLEMENTAR|177538.77
904153|303|02|3110004|2020|10|000230|20201014|01 - DECRETO DE CRÉDITO SUPLEMENTAR|305026.24
904154|303|02|3110004|2020|10|000246|20201027|01 - DECRETO DE CRÉDITO SUPLEMENTAR|14567.0
904156|303|02|3110004|2020|10|000218|20201001|01 - DECRETO DE CRÉDITO SUPLEMENTAR|756411.4
904157|303|02|3110004|2020|10|000223|20201006|01 - DECRETO DE CRÉDITO SUPLEMENTAR|59280.0
904158|303|02|3110004|2020|10|000224|20201007|02 - DECRETO DE CRÉDITO ESPECIAL|350000.0
904159|303|02|3110004|2020|10|000243|20201021|04 - DECRETO DE CRÉDITO EXTRAORDINÁRIO|137843.82
904160|303|02|3110004|2020|10|000242|20201021|04 - DECRETO DE CRÉDITO EXTRAORDINÁRIO|341794.98
904162|303|02|3110004|2020|10|000225|20201007|10 - DECRETO DE REMANEJAMENTO|1000000.0
904161|303|02|3110004|2020|10|000244|20201023|04 - DECRETO DE CRÉDITO EXTRAORDINÁRIO|41074.0
