seq_cot_licitacao|seq_item_licitacao|seq_licitacao|seq_orgao|cod_orgao|num_ano_referencia|num_mes_referencia|dat_cotacao|vlr_percentual|vlr_cot_preco_unit|num_quant_item_cotado|vlr_min_alien_bens
46161143|31001791|950687|304|03|2021|11|20211006|0.0|21.76|13.42|0.0
46161144|31001769|950687|304|03|2021|11|20211006|0.0|98.3|57.27|0.0
46161145|31001828|950687|304|03|2021|11|20211006|0.0|28.39|4.0|0.0
46161146|31001803|950687|304|03|2021|11|20211006|0.0|37.38|3.3|0.0
46161147|31001754|950687|304|03|2021|11|20211006|0.0|26.37|12.1|0.0
46161148|31001831|950687|304|03|2021|11|20211006|0.0|14.75|7.0|0.0
46161149|31001729|950687|304|03|2021|11|20211006|0.0|10.3|80.0|0.0
46161150|31001775|950687|304|03|2021|11|20211006|0.0|11.35|142.07|0.0
46161151|31001825|950687|304|03|2021|11|20211006|0.0|20.54|6.0|0.0
46161152|31001762|950687|304|03|2021|11|20211006|0.0|19.0|45.13|0.0
46161153|31001730|950687|304|03|2021|11|20211006|0.0|2.6|70.0|0.0
46161154|31001745|950687|304|03|2021|11|20211006|0.0|13.51|54.61|0.0
46161155|31001824|950687|304|03|2021|11|20211006|0.0|36.41|1.0|0.0
46161156|31001800|950687|304|03|2021|11|20211006|0.0|191.9|2.0|0.0
46161157|31001771|950687|304|03|2021|11|20211006|0.0|27.37|109.25|0.0
46161158|31001778|950687|304|03|2021|11|20211006|0.0|47.07|34.84|0.0
46161159|31001798|950687|304|03|2021|11|20211006|0.0|157.35|1.0|0.0
46161160|31001772|950687|304|03|2021|11|20211006|0.0|166.17|45.04|0.0
46161161|31001724|950687|304|03|2021|11|20211006|0.0|25.59|40.0|0.0
46161162|31001806|950687|304|03|2021|11|20211006|0.0|177.8|1.0|0.0
46161163|31001749|950687|304|03|2021|11|20211006|0.0|573.83|6.0|0.0
46161164|31001742|950687|304|03|2021|11|20211006|0.0|59.96|37.34|0.0
46161165|31001822|950687|304|03|2021|11|20211006|0.0|28.13|2.0|0.0
46161166|31001823|950687|304|03|2021|11|20211006|0.0|35.42|7.0|0.0
46161167|31001760|950687|304|03|2021|11|20211006|0.0|194.73|24.2|0.0
46161168|31001728|950687|304|03|2021|11|20211006|0.0|737.87|1.0|0.0
46161169|31001810|950687|304|03|2021|11|20211006|0.0|366.93|0.72|0.0
46161170|31001809|950687|304|03|2021|11|20211006|0.0|496.63|1.0|0.0
46161171|31001819|950687|304|03|2021|11|20211006|0.0|72.57|2.0|0.0
46161172|31001763|950687|304|03|2021|11|20211006|0.0|66.25|16.94|0.0
46161173|31001744|950687|304|03|2021|11|20211006|0.0|1441.57|1.0|0.0
46161174|31001793|950687|304|03|2021|11|20211006|0.0|33.2|1.0|0.0
46161175|31001732|950687|304|03|2021|11|20211006|0.0|152.55|1.0|0.0
46161176|31001788|950687|304|03|2021|11|20211006|0.0|482.8|1.0|0.0
46161177|31001807|950687|304|03|2021|11|20211006|0.0|425.92|1.0|0.0
46161178|31001801|950687|304|03|2021|11|20211006|0.0|99.43|1.0|0.0
46161179|31001820|950687|304|03|2021|11|20211006|0.0|56.3|2.0|0.0
46161180|31001753|950687|304|03|2021|11|20211006|0.0|27.08|24.0|0.0
46161181|31001945|950688|304|03|2021|11|20210901|0.0|5.44|50.0|0.0
46161182|31001853|950688|304|03|2021|11|20210901|0.0|0.56|1500.0|0.0
46161183|31001873|950688|304|03|2021|11|20210901|0.0|0.43|60.0|0.0
46161184|31001852|950688|304|03|2021|11|20210901|0.0|0.49|1500.0|0.0
46161185|31001956|950688|304|03|2021|11|20210901|0.0|130.0|50.0|0.0
46161186|31001890|950688|304|03|2021|11|20210901|0.0|270.0|8.0|0.0
46161187|31001832|950688|304|03|2021|11|20210901|0.0|5.23|20.0|0.0
46161188|31001928|950688|304|03|2021|11|20210901|0.0|24.46|15.0|0.0
46161189|31001900|950688|304|03|2021|11|20210901|0.0|8.37|50.0|0.0
46161190|31001863|950688|304|03|2021|11|20210901|0.0|11.82|50.0|0.0
46161191|31001916|950688|304|03|2021|11|20210901|0.0|29.0|10.0|0.0
46161192|31001870|950688|304|03|2021|11|20210901|0.0|0.92|150.0|0.0
46161193|31001834|950688|304|03|2021|11|20210901|0.0|0.44|400.0|0.0
46161194|31001959|950688|304|03|2021|11|20210901|0.0|299.0|8.0|0.0
46161195|31001930|950688|304|03|2021|11|20210901|0.0|3.98|2200.0|0.0
46161196|31001899|950688|304|03|2021|11|20210901|0.0|20.06|50.0|0.0
46161197|31001936|950688|304|03|2021|11|20210901|0.0|0.64|500.0|0.0
46161198|31001869|950688|304|03|2021|11|20210901|0.0|0.59|400.0|0.0
46161199|31001914|950688|304|03|2021|11|20210901|0.0|39.0|10.0|0.0
46161200|31001918|950688|304|03|2021|11|20210901|0.0|9.76|10.0|0.0
46161201|31001929|950688|304|03|2021|11|20210901|0.0|79.3|10.0|0.0
46161202|31001851|950688|304|03|2021|11|20210901|0.0|0.89|150.0|0.0
46161203|31001911|950688|304|03|2021|11|20210901|0.0|60.51|6.0|0.0
46161204|31001912|950688|304|03|2021|11|20210901|0.0|53.63|6.0|0.0
46161205|31001888|950688|304|03|2021|11|20210901|0.0|199.0|15.0|0.0
46161206|31001898|950688|304|03|2021|11|20210901|0.0|350.0|4.0|0.0
46161207|31001864|950688|304|03|2021|11|20210901|0.0|2.5|100.0|0.0
46161208|31001833|950688|304|03|2021|11|20210901|0.0|0.32|2000.0|0.0
46161209|31001858|950688|304|03|2021|11|20210901|0.0|0.95|200.0|0.0
46161210|31001867|950688|304|03|2021|11|20210901|0.0|0.25|4000.0|0.0
46161211|31001871|950688|304|03|2021|11|20210901|0.0|0.28|4000.0|0.0
46161212|31001920|950688|304|03|2021|11|20210901|0.0|86.0|5.0|0.0
46161213|31001889|950688|304|03|2021|11|20210901|0.0|244.0|10.0|0.0
46161214|31001859|950688|304|03|2021|11|20210901|0.0|12.11|100.0|0.0
46161215|31001963|950688|304|03|2021|11|20210901|0.0|132.25|3.0|0.0
46161216|31001921|950688|304|03|2021|11|20210901|0.0|6.45|5.0|0.0
46161217|31001925|950688|304|03|2021|11|20210901|0.0|0.25|7000.0|0.0
46161218|31001839|950688|304|03|2021|11|20210901|0.0|2.63|120.0|0.0
46161219|31001913|950688|304|03|2021|11|20210901|0.0|58.0|10.0|0.0
46161220|31001961|950688|304|03|2021|11|20210901|0.0|140.0|20.0|0.0
46161221|31001967|950688|304|03|2021|11|20210901|0.0|2.09|100.0|0.0
46161222|31001838|950688|304|03|2021|11|20210901|0.0|0.42|50.0|0.0
46161223|31001885|950688|304|03|2021|11|20210901|0.0|11.1|100.0|0.0
46161224|31001860|950688|304|03|2021|11|20210901|0.0|0.85|300.0|0.0
46161225|31001939|950688|304|03|2021|11|20210901|0.0|2.03|30.0|0.0
46161226|31001908|950688|304|03|2021|11|20210901|0.0|2.55|50.0|0.0
46161227|31001971|950688|304|03|2021|11|20210901|0.0|15.34|30.0|0.0
46161228|31001881|950688|304|03|2021|11|20210901|0.0|3.25|30.0|0.0
46161229|31001940|950688|304|03|2021|11|20210901|0.0|4.27|30.0|0.0
46161230|31001887|950688|304|03|2021|11|20210901|0.0|86.0|20.0|0.0
46161231|31001905|950688|304|03|2021|11|20210901|0.0|15.96|40.0|0.0
46161232|31001951|950688|304|03|2021|11|20210901|0.0|16.79|10.0|0.0
46161233|31001964|950688|304|03|2021|11|20210901|0.0|6.29|300.0|0.0
46161234|31001836|950688|304|03|2021|11|20210901|0.0|0.28|60.0|0.0
46161235|31001845|950688|304|03|2021|11|20210901|0.0|0.47|50.0|0.0
46161236|31001919|950688|304|03|2021|11|20210901|0.0|23.9|10.0|0.0
46161237|31001937|950688|304|03|2021|11|20210901|0.0|0.93|50.0|0.0
46161243|31001866|950688|304|03|2021|11|20210901|0.0|25.87|10.0|0.0
46161238|31001941|950688|304|03|2021|11|20210901|0.0|6.69|30.0|0.0
46161239|31001947|950688|304|03|2021|11|20210901|0.0|2.7|30.0|0.0
46161240|31001846|950688|304|03|2021|11|20210901|0.0|3.46|25.0|0.0
46161241|31001880|950688|304|03|2021|11|20210901|0.0|24.01|30.0|0.0
46161242|31001926|950688|304|03|2021|11|20210901|0.0|112.0|15.0|0.0
46161244|31001932|950688|304|03|2021|11|20210901|0.0|9.8|500.0|0.0
46161245|31001856|950688|304|03|2021|11|20210901|0.0|0.62|300.0|0.0
46161246|31001875|950688|304|03|2021|11|20210901|0.0|2.41|20.0|0.0
46161247|31001877|950688|304|03|2021|11|20210901|0.0|40.09|10.0|0.0
46161248|31001854|950688|304|03|2021|11|20210901|0.0|0.6|250.0|0.0
46161249|31001849|950688|304|03|2021|11|20210901|0.0|0.52|400.0|0.0
46161250|31001893|950688|304|03|2021|11|20210901|0.0|80.0|20.0|0.0
46161251|31001933|950688|304|03|2021|11|20210901|0.0|7.72|150.0|0.0
46161252|31001958|950688|304|03|2021|11|20210901|0.0|250.0|20.0|0.0
46161253|31001897|950688|304|03|2021|11|20210901|0.0|320.0|8.0|0.0
46161254|31001868|950688|304|03|2021|11|20210901|0.0|0.35|300.0|0.0
46161255|31001946|950688|304|03|2021|11|20210901|0.0|11.15|10.0|0.0
46161256|31001837|950688|304|03|2021|11|20210901|0.0|2.36|150.0|0.0
46161257|31001902|950688|304|03|2021|11|20210901|0.0|2.92|50.0|0.0
46161258|31001883|950688|304|03|2021|11|20210901|0.0|8.82|50.0|0.0
46161259|31001949|950688|304|03|2021|11|20210901|0.0|3.7|30.0|0.0
46161260|31001857|950688|304|03|2021|11|20210901|0.0|7.14|50.0|0.0
46161261|31001924|950688|304|03|2021|11|20210901|0.0|5.1|50.0|0.0
46161262|31001917|950688|304|03|2021|11|20210901|0.0|26.27|5.0|0.0
46161263|31001835|950688|304|03|2021|11|20210901|0.0|1.12|350.0|0.0
46161264|31001960|950688|304|03|2021|11|20210901|0.0|340.0|4.0|0.0
46161265|31001872|950688|304|03|2021|11|20210901|0.0|0.42|300.0|0.0
46161266|31001841|950688|304|03|2021|11|20210901|0.0|1.03|2500.0|0.0
46161267|31001861|950688|304|03|2021|11|20210901|0.0|21.14|50.0|0.0
46161268|31001874|950688|304|03|2021|11|20210901|0.0|0.65|50.0|0.0
46161269|31001894|950688|304|03|2021|11|20210901|0.0|130.0|30.0|0.0
46161270|31001842|950688|304|03|2021|11|20210901|0.0|1.07|30.0|0.0
46161271|31001895|950688|304|03|2021|11|20210901|0.0|200.0|20.0|0.0
46161272|31001901|950688|304|03|2021|11|20210901|0.0|8.64|50.0|0.0
46161273|31001952|950688|304|03|2021|11|20210901|0.0|17.69|10.0|0.0
46161274|31001953|950688|304|03|2021|11|20210901|0.0|29.3|10.0|0.0
46161275|31001882|950688|304|03|2021|11|20210901|0.0|4.2|50.0|0.0
46161276|31001843|950688|304|03|2021|11|20210901|0.0|1.82|150.0|0.0
46161277|31001910|950688|304|03|2021|11|20210901|0.0|0.57|200.0|0.0
46161278|31001850|950688|304|03|2021|11|20210901|0.0|0.7|5000.0|0.0
46161279|31001903|950688|304|03|2021|11|20210901|0.0|1.22|50.0|0.0
46161280|31001855|950688|304|03|2021|11|20210901|0.0|3.26|100.0|0.0
46161281|31001847|950688|304|03|2021|11|20210901|0.0|4.29|25.0|0.0
46161282|31001957|950688|304|03|2021|11|20210901|0.0|150.0|50.0|0.0
46161283|31001931|950688|304|03|2021|11|20210901|0.0|5.71|200.0|0.0
46161284|31001862|950688|304|03|2021|11|20210901|0.0|1.6|150.0|0.0
46161285|31001966|950688|304|03|2021|11|20210901|0.0|8.24|20.0|0.0
46161286|31001943|950688|304|03|2021|11|20210901|0.0|1.26|100.0|0.0
46161287|31001848|950688|304|03|2021|11|20210901|0.0|1.3|100.0|0.0
46161288|31001891|950688|304|03|2021|11|20210901|0.0|310.0|4.0|0.0
46161289|31001938|950688|304|03|2021|11|20210901|0.0|22.75|150.0|0.0
46161074|31001808|950687|304|03|2021|11|20211006|0.0|59.33|1.0|0.0
46161071|31001794|950687|304|03|2021|11|20211006|0.0|34.97|3.0|0.0
46161072|31001814|950687|304|03|2021|11|20211006|0.0|11.57|10.0|0.0
46161073|31001731|950687|304|03|2021|11|20211006|0.0|18.12|42.0|0.0
46161075|31001736|950687|304|03|2021|11|20211006|0.0|3.31|20.0|0.0
46161076|31001725|950687|304|03|2021|11|20211006|0.0|1153.77|3.0|0.0
46161077|31001738|950687|304|03|2021|11|20211006|0.0|8.21|30.0|0.0
46161078|31001761|950687|304|03|2021|11|20211006|0.0|84.47|30.7|0.0
46161079|31001790|950687|304|03|2021|11|20211006|0.0|29.79|1.0|0.0
46161080|31001740|950687|304|03|2021|11|20211006|0.0|3480.27|0.27|0.0
46161081|31001830|950687|304|03|2021|11|20211006|0.0|8.76|23.0|0.0
46161082|31001739|950687|304|03|2021|11|20211006|0.0|3480.27|0.16|0.0
46161083|31001734|950687|304|03|2021|11|20211006|0.0|155.75|1.0|0.0
46161084|31001786|950687|304|03|2021|11|20211006|0.0|29.48|4.41|0.0
46161085|31001818|950687|304|03|2021|11|20211006|0.0|86.93|1.0|0.0
46161086|31001758|950687|304|03|2021|11|20211006|0.0|775.83|2.99|0.0
46161087|31001784|950687|304|03|2021|11|20211006|0.0|1149.97|5.04|0.0
46161088|31001752|950687|304|03|2021|11|20211006|0.0|16.66|20.88|0.0
46161089|31001785|950687|304|03|2021|11|20211006|0.0|19.57|125.34|0.0
46161090|31001743|950687|304|03|2021|11|20211006|0.0|54.2|10.56|0.0
46161091|31001827|950687|304|03|2021|11|20211006|0.0|28.39|9.0|0.0
46161092|31001783|950687|304|03|2021|11|20211006|0.0|1140.0|1.56|0.0
46161093|31001797|950687|304|03|2021|11|20211006|0.0|49.54|3.0|0.0
46161094|31001816|950687|304|03|2021|11|20211006|0.0|11.57|10.0|0.0
46161095|31001826|950687|304|03|2021|11|20211006|0.0|39.99|3.0|0.0
46161096|31001804|950687|304|03|2021|11|20211006|0.0|32.1|1.0|0.0
46161097|31001821|950687|304|03|2021|11|20211006|0.0|86.87|7.0|0.0
46161098|31001815|950687|304|03|2021|11|20211006|0.0|11.57|10.0|0.0
46161099|31001759|950687|304|03|2021|11|20211006|0.0|741.52|6.78|0.0
46161100|31001773|950687|304|03|2021|11|20211006|0.0|90.22|73.06|0.0
46161101|31001805|950687|304|03|2021|11|20211006|0.0|28.0|1.0|0.0
46161102|31001737|950687|304|03|2021|11|20211006|0.0|8.21|30.0|0.0
46161103|31001776|950687|304|03|2021|11|20211006|0.0|41.75|125.34|0.0
46161104|31001811|950687|304|03|2021|11|20211006|0.0|328.17|1.0|0.0
46161105|31001764|950687|304|03|2021|11|20211006|0.0|27.27|64.0|0.0
46161106|31001767|950687|304|03|2021|11|20211006|0.0|38.33|26.52|0.0
46161107|31001748|950687|304|03|2021|11|20211006|0.0|34.15|74.36|0.0
46161108|31001751|950687|304|03|2021|11|20211006|0.0|292.63|1.2|0.0
46161109|31001768|950687|304|03|2021|11|20211006|0.0|42.02|45.04|0.0
46161110|31001796|950687|304|03|2021|11|20211006|0.0|38.77|1.0|0.0
46161111|31001777|950687|304|03|2021|11|20211006|0.0|96.2|3.0|0.0
46161112|31001795|950687|304|03|2021|11|20211006|0.0|101.49|1.0|0.0
46161113|31001780|950687|304|03|2021|11|20211006|0.0|96.7|54.61|0.0
46161114|31001770|950687|304|03|2021|11|20211006|0.0|775.83|11.79|0.0
46161115|31001817|950687|304|03|2021|11|20211006|0.0|184.1|1.0|0.0
46161116|31001799|950687|304|03|2021|11|20211006|0.0|108.42|1.0|0.0
46161117|31001750|950687|304|03|2021|11|20211006|0.0|88.52|7.0|0.0
46161118|31001766|950687|304|03|2021|11|20211006|0.0|183.33|4.61|0.0
46161119|31001792|950687|304|03|2021|11|20211006|0.0|28.0|23.32|0.0
46161123|31001765|950687|304|03|2021|11|20211006|0.0|33.6|30.7|0.0
46161120|31001741|950687|304|03|2021|11|20211006|0.0|37.62|16.73|0.0
46161121|31001733|950687|304|03|2021|11|20211006|0.0|238.47|1.0|0.0
46161122|31001726|950687|304|03|2021|11|20211006|0.0|1007.87|3.36|0.0
46161124|31001727|950687|304|03|2021|11|20211006|0.0|15.37|125.34|0.0
46161125|31001829|950687|304|03|2021|11|20211006|0.0|7.92|20.0|0.0
46161126|31001735|950687|304|03|2021|11|20211006|0.0|3.31|20.0|0.0
46161127|31001813|950687|304|03|2021|11|20211006|0.0|8.21|30.0|0.0
46161128|31001756|950687|304|03|2021|11|20211006|0.0|21.95|1887.0|0.0
46161129|31001779|950687|304|03|2021|11|20211006|0.0|16.23|6.27|0.0
46161130|31001781|950687|304|03|2021|11|20211006|0.0|58.72|60.07|0.0
46161131|31001787|950687|304|03|2021|11|20211006|0.0|34.69|9.96|0.0
46161132|31001746|950687|304|03|2021|11|20211006|0.0|41.64|86.46|0.0
46161133|31001722|950687|304|03|2021|11|20211006|0.0|65.28|38.16|0.0
46161134|31001723|950687|304|03|2021|11|20211006|0.0|62.59|25.45|0.0
46161135|31001757|950687|304|03|2021|11|20211006|0.0|611.9|1.54|0.0
46161136|31001812|950687|304|03|2021|11|20211006|0.0|8.21|30.0|0.0
46161137|31001755|950687|304|03|2021|11|20211006|0.0|88.9|60.02|0.0
46161138|31001789|950687|304|03|2021|11|20211006|0.0|29.09|1.0|0.0
46161139|31001747|950687|304|03|2021|11|20211006|0.0|11.64|74.36|0.0
46161140|31001782|950687|304|03|2021|11|20211006|0.0|77.53|9.46|0.0
46161141|31001802|950687|304|03|2021|11|20211006|0.0|40.52|5.94|0.0
46161142|31001774|950687|304|03|2021|11|20211006|0.0|101.1|20.08|0.0
46161293|31001948|950688|304|03|2021|11|20210901|0.0|13.85|10.0|0.0
46161290|31001969|950688|304|03|2021|11|20210901|0.0|13.48|30.0|0.0
46161291|31001934|950688|304|03|2021|11|20210901|0.0|13.43|200.0|0.0
46161292|31001944|950688|304|03|2021|11|20210901|0.0|1.75|50.0|0.0
46161294|31001896|950688|304|03|2021|11|20210901|0.0|250.0|10.0|0.0
46161295|31001906|950688|304|03|2021|11|20210901|0.0|4.52|40.0|0.0
46161296|31001942|950688|304|03|2021|11|20210901|0.0|6.01|30.0|0.0
46161297|31001904|950688|304|03|2021|11|20210901|0.0|0.78|400.0|0.0
46161298|31001840|950688|304|03|2021|11|20210901|0.0|11.0|250.0|0.0
46161299|31001884|950688|304|03|2021|11|20210901|0.0|4.1|20.0|0.0
46161300|31001950|950688|304|03|2021|11|20210901|0.0|8.4|30.0|0.0
46161301|31001935|950688|304|03|2021|11|20210901|0.0|14.59|50.0|0.0
46161302|31001907|950688|304|03|2021|11|20210901|0.0|4.07|50.0|0.0
46161303|31001876|950688|304|03|2021|11|20210901|0.0|4.0|1500.0|0.0
46161304|31001844|950688|304|03|2021|11|20210901|0.0|1.43|25.0|0.0
46161305|31001965|950688|304|03|2021|11|20210901|0.0|2.4|100.0|0.0
46161306|31001879|950688|304|03|2021|11|20210901|0.0|2.4|40.0|0.0
46161307|31001970|950688|304|03|2021|11|20210901|0.0|18.0|30.0|0.0
46161308|31001865|950688|304|03|2021|11|20210901|0.0|7.43|30.0|0.0
46161309|31001962|950688|304|03|2021|11|20210901|0.0|144.0|5.0|0.0
46161310|31001923|950688|304|03|2021|11|20210901|0.0|2.3|150.0|0.0
46161311|31001886|950688|304|03|2021|11|20210901|0.0|54.0|50.0|0.0
46161312|31001878|950688|304|03|2021|11|20210901|0.0|25.06|15.0|0.0
46161313|31001922|950688|304|03|2021|11|20210901|0.0|60.52|5.0|0.0
46161314|31001892|950688|304|03|2021|11|20210901|0.0|50.0|20.0|0.0
46161315|31001968|950688|304|03|2021|11|20210901|0.0|4.07|150.0|0.0
46161316|31001915|950688|304|03|2021|11|20210901|0.0|32.0|10.0|0.0
46161317|31001909|950688|304|03|2021|11|20210901|0.0|1.0|150.0|0.0
46161318|31001927|950688|304|03|2021|11|20210901|0.0|0.29|4000.0|0.0
46161319|31001986|950689|304|03|2021|11|20210915|0.0|3830.67|2.0|0.0
46161320|31001988|950689|304|03|2021|11|20210915|0.0|7609.03|1.0|0.0
46161321|31001973|950689|304|03|2021|11|20210915|0.0|30.7|20.0|0.0
46161322|31001976|950689|304|03|2021|11|20210915|0.0|93.73|10.0|0.0
46161323|31001972|950689|304|03|2021|11|20210915|0.0|28.95|30.0|0.0
46161324|31001978|950689|304|03|2021|11|20210915|0.0|38.01|5.0|0.0
46161325|31001975|950689|304|03|2021|11|20210915|0.0|94.21|20.0|0.0
46161326|31001982|950689|304|03|2021|11|20210915|0.0|109.18|10.0|0.0
46161327|31001981|950689|304|03|2021|11|20210915|0.0|61.67|6.0|0.0
46161328|31001987|950689|304|03|2021|11|20210915|0.0|21489.33|1.0|0.0
46161329|31001984|950689|304|03|2021|11|20210915|0.0|313.23|1.0|0.0
46161330|31001985|950689|304|03|2021|11|20210915|0.0|143.46|6.0|0.0
46161331|31001990|950689|304|03|2021|11|20210915|0.0|520.0|10.0|0.0
46161332|31001983|950689|304|03|2021|11|20210915|0.0|220.84|7.0|0.0
46161333|31001980|950689|304|03|2021|11|20210915|0.0|151.16|6.0|0.0
46161334|31001977|950689|304|03|2021|11|20210915|0.0|28.94|10.0|0.0
46161335|31001979|950689|304|03|2021|11|20210915|0.0|128.58|7.0|0.0
46161336|31001989|950689|304|03|2021|11|20210915|0.0|11972.89|2.0|0.0
46161337|31001974|950689|304|03|2021|11|20210915|0.0|13.6|13.0|0.0
42284542|27051134|833057|304|03|2021|4|20210129|0.0|16.85|40.0|0.0
42284538|27051130|833056|304|03|2021|4|20210324|0.0|16.88|1300.0|0.0
42284539|27051131|833057|304|03|2021|4|20210129|0.0|677.66|0.5|0.0
42284540|27051133|833057|304|03|2021|4|20210129|0.0|101.33|320.0|0.0
42284541|27051132|833057|304|03|2021|4|20210129|0.0|2497.5|15.0|0.0
45526702|30351501|928393|303|02|2021|10|20210628|0.0|2280.0|2.0|0.0
44153746|28953100|884119|303|02|2021|8|20210701|0.0|3290.62|16.0|0.0
44153747|28953099|884119|303|02|2021|8|20210701|0.0|96.96|150.0|0.0
44153748|28953101|884120|303|02|2021|8|20210415|0.0|14676.25|12.0|0.0
44153749|28953098|884118|303|02|2021|8|20210805|0.0|2285.0|3.0|0.0
45526698|30351524|928394|303|02|2021|10|20210929|0.0|168.725|600.0|0.0
45526699|30351523|928394|303|02|2021|10|20210929|0.0|144.7075|1800.0|0.0
45526700|30351522|928394|303|02|2021|10|20210929|0.0|155.67|600.0|0.0
45526701|30351525|928395|303|02|2021|10|20210916|0.0|7.17|19200.0|0.0
45526703|30351521|928393|303|02|2021|10|20210628|0.0|35.61|10.0|0.0
45526704|30351503|928393|303|02|2021|10|20210628|0.0|42.0|24.0|0.0
45526705|30351507|928393|303|02|2021|10|20210628|0.0|469.69|1.0|0.0
45526706|30351502|928393|303|02|2021|10|20210628|0.0|453.5|1.0|0.0
45526707|30351497|928393|303|02|2021|10|20210628|0.0|99.14|1.0|0.0
45526708|30351510|928393|303|02|2021|10|20210628|0.0|9824.61|1.0|0.0
45526709|30351518|928393|303|02|2021|10|20210628|0.0|777.11|10.0|0.0
45526710|30351515|928393|303|02|2021|10|20210628|0.0|2222.22|1.0|0.0
45526711|30351508|928393|303|02|2021|10|20210628|0.0|901.66|1.0|0.0
45526712|30351511|928393|303|02|2021|10|20210628|0.0|15583.3|1.0|0.0
45526713|30351519|928393|303|02|2021|10|20210628|0.0|237.22|3.0|0.0
45526714|30351512|928393|303|02|2021|10|20210628|0.0|599.12|1.0|0.0
45526718|30351505|928393|303|02|2021|10|20210628|0.0|185.0|15.0|0.0
45526715|30351506|928393|303|02|2021|10|20210628|0.0|3481.69|1.0|0.0
45526716|30351509|928393|303|02|2021|10|20210628|0.0|225.0|1.0|0.0
45526717|30351500|928393|303|02|2021|10|20210628|0.0|266.96|1.0|0.0
45526719|30351520|928393|303|02|2021|10|20210628|0.0|11.5|6.0|0.0
45526720|30351517|928393|303|02|2021|10|20210628|0.0|35.945|20.0|0.0
45526721|30351498|928393|303|02|2021|10|20210628|0.0|154.72|1.0|0.0
45526722|30351504|928393|303|02|2021|10|20210628|0.0|68.4|4.0|0.0
45526723|30351514|928393|303|02|2021|10|20210628|0.0|396.22|1.0|0.0
43005367|27785961|852346|302|01|2021|6|20210518|0.0|149.0|1.0|0.0
43005364|27785921|852346|302|01|2021|6|20210518|0.0|27.8|2.0|0.0
43005365|27785932|852346|302|01|2021|6|20210518|0.0|852.9|2.0|0.0
43005366|27785956|852346|302|01|2021|6|20210518|0.0|269.9|5.0|0.0
43005368|27785931|852346|302|01|2021|6|20210518|0.0|34.16|20.0|0.0
43005369|27785922|852346|302|01|2021|6|20210518|0.0|16.88|2.0|0.0
43005370|27785959|852346|302|01|2021|6|20210518|0.0|40.0|10.0|0.0
43005371|27785949|852346|302|01|2021|6|20210518|0.0|49.7|3.0|0.0
43005372|27785944|852346|302|01|2021|6|20210518|0.0|85.4|1.0|0.0
43005373|27785941|852346|302|01|2021|6|20210518|0.0|228.0|12.0|0.0
43005374|27785947|852346|302|01|2021|6|20210518|0.0|49.7|10.0|0.0
43005375|27785948|852346|302|01|2021|6|20210518|0.0|49.7|3.0|0.0
43005376|27785957|852346|302|01|2021|6|20210518|0.0|304.75|4.0|0.0
43005377|27785950|852346|302|01|2021|6|20210518|0.0|45.5|4.0|0.0
43005378|27785951|852346|302|01|2021|6|20210518|0.0|20.4|4.0|0.0
43005379|27785960|852346|302|01|2021|6|20210518|0.0|49.9|5.0|0.0
43005380|27785928|852346|302|01|2021|6|20210518|0.0|12.3|5.0|0.0
43005381|27785929|852346|302|01|2021|6|20210518|0.0|51.58|5.0|0.0
43005382|27785925|852346|302|01|2021|6|20210518|0.0|232.85|5.0|0.0
43005383|27785933|852346|302|01|2021|6|20210518|0.0|269.67|1.0|0.0
43005384|27785930|852346|302|01|2021|6|20210518|0.0|358.0|1.0|0.0
43005385|27785953|852346|302|01|2021|6|20210518|0.0|235.6|1.0|0.0
43005386|27785926|852346|302|01|2021|6|20210518|0.0|28.04|10.0|0.0
43005387|27785940|852346|302|01|2021|6|20210518|0.0|439.8|40.0|0.0
43005388|27785962|852346|302|01|2021|6|20210518|0.0|399.6|5.0|0.0
43005337|27785912|852345|302|01|2021|6|20210519|0.0|0.3|6000.0|0.0
43005334|27785920|852345|302|01|2021|6|20210519|0.0|113.33|30.0|0.0
43005335|27785918|852345|302|01|2021|6|20210519|0.0|550.0|12.0|0.0
43005336|27785911|852345|302|01|2021|6|20210519|0.0|6.0|2000.0|0.0
43005338|27785915|852345|302|01|2021|6|20210519|0.0|1.85|10000.0|0.0
43005339|27785913|852345|302|01|2021|6|20210519|0.0|0.39|6000.0|0.0
43005340|27785917|852345|302|01|2021|6|20210519|0.0|250.0|1.0|0.0
43005341|27785914|852345|302|01|2021|6|20210519|0.0|0.5|1000.0|0.0
43005342|27785908|852345|302|01|2021|6|20210519|0.0|100.0|4.0|0.0
43005343|27785909|852345|302|01|2021|6|20210519|0.0|0.184|13000.0|0.0
43005344|27785919|852345|302|01|2021|6|20210519|0.0|150.0|12.0|0.0
43005345|27785910|852345|302|01|2021|6|20210519|0.0|0.39|10000.0|0.0
43005346|27785916|852345|302|01|2021|6|20210519|0.0|500.0|6.0|0.0
43005347|27785934|852346|302|01|2021|6|20210518|0.0|25.59|50.0|0.0
43005348|27785937|852346|302|01|2021|6|20210518|0.0|650.9|2.0|0.0
43005349|27785958|852346|302|01|2021|6|20210518|0.0|608.4|5.0|0.0
43005350|27785946|852346|302|01|2021|6|20210518|0.0|16.53|40.0|0.0
43005351|27785939|852346|302|01|2021|6|20210518|0.0|918.7|2.0|0.0
43005352|27785945|852346|302|01|2021|6|20210518|0.0|124.9|1.0|0.0
43005353|27785942|852346|302|01|2021|6|20210518|0.0|22.15|10.0|0.0
43005354|27785936|852346|302|01|2021|6|20210518|0.0|869.9|5.0|0.0
43005355|27785935|852346|302|01|2021|6|20210518|0.0|479.9|5.0|0.0
43005356|27785943|852346|302|01|2021|6|20210518|0.0|6.85|50.0|0.0
43005357|27785923|852346|302|01|2021|6|20210518|0.0|269.9|5.0|0.0
43005358|27785924|852346|302|01|2021|6|20210518|0.0|14.0|10.0|0.0
43005359|27785952|852346|302|01|2021|6|20210518|0.0|292.7|30.0|0.0
43005360|27785955|852346|302|01|2021|6|20210518|0.0|175.8|5.0|0.0
43005361|27785938|852346|302|01|2021|6|20210518|0.0|649.9|2.0|0.0
43005362|27785927|852346|302|01|2021|6|20210518|0.0|7.58|12.0|0.0
43005363|27785954|852346|302|01|2021|6|20210518|0.0|5.6|24.0|0.0
45526724|30351527|928397|303|02|2021|11|20211020|0.0|74766.67|1.0|0.0
45526725|30351528|928397|303|02|2021|11|20211020|0.0|74766.67|1.0|0.0
45526726|30351546|928399|303|02|2021|11|20210920|0.0|1084.696|70.0|0.0
45526727|30351548|928399|303|02|2021|11|20210920|0.0|643.875|20.0|0.0
45526728|30351547|928399|303|02|2021|11|20210920|0.0|1417.22|10.0|0.0
45526729|30351557|928401|303|02|2021|11|20211026|0.0|75.89|362.0|0.0
45526730|30351559|928401|303|02|2021|11|20211026|0.0|45.05|1080.0|0.0
45526731|30351567|928401|303|02|2021|11|20211026|0.0|30.14|10800.0|0.0
45526732|30351563|928401|303|02|2021|11|20211026|0.0|55.6967|1800.0|0.0
45526733|30351566|928401|303|02|2021|11|20211026|0.0|28.875|1200.0|0.0
45526734|30351558|928401|303|02|2021|11|20211026|0.0|217.805|432.0|0.0
45526735|30351564|928401|303|02|2021|11|20211026|0.0|65.635|1620.0|0.0
45526736|30351554|928401|303|02|2021|11|20211026|0.0|112.235|540.0|0.0
45526737|30351555|928401|303|02|2021|11|20211026|0.0|17.66|1600.0|0.0
45526738|30351553|928401|303|02|2021|11|20211026|0.0|31.405|120.0|0.0
45526739|30351552|928401|303|02|2021|11|20211026|0.0|50.66|360.0|0.0
45526740|30351562|928401|303|02|2021|11|20211026|0.0|110.32|360.0|0.0
45526741|30351561|928401|303|02|2021|11|20211026|0.0|136.435|360.0|0.0
45526745|30351560|928401|303|02|2021|11|20211026|0.0|40.8233|1080.0|0.0
45526742|30351569|928401|303|02|2021|11|20211026|0.0|292.8675|150.0|0.0
45526743|30351570|928401|303|02|2021|11|20211026|0.0|71.76|100.0|0.0
45526744|30351568|928401|303|02|2021|11|20211026|0.0|88.4133|1620.0|0.0
45526746|30351565|928401|303|02|2021|11|20211026|0.0|26.16|1200.0|0.0
45526747|30351556|928401|303|02|2021|11|20211026|0.0|30.66|1200.0|0.0
45526748|30351551|928401|303|02|2021|11|20211026|0.0|38.315|360.0|0.0
45526749|30351550|928400|303|02|2021|11|20210823|0.0|4613.4767|40.0|0.0
45526750|30351549|928400|303|02|2021|11|20210823|0.0|3066.6667|150.0|0.0
45526751|30351571|928402|303|02|2021|11|20211005|1.0|1500000.0|1.0|0.0
45526752|30351531|928398|303|02|2021|11|20211008|0.0|0.6482|1000.0|0.0
45526753|30351533|928398|303|02|2021|11|20211008|0.0|0.3863|50000.0|0.0
45526754|30351529|928398|303|02|2021|11|20211008|0.0|1.0805|3000.0|0.0
45526755|30351544|928398|303|02|2021|11|20211008|0.0|0.7213|500.0|0.0
45526756|30351542|928398|303|02|2021|11|20211008|0.0|2726.43|12.0|0.0
45526757|30351539|928398|303|02|2021|11|20211008|0.0|0.7697|1000.0|0.0
45526758|30351536|928398|303|02|2021|11|20211008|0.0|312.4518|238.0|0.0
45526759|30351543|928398|303|02|2021|11|20211008|0.0|117.8925|10.0|0.0
45526760|30351537|928398|303|02|2021|11|20211008|0.0|10.4935|150.0|0.0
45526762|30351526|928396|303|02|2021|11|20210927|0.0|1980.0|5.0|0.0
45792126|30623073|937800|304|03|2021|10|20210728|0.0|98.27|15.0|0.0
44471079|29274455|894762|303|02|2021|9|20210805|0.0|1.0|173488.47|0.0
44471080|29274453|894760|303|02|2021|9|20210805|0.0|1.0|84174.0|0.0
44471081|29274454|894761|303|02|2021|9|20210806|0.0|42.8025|1200.0|0.0
41513432|26257551|808808|303|02|2021|2|20210119|0.0|408.8205|260.0|0.0
45792120|30623045|937800|304|03|2021|10|20210728|0.0|38.95|200.0|0.0
45792121|30623046|937800|304|03|2021|10|20210728|0.0|53.74|20.0|0.0
45792122|30623071|937800|304|03|2021|10|20210728|0.0|88.58|30.0|0.0
45792123|30623075|937800|304|03|2021|10|20210728|0.0|34.3|20.0|0.0
45792124|30623068|937800|304|03|2021|10|20210728|0.0|53.09|200.0|0.0
45792125|30623050|937800|304|03|2021|10|20210728|0.0|12.55|100.0|0.0
45792127|30623072|937800|304|03|2021|10|20210728|0.0|167.74|15.0|0.0
45792128|30623054|937800|304|03|2021|10|20210728|0.0|39.03|30.0|0.0
45792129|30623069|937800|304|03|2021|10|20210728|0.0|136.48|200.0|0.0
45792130|30623053|937800|304|03|2021|10|20210728|0.0|9.23|100.0|0.0
45792131|30623074|937800|304|03|2021|10|20210728|0.0|153.37|15.0|0.0
45792132|30623052|937800|304|03|2021|10|20210728|0.0|72.7|100.0|0.0
45792133|30623059|937800|304|03|2021|10|20210728|0.0|32.92|200.0|0.0
45792134|30623048|937800|304|03|2021|10|20210728|0.0|47.08|60.0|0.0
45792135|30623049|937800|304|03|2021|10|20210728|0.0|148.14|60.0|0.0
45792136|30623064|937800|304|03|2021|10|20210728|0.0|84.19|30.0|0.0
45792137|30623055|937800|304|03|2021|10|20210728|0.0|20.8|50.0|0.0
45792138|30623066|937800|304|03|2021|10|20210728|0.0|82.83|40.0|0.0
45792139|30623065|937800|304|03|2021|10|20210728|0.0|176.38|10.0|0.0
45792140|30623062|937800|304|03|2021|10|20210728|0.0|36.17|50.0|0.0
45792141|30623063|937800|304|03|2021|10|20210728|0.0|42.44|50.0|0.0
45792142|30623044|937800|304|03|2021|10|20210728|0.0|72.62|50.0|0.0
45792143|30623061|937800|304|03|2021|10|20210728|0.0|153.97|15.0|0.0
45792144|30623043|937800|304|03|2021|10|20210728|0.0|125.84|30.0|0.0
45792145|30623047|937800|304|03|2021|10|20210728|0.0|29.18|60.0|0.0
45792146|30623056|937800|304|03|2021|10|20210728|0.0|44.97|30.0|0.0
45792147|30623058|937800|304|03|2021|10|20210728|0.0|74.28|20.0|0.0
45792151|30623070|937800|304|03|2021|10|20210728|0.0|51.2|30.0|0.0
45792148|30623067|937800|304|03|2021|10|20210728|0.0|173.54|5.0|0.0
45792149|30623060|937800|304|03|2021|10|20210728|0.0|98.52|200.0|0.0
45792150|30623057|937800|304|03|2021|10|20210728|0.0|21.35|20.0|0.0
45792152|30623042|937800|304|03|2021|10|20210728|0.0|430.31|20.0|0.0
45792153|30623051|937800|304|03|2021|10|20210728|0.0|12.42|150.0|0.0
45792154|30623027|937799|304|03|2021|10|20210825|0.0|289.45|30.0|0.0
45792155|30623033|937799|304|03|2021|10|20210825|0.0|2602.53|4.0|0.0
45792156|30623034|937799|304|03|2021|10|20210825|0.0|4176.24|3.0|0.0
45792157|30623024|937799|304|03|2021|10|20210825|0.0|996.73|20.0|0.0
45792158|30623040|937799|304|03|2021|10|20210825|0.0|328.28|60.0|0.0
45792159|30623018|937799|304|03|2021|10|20210825|0.0|25.2|1500.0|0.0
45792160|30623025|937799|304|03|2021|10|20210825|0.0|1691.97|4.0|0.0
45792161|30623035|937799|304|03|2021|10|20210825|0.0|94.54|15.0|0.0
45792162|30623023|937799|304|03|2021|10|20210825|0.0|380.03|20.0|0.0
45792163|30623021|937799|304|03|2021|10|20210825|0.0|89.1|250.0|0.0
45792164|30623037|937799|304|03|2021|10|20210825|0.0|398.3|6.0|0.0
45792165|30623039|937799|304|03|2021|10|20210825|0.0|169.58|15.0|0.0
45792166|30623038|937799|304|03|2021|10|20210825|0.0|584.09|5.0|0.0
45792167|30623020|937799|304|03|2021|10|20210825|0.0|60.28|400.0|0.0
45792168|30623026|937799|304|03|2021|10|20210825|0.0|211.15|120.0|0.0
45792169|30623041|937799|304|03|2021|10|20210825|0.0|287.6|120.0|0.0
45792170|30623019|937799|304|03|2021|10|20210825|0.0|31.83|350.0|0.0
45792171|30623030|937799|304|03|2021|10|20210825|0.0|614.27|30.0|0.0
45792172|30623028|937799|304|03|2021|10|20210825|0.0|163.73|250.0|0.0
45792173|30623022|937799|304|03|2021|10|20210825|0.0|120.82|100.0|0.0
45792174|30623032|937799|304|03|2021|10|20210825|0.0|499.52|10.0|0.0
45792175|30623031|937799|304|03|2021|10|20210825|0.0|699.98|80.0|0.0
45792176|30623029|937799|304|03|2021|10|20210825|0.0|338.41|50.0|0.0
45792177|30623017|937799|304|03|2021|10|20210825|0.0|178.43|100.0|0.0
45792178|30623036|937799|304|03|2021|10|20210825|0.0|261.34|6.0|0.0
41087214|25819930|794414|303|02|2021|1|20201229|0.0|23.17|12.0|0.0
41087210|25819785|794414|303|02|2021|1|20201229|0.0|13.21|25.0|0.0
41087211|25819764|794414|303|02|2021|1|20201229|0.0|4.94|8.0|0.0
41087212|25819849|794414|303|02|2021|1|20201229|0.0|36.39|18.0|0.0
41087213|25819912|794414|303|02|2021|1|20201229|0.0|109.12|6.0|0.0
41087215|25819808|794414|303|02|2021|1|20201229|0.0|7.57|18.0|0.0
41087216|25819751|794414|303|02|2021|1|20201229|0.0|12.45|25.0|0.0
41087217|25820013|794414|303|02|2021|1|20201229|0.0|24.14|18.0|0.0
41087218|25819771|794414|303|02|2021|1|20201229|0.0|22.04|38.0|0.0
41087219|25819797|794414|303|02|2021|1|20201229|0.0|7.22|31.0|0.0
41087220|25819824|794414|303|02|2021|1|20201229|0.0|2.29|16.0|0.0
41087221|25819965|794414|303|02|2021|1|20201229|0.0|20.23|12.0|0.0
41087222|25819856|794414|303|02|2021|1|20201229|0.0|11.39|18.0|0.0
41087223|25819756|794414|303|02|2021|1|20201229|0.0|98.6|45.0|0.0
41087224|25819835|794414|303|02|2021|1|20201229|0.0|16.19|13.0|0.0
41087225|25819812|794414|303|02|2021|1|20201229|0.0|323.48|6.0|0.0
41087226|25820041|794414|303|02|2021|1|20201229|0.0|6.78|262.0|0.0
41087227|25819927|794414|303|02|2021|1|20201229|0.0|4.08|175.0|0.0
41087228|25820036|794414|303|02|2021|1|20201229|0.0|10.55|45.0|0.0
41087229|25820042|794414|303|02|2021|1|20201229|0.0|23.06|25.0|0.0
41087230|25819952|794414|303|02|2021|1|20201229|0.0|30.03|17.0|0.0
41087231|25820055|794415|303|02|2021|1|20201110|0.01|386761.76|1.0|0.0
41086925|25819953|794414|303|02|2021|1|20201229|0.0|311.6|2.0|0.0
41086922|25819746|794413|303|02|2021|1|20200930|0.0|5.2|8500.0|0.0
41086923|25819744|794413|303|02|2021|1|20200930|0.0|3.9|20000.0|0.0
41086924|25819928|794414|303|02|2021|1|20201229|0.0|0.25|225.0|0.0
41086926|25819839|794414|303|02|2021|1|20201229|0.0|6.84|13.0|0.0
41086927|25819907|794414|303|02|2021|1|20201229|0.0|26.53|12.0|0.0
41086928|25820009|794414|303|02|2021|1|20201229|0.0|10.63|25.0|0.0
41086929|25819882|794414|303|02|2021|1|20201229|0.0|621.51|20.0|0.0
41086930|25819926|794414|303|02|2021|1|20201229|0.0|1.45|162.0|0.0
41086931|25819806|794414|303|02|2021|1|20201229|0.0|7.65|250.0|0.0
41086932|25820032|794414|303|02|2021|1|20201229|0.0|195.79|11.0|0.0
41086933|25820007|794414|303|02|2021|1|20201229|0.0|10.95|43.0|0.0
41086934|25819826|794414|303|02|2021|1|20201229|0.0|5.98|16.0|0.0
41086935|25819850|794414|303|02|2021|1|20201229|0.0|15.34|6.0|0.0
41086936|25819878|794414|303|02|2021|1|20201229|0.0|223.45|5.0|0.0
41086937|25820039|794414|303|02|2021|1|20201229|0.0|24.97|275.0|0.0
41086938|25819848|794414|303|02|2021|1|20201229|0.0|14.82|17.0|0.0
41086939|25819919|794414|303|02|2021|1|20201229|0.0|0.08|325.0|0.0
41086940|25819862|794414|303|02|2021|1|20201229|0.0|22.2|100.0|0.0
41086941|25819813|794414|303|02|2021|1|20201229|0.0|3.85|5.0|0.0
41086942|25820020|794414|303|02|2021|1|20201229|0.0|12.38|62.0|0.0
41086943|25820008|794414|303|02|2021|1|20201229|0.0|27.59|12.0|0.0
41086944|25819961|794414|303|02|2021|1|20201229|0.0|7.71|25.0|0.0
41086945|25819842|794414|303|02|2021|1|20201229|0.0|161.58|62.0|0.0
41086946|25819809|794414|303|02|2021|1|20201229|0.0|5.89|18.0|0.0
41086947|25820027|794414|303|02|2021|1|20201229|0.0|103.78|12.0|0.0
41086948|25819892|794414|303|02|2021|1|20201229|0.0|3.02|37.0|0.0
41086949|25819834|794414|303|02|2021|1|20201229|0.0|13.87|13.0|0.0
41086950|25819854|794414|303|02|2021|1|20201229|0.0|7.99|18.0|0.0
41086951|25819964|794414|303|02|2021|1|20201229|0.0|16.36|25.0|0.0
41086952|25819843|794414|303|02|2021|1|20201229|0.0|10.13|15.0|0.0
41086953|25819800|794414|303|02|2021|1|20201229|0.0|15.81|18.0|0.0
41086954|25819994|794414|303|02|2021|1|20201229|0.0|15.94|27.0|0.0
41086958|25819974|794414|303|02|2021|1|20201229|0.0|32.72|12.0|0.0
41086955|25819774|794414|303|02|2021|1|20201229|0.0|89.85|16.0|0.0
41086956|25819776|794414|303|02|2021|1|20201229|0.0|9.68|38.0|0.0
41086957|25820046|794414|303|02|2021|1|20201229|0.0|41.04|75.0|0.0
41086959|25819918|794414|303|02|2021|1|20201229|0.0|0.2|325.0|0.0
41086960|25820049|794414|303|02|2021|1|20201229|0.0|35.83|33.0|0.0
41086961|25819933|794414|303|02|2021|1|20201229|0.0|32.74|90.0|0.0
41086962|25819922|794414|303|02|2021|1|20201229|0.0|0.11|325.0|0.0
41086963|25819799|794414|303|02|2021|1|20201229|0.0|5.12|18.0|0.0
41086964|25819787|794414|303|02|2021|1|20201229|0.0|7.94|32.0|0.0
41086965|25819939|794414|303|02|2021|1|20201229|0.0|10.92|27.0|0.0
41086966|25819773|794414|303|02|2021|1|20201229|0.0|13.77|38.0|0.0
41086967|25819916|794414|303|02|2021|1|20201229|0.0|0.08|162.0|0.0
41086968|25819899|794414|303|02|2021|1|20201229|0.0|34.28|10.0|0.0
41086969|25819867|794414|303|02|2021|1|20201229|0.0|31.95|50.0|0.0
41086970|25819770|794414|303|02|2021|1|20201229|0.0|29.33|75.0|0.0
41086971|25819957|794414|303|02|2021|1|20201229|0.0|147.56|5.0|0.0
41086972|25819901|794414|303|02|2021|1|20201229|0.0|204.5|62.0|0.0
41086973|25819788|794414|303|02|2021|1|20201229|0.0|41.06|18.0|0.0
41086974|25819859|794414|303|02|2021|1|20201229|0.0|11.68|17.0|0.0
41086975|25819993|794414|303|02|2021|1|20201229|0.0|76.4|16.0|0.0
41086976|25819890|794414|303|02|2021|1|20201229|0.0|260.75|5.0|0.0
41086977|25820048|794414|303|02|2021|1|20201229|0.0|37.5|50.0|0.0
41086978|25819804|794414|303|02|2021|1|20201229|0.0|10.37|16.0|0.0
41086979|25819798|794414|303|02|2021|1|20201229|0.0|3.87|18.0|0.0
41086980|25819772|794414|303|02|2021|1|20201229|0.0|45.25|16.0|0.0
41086981|25819753|794414|303|02|2021|1|20201229|0.0|2.29|437.0|0.0
41086982|25819855|794414|303|02|2021|1|20201229|0.0|15.44|11.0|0.0
41086983|25819838|794414|303|02|2021|1|20201229|0.0|6.26|15.0|0.0
41086984|25819863|794414|303|02|2021|1|20201229|0.0|68.64|25.0|0.0
41086985|25819795|794414|303|02|2021|1|20201229|0.0|41.32|20.0|0.0
41086986|25819870|794414|303|02|2021|1|20201229|0.0|9.17|37.0|0.0
41086987|25820011|794414|303|02|2021|1|20201229|0.0|78.66|12.0|0.0
41086988|25820051|794414|303|02|2021|1|20201229|0.0|65.99|275.0|0.0
41086989|25820005|794414|303|02|2021|1|20201229|0.0|170.0|5.0|0.0
41086990|25819984|794414|303|02|2021|1|20201229|0.0|4.43|1125.0|0.0
41086991|25819823|794414|303|02|2021|1|20201229|0.0|2.08|16.0|0.0
41086992|25820022|794414|303|02|2021|1|20201229|0.0|108.47|825.0|0.0
41086993|25820021|794414|303|02|2021|1|20201229|0.0|8.9|16.0|0.0
41086997|25819894|794414|303|02|2021|1|20201229|0.0|110.12|18.0|0.0
41086994|25819884|794414|303|02|2021|1|20201229|0.0|163.03|5.0|0.0
41086995|25819903|794414|303|02|2021|1|20201229|0.0|9.53|141.0|0.0
41086996|25819852|794414|303|02|2021|1|20201229|0.0|8.95|18.0|0.0
41086998|25819902|794414|303|02|2021|1|20201229|0.0|9.9|31.0|0.0
41086999|25819794|794414|303|02|2021|1|20201229|0.0|37.57|16.0|0.0
41087000|25820006|794414|303|02|2021|1|20201229|0.0|18.63|10.0|0.0
41087001|25819789|794414|303|02|2021|1|20201229|0.0|17.87|27.0|0.0
41087002|25819956|794414|303|02|2021|1|20201229|0.0|147.56|5.0|0.0
41087003|25819871|794414|303|02|2021|1|20201229|0.0|10.43|12.0|0.0
41087004|25820035|794414|303|02|2021|1|20201229|0.0|47.9|10.0|0.0
41087005|25819750|794414|303|02|2021|1|20201229|0.0|9.2|50.0|0.0
41087006|25819973|794414|303|02|2021|1|20201229|0.0|20.81|5.0|0.0
41087007|25819954|794414|303|02|2021|1|20201229|0.0|60.94|5.0|0.0
41087008|25819814|794414|303|02|2021|1|20201229|0.0|11.23|250.0|0.0
41087012|25819874|794414|303|02|2021|1|20201229|0.0|50.41|10.0|0.0
41087009|25819992|794414|303|02|2021|1|20201229|0.0|73.08|28.0|0.0
41087010|25819836|794414|303|02|2021|1|20201229|0.0|17.53|13.0|0.0
41087011|25819766|794414|303|02|2021|1|20201229|0.0|4.77|275.0|0.0
41087013|25819991|794414|303|02|2021|1|20201229|0.0|25.76|81.0|0.0
41087014|25819818|794414|303|02|2021|1|20201229|0.0|12.0|75.0|0.0
41087015|25819829|794414|303|02|2021|1|20201229|0.0|21.33|17.0|0.0
41087016|25819837|794414|303|02|2021|1|20201229|0.0|7.21|20.0|0.0
41087017|25819781|794414|303|02|2021|1|20201229|0.0|8.28|32.0|0.0
41087018|25819805|794414|303|02|2021|1|20201229|0.0|7.58|16.0|0.0
41087019|25819938|794414|303|02|2021|1|20201229|0.0|138.43|5.0|0.0
41087020|25819793|794414|303|02|2021|1|20201229|0.0|26.08|25.0|0.0
41087021|25819897|794414|303|02|2021|1|20201229|0.0|35.83|32.0|0.0
41087022|25819865|794414|303|02|2021|1|20201229|0.0|21.43|250.0|0.0
41087023|25819948|794414|303|02|2021|1|20201229|0.0|13.54|12.0|0.0
41087024|25819827|794414|303|02|2021|1|20201229|0.0|4.32|16.0|0.0
41087025|25820043|794414|303|02|2021|1|20201229|0.0|71.03|67.0|0.0
41087026|25820033|794414|303|02|2021|1|20201229|0.0|255.0|16.0|0.0
41087027|25819825|794414|303|02|2021|1|20201229|0.0|1.96|16.0|0.0
41087028|25819853|794414|303|02|2021|1|20201229|0.0|5.88|11.0|0.0
41087029|25819935|794414|303|02|2021|1|20201229|0.0|30.12|35.0|0.0
41087030|25819896|794414|303|02|2021|1|20201229|0.0|15.79|12.0|0.0
41087031|25819955|794414|303|02|2021|1|20201229|0.0|20.01|30.0|0.0
41087032|25819900|794414|303|02|2021|1|20201229|0.0|54.52|150.0|0.0
41087033|25820026|794414|303|02|2021|1|20201229|0.0|18.22|12.0|0.0
41087034|25819841|794414|303|02|2021|1|20201229|0.0|2.4|50.0|0.0
41087035|25819780|794414|303|02|2021|1|20201229|0.0|188.55|6.0|0.0
41087036|25819752|794414|303|02|2021|1|20201229|0.0|243.98|25.0|0.0
41087037|25819960|794414|303|02|2021|1|20201229|0.0|4.76|12.0|0.0
41087038|25819906|794414|303|02|2021|1|20201229|0.0|33.0|18.0|0.0
41087039|25819847|794414|303|02|2021|1|20201229|0.0|240.73|107.0|0.0
41087040|25819977|794414|303|02|2021|1|20201229|0.0|9.34|8.0|0.0
41087041|25819769|794414|303|02|2021|1|20201229|0.0|586.94|2.0|0.0
41087042|25819905|794414|303|02|2021|1|20201229|0.0|83.75|26.0|0.0
41087043|25820019|794414|303|02|2021|1|20201229|0.0|37.5|37.0|0.0
41087044|25819945|794414|303|02|2021|1|20201229|0.0|31.11|10.0|0.0
41087045|25820015|794414|303|02|2021|1|20201229|0.0|4.4|62.0|0.0
41087046|25819997|794414|303|02|2021|1|20201229|0.0|15.94|25.0|0.0
41087047|25819909|794414|303|02|2021|1|20201229|0.0|18.47|26.0|0.0
41087048|25819943|794414|303|02|2021|1|20201229|0.0|18.12|27.0|0.0
41087049|25819949|794414|303|02|2021|1|20201229|0.0|21.27|8.0|0.0
41087050|25819978|794414|303|02|2021|1|20201229|0.0|7.85|625.0|0.0
41087051|25819968|794414|303|02|2021|1|20201229|0.0|71.78|5.0|0.0
41087052|25819879|794414|303|02|2021|1|20201229|0.0|81.49|250.0|0.0
41087053|25819810|794414|303|02|2021|1|20201229|0.0|9.5|25.0|0.0
41087054|25820002|794414|303|02|2021|1|20201229|0.0|45.86|12.0|0.0
41087055|25819763|794414|303|02|2021|1|20201229|0.0|55.86|10.0|0.0
41087056|25819924|794414|303|02|2021|1|20201229|0.0|0.23|325.0|0.0
41087057|25820014|794414|303|02|2021|1|20201229|0.0|11.99|7.0|0.0
41087058|25819765|794414|303|02|2021|1|20201229|0.0|26.71|137.0|0.0
41087059|25819768|794414|303|02|2021|1|20201229|0.0|33.12|125.0|0.0
41087060|25819963|794414|303|02|2021|1|20201229|0.0|14.14|12.0|0.0
41087061|25820034|794414|303|02|2021|1|20201229|0.0|93.22|625.0|0.0
41087062|25819914|794414|303|02|2021|1|20201229|0.0|1.94|325.0|0.0
41087063|25819990|794414|303|02|2021|1|20201229|0.0|24.79|393.0|0.0
41087064|25819821|794414|303|02|2021|1|20201229|0.0|12.34|20.0|0.0
41087065|25819886|794414|303|02|2021|1|20201229|0.0|295.43|11.0|0.0
41087069|25819796|794414|303|02|2021|1|20201229|0.0|28.52|31.0|0.0
41087066|25819998|794414|303|02|2021|1|20201229|0.0|15.94|12.0|0.0
41087067|25819885|794414|303|02|2021|1|20201229|0.0|8.17|62.0|0.0
41087068|25819929|794414|303|02|2021|1|20201229|0.0|86.1|16.0|0.0
41087070|25819959|794414|303|02|2021|1|20201229|0.0|6.4|15.0|0.0
41087071|25819749|794414|303|02|2021|1|20201229|0.0|15.68|46.0|0.0
41087072|25819921|794414|303|02|2021|1|20201229|0.0|25.78|28.0|0.0
41087073|25820030|794414|303|02|2021|1|20201229|0.0|159.99|406.0|0.0
41087074|25819944|794414|303|02|2021|1|20201229|0.0|25.71|10.0|0.0
41087075|25820054|794414|303|02|2021|1|20201229|0.0|2252.65|2.0|0.0
41087079|25819988|794414|303|02|2021|1|20201229|0.0|23.16|412.0|0.0
41087076|25819958|794414|303|02|2021|1|20201229|0.0|46.86|16.0|0.0
41087077|25820016|794414|303|02|2021|1|20201229|0.0|20.4|12.0|0.0
41087078|25819970|794414|303|02|2021|1|20201229|0.0|26.19|12.0|0.0
41087080|25819983|794414|303|02|2021|1|20201229|0.0|3.24|750.0|0.0
41087081|25820044|794414|303|02|2021|1|20201229|0.0|189.0|135.0|0.0
41087082|25819792|794414|303|02|2021|1|20201229|0.0|29.48|56.0|0.0
41087083|25820010|794414|303|02|2021|1|20201229|0.0|25.95|137.0|0.0
41087084|25819767|794414|303|02|2021|1|20201229|0.0|11.68|75.0|0.0
41087085|25819936|794414|303|02|2021|1|20201229|0.0|20.27|18.0|0.0
41087086|25819754|794414|303|02|2021|1|20201229|0.0|99.0|22.0|0.0
41087087|25819875|794414|303|02|2021|1|20201229|0.0|18.39|30.0|0.0
41087088|25820038|794414|303|02|2021|1|20201229|0.0|28.15|232.0|0.0
41087089|25819857|794414|303|02|2021|1|20201229|0.0|35.58|12.0|0.0
41087090|25819833|794414|303|02|2021|1|20201229|0.0|12.07|13.0|0.0
41087091|25819840|794414|303|02|2021|1|20201229|0.0|7.59|15.0|0.0
41087092|25819861|794414|303|02|2021|1|20201229|0.0|489.45|12.0|0.0
41087093|25819820|794414|303|02|2021|1|20201229|0.0|59.56|18.0|0.0
41087094|25819779|794414|303|02|2021|1|20201229|0.0|43.12|25.0|0.0
41087095|25819941|794414|303|02|2021|1|20201229|0.0|133.31|37.0|0.0
41087096|25819811|794414|303|02|2021|1|20201229|0.0|7.73|25.0|0.0
41087097|25819908|794414|303|02|2021|1|20201229|0.0|28.08|15.0|0.0
41087098|25820028|794414|303|02|2021|1|20201229|0.0|61.63|15.0|0.0
41087099|25819887|794414|303|02|2021|1|20201229|0.0|230.29|40.0|0.0
41087100|25820004|794414|303|02|2021|1|20201229|0.0|11.46|75.0|0.0
41087101|25820024|794414|303|02|2021|1|20201229|0.0|21.97|687.0|0.0
41087102|25819891|794414|303|02|2021|1|20201229|0.0|1.76|62.0|0.0
41087103|25820003|794414|303|02|2021|1|20201229|0.0|16.5|75.0|0.0
41087104|25820029|794414|303|02|2021|1|20201229|0.0|1.53|250.0|0.0
41087105|25819864|794414|303|02|2021|1|20201229|0.0|103.5|25.0|0.0
41087106|25819831|794414|303|02|2021|1|20201229|0.0|9.35|13.0|0.0
41087107|25820037|794414|303|02|2021|1|20201229|0.0|42.07|137.0|0.0
41087108|25819868|794414|303|02|2021|1|20201229|0.0|11.98|62.0|0.0
41087109|25820053|794414|303|02|2021|1|20201229|0.0|16.48|50.0|0.0
41087110|25819911|794414|303|02|2021|1|20201229|0.0|92.48|37.0|0.0
41087111|25819996|794414|303|02|2021|1|20201229|0.0|22.69|12.0|0.0
41087112|25819969|794414|303|02|2021|1|20201229|0.0|87.5|56.0|0.0
41087113|25819976|794414|303|02|2021|1|20201229|0.0|26.57|6.0|0.0
41087114|25819775|794414|303|02|2021|1|20201229|0.0|4.65|21.0|0.0
41087115|25819982|794414|303|02|2021|1|20201229|0.0|2.05|875.0|0.0
41087116|25819803|794414|303|02|2021|1|20201229|0.0|116.57|625.0|0.0
41087117|25819858|794414|303|02|2021|1|20201229|0.0|18.93|15.0|0.0
41087118|25819942|794414|303|02|2021|1|20201229|0.0|22.98|25.0|0.0
41087119|25820047|794414|303|02|2021|1|20201229|0.0|16.19|32.0|0.0
41087120|25819889|794414|303|02|2021|1|20201229|0.0|1.98|62.0|0.0
41087121|25819987|794414|303|02|2021|1|20201229|0.0|13.45|200.0|0.0
41087122|25819778|794414|303|02|2021|1|20201229|0.0|42.71|16.0|0.0
41087123|25819860|794414|303|02|2021|1|20201229|0.0|3.91|125.0|0.0
41087124|25820023|794414|303|02|2021|1|20201229|0.0|78.66|27.0|0.0
41087125|25820040|794414|303|02|2021|1|20201229|0.0|88.09|32.0|0.0
41087126|25819971|794414|303|02|2021|1|20201229|0.0|12.19|25.0|0.0
41087127|25819784|794414|303|02|2021|1|20201229|0.0|50.96|22.0|0.0
41087128|25819950|794414|303|02|2021|1|20201229|0.0|12.77|8.0|0.0
41087129|25819931|794414|303|02|2021|1|20201229|0.0|38.87|18.0|0.0
41087130|25819872|794414|303|02|2021|1|20201229|0.0|2.56|32.0|0.0
41087131|25820017|794414|303|02|2021|1|20201229|0.0|60.06|62.0|0.0
41087132|25819967|794414|303|02|2021|1|20201229|0.0|419.66|5.0|0.0
41087133|25819783|794414|303|02|2021|1|20201229|0.0|28.46|16.0|0.0
41087134|25819898|794414|303|02|2021|1|20201229|0.0|123.35|6.0|0.0
41087135|25819910|794414|303|02|2021|1|20201229|0.0|278.04|6.0|0.0
41087136|25819880|794414|303|02|2021|1|20201229|0.0|15.08|13.0|0.0
41087137|25819782|794414|303|02|2021|1|20201229|0.0|43.24|13.0|0.0
41086919|25819745|794413|303|02|2021|1|20200930|0.0|4.8|24000.0|0.0
41086916|25819741|794413|303|02|2021|1|20200930|0.0|1.9|130000.0|0.0
41086917|25819747|794413|303|02|2021|1|20200930|0.0|2.99|50000.0|0.0
41086918|25819740|794413|303|02|2021|1|20200930|0.0|3.5|140880.0|0.0
41086920|25819743|794413|303|02|2021|1|20200930|0.0|2.9|33600.0|0.0
41086921|25819742|794413|303|02|2021|1|20200930|0.0|3.8|20400.0|0.0
41087141|25819777|794414|303|02|2021|1|20201229|0.0|63.47|18.0|0.0
41087138|25819816|794414|303|02|2021|1|20201229|0.0|9.1|100.0|0.0
41087139|25819888|794414|303|02|2021|1|20201229|0.0|206.0|8.0|0.0
41087140|25819995|794414|303|02|2021|1|20201229|0.0|62.77|18.0|0.0
41087142|25819760|794414|303|02|2021|1|20201229|0.0|4.03|87.0|0.0
41087143|25819851|794414|303|02|2021|1|20201229|0.0|14.6|6.0|0.0
41087144|25819790|794414|303|02|2021|1|20201229|0.0|8.23|32.0|0.0
41087145|25819962|794414|303|02|2021|1|20201229|0.0|9.63|32.0|0.0
41087146|25819758|794414|303|02|2021|1|20201229|0.0|7.88|62.0|0.0
41087147|25820012|794414|303|02|2021|1|20201229|0.0|6.47|37.0|0.0
41087151|25819981|794414|303|02|2021|1|20201229|0.0|4.18|500.0|0.0
41087148|25819895|794414|303|02|2021|1|20201229|0.0|4.11|25.0|0.0
41087149|25819989|794414|303|02|2021|1|20201229|0.0|46.65|12.0|0.0
41087150|25819791|794414|303|02|2021|1|20201229|0.0|22.23|100.0|0.0
41087152|25820001|794414|303|02|2021|1|20201229|0.0|27.58|12.0|0.0
41087153|25819755|794414|303|02|2021|1|20201229|0.0|8.9|15.0|0.0
41087154|25819979|794414|303|02|2021|1|20201229|0.0|0.71|375.0|0.0
42648905|27422424|842480|302|01|2021|1|20201214|0.0|10.0|1.0|0.0
42648901|27422431|842480|302|01|2021|1|20201214|0.0|2500.0|1.0|0.0
42648902|27422430|842480|302|01|2021|1|20201214|0.0|200.0|12.0|0.0
42648903|27422425|842480|302|01|2021|1|20201214|0.0|2000.0|12.0|0.0
42648904|27422426|842480|302|01|2021|1|20201214|0.0|200.0|12.0|0.0
42648906|27422434|842480|302|01|2021|1|20201214|0.0|1000.0|12.0|0.0
42648907|27422423|842480|302|01|2021|1|20201214|0.0|10.0|1.0|0.0
42648908|27422428|842480|302|01|2021|1|20201214|0.0|20.0|200.0|0.0
42648909|27422433|842480|302|01|2021|1|20201214|0.0|200.0|12.0|0.0
42648910|27422429|842480|302|01|2021|1|20201214|0.0|2000.0|12.0|0.0
42648911|27422427|842480|302|01|2021|1|20201214|0.0|20.0|500.0|0.0
42648912|27422432|842480|302|01|2021|1|20201214|0.0|2000.0|1.0|0.0
41087155|25819972|794414|303|02|2021|1|20201229|0.0|19.11|62.0|0.0
41087156|25819759|794414|303|02|2021|1|20201229|0.0|71.5|15.0|0.0
41087157|25819986|794414|303|02|2021|1|20201229|0.0|3.22|75.0|0.0
41087158|25819975|794414|303|02|2021|1|20201229|0.0|13.93|87.0|0.0
41087159|25819801|794414|303|02|2021|1|20201229|0.0|11.21|18.0|0.0
41087160|25819828|794414|303|02|2021|1|20201229|0.0|8.27|17.0|0.0
41087161|25820025|794414|303|02|2021|1|20201229|0.0|7.64|11.0|0.0
41087162|25819876|794414|303|02|2021|1|20201229|0.0|0.89|5375.0|0.0
41087163|25819946|794414|303|02|2021|1|20201229|0.0|341.2|5.0|0.0
41087164|25819869|794414|303|02|2021|1|20201229|0.0|169.93|11.0|0.0
41087165|25819999|794414|303|02|2021|1|20201229|0.0|2.2|25.0|0.0
41087166|25819757|794414|303|02|2021|1|20201229|0.0|4.5|75.0|0.0
41087167|25819917|794414|303|02|2021|1|20201229|0.0|0.06|162.0|0.0
41087168|25819934|794414|303|02|2021|1|20201229|0.0|33.29|50.0|0.0
41087169|25819844|794414|303|02|2021|1|20201229|0.0|14.6|17.0|0.0
41087170|25819913|794414|303|02|2021|1|20201229|0.0|158.5|10.0|0.0
41087171|25819815|794414|303|02|2021|1|20201229|0.0|4.25|5.0|0.0
41087172|25820052|794414|303|02|2021|1|20201229|0.0|78.8|275.0|0.0
41087173|25819904|794414|303|02|2021|1|20201229|0.0|81.25|16.0|0.0
41087174|25819985|794414|303|02|2021|1|20201229|0.0|0.48|56.0|0.0
41087175|25819832|794414|303|02|2021|1|20201229|0.0|11.01|13.0|0.0
41087176|25819923|794414|303|02|2021|1|20201229|0.0|0.11|325.0|0.0
41087177|25819915|794414|303|02|2021|1|20201229|0.0|0.65|200.0|0.0
41087178|25819819|794414|303|02|2021|1|20201229|0.0|18.02|15.0|0.0
41087179|25819932|794414|303|02|2021|1|20201229|0.0|19.79|6.0|0.0
41087180|25819947|794414|303|02|2021|1|20201229|0.0|29.18|6.0|0.0
41087181|25819980|794414|303|02|2021|1|20201229|0.0|2.09|125.0|0.0
41087182|25819786|794414|303|02|2021|1|20201229|0.0|15.9|25.0|0.0
41087183|25820050|794414|303|02|2021|1|20201229|0.0|42.79|10.0|0.0
41087184|25819920|794414|303|02|2021|1|20201229|0.0|0.11|325.0|0.0
41087185|25819877|794414|303|02|2021|1|20201229|0.0|26.84|35.0|0.0
41087186|25819845|794414|303|02|2021|1|20201229|0.0|18.73|17.0|0.0
41087187|25819937|794414|303|02|2021|1|20201229|0.0|48.84|38.0|0.0
41087188|25819822|794414|303|02|2021|1|20201229|0.0|29.98|17.0|0.0
41087189|25819817|794414|303|02|2021|1|20201229|0.0|7.07|275.0|0.0
41087190|25819893|794414|303|02|2021|1|20201229|0.0|53.4|18.0|0.0
41087191|25819925|794414|303|02|2021|1|20201229|0.0|35.58|18.0|0.0
41087192|25819966|794414|303|02|2021|1|20201229|0.0|419.66|5.0|0.0
41087193|25819802|794414|303|02|2021|1|20201229|0.0|4.14|12.0|0.0
41087194|25819883|794414|303|02|2021|1|20201229|0.0|112.32|62.0|0.0
41087195|25819940|794414|303|02|2021|1|20201229|0.0|150.0|56.0|0.0
41087196|25819807|794414|303|02|2021|1|20201229|0.0|18.62|18.0|0.0
41087197|25819873|794414|303|02|2021|1|20201229|0.0|6.44|12.0|0.0
41087198|25819748|794414|303|02|2021|1|20201229|0.0|20.785|50.0|0.0
41087199|25819762|794414|303|02|2021|1|20201229|0.0|17.9|5.0|0.0
41087200|25820045|794414|303|02|2021|1|20201229|0.0|30.66|25.0|0.0
41087201|25819951|794414|303|02|2021|1|20201229|0.0|14.41|8.0|0.0
41087202|25819830|794414|303|02|2021|1|20201229|0.0|8.92|13.0|0.0
41087203|25820031|794414|303|02|2021|1|20201229|0.0|60.0|835.0|0.0
41087204|25819761|794414|303|02|2021|1|20201229|0.0|440.9|5.0|0.0
41087205|25819846|794414|303|02|2021|1|20201229|0.0|13.32|17.0|0.0
41087206|25819866|794414|303|02|2021|1|20201229|0.0|95.06|25.0|0.0
41087207|25820000|794414|303|02|2021|1|20201229|0.0|5.78|375.0|0.0
41087208|25819881|794414|303|02|2021|1|20201229|0.0|58.3|31.0|0.0
41087209|25820018|794414|303|02|2021|1|20201229|0.0|21.63|87.0|0.0
42648913|27422435|842481|302|01|2021|2|20210107|0.0|5.15|6500.0|0.0
42648914|27422436|842482|302|01|2021|4|20210218|0.0|89.0|10.0|0.0
42648915|27422437|842482|302|01|2021|4|20210218|0.0|11.0|200.0|0.0
42648916|27422438|842482|302|01|2021|4|20210218|0.0|12.0|100.0|0.0
42648917|27422445|842483|302|01|2021|4|20210209|0.0|19.0|53.0|0.0
42648918|27422448|842483|302|01|2021|4|20210209|0.0|29.9|53.0|0.0
42648919|27422449|842483|302|01|2021|4|20210209|0.0|3.6|600.0|0.0
42648920|27422444|842483|302|01|2021|4|20210209|0.0|0.88|9000.0|0.0
42648921|27422447|842483|302|01|2021|4|20210209|0.0|29.0|53.0|0.0
42648922|27422442|842483|302|01|2021|4|20210209|0.0|5.8|1430.0|0.0
42648923|27422441|842483|302|01|2021|4|20210209|0.0|2.9|1352.0|0.0
42648924|27422443|842483|302|01|2021|4|20210209|0.0|8.8|1378.0|0.0
42648925|27422446|842483|302|01|2021|4|20210209|0.0|0.85|800.0|0.0
42648926|27422450|842483|302|01|2021|4|20210209|0.0|12.0|40.0|0.0
42648927|27422440|842483|302|01|2021|4|20210209|0.0|4.5|1456.0|0.0
42648928|27422439|842483|302|01|2021|4|20210209|0.0|3.7|1456.0|0.0
42208219|26974132|830643|304|03|2021|2|20210129|0.0|1.83|70000.0|0.0
42208220|26974133|830643|304|03|2021|2|20210129|0.0|2.53|80000.0|0.0
42272567|27039146|832684|304|03|2021|3|20210129|0.0|13.76|200.0|0.0
42272568|27039147|832684|304|03|2021|3|20210129|0.0|9.03|380.0|0.0
42272569|27039145|832684|304|03|2021|3|20210129|0.0|15.75|1300.0|0.0
42272570|27039148|832685|304|03|2021|3|20210303|0.0|105.33|4500.0|0.0
43473756|28264210|865394|303|02|2021|5|20210406|0.0|268.5|12.0|0.0
43473752|28264225|865395|303|02|2021|5|20210408|0.0|1.0|445347.0|0.0
43473753|28264226|865395|303|02|2021|5|20210408|0.0|1.0|710344.0|0.0
43473754|28264227|865395|303|02|2021|5|20210408|0.0|1.0|160911.0|0.0
43473755|28264228|865395|303|02|2021|5|20210408|0.0|1.0|83398.0|0.0
43473757|28264218|865394|303|02|2021|5|20210406|0.0|268.5|12.0|0.0
43473758|28264223|865394|303|02|2021|5|20210406|0.0|268.5|12.0|0.0
43473759|28264184|865394|303|02|2021|5|20210406|0.0|268.5|12.0|0.0
43473760|28264186|865394|303|02|2021|5|20210406|0.0|268.5|12.0|0.0
43473761|28264211|865394|303|02|2021|5|20210406|0.0|268.5|12.0|0.0
43473762|28264217|865394|303|02|2021|5|20210406|0.0|242.5|35.0|0.0
43473763|28264193|865394|303|02|2021|5|20210406|0.0|339.0|12.0|0.0
43473764|28264181|865394|303|02|2021|5|20210406|0.0|550.3|7.0|0.0
43473765|28264204|865394|303|02|2021|5|20210406|0.0|268.5|12.0|0.0
43473766|28264219|865394|303|02|2021|5|20210406|0.0|339.0|12.0|0.0
43473767|28264206|865394|303|02|2021|5|20210406|0.0|268.5|12.0|0.0
43473768|28264205|865394|303|02|2021|5|20210406|0.0|268.5|12.0|0.0
43473769|28264183|865394|303|02|2021|5|20210406|0.0|268.5|12.0|0.0
43473770|28264212|865394|303|02|2021|5|20210406|0.0|268.5|12.0|0.0
43473771|28264216|865394|303|02|2021|5|20210406|0.0|339.0|12.0|0.0
43473772|28264191|865394|303|02|2021|5|20210406|0.0|268.5|12.0|0.0
43473773|28264203|865394|303|02|2021|5|20210406|0.0|268.5|12.0|0.0
43473774|28264215|865394|303|02|2021|5|20210406|0.0|268.5|12.0|0.0
43473775|28264200|865394|303|02|2021|5|20210406|0.0|268.5|12.0|0.0
43473776|28264220|865394|303|02|2021|5|20210406|0.0|339.0|12.0|0.0
43473777|28264198|865394|303|02|2021|5|20210406|0.0|268.5|12.0|0.0
43473778|28264185|865394|303|02|2021|5|20210406|0.0|268.5|12.0|0.0
43473779|28264188|865394|303|02|2021|5|20210406|0.0|268.5|12.0|0.0
43473780|28264208|865394|303|02|2021|5|20210406|0.0|268.5|12.0|0.0
43473781|28264202|865394|303|02|2021|5|20210406|0.0|268.5|12.0|0.0
43473782|28264192|865394|303|02|2021|5|20210406|0.0|268.5|12.0|0.0
43473783|28264182|865394|303|02|2021|5|20210406|0.0|268.5|12.0|0.0
43473784|28264213|865394|303|02|2021|5|20210406|0.0|339.0|12.0|0.0
43473785|28264201|865394|303|02|2021|5|20210406|0.0|268.5|12.0|0.0
43473786|28264197|865394|303|02|2021|5|20210406|0.0|268.5|12.0|0.0
43473787|28264189|865394|303|02|2021|5|20210406|0.0|268.5|12.0|0.0
43473788|28264207|865394|303|02|2021|5|20210406|0.0|268.5|12.0|0.0
43473789|28264214|865394|303|02|2021|5|20210406|0.0|339.0|12.0|0.0
43473790|28264187|865394|303|02|2021|5|20210406|0.0|268.5|12.0|0.0
43473791|28264209|865394|303|02|2021|5|20210406|0.0|268.5|12.0|0.0
43473792|28264195|865394|303|02|2021|5|20210406|0.0|268.5|12.0|0.0
43473793|28264194|865394|303|02|2021|5|20210406|0.0|268.5|12.0|0.0
43473794|28264221|865394|303|02|2021|5|20210406|0.0|268.5|12.0|0.0
43473795|28264222|865394|303|02|2021|5|20210406|0.0|268.5|12.0|0.0
43473796|28264199|865394|303|02|2021|5|20210406|0.0|268.5|12.0|0.0
43473797|28264196|865394|303|02|2021|5|20210406|0.0|339.0|12.0|0.0
43473798|28264190|865394|303|02|2021|5|20210406|0.0|268.5|12.0|0.0
43473799|28264224|865394|303|02|2021|5|20210406|0.0|268.5|12.0|0.0
43473800|28264229|865396|303|02|2021|6|20210524|0.0|29.88|700.0|0.0
43473801|28264231|865396|303|02|2021|6|20210524|0.0|49.88|100.0|0.0
43473802|28264230|865396|303|02|2021|6|20210524|0.0|57.68|100.0|0.0
43473803|28264238|865398|303|02|2021|6|20210511|0.0|172.8125|20.0|0.0
43473804|28264237|865398|303|02|2021|6|20210511|0.0|168.8125|150.0|0.0
43473805|28264239|865398|303|02|2021|6|20210511|0.0|133.575|500.0|0.0
43473806|28264240|865398|303|02|2021|6|20210511|0.0|144.075|50.0|0.0
43473807|28264236|865397|303|02|2021|6|20210511|0.0|35.92|100.0|0.0
43473808|28264232|865397|303|02|2021|6|20210511|0.0|41.38|100.0|0.0
47097249|31961076|981327|304|03|2021|12|20210929|0.0|26.66|20.0|0.0
43473809|28264235|865397|303|02|2021|6|20210511|0.0|36.5|200.0|0.0
43473810|28264234|865397|303|02|2021|6|20210511|0.0|410.0|94.0|0.0
43473811|28264233|865397|303|02|2021|6|20210511|0.0|205.0|101.0|0.0
47097245|31960896|981325|304|03|2021|12|20211207|0.0|7.65|350.0|0.0
47097246|31960913|981325|304|03|2021|12|20211207|0.0|94.97|24.2|0.0
47097247|31960919|981325|304|03|2021|12|20211207|0.0|26.37|12.0|0.0
47097248|31961011|981327|304|03|2021|12|20210929|0.0|4160.68|1.0|0.0
47097250|31960905|981325|304|03|2021|12|20211207|0.0|18.75|5.0|0.0
47097251|31960964|981326|304|03|2021|12|20211020|0.0|30.38|20.0|0.0
47097252|31960969|981326|304|03|2021|12|20211020|0.0|27.48|8.0|0.0
47097253|31960981|981326|304|03|2021|12|20211020|0.0|152.43|1.0|0.0
47097254|31961001|981327|304|03|2021|12|20210929|0.0|1747.57|3.0|0.0
47097255|31961063|981327|304|03|2021|12|20210929|0.0|337.61|3.0|0.0
47097256|31961064|981327|304|03|2021|12|20210929|0.0|367.98|3.0|0.0
47097257|31961067|981327|304|03|2021|12|20210929|0.0|596.72|4.0|0.0
47097258|31961079|981327|304|03|2021|12|20210929|0.0|40.46|20.0|0.0
47097259|31960904|981325|304|03|2021|12|20211207|0.0|77.76|35.0|0.0
47097260|31960946|981326|304|03|2021|12|20211020|0.0|44.95|10.0|0.0
47097261|31960997|981327|304|03|2021|12|20210929|0.0|492.04|4.0|0.0
47097262|31961015|981327|304|03|2021|12|20210929|0.0|1049.16|3.0|0.0
47097263|31961028|981327|304|03|2021|12|20210929|0.0|3806.48|1.0|0.0
47097264|31961047|981327|304|03|2021|12|20210929|0.0|467.74|4.0|0.0
47097265|31961058|981327|304|03|2021|12|20210929|0.0|734.66|4.0|0.0
47097266|31961075|981327|304|03|2021|12|20210929|0.0|787.64|4.0|0.0
47097267|31960952|981326|304|03|2021|12|20211020|0.0|37.08|35.0|0.0
47097268|31960961|981326|304|03|2021|12|20211020|0.0|35.27|35.0|0.0
47097269|31960976|981326|304|03|2021|12|20211020|0.0|2413.99|1.0|0.0
47097270|31961018|981327|304|03|2021|12|20210929|0.0|8148.35|2.0|0.0
47097271|31961026|981327|304|03|2021|12|20210929|0.0|1640.41|2.0|0.0
47097272|31961053|981327|304|03|2021|12|20210929|0.0|13.13|20.0|0.0
47097273|31960899|981325|304|03|2021|12|20211207|0.0|230.76|3.0|0.0
47097274|31960908|981325|304|03|2021|12|20211207|0.0|15.03|40.0|0.0
47097275|31960935|981326|304|03|2021|12|20211020|0.0|15.35|13.0|0.0
47097276|31960968|981326|304|03|2021|12|20211020|0.0|150.89|3.0|0.0
47097277|31960973|981326|304|03|2021|12|20211020|0.0|169.08|2.0|0.0
47097278|31961069|981327|304|03|2021|12|20210929|0.0|982.38|4.0|0.0
47097279|31961081|981327|304|03|2021|12|20210929|0.0|53.35|20.0|0.0
47097280|31960965|981326|304|03|2021|12|20211020|0.0|41.34|10.0|0.0
47097281|31960991|981327|304|03|2021|12|20210929|0.0|346.58|2.0|0.0
47097282|31961041|981327|304|03|2021|12|20210929|0.0|1220.45|2.0|0.0
47097283|31960897|981325|304|03|2021|12|20211207|0.0|3.62|175.0|0.0
47097284|31960921|981325|304|03|2021|12|20211207|0.0|19.75|45.0|0.0
47097285|31960977|981326|304|03|2021|12|20211020|0.0|3072.53|1.0|0.0
47097286|31960901|981325|304|03|2021|12|20211207|0.0|15.46|20.0|0.0
47097287|31960929|981325|304|03|2021|12|20211207|0.0|77.07|66.0|0.0
47097288|31960937|981326|304|03|2021|12|20211020|0.0|48.69|2.0|0.0
47097289|31960966|981326|304|03|2021|12|20211020|0.0|53.06|6.0|0.0
47097290|31960990|981327|304|03|2021|12|20210929|0.0|502.0|1.0|0.0
47097291|31961019|981327|304|03|2021|12|20210929|0.0|1181.47|4.0|0.0
47097292|31961029|981327|304|03|2021|12|20210929|0.0|2864.41|1.0|0.0
47097293|31961040|981327|304|03|2021|12|20210929|0.0|1417.01|2.0|0.0
47097294|31961057|981327|304|03|2021|12|20210929|0.0|623.52|4.0|0.0
47097295|31961073|981327|304|03|2021|12|20210929|0.0|641.8|4.0|0.0
47097296|31961074|981327|304|03|2021|12|20210929|0.0|16.12|20.0|0.0
47097297|31960994|981327|304|03|2021|12|20210929|0.0|1475.83|2.0|0.0
47097298|31961078|981327|304|03|2021|12|20210929|0.0|1784.3|4.0|0.0
47097299|31961082|981327|304|03|2021|12|20210929|0.0|3125.33|3.0|0.0
47097300|31960944|981326|304|03|2021|12|20211020|0.0|29.46|5.0|0.0
47097301|31961021|981327|304|03|2021|12|20210929|0.0|1957.24|6.0|0.0
47097302|31961032|981327|304|03|2021|12|20210929|0.0|2211.0|2.0|0.0
47097303|31961059|981327|304|03|2021|12|20210929|0.0|1044.78|4.0|0.0
47097304|31960900|981325|304|03|2021|12|20211207|0.0|6.47|80.0|0.0
47097305|31960930|981326|304|03|2021|12|20211020|0.0|13.42|1.0|0.0
47097306|31960958|981326|304|03|2021|12|20211020|0.0|8.45|1.0|0.0
47097307|31961013|981327|304|03|2021|12|20210929|0.0|690.63|3.0|0.0
47097308|31961017|981327|304|03|2021|12|20210929|0.0|757.41|5.0|0.0
47097309|31961031|981327|304|03|2021|12|20210929|0.0|1496.25|2.0|0.0
47097310|31961035|981327|304|03|2021|12|20210929|0.0|4.32|50.0|0.0
47097311|31961077|981327|304|03|2021|12|20210929|0.0|1068.0|4.0|0.0
47097312|31960947|981326|304|03|2021|12|20211020|0.0|68.72|2.0|0.0
47097313|31960993|981327|304|03|2021|12|20210929|0.0|931.43|4.0|0.0
47097314|31960995|981327|304|03|2021|12|20210929|0.0|2581.93|2.0|0.0
47097219|31960978|981326|304|03|2021|12|20211020|0.0|56.24|1.0|0.0
47097315|31961037|981327|304|03|2021|12|20210929|0.0|9.14|50.0|0.0
47097316|31960927|981325|304|03|2021|12|20211207|0.0|17.89|429.0|0.0
47097317|31961033|981327|304|03|2021|12|20210929|0.0|3.14|50.0|0.0
47097217|31960894|981325|304|03|2021|12|20211207|0.0|75.91|3.2|0.0
47097218|31960975|981326|304|03|2021|12|20211020|0.0|35.64|3.0|0.0
47097220|31961022|981327|304|03|2021|12|20210929|0.0|2586.57|4.0|0.0
47097221|31961044|981327|304|03|2021|12|20210929|0.0|157.7|4.0|0.0
47097222|31961050|981327|304|03|2021|12|20210929|0.0|429.67|4.0|0.0
47097223|31960910|981325|304|03|2021|12|20211207|0.0|5.71|2535.0|0.0
47097224|31960936|981326|304|03|2021|12|20211020|0.0|22.28|2.0|0.0
47097225|31960948|981326|304|03|2021|12|20211020|0.0|49.82|2.0|0.0
47097229|31961030|981327|304|03|2021|12|20210929|0.0|5682.75|5.0|0.0
47097226|31960985|981326|304|03|2021|12|20211020|0.0|14.08|3.0|0.0
47097227|31960992|981327|304|03|2021|12|20210929|0.0|586.43|2.0|0.0
47097228|31961004|981327|304|03|2021|12|20210929|0.0|1636.82|2.0|0.0
47097230|31961061|981327|304|03|2021|12|20210929|0.0|2102.0|4.0|0.0
47097231|31960923|981325|304|03|2021|12|20211207|0.0|593.65|1.0|0.0
47097232|31960924|981325|304|03|2021|12|20211207|0.0|89.8|20.0|0.0
47097233|31960941|981326|304|03|2021|12|20211020|0.0|19.15|3.0|0.0
47097234|31960987|981326|304|03|2021|12|20211020|0.0|29.46|5.0|0.0
47097235|31961083|981327|304|03|2021|12|20210929|0.0|68.46|20.0|0.0
47097236|31960932|981326|304|03|2021|12|20211020|0.0|6.75|1.0|0.0
47097237|31960942|981326|304|03|2021|12|20211020|0.0|14.86|3.0|0.0
47097238|31960963|981326|304|03|2021|12|20211020|0.0|105.62|2.0|0.0
47097239|31960967|981326|304|03|2021|12|20211020|0.0|65.44|4.0|0.0
47097240|31960986|981326|304|03|2021|12|20211020|0.0|417.0|1.0|0.0
47097241|31961006|981327|304|03|2021|12|20210929|0.0|2362.6|2.0|0.0
47097242|31961049|981327|304|03|2021|12|20210929|0.0|312.82|4.0|0.0
47097243|31961051|981327|304|03|2021|12|20210929|0.0|543.36|4.0|0.0
47097244|31961052|981327|304|03|2021|12|20210929|0.0|930.18|20.0|0.0
47097321|31960970|981326|304|03|2021|12|20211020|0.0|127.55|2.0|0.0
47097318|31961045|981327|304|03|2021|12|20210929|0.0|262.55|4.0|0.0
47097319|31960949|981326|304|03|2021|12|20211020|0.0|32.64|3.0|0.0
47097320|31960951|981326|304|03|2021|12|20211020|0.0|63.63|1.0|0.0
47097322|31960972|981326|304|03|2021|12|20211020|0.0|121.71|4.0|0.0
47097323|31961062|981327|304|03|2021|12|20210929|0.0|2664.41|2.0|0.0
47097324|31961065|981327|304|03|2021|12|20210929|0.0|548.84|3.0|0.0
47097325|31960911|981325|304|03|2021|12|20211207|0.0|22.72|60.0|0.0
47097326|31960914|981325|304|03|2021|12|20211207|0.0|11.4|25.0|0.0
47097327|31960918|981325|304|03|2021|12|20211207|0.0|142.35|3.5|0.0
47097328|31960931|981326|304|03|2021|12|20211020|0.0|7.88|1.0|0.0
47097329|31960950|981326|304|03|2021|12|20211020|0.0|21.24|60.0|0.0
47097330|31960962|981326|304|03|2021|12|20211020|0.0|452.34|2.0|0.0
47097331|31960984|981326|304|03|2021|12|20211020|0.0|56.18|3.0|0.0
47097332|31961003|981327|304|03|2021|12|20210929|0.0|764.2|2.0|0.0
47097333|31961014|981327|304|03|2021|12|20210929|0.0|855.89|2.0|0.0
47097334|31961071|981327|304|03|2021|12|20210929|0.0|45.92|20.0|0.0
47097335|31960898|981325|304|03|2021|12|20211207|0.0|3.5|175.0|0.0
47097336|31960902|981325|304|03|2021|12|20211207|0.0|25.19|35.0|0.0
47097337|31960956|981326|304|03|2021|12|20211020|0.0|9.4|1.0|0.0
47097338|31961002|981327|304|03|2021|12|20210929|0.0|456.69|2.0|0.0
47097339|31961005|981327|304|03|2021|12|20210929|0.0|1090.64|4.0|0.0
47097340|31961042|981327|304|03|2021|12|20210929|0.0|3662.16|4.0|0.0
47097341|31961046|981327|304|03|2021|12|20210929|0.0|490.17|4.0|0.0
47097342|31961060|981327|304|03|2021|12|20210929|0.0|1464.41|4.0|0.0
47097343|31961066|981327|304|03|2021|12|20210929|0.0|755.36|2.0|0.0
47097344|31960926|981325|304|03|2021|12|20211207|0.0|481.35|7.5|0.0
47097345|31960933|981326|304|03|2021|12|20211020|0.0|54.5|2.0|0.0
47097346|31960934|981326|304|03|2021|12|20211020|0.0|15.6|20.0|0.0
47097347|31960953|981326|304|03|2021|12|20211020|0.0|8.17|1.0|0.0
47097348|31960957|981326|304|03|2021|12|20211020|0.0|8.81|1.0|0.0
47097349|31961055|981327|304|03|2021|12|20210929|0.0|27.33|20.0|0.0
47097350|31961072|981327|304|03|2021|12|20210929|0.0|634.72|4.0|0.0
47097351|31960909|981325|304|03|2021|12|20211207|0.0|579.34|3.5|0.0
47097352|31960912|981325|304|03|2021|12|20211207|0.0|857.54|4.0|0.0
47097353|31960922|981325|304|03|2021|12|20211207|0.0|669.37|1.0|0.0
47097354|31960945|981326|304|03|2021|12|20211020|0.0|109.38|35.0|0.0
47097355|31960982|981326|304|03|2021|12|20211020|0.0|19.81|8.0|0.0
47097356|31960998|981327|304|03|2021|12|20210929|0.0|790.44|4.0|0.0
47097357|31960903|981325|304|03|2021|12|20211207|0.0|3163.33|2.0|0.0
47097358|31960943|981326|304|03|2021|12|20211020|0.0|32.01|2.0|0.0
47097359|31961000|981327|304|03|2021|12|20210929|0.0|1191.92|4.0|0.0
47097360|31961012|981327|304|03|2021|12|20210929|0.0|2218.75|2.0|0.0
47097361|31960917|981325|304|03|2021|12|20211207|0.0|43.29|9.0|0.0
47097362|31960928|981325|304|03|2021|12|20211207|0.0|17.19|194.0|0.0
47097363|31960955|981326|304|03|2021|12|20211020|0.0|9.1|1.0|0.0
47097364|31961054|981327|304|03|2021|12|20210929|0.0|19.82|20.0|0.0
47097365|31961056|981327|304|03|2021|12|20210929|0.0|36.49|20.0|0.0
47097366|31960895|981325|304|03|2021|12|20211207|0.0|76.8|4.8|0.0
47097367|31960906|981325|304|03|2021|12|20211207|0.0|10.06|80.0|0.0
47097368|31960999|981327|304|03|2021|12|20210929|0.0|672.37|1.0|0.0
47097369|31960915|981325|304|03|2021|12|20211207|0.0|47.86|19.8|0.0
47097370|31960920|981325|304|03|2021|12|20211207|0.0|4.22|12.0|0.0
47097371|31960971|981326|304|03|2021|12|20211020|0.0|43.48|5.0|0.0
47097372|31961027|981327|304|03|2021|12|20210929|0.0|2105.0|1.0|0.0
47097376|31960974|981326|304|03|2021|12|20211020|0.0|97.16|2.0|0.0
47097373|31961043|981327|304|03|2021|12|20210929|0.0|4272.67|2.0|0.0
47097374|31960959|981326|304|03|2021|12|20211020|0.0|6.52|1.0|0.0
47097375|31960960|981326|304|03|2021|12|20211020|0.0|10.28|1.0|0.0
47097377|31960988|981327|304|03|2021|12|20210929|0.0|488.49|2.0|0.0
47097378|31961010|981327|304|03|2021|12|20210929|0.0|3485.0|2.0|0.0
47097379|31961034|981327|304|03|2021|12|20210929|0.0|3.88|50.0|0.0
47097380|31961036|981327|304|03|2021|12|20210929|0.0|6.06|50.0|0.0
47097381|31961038|981327|304|03|2021|12|20210929|0.0|12.21|50.0|0.0
47097382|31961080|981327|304|03|2021|12|20210929|0.0|2987.38|4.0|0.0
47097383|31960916|981325|304|03|2021|12|20211207|0.0|0.31|6.0|0.0
47097384|31960979|981326|304|03|2021|12|20211020|0.0|76.61|5.0|0.0
47097385|31960980|981326|304|03|2021|12|20211020|0.0|49.53|1.0|0.0
47097386|31961009|981327|304|03|2021|12|20210929|0.0|2006.67|2.0|0.0
47097387|31961020|981327|304|03|2021|12|20210929|0.0|1068.6|1.0|0.0
47097388|31961024|981327|304|03|2021|12|20210929|0.0|2357.75|2.0|0.0
47097389|31961068|981327|304|03|2021|12|20210929|0.0|784.6|4.0|0.0
47097390|31960907|981325|304|03|2021|12|20211207|0.0|10.22|175.0|0.0
47097394|31961039|981327|304|03|2021|12|20210929|0.0|16.67|50.0|0.0
47097391|31960938|981326|304|03|2021|12|20211020|0.0|69.19|2.0|0.0
47097392|31960940|981326|304|03|2021|12|20211020|0.0|241.27|1.0|0.0
47097393|31961023|981327|304|03|2021|12|20210929|0.0|5044.6|3.0|0.0
47097395|31961007|981327|304|03|2021|12|20210929|0.0|752.89|2.0|0.0
47097396|31961025|981327|304|03|2021|12|20210929|0.0|1451.1|3.0|0.0
47097397|31961070|981327|304|03|2021|12|20210929|0.0|1267.69|4.0|0.0
47097398|31960983|981326|304|03|2021|12|20211020|0.0|56.5|2.0|0.0
47097399|31961016|981327|304|03|2021|12|20210929|0.0|1992.82|2.0|0.0
47097400|31961048|981327|304|03|2021|12|20210929|0.0|182.48|4.0|0.0
47097401|31960925|981325|304|03|2021|12|20211207|0.0|17.25|30.0|0.0
47097402|31960939|981326|304|03|2021|12|20211020|0.0|1207.35|1.0|0.0
47097403|31960954|981326|304|03|2021|12|20211020|0.0|15.23|1.0|0.0
47097404|31960989|981327|304|03|2021|12|20210929|0.0|519.45|2.0|0.0
47097405|31960996|981327|304|03|2021|12|20210929|0.0|3100.52|2.0|0.0
47097406|31961008|981327|304|03|2021|12|20210929|0.0|1359.64|2.0|0.0
43667703|28460525|870536|304|03|2021|7|20210526|0.0|0.47|200.0|0.0
43667700|28460543|870536|304|03|2021|7|20210526|0.0|6.93|10.0|0.0
43667701|28460544|870536|304|03|2021|7|20210526|0.0|4.63|4.0|0.0
43667702|28460535|870536|304|03|2021|7|20210526|0.0|286.0|2.0|0.0
43667704|28460511|870536|304|03|2021|7|20210526|0.0|1.18|30.0|0.0
43667705|28460518|870536|304|03|2021|7|20210526|0.0|11.73|30.0|0.0
43667706|28460528|870536|304|03|2021|7|20210526|0.0|4.55|10.0|0.0
43667707|28460545|870536|304|03|2021|7|20210526|0.0|9.38|10.0|0.0
43667708|28460513|870536|304|03|2021|7|20210526|0.0|1.35|10.0|0.0
43667709|28460536|870536|304|03|2021|7|20210526|0.0|8.73|10.0|0.0
43667710|28460523|870536|304|03|2021|7|20210526|0.0|1.01|100.0|0.0
43667711|28460537|870536|304|03|2021|7|20210526|0.0|6.37|6.0|0.0
43667712|28460540|870536|304|03|2021|7|20210526|0.0|5.96|10.0|0.0
43667713|28460519|870536|304|03|2021|7|20210526|0.0|21.58|5.0|0.0
43667714|28460516|870536|304|03|2021|7|20210526|0.0|21.64|10.0|0.0
43667715|28460515|870536|304|03|2021|7|20210526|0.0|1.73|10.0|0.0
43667716|28460534|870536|304|03|2021|7|20210526|0.0|53.23|10.0|0.0
43667717|28460542|870536|304|03|2021|7|20210526|0.0|7.55|20.0|0.0
43667718|28460531|870536|304|03|2021|7|20210526|0.0|4.74|100.0|0.0
43667719|28460546|870536|304|03|2021|7|20210526|0.0|26.7|2.0|0.0
43667720|28460533|870536|304|03|2021|7|20210526|0.0|15.53|5.0|0.0
43667721|28460527|870536|304|03|2021|7|20210526|0.0|21.9|500.0|0.0
43667722|28460529|870536|304|03|2021|7|20210526|0.0|0.24|400.0|0.0
43667723|28460526|870536|304|03|2021|7|20210526|0.0|22.76|40.0|0.0
43667724|28460524|870536|304|03|2021|7|20210526|0.0|3.07|10.0|0.0
43667725|28460530|870536|304|03|2021|7|20210526|0.0|13.73|5.0|0.0
43667726|28460532|870536|304|03|2021|7|20210526|0.0|6.83|12.0|0.0
43667727|28460522|870536|304|03|2021|7|20210526|0.0|0.41|500.0|0.0
43667731|28460538|870536|304|03|2021|7|20210526|0.0|3.73|4.0|0.0
43667728|28460541|870536|304|03|2021|7|20210526|0.0|5.72|50.0|0.0
43667729|28460517|870536|304|03|2021|7|20210526|0.0|2.9|24.0|0.0
43667730|28460514|870536|304|03|2021|7|20210526|0.0|4.35|5.0|0.0
43667732|28460539|870536|304|03|2021|7|20210526|0.0|8.27|200.0|0.0
43667733|28460520|870536|304|03|2021|7|20210526|0.0|25.16|2.0|0.0
43667734|28460521|870536|304|03|2021|7|20210526|0.0|20.79|3.0|0.0
43667735|28460512|870536|304|03|2021|7|20210526|0.0|1.01|200.0|0.0
44124746|28923857|883302|304|03|2021|8|20210719|0.0|494.63|30.0|0.0
44124742|28923810|883300|304|03|2021|8|20210809|0.0|101.67|1800.0|0.0
44124743|28923809|883299|304|03|2021|8|20210727|0.0|133.34|1800.0|0.0
44124744|28923808|883299|304|03|2021|8|20210727|0.0|133.34|1800.0|0.0
44124745|28923860|883302|304|03|2021|8|20210719|0.0|1319.95|5.0|0.0
44124747|28923856|883302|304|03|2021|8|20210719|0.0|224.3|20.0|0.0
44124748|28923859|883302|304|03|2021|8|20210719|0.0|371.13|10.0|0.0
44124749|28923858|883302|304|03|2021|8|20210719|0.0|302.88|20.0|0.0
44124750|28923829|883301|304|03|2021|8|20210701|0.0|9.49|2.0|0.0
44124751|28923819|883301|304|03|2021|8|20210701|0.0|16.57|2.0|0.0
44124752|28923821|883301|304|03|2021|8|20210701|0.0|1.33|24.0|0.0
44124753|28923842|883301|304|03|2021|8|20210701|0.0|1.81|150.0|0.0
44124754|28923845|883301|304|03|2021|8|20210701|0.0|13.1|300.0|0.0
44124755|28923831|883301|304|03|2021|8|20210701|0.0|4.3|20.0|0.0
44124756|28923832|883301|304|03|2021|8|20210701|0.0|36.09|1.0|0.0
44124757|28923838|883301|304|03|2021|8|20210701|0.0|16.76|20.0|0.0
44124758|28923826|883301|304|03|2021|8|20210701|0.0|5.42|50.0|0.0
44124759|28923854|883301|304|03|2021|8|20210701|0.0|7.07|30.0|0.0
44124760|28923818|883301|304|03|2021|8|20210701|0.0|1.61|20.0|0.0
44124761|28923812|883301|304|03|2021|8|20210701|0.0|2.67|30.0|0.0
44124762|28923837|883301|304|03|2021|8|20210701|0.0|9.19|5.0|0.0
44124763|28923823|883301|304|03|2021|8|20210701|0.0|5.95|500.0|0.0
44124764|28923846|883301|304|03|2021|8|20210701|0.0|9.47|40.0|0.0
44124765|28923853|883301|304|03|2021|8|20210701|0.0|61.35|40.0|0.0
44124773|28923813|883301|304|03|2021|8|20210701|0.0|5.56|14.0|0.0
44124766|28923851|883301|304|03|2021|8|20210701|0.0|3.37|50.0|0.0
44124767|28923830|883301|304|03|2021|8|20210701|0.0|1.92|40.0|0.0
44124768|28923833|883301|304|03|2021|8|20210701|0.0|8.62|10.0|0.0
44124769|28923844|883301|304|03|2021|8|20210701|0.0|1.75|30.0|0.0
44124770|28923822|883301|304|03|2021|8|20210701|0.0|13.19|10.0|0.0
44124771|28923811|883301|304|03|2021|8|20210701|0.0|3.25|10.0|0.0
44124772|28923828|883301|304|03|2021|8|20210701|0.0|18.73|6.0|0.0
44124774|28923847|883301|304|03|2021|8|20210701|0.0|11.77|2.0|0.0
44124775|28923839|883301|304|03|2021|8|20210701|0.0|44.03|5.0|0.0
44124776|28923852|883301|304|03|2021|8|20210701|0.0|4.31|10.0|0.0
44124777|28923836|883301|304|03|2021|8|20210701|0.0|10.26|25.0|0.0
44124778|28923817|883301|304|03|2021|8|20210701|0.0|13.88|60.0|0.0
44124779|28923825|883301|304|03|2021|8|20210701|0.0|97.75|15.0|0.0
44124780|28923816|883301|304|03|2021|8|20210701|0.0|11.58|12.0|0.0
44124781|28923850|883301|304|03|2021|8|20210701|0.0|31.48|7.0|0.0
44124782|28923849|883301|304|03|2021|8|20210701|0.0|5.09|12.0|0.0
44124783|28923834|883301|304|03|2021|8|20210701|0.0|33.28|6.0|0.0
44124784|28923855|883301|304|03|2021|8|20210701|0.0|6.56|100.0|0.0
44124785|28923820|883301|304|03|2021|8|20210701|0.0|6.07|6.0|0.0
44124786|28923815|883301|304|03|2021|8|20210701|0.0|4.77|10.0|0.0
44124787|28923848|883301|304|03|2021|8|20210701|0.0|10.24|3.0|0.0
44124788|28923840|883301|304|03|2021|8|20210701|0.0|7.87|100.0|0.0
44124789|28923827|883301|304|03|2021|8|20210701|0.0|84.9|1.0|0.0
44124790|28923824|883301|304|03|2021|8|20210701|0.0|73.75|1.0|0.0
44124791|28923843|883301|304|03|2021|8|20210701|0.0|42.22|5.0|0.0
44124792|28923814|883301|304|03|2021|8|20210701|0.0|5.54|50.0|0.0
44124793|28923841|883301|304|03|2021|8|20210701|0.0|5.06|60.0|0.0
44124794|28923835|883301|304|03|2021|8|20210701|0.0|14.52|6.0|0.0
44672005|29478329|900940|304|03|2021|9|20210714|0.0|88.7|1.0|0.0
44672002|29478331|900940|304|03|2021|9|20210714|0.0|167.63|1.0|0.0
44672003|29478332|900940|304|03|2021|9|20210714|0.0|4.03|100.0|0.0
44672004|29478333|900940|304|03|2021|9|20210714|0.0|3.79|100.0|0.0
44672006|29478325|900940|304|03|2021|9|20210714|0.0|1.47|200.0|0.0
44672007|29478327|900940|304|03|2021|9|20210714|0.0|31.45|200.0|0.0
44672008|29478326|900940|304|03|2021|9|20210714|0.0|35.77|30.0|0.0
44672009|29478330|900940|304|03|2021|9|20210714|0.0|319.9|5.0|0.0
44672010|29478324|900940|304|03|2021|9|20210714|0.0|1.36|300.0|0.0
44672011|29478334|900940|304|03|2021|9|20210714|0.0|2.8|100.0|0.0
44672012|29478328|900940|304|03|2021|9|20210714|0.0|323.44|3.0|0.0
44672013|29478295|900938|304|03|2021|9|20210721|0.0|615.35|4.0|0.0
44672014|29478300|900938|304|03|2021|9|20210721|0.0|372.23|8.0|0.0
44672015|29478299|900938|304|03|2021|9|20210721|0.0|208.68|10.0|0.0
44672016|29478302|900938|304|03|2021|9|20210721|0.0|1013.2|8.0|0.0
44672017|29478292|900938|304|03|2021|9|20210721|0.0|53.28|1370.0|0.0
44672018|29478297|900938|304|03|2021|9|20210721|0.0|60.91|25.0|0.0
44672019|29478296|900938|304|03|2021|9|20210721|0.0|37.84|30.0|0.0
44672020|29478301|900938|304|03|2021|9|20210721|0.0|662.0|8.0|0.0
44672021|29478303|900938|304|03|2021|9|20210721|0.0|351.26|4.0|0.0
44672022|29478293|900938|304|03|2021|9|20210721|0.0|45.94|20.0|0.0
44672023|29478298|900938|304|03|2021|9|20210721|0.0|80.89|8.0|0.0
44672024|29478294|900938|304|03|2021|9|20210721|0.0|413.12|8.0|0.0
44672025|29478309|900939|304|03|2021|9|20210714|0.0|21.49|100.0|0.0
44672026|29478305|900939|304|03|2021|9|20210714|0.0|121.07|2.0|0.0
44672027|29478323|900939|304|03|2021|9|20210714|0.0|16.46|30.0|0.0
44672028|29478308|900939|304|03|2021|9|20210714|0.0|33.45|100.0|0.0
44672029|29478310|900939|304|03|2021|9|20210714|0.0|117.77|30.0|0.0
44672030|29478316|900939|304|03|2021|9|20210714|0.0|31.89|30.0|0.0
44672031|29478314|900939|304|03|2021|9|20210714|0.0|151.67|40.0|0.0
44672032|29478315|900939|304|03|2021|9|20210714|0.0|118.5|15.0|0.0
44672033|29478320|900939|304|03|2021|9|20210714|0.0|21.0|30.0|0.0
44672034|29478304|900939|304|03|2021|9|20210714|0.0|387.07|1.0|0.0
44672035|29478313|900939|304|03|2021|9|20210714|0.0|37.13|50.0|0.0
44672036|29478318|900939|304|03|2021|9|20210714|0.0|36.34|6.0|0.0
44672037|29478306|900939|304|03|2021|9|20210714|0.0|27.69|5.0|0.0
44672038|29478319|900939|304|03|2021|9|20210714|0.0|28.27|10.0|0.0
44672039|29478311|900939|304|03|2021|9|20210714|0.0|58.99|18.0|0.0
44672040|29478317|900939|304|03|2021|9|20210714|0.0|5.91|1000.0|0.0
44672041|29478322|900939|304|03|2021|9|20210714|0.0|2.51|10.0|0.0
44672042|29478312|900939|304|03|2021|9|20210714|0.0|7.39|20.0|0.0
44672043|29478321|900939|304|03|2021|9|20210714|0.0|189.6|30.0|0.0
44672044|29478307|900939|304|03|2021|9|20210714|0.0|138.93|90.0|0.0
45580057|30406435|930356|303|02|2021|12|20210827|0.0|4.96|230.0|0.0
45580054|30406514|930356|303|02|2021|12|20210827|0.0|22.74|200.0|0.0
45580055|30406509|930356|303|02|2021|12|20210827|0.0|36.5|1000.0|0.0
45580056|30406415|930356|303|02|2021|12|20210827|0.0|14.09|16420.0|0.0
45580058|30406445|930356|303|02|2021|12|20210827|0.0|11.25|1500.0|0.0
45580059|30406475|930356|303|02|2021|12|20210827|0.0|2.88|920.0|0.0
45580060|30406490|930356|303|02|2021|12|20210827|0.0|2.45|1600.0|0.0
45580061|30406456|930356|303|02|2021|12|20210827|0.0|3.59|1480.0|0.0
45580062|30406459|930356|303|02|2021|12|20210827|0.0|12.02|1710.0|0.0
45580063|30406497|930356|303|02|2021|12|20210827|0.0|14.03|100.0|0.0
45580064|30406455|930356|303|02|2021|12|20210827|0.0|3.63|1000.0|0.0
45580068|30406439|930356|303|02|2021|12|20210827|0.0|4.33|750.0|0.0
45580065|30406433|930356|303|02|2021|12|20210827|0.0|6.45|200.0|0.0
45580066|30406470|930356|303|02|2021|12|20210827|0.0|7.8|2000.0|0.0
45580067|30406426|930356|303|02|2021|12|20210827|0.0|8.55|460.0|0.0
45580069|30406512|930356|303|02|2021|12|20210827|0.0|23.5|580.0|0.0
45580070|30406429|930356|303|02|2021|12|20210827|0.0|42.4|120.0|0.0
45580071|30406416|930356|303|02|2021|12|20210827|0.0|25.88|4000.0|0.0
45580072|30406453|930356|303|02|2021|12|20210827|0.0|5.85|100.0|0.0
45580073|30406452|930356|303|02|2021|12|20210827|0.0|12.87|200.0|0.0
45580074|30406442|930356|303|02|2021|12|20210827|0.0|1.98|30.0|0.0
45580075|30406437|930356|303|02|2021|12|20210827|0.0|4.33|30.0|0.0
45580076|30406434|930356|303|02|2021|12|20210827|0.0|4.89|230.0|0.0
45580077|30406503|930356|303|02|2021|12|20210827|0.0|7.9|50.0|0.0
45580078|30406519|930356|303|02|2021|12|20210827|0.0|10.15|4970.0|0.0
45580079|30406436|930356|303|02|2021|12|20210827|0.0|4.33|30.0|0.0
45580080|30406525|930356|303|02|2021|12|20210827|0.0|5.98|800.0|0.0
45580081|30406481|930356|303|02|2021|12|20210827|0.0|2.44|100.0|0.0
45580082|30406485|930356|303|02|2021|12|20210827|0.0|2.3|1080.0|0.0
45580083|30406506|930356|303|02|2021|12|20210827|0.0|5.47|30.0|0.0
45580084|30406461|930356|303|02|2021|12|20210827|0.0|4.9|120.0|0.0
45580085|30406483|930356|303|02|2021|12|20210827|0.0|5.97|680.0|0.0
45580086|30406496|930356|303|02|2021|12|20210827|0.0|3.24|1000.0|0.0
45580087|30406447|930356|303|02|2021|12|20210827|0.0|25.86|500.0|0.0
45580088|30406491|930356|303|02|2021|12|20210827|0.0|6.87|900.0|0.0
45580089|30406510|930356|303|02|2021|12|20210827|0.0|2.29|500.0|0.0
45580090|30406424|930356|303|02|2021|12|20210827|0.0|20.15|105.0|0.0
45580091|30406472|930356|303|02|2021|12|20210827|0.0|3.07|350.0|0.0
45580092|30406443|930356|303|02|2021|12|20210827|0.0|11.97|3000.0|0.0
45580093|30406425|930356|303|02|2021|12|20210827|0.0|31.07|105.0|0.0
45580094|30406477|930356|303|02|2021|12|20210827|0.0|3.78|1620.0|0.0
45580095|30406505|930356|303|02|2021|12|20210827|0.0|12.2|360.0|0.0
45580096|30406520|930356|303|02|2021|12|20210827|0.0|10.15|40.0|0.0
45580097|30406419|930356|303|02|2021|12|20210827|0.0|31.34|6340.0|0.0
45580098|30406422|930356|303|02|2021|12|20210827|0.0|19.21|3440.0|0.0
45580099|30406524|930356|303|02|2021|12|20210827|0.0|20.0|2000.0|0.0
45580100|30406444|930356|303|02|2021|12|20210827|0.0|11.09|2000.0|0.0
45580101|30406508|930356|303|02|2021|12|20210827|0.0|23.85|200.0|0.0
45580102|30406480|930356|303|02|2021|12|20210827|0.0|7.56|4180.0|0.0
45580103|30406511|930356|303|02|2021|12|20210827|0.0|2.33|600.0|0.0
45580104|30406486|930356|303|02|2021|12|20210827|0.0|4.88|300.0|0.0
45580105|30406427|930356|303|02|2021|12|20210827|0.0|47.67|400.0|0.0
45580106|30406513|930356|303|02|2021|12|20210827|0.0|4.75|300.0|0.0
45580107|30406515|930356|303|02|2021|12|20210827|0.0|3.8|3480.0|0.0
45580108|30406421|930356|303|02|2021|12|20210827|0.0|37.53|3440.0|0.0
45580109|30406450|930356|303|02|2021|12|20210827|0.0|16.93|2000.0|0.0
45580110|30406465|930356|303|02|2021|12|20210827|0.0|7.5|300.0|0.0
45580111|30406476|930356|303|02|2021|12|20210827|0.0|4.2|1480.0|0.0
45580112|30406499|930356|303|02|2021|12|20210827|0.0|2.6|50.0|0.0
45580113|30406468|930356|303|02|2021|12|20210827|0.0|8.36|5900.0|0.0
45580114|30406518|930356|303|02|2021|12|20210827|0.0|3.31|480.0|0.0
45580115|30406529|930358|303|02|2021|12|20211213|0.0|77.6|1250.0|0.0
45580116|30406528|930357|303|02|2021|12|20211004|0.0|1.0|113624.62|0.0
45580117|30406408|930353|303|02|2021|12|20211103|0.0|25583.3333|12.0|0.0
45579991|30406409|930354|303|02|2021|12|20210823|0.0|171.0|3600.0|0.0
45579988|30406412|930355|303|02|2021|12|20211108|0.0|148.9375|2500.0|0.0
45579989|30406413|930355|303|02|2021|12|20211108|0.0|136.9633|2500.0|0.0
45579990|30406410|930354|303|02|2021|12|20210823|0.0|82.575|500.0|0.0
45579992|30406411|930354|303|02|2021|12|20210823|0.0|83.64|500.0|0.0
45579993|30406401|930352|303|02|2021|12|20211206|0.0|2734.9|1.0|0.0
45579994|30406400|930352|303|02|2021|12|20211206|0.0|4807.85|1.0|0.0
45579995|30406406|930352|303|02|2021|12|20211206|0.0|426.25|2.0|0.0
45579996|30406403|930352|303|02|2021|12|20211206|0.0|1049.0|1.0|0.0
45579997|30406402|930352|303|02|2021|12|20211206|0.0|5794.25|1.0|0.0
45579998|30406407|930352|303|02|2021|12|20211206|0.0|469.42|1.0|0.0
45579999|30406404|930352|303|02|2021|12|20211206|0.0|280.5|4.0|0.0
45580000|30406405|930352|303|02|2021|12|20211206|0.0|493.0|2.0|0.0
45580001|30406454|930356|303|02|2021|12|20210827|0.0|22.73|240.0|0.0
45580002|30406522|930356|303|02|2021|12|20210827|0.0|10.87|1500.0|0.0
45580006|30406484|930356|303|02|2021|12|20210827|0.0|18.8|40.0|0.0
45580003|30406466|930356|303|02|2021|12|20210827|0.0|13.31|6100.0|0.0
45580004|30406451|930356|303|02|2021|12|20210827|0.0|24.33|2000.0|0.0
45580005|30406430|930356|303|02|2021|12|20210827|0.0|13.43|12030.0|0.0
45580007|30406488|930356|303|02|2021|12|20210827|0.0|5.23|1100.0|0.0
45580008|30406423|930356|303|02|2021|12|20210827|0.0|16.7|5740.0|0.0
45580009|30406493|930356|303|02|2021|12|20210827|0.0|14.63|2500.0|0.0
45580010|30406507|930356|303|02|2021|12|20210827|0.0|15.5|30.0|0.0
45580011|30406448|930356|303|02|2021|12|20210827|0.0|20.42|800.0|0.0
45580012|30406492|930356|303|02|2021|12|20210827|0.0|26.28|3000.0|0.0
45580013|30406457|930356|303|02|2021|12|20210827|0.0|3.69|1500.0|0.0
45580014|30406469|930356|303|02|2021|12|20210827|0.0|8.01|2000.0|0.0
45580015|30406527|930356|303|02|2021|12|20210827|0.0|38.72|30.0|0.0
45580016|30406464|930356|303|02|2021|12|20210827|0.0|10.63|5200.0|0.0
45580017|30406500|930356|303|02|2021|12|20210827|0.0|26.91|500.0|0.0
45580018|30406516|930356|303|02|2021|12|20210827|0.0|3.31|480.0|0.0
45580019|30406504|930356|303|02|2021|12|20210827|0.0|3.14|700.0|0.0
45580020|30406517|930356|303|02|2021|12|20210827|0.0|3.31|480.0|0.0
45580021|30406494|930356|303|02|2021|12|20210827|0.0|2.63|1000.0|0.0
45580022|30406482|930356|303|02|2021|12|20210827|0.0|2.34|2600.0|0.0
45580023|30406460|930356|303|02|2021|12|20210827|0.0|16.15|1710.0|0.0
45580024|30406501|930356|303|02|2021|12|20210827|0.0|19.9|200.0|0.0
45580025|30406467|930356|303|02|2021|12|20210827|0.0|3.27|460.0|0.0
45580026|30406502|930356|303|02|2021|12|20210827|0.0|17.62|1560.0|0.0
45580027|30406462|930356|303|02|2021|12|20210827|0.0|3.75|100.0|0.0
45580028|30406414|930356|303|02|2021|12|20210827|0.0|22.65|500.0|0.0
45580029|30406440|930356|303|02|2021|12|20210827|0.0|4.33|750.0|0.0
45580030|30406458|930356|303|02|2021|12|20210827|0.0|3.71|2480.0|0.0
45580031|30406526|930356|303|02|2021|12|20210827|0.0|4.94|30.0|0.0
45580032|30406521|930356|303|02|2021|12|20210827|0.0|3.65|400.0|0.0
45580033|30406438|930356|303|02|2021|12|20210827|0.0|4.33|750.0|0.0
45580034|30406463|930356|303|02|2021|12|20210827|0.0|31.9|460.0|0.0
45580035|30406487|930356|303|02|2021|12|20210827|0.0|6.16|2300.0|0.0
45580036|30406441|930356|303|02|2021|12|20210827|0.0|7.52|100.0|0.0
45580037|30406474|930356|303|02|2021|12|20210827|0.0|3.92|2120.0|0.0
45580038|30406473|930356|303|02|2021|12|20210827|0.0|7.25|300.0|0.0
45580039|30406449|930356|303|02|2021|12|20210827|0.0|8.53|1500.0|0.0
45580040|30406478|930356|303|02|2021|12|20210827|0.0|6.34|790.0|0.0
45580041|30406523|930356|303|02|2021|12|20210827|0.0|7.18|500.0|0.0
45580042|30406432|930356|303|02|2021|12|20210827|0.0|6.33|30.0|0.0
45580043|30406428|930356|303|02|2021|12|20210827|0.0|45.44|800.0|0.0
45580044|30406417|930356|303|02|2021|12|20210827|0.0|25.14|8140.0|0.0
45580045|30406418|930356|303|02|2021|12|20210827|0.0|27.14|5240.0|0.0
45580046|30406471|930356|303|02|2021|12|20210827|0.0|3.31|1420.0|0.0
45580047|30406495|930356|303|02|2021|12|20210827|0.0|140.45|1000.0|0.0
45580048|30406446|930356|303|02|2021|12|20210827|0.0|8.53|1500.0|0.0
45580049|30406498|930356|303|02|2021|12|20210827|0.0|5.43|50.0|0.0
45580050|30406420|930356|303|02|2021|12|20210827|0.0|32.15|3840.0|0.0
45580051|30406479|930356|303|02|2021|12|20210827|0.0|6.05|1730.0|0.0
45580052|30406431|930356|303|02|2021|12|20210827|0.0|13.26|15950.0|0.0
45580053|30406489|930356|303|02|2021|12|20210827|0.0|4.27|680.0|0.0
42802830|27579849|846542|303|02|2021|3|20210216|0.0|1615.0|10.0|0.0
42802827|27579836|846542|303|02|2021|3|20210216|0.0|285.0|5.0|0.0
42802828|27579829|846542|303|02|2021|3|20210216|0.0|160.0|125.0|0.0
42802829|27579814|846542|303|02|2021|3|20210216|0.0|19.76|680.0|0.0
42802831|27579841|846542|303|02|2021|3|20210216|0.0|11.36|50.0|0.0
42802832|27579805|846542|303|02|2021|3|20210216|0.0|67.6367|560.0|0.0
42802833|27579822|846542|303|02|2021|3|20210216|0.0|19.715|300.0|0.0
42802834|27579797|846542|303|02|2021|3|20210216|0.0|70.395|950.0|0.0
42802835|27579825|846542|303|02|2021|3|20210216|0.0|51.9667|10.0|0.0
42802836|27579821|846542|303|02|2021|3|20210216|0.0|2.3367|160.0|0.0
42802840|27579847|846542|303|02|2021|3|20210216|0.0|36.92|10.0|0.0
42802837|27579819|846542|303|02|2021|3|20210216|0.0|7.4233|650.0|0.0
42802838|27579802|846542|303|02|2021|3|20210216|0.0|42.645|500.0|0.0
42802839|27579839|846542|303|02|2021|3|20210216|0.0|109.9|5.0|0.0
42802841|27579830|846542|303|02|2021|3|20210216|0.0|62.25|10.0|0.0
42802842|27579838|846542|303|02|2021|3|20210216|0.0|24.57|10.0|0.0
42802843|27579785|846542|303|02|2021|3|20210216|0.0|17.285|400.0|0.0
42802844|27579794|846542|303|02|2021|3|20210216|0.0|128.9|30.0|0.0
42802845|27579788|846542|303|02|2021|3|20210216|0.0|30.0733|150.0|0.0
42802846|27579791|846542|303|02|2021|3|20210216|0.0|77.675|130.0|0.0
42802847|27579824|846542|303|02|2021|3|20210216|0.0|93.2|210.0|0.0
42802848|27579818|846542|303|02|2021|3|20210216|0.0|399.55|120.0|0.0
42802849|27579844|846542|303|02|2021|3|20210216|0.0|159.9|5.0|0.0
42802850|27579815|846542|303|02|2021|3|20210216|0.0|16.8|100.0|0.0
42802851|27579816|846542|303|02|2021|3|20210216|0.0|320.0|30.0|0.0
42802852|27579835|846542|303|02|2021|3|20210216|0.0|47.43|10.0|0.0
42802853|27579803|846542|303|02|2021|3|20210216|0.0|72.8|30.0|0.0
42802854|27579840|846542|303|02|2021|3|20210216|0.0|15.5|500.0|0.0
42802855|27579798|846542|303|02|2021|3|20210216|0.0|263.0867|5.0|0.0
42802856|27579810|846542|303|02|2021|3|20210216|0.0|13.825|360.0|0.0
42802857|27579809|846542|303|02|2021|3|20210216|0.0|50.075|60.0|0.0
42802858|27579811|846542|303|02|2021|3|20210216|0.0|3.595|100.0|0.0
42802859|27579848|846542|303|02|2021|3|20210216|0.0|166.95|10.0|0.0
42802860|27579790|846542|303|02|2021|3|20210216|0.0|80.0|250.0|0.0
42802861|27579817|846542|303|02|2021|3|20210216|0.0|70.0|3400.0|0.0
42802862|27579842|846542|303|02|2021|3|20210216|0.0|17.52|5.0|0.0
42802863|27579828|846542|303|02|2021|3|20210216|0.0|71.92|2000.0|0.0
42802864|27579826|846542|303|02|2021|3|20210216|0.0|24.2033|100.0|0.0
42802865|27579807|846542|303|02|2021|3|20210216|0.0|22.53|360.0|0.0
42802866|27579834|846542|303|02|2021|3|20210216|0.0|10.93|20.0|0.0
42802867|27579801|846542|303|02|2021|3|20210216|0.0|9.79|1550.0|0.0
42802868|27579813|846542|303|02|2021|3|20210216|0.0|15.095|160.0|0.0
42802869|27579851|846542|303|02|2021|3|20210216|0.0|13.9|2950.0|0.0
42802870|27579792|846542|303|02|2021|3|20210216|0.0|23.0433|1250.0|0.0
42802871|27579786|846542|303|02|2021|3|20210216|0.0|25.18|200.0|0.0
42802872|27579820|846542|303|02|2021|3|20210216|0.0|20.0467|210.0|0.0
42802873|27579799|846542|303|02|2021|3|20210216|0.0|27.32|1360.0|0.0
42802874|27579833|846542|303|02|2021|3|20210216|0.0|35.0|10.0|0.0
42802875|27579845|846542|303|02|2021|3|20210216|0.0|6.2|10.0|0.0
42802876|27579787|846542|303|02|2021|3|20210216|0.0|35.315|260.0|0.0
42802877|27579837|846542|303|02|2021|3|20210216|0.0|180.0|5.0|0.0
42802878|27579812|846542|303|02|2021|3|20210216|0.0|13.93|60.0|0.0
42802879|27579789|846542|303|02|2021|3|20210216|0.0|64.0|20.0|0.0
42802880|27579795|846542|303|02|2021|3|20210216|0.0|61.27|65.0|0.0
42802881|27579800|846542|303|02|2021|3|20210216|0.0|20.205|830.0|0.0
42802882|27579827|846542|303|02|2021|3|20210216|0.0|51.95|55.0|0.0
42802883|27579808|846542|303|02|2021|3|20210216|0.0|38.0|40.0|0.0
42802884|27579806|846542|303|02|2021|3|20210216|0.0|128.0|30.0|0.0
42802885|27579832|846542|303|02|2021|3|20210216|0.0|138.9|10.0|0.0
42802886|27579846|846542|303|02|2021|3|20210216|0.0|13.48|500.0|0.0
42802887|27579793|846542|303|02|2021|3|20210216|0.0|28.575|500.0|0.0
42802888|27579850|846542|303|02|2021|3|20210216|0.0|81.0|1000.0|0.0
42802889|27579823|846542|303|02|2021|3|20210216|0.0|98.1|100.0|0.0
42802890|27579784|846541|303|02|2021|3|20210202|0.0|1.0|126166.0|0.0
42802825|27579843|846542|303|02|2021|3|20210216|0.0|11.255|20.0|0.0
42802823|27579831|846542|303|02|2021|3|20210216|0.0|37.56|80.0|0.0
42802824|27579796|846542|303|02|2021|3|20210216|0.0|18.96|40.0|0.0
42802826|27579804|846542|303|02|2021|3|20210216|0.0|42.25|480.0|0.0
42802891|27579853|846544|303|02|2021|4|20210302|0.0|93.0|10900.0|0.0
43716739|28510271|871989|303|02|2021|7|20210615|0.0|258.8|101.0|0.0
43716740|28510273|871990|303|02|2021|7|20210712|0.0|70600.0|1.0|0.0
43716741|28510272|871990|303|02|2021|7|20210712|0.0|61830.0|1.0|0.0
43223358|28006170|857914|304|03|2021|6|20210505|0.0|19.67|60.0|0.0
43223355|28006168|857914|304|03|2021|6|20210505|0.0|20.33|120.0|0.0
43223356|28006171|857914|304|03|2021|6|20210505|0.0|234.33|90.0|0.0
43223357|28006176|857914|304|03|2021|6|20210505|0.0|131.67|30.0|0.0
43223359|28006174|857914|304|03|2021|6|20210505|0.0|361.67|90.0|0.0
43223360|28006179|857914|304|03|2021|6|20210505|0.0|152.0|30.0|0.0
43223361|28006173|857914|304|03|2021|6|20210505|0.0|174.33|75.0|0.0
43223362|28006172|857914|304|03|2021|6|20210505|0.0|188.33|75.0|0.0
43223363|28006169|857914|304|03|2021|6|20210505|0.0|46.33|60.0|0.0
43223364|28006178|857914|304|03|2021|6|20210505|0.0|357.33|90.0|0.0
43223365|28006175|857914|304|03|2021|6|20210505|0.0|100.0|30.0|0.0
43223366|28006177|857914|304|03|2021|6|20210505|0.0|70.0|30.0|0.0
43223367|28006181|857916|304|03|2021|6|20210428|0.0|6372.5|2.0|0.0
43223368|28006182|857916|304|03|2021|6|20210428|0.0|16760.0|1.0|0.0
43223369|28006187|857916|304|03|2021|6|20210428|0.0|550.25|3.0|0.0
43223370|28006183|857916|304|03|2021|6|20210428|0.0|3812.5|1.0|0.0
43223371|28006196|857917|304|03|2021|6|20210428|0.0|142.48|34.0|0.0
43223372|28006191|857917|304|03|2021|6|20210428|0.0|119.33|10.0|0.0
43223373|28006197|857917|304|03|2021|6|20210428|0.0|146.98|50.0|0.0
43223374|28006194|857917|304|03|2021|6|20210428|0.0|119.98|100.0|0.0
43223378|28006189|857917|304|03|2021|6|20210428|0.0|120.0|150.0|0.0
43223375|28006192|857917|304|03|2021|6|20210428|0.0|153.0|150.0|0.0
43223376|28006188|857917|304|03|2021|6|20210428|0.0|144.98|80.0|0.0
43223377|28006198|857917|304|03|2021|6|20210428|0.0|127.2|150.0|0.0
43223379|28006180|857915|304|03|2021|6|20210519|0.0|115.13|900.0|0.0
