seq_item_contrato|seq_contrato|seq_orgao|cod_orgao|num_ano_referencia|num_mes_referencia|cod_item|dsc_item|dsc_unid_medida|dsc_tipo_material_serv|cod_item_sinapi|cod_item_sicro|dsc_tabela|num_item_planilha|num_quant_item|vlr_item
323264101|2590849|302|01|2022|5|4136|SERVIÇO DE MANUTENÇÃO DE INFRAESTRUTURA URBANA E MANUTENÇÃO  E CONSERVAÇÃO DOS BENS IMÓVEIS|SERVIÇO|-|||||1.0|750000.0
322831172|2534530|303|02|2022|3|13567|CONTRATACAO DE EMPRESA ESPECIALIZADA PARA PRESTACAO DE SERVICOS DE CONSULTORIA E ASSESSORIA TÉCNICA REFERENTE AOS PROGRAMAS DO FUNDO NACIONAL DE DESENVOLVIMENTO DA EDUCACAO FUNDEB SIGARP SIMEC SIGPC CAE CACS SIOPE PME PDDEEM ATENDIMENTO À SECRETARIA DE EDUCACAO|MÊS|-|||||12.0|3400.0
322715768|2518344|302|01|2022|3|3039|DESENTUPIDOR DE PIA COMPOSTO|UNIDADE|-|||||10.0|15.98
322715769|2518344|302|01|2022|3|3021|SACO LIXO 50 LITROS|PACOTE|-|||||350.0|10.5
322715770|2518344|302|01|2022|3|3655|ALCOOL GEL 70% ASSEPTICO|UNIDADE|-|||||200.0|6.2
322715771|2518344|302|01|2022|3|3061|LUVA EM LATEX FORRADA|PAR|-|||||50.0|8.0
322715772|2518344|302|01|2022|3|2685|SOLUCAO DE LIMPEZA MULTI USO|UNIDADE|-|||||100.0|2.51
322715773|2518344|302|01|2022|3|3020|SACO LIXO 30 LITROS|PACOTE|-|||||400.0|8.35
322715775|2518344|302|01|2022|3|3030|SABONETE LIQUIDO CREMOSO|GALAO|-|||||10.0|13.72
322715774|2518344|302|01|2022|3|3649|BORRIFADOR EM POLIPROPILENO|UNIDADE|-|||||10.0|26.0
322715776|2518344|302|01|2022|3|3029|FLANELA P/LIMPEZA-COR LARANJA|UNIDADE|-|||||100.0|6.0
322715777|2518344|302|01|2022|3|2991|BALDE 20 LITROS|UNIDADE|-|||||5.0|36.0
322715778|2518344|302|01|2022|3|3023|AROMATIZANTE AMBIENTAL|UNIDADE|-|||||30.0|9.1
322715779|2518344|302|01|2022|3|2780|INSETICIDA AEROSOL|UNIDADE|-|||||30.0|9.1
322715780|2518344|302|01|2022|3|2710|DETERGENTE|LITRO|-|||||50.0|2.58
322715781|2518344|302|01|2022|3|3508|MOP GIRATORIO 12 LITROS|UNIDADE|-|||||2.0|750.0
322715782|2518344|302|01|2022|3|4086|VASSOURA DE PELO PRODUZIDA COM PELO ANIMAL|UNIDADE|-|||||10.0|46.0
322715783|2518344|302|01|2022|3|2680|DESINFETANTE LIQUIDO|GALAO|-|||||50.0|8.4
322715784|2518344|302|01|2022|3|3642|SACO DE LIXO 200 LITROS|PACOTE|-|||||50.0|17.5
322715785|2518344|302|01|2022|3|3657|ALCOOL ETILICO HIDRATADO 70|UNIDADE|-|||||200.0|8.47
322715786|2518344|302|01|2022|3|3644|PAPEL HIGIENICO ROLAO|CAIXA|-|||||30.0|200.0
322715787|2518344|302|01|2022|3|3652|OLEO ESSENCIAL PARA BANHEIRO|UNIDADE|-|||||50.0|11.0
322715788|2518344|302|01|2022|3|3025|PASTILHA ADESIVA-DETERG.SANIT.|CAIXA|-|||||10.0|1.65
322715789|2518344|302|01|2022|3|569|BALDE 10 LITROS|UNIDADE|-|||||5.0|25.0
322715790|2518344|302|01|2022|3|3643|VASSOURA PIACAVA N 05|UNIDADE|-|||||5.0|52.0
322715791|2518344|302|01|2022|3|4081|RODO DE ALUMÍNIO COM BORRACHA DUPLA|UNIDADE|-|||||10.0|98.9
322715792|2518344|302|01|2022|3|3653|ESPONJA MULTIUSO P/ LOUCA|PACOTE|-|||||50.0|19.0
322715793|2518344|302|01|2022|3|2713|TOALHA DE PAPEL INTERFOLHA|FARDO|-|||||60.0|47.4
322715794|2518344|302|01|2022|3|4082|MÁSCARA DESCARTÁVEIS ADULTO|CAIXA|-|||||10.0|28.2
322715795|2518344|302|01|2022|3|3654|AGUA SANITARIA 02 LITROS|UNIDADE|-|||||50.0|2.53
322715796|2518344|302|01|2022|3|4085|SACO DE ALGODÃO ALVEJADO 50 X 70CM.|UNIDADE|-|||||100.0|12.6
322715797|2518344|302|01|2022|3|3656|REPELENTE O/ INSETOS AEROSOL|UNIDADE|-|||||30.0|21.0
322715798|2518345|302|01|2022|3|2289|CAFE TORRADO E MOIDO|PACOTE|-|||||150.0|17.0
322715799|2518345|302|01|2022|3|3041|COPO DESCARTAVEL 200ML|CAIXA|-|||||10.0|175.0
322715800|2518345|302|01|2022|3|3670|CAPSULA DE CAPUCCINO|UNIDADE|-|||||300.0|1.7
322715801|2518345|302|01|2022|3|4073|BICABORNATO DE SÓDIO|KG|-|||||2.0|10.0
322715802|2518345|302|01|2022|3|4094|CAIXA PLÁSTICA AGRÍCOLA HORTIFRUTI|UNIDADE|-|||||2.0|85.0
322715803|2518345|302|01|2022|3|169|POTE DE VIDRO TRANSPARENTE|UNIDADE|-|||||4.0|60.0
322715804|2518345|302|01|2022|3|3043|ISQUEIRO|UNIDADE|-|||||5.0|5.0
322715805|2518345|302|01|2022|3|2252|BISCOITO CREAM CRAKER|CAIXA|-|||||15.0|26.5
322715806|2518345|302|01|2022|3|2295|SUCO DE FRUTAS|CAIXA|-|||||300.0|5.0
322715807|2518345|302|01|2022|3|3671|CAPSULA DE ACHOCOLATADO|UNIDADE|-|||||150.0|1.7
322715808|2518345|302|01|2022|3|4076|PORTA PAPEL TOALHA INOX EM AÇO|UNIDADE|-|||||2.0|32.0
322715809|2518345|302|01|2022|3|2290|ACUCAR CRISTAL|PACOTE|-|||||50.0|17.9
322715810|2518345|302|01|2022|3|4079|XÍCARA PARA CAFÉ DE PORCELANA|CAIXA|-|||||3.0|49.0
322715811|2518345|302|01|2022|3|4084|LEITE DESNATADO|CAIXA|-|||||30.0|5.0
322715812|2518345|302|01|2022|3|3042|COPO DESCARTAVEL 50 ML|CAIXA|-|||||5.0|175.0
322715813|2518345|302|01|2022|3|3060|PAPEL TOALHA|PACOTE|-|||||100.0|5.0
322715814|2518345|302|01|2022|3|4078|TIJELA SALADEIRA DE PORCELANA|UNIDADE|-|||||2.0|78.0
322715815|2518345|302|01|2022|3|3504|GARRAFA TERMICA INOX 500ML|UNIDADE|-|||||4.0|99.0
322715816|2518345|302|01|2022|3|3185|PORTA GUARDANAPO|UNIDADE|-|||||2.0|44.0
322715817|2518345|302|01|2022|3|681|COADOR DE CAFÉ|UNIDADE|-|||||5.0|12.0
322715818|2518345|302|01|2022|3|2235|MANTEIGA COM SAL|UNIDADE|-|||||100.0|9.0
322715819|2518345|302|01|2022|3|639|BISCOITO DOCE ROSQUINHA SABOR COCO ( 1,5KG )|CAIXA|-|||||15.0|25.0
322715820|2518345|302|01|2022|3|3632|ACHOCOLATADO/CHOCOLATE|UNIDADE|-|||||15.0|13.0
322715821|2518345|302|01|2022|3|3059|GUARDANAPO DE PAPEL|PACOTE|-|||||100.0|4.5
322715822|2518345|302|01|2022|3|3637|LUVAS DE VINIL P/ ALIMENTOS|CAIXA|-|||||4.0|120.0
322715823|2518345|302|01|2022|3|2255|BISCOITO DOCE MAIZENA|CAIXA|-|||||15.0|134.0
322715836|2518346|302|01|2022|3|4117|CONE, SINALIZAÇÃO|UNIDADE|-|||||5.0|25.0
322715835|2518346|302|01|2022|3|4114|TROFÉU 38 CM|UNIDADE|-|||||5.0|55.0
322715837|2518346|302|01|2022|3|4115|TROFÉU 39 CM|UNIDADE|-|||||5.0|75.0
322715838|2518346|302|01|2022|3|4116|CAMISA DE FUTEBOL DRY FIT 100%|UNIDADE|-|||||50.0|58.0
322715827|2518345|302|01|2022|3|2286|CHA|CAIXA|-|||||10.0|12.0
322715824|2518345|302|01|2022|3|3672|CAPSULA CAFE EXPRESSO|UNIDADE|-|||||150.0|1.7
322715825|2518345|302|01|2022|3|4075|ESCOVA PARA LAVAR GARRAFAS|UNIDADE|-|||||4.0|9.0
322715826|2518345|302|01|2022|3|4095|COPO DE VIDRO LONG NECK,300 ML CAIXA|CAIXA|-|||||2.0|104.0
322715828|2518345|302|01|2022|3|3631|LEITE INTEGRAL|CAIXA|-|||||50.0|5.0
322715829|2518345|302|01|2022|3|2733|GARRAFA TERMICA 1 LT|UNIDADE|-|||||4.0|160.0
322715830|2518345|302|01|2022|3|3630|ADOCANTE|VIDRO|-|||||10.0|17.25
322715831|2518345|302|01|2022|3|2687|PANO DE PRATO|UNIDADE|-|||||30.0|1.5
322715832|2518346|302|01|2022|3|4118|BONÉ TACTEL|UNIDADE|-|||||30.0|75.0
322715833|2518346|302|01|2022|3|3466|MEDALHA DIA INTER. MULHER|SERVICOS|-|||||700.0|18.0
322715834|2518346|302|01|2022|3|4113|TROFÉU 32 CM|UNIDADE|-|||||10.0|46.0
322737124|2521237|303|02|2022|1|370000000753|OBRAS E INSTALACOES COD 1|UND|3 - OUTRAS TABELAS OFICIAIS|||Tabela própria|1|1.0|413440.35
322445540|2481541|302|01|2022|2|4101|SERVIÇOS DE PASSAGENS AÉREAS NACIONAIS, INTERNACIONAIS, TERRESTRE RODOVIÁRIAS, TRANSLADO E  HOSPEDAGENS|UNIDADE|-|||||1.0|120000.0
322445539|2481540|302|01|2022|2|12|GASOLINA COMUM|LITRO|-|||||6500.0|7.3
324428065|2747853|304|03|2022|11|1815|TAMPAO T30 FF BASE 620X490MM MEDIDA DA TAMPA 548X418MM|PECA|-|||||5.0|684.5
324428064|2747853|304|03|2022|11|1812|TAMPAO T 19 FF DÚCTIL SISTEMA DE ABERTURA ARTICULACAO|PECA|-|||||20.0|427.5
324428066|2747852|304|03|2022|11|1813|TAMPAO FF ARTICULADO DE 600MM|PECA|-|||||20.0|734.0
324428063|2747853|304|03|2022|11|4327|TAMPAO DE FF ARTICULADO DE 800MM|PECA|-|||||10.0|1459.0
324428067|2747852|304|03|2022|11|1814|TAMPAO T22 FF BASE 448X336MM MEDIDA DA TAMPA 388X276MM|PECA|-|||||15.0|480.0
324428068|2747852|304|03|2022|11|2285|TAMPAO DE FOFO DUCTIL TIPO T5|PECA|-|||||20.0|202.0
323819948|2664049|302|01|2022|8|4005|SUPORTE REMOTO SOFTWARE EP- ELETRONIC PAINEL|MÊS|-|||||12.0|550.0
323819949|2664048|302|01|2022|8|610|SEGURO TOTAL DE VEICULO|SERVIÇO|-|||||1.0|1173.39
323819946|2664049|302|01|2022|8|4138|TREINAMENTO SOFTWARE  EP - ELETRONIC PANEL|MÊS|-|||||2.0|250.0
323819947|2664049|302|01|2022|8|4137|VISITA TÉCNICA|MÊS|-|||||7.0|412.5
323819950|2664050|302|01|2022|8|4146|PRESTAÇÃO DE SERVIÇOS DE GERENCIAMENTO DE MANUTENÇÃO DE FROTAS POR MEIO DE SISTEMA ELETRÔNICO|SERVIÇO|-|||||1.0|62061.48
323900842|2674450|306|05|2022|5|5|CESSAO DE DIREITO DE USO POR PRAZO DETERMINA DO LOCACAO|SER|-|||||1.0|94464.48
323900841|2674450|306|05|2022|5|4|MIGRACAO IMPLANTACAO CAPACITACAO E TREINAMENTO|SER|-|||||1.0|7500.0
323900839|2674450|306|05|2022|5|6|PREVISAO DE SERVICO EVENTUAIS DE ACORDO COM CONSUMO|SER|-|||||1.0|14000.0
323900840|2674450|306|05|2022|5|7|CUSTOMIZACAO DO SISTEMA CONFORME VIABILIDADE TÉCNICA|SER|-|||||1.0|8000.0
323900888|2674451|306|05|2022|6|9|PAPEL COLOR SET MEDINDO APROXIMADAMENTE 48 X 66CM COM GRAMATURA DE 110GR PACOTE CONTENDO 10 CORES SORTIDAS|PAC|-|||||1.0|23.84
323900885|2674451|306|05|2022|6|10|PAPEL VERGÊ GRAMATURA 180 GM² MEDINDO 210 X 297 MM EMBALAGEM COM 50 UNIDADES CORES A SEREM DEFINIDAS NA ENTREGA|EMB|-|||||10.0|18.88
323900886|2674451|306|05|2022|6|12|FOLHA DE EVA MEDINDO 600 X 400 X 2MM PACOTE CONTENDO 10 UNIDADES SORTIDAS PRODUTO EM EVA ESPUMA VINÍLICA ACETINADA COLORIDO LAVAVEL ATÓXICO ANATÔMICO|PAC|-|||||5.0|30.24
323900887|2674451|306|05|2022|6|8|PAPEL CAMURCA MEDINDO 40 X 60 PACOTE CONTENDO 25 UNIDADES CORES A SEREM DEFINIDAS NA ENTREGA|PAC|-|||||1.0|28.96
323900889|2674451|306|05|2022|6|11|PLASTICO PARA PASTA CATALOGO EM POLIPROPILENO BAIXA DENSIDADE MEDINDO 240 X 330MM ESPESSURA 015MM COM 04 FUROS PACOTE CONTENDO 100 UNIDADES|PAC|-|||||1.0|87.17
323900843|2674455|306|05|2022|6|33|PILHA ALCALINA PALITO EMBALAGEM COM 4 UNIDADES|UNI|-|||||20.0|8.4
323900844|2674455|306|05|2022|6|30|CLIPES GALVANIZADO N° 20 ALTA RESISTÊNCIA CAIXA COM 500 GRAMAS|CAI|-|||||2.0|11.76
323900845|2674455|306|05|2022|6|31|CLIPES GALVANIZADO N° 40 ALTA RESISTÊNCIA CAIXA COM 500 GRAMAS|CAI|-|||||2.0|11.76
323900846|2674455|306|05|2022|6|34|PILHA ALCALINA PEQUENA EMBALAGEM COM 4 UNIDADES|UNI|-|||||20.0|10.8
323900847|2674455|306|05|2022|6|32|CLIPES GALVANIZADO N° 60 ALTA RESISTÊNCIA CAIXA COM 500 GRAMAS|CAI|-|||||2.0|11.76
323900848|2674454|306|05|2022|6|39|COLCHETE N° 12 EM LATAO CAIXA COM 72 UNIDADES|CAI|-|||||4.0|6.54
323900852|2674454|306|05|2022|6|43|PASTA PLASTICA OFÍCIO COM ABA ELASTICO TAMANHO 235X350MM|UNI|-|||||20.0|3.08
323900849|2674454|306|05|2022|6|41|CAIXA DE PLASTICO PARA ARQUIVO 420 GM2 REFORCADA INTERNA E EXTERNAMENTE COM TRAVA PARA FECHAMENTO E ENCAIXE EM AMBAS AS ABAS TAMANHO 360 X 250 X 135 MM APROXIMADAMENTE|UNI|-|||||50.0|7.33
323900850|2674454|306|05|2022|6|37|CANETA ESFEROGRAFICA AZUL PRETA OU VERMELHA ESCRITA GROSSA CORPO TRANSPARENTE SEXTAVADO COM PROTETOR DE PLASTICO ENTRE A CARGA E O CORPO DA CANETA PONTA DE LATAO E ESFERA DE TUNGSTÊNIO TAMANHO COM TAMPA 15 CM APROXIMADAMENTE DE QUALIDADE COMPROVADA CAIXA CONTENDO 50 UNIDADES|CAI|-|||||3.0|35.58
323900851|2674454|306|05|2022|6|36|CANETA MARCA TEXTO COR AMARELA OU VERDE FLUORESCENTE TRACO DE 4 MM CORPO CILÍNDRICO TAMANHO COM TAMPA 13 CM APROXIMADAMENTE CAIXA CONTENDO 12 UNIDADES|CAI|-|||||2.0|27.19
323900853|2674454|306|05|2022|6|47|PASTA SUSPENSA COMPLETA CONFECCIONADA EM PAPEL CARTAO MARMORIZADO PLASTIFICADO MEDINDO APROXIMADAMENTE 360 X 240MM|UNI|-|||||600.0|4.32
323900854|2674454|306|05|2022|6|38|MARCADOR PARA QUADRO BRANCO NA COR AZUL PRETA OU VERMELHA TINTA A BASE DE ALCOOL PONTA REDONDA 13MM COR A SER DEFINIDA NA ENTREGA|UNI|-|||||72.0|3.21
323900855|2674454|306|05|2022|6|46|PASTA AZ OFÍCIO LOMBO LARGO TAMANHO 35 X 28 X 8 CM EM PAPELAO CALANDRADO|UNI|-|||||20.0|17.0
323900856|2674454|306|05|2022|6|35|CADERNO ESPIRAL 18 CAPA DURA PAUTADO TAMANHO 100 X140MM 96 FOLHAS|CAI|-|||||6.0|6.15
323900857|2674454|306|05|2022|6|44|PASTA PLASTICA COM CANALETA CRISTAL TRANSPARENTE|UNI|-|||||10.0|2.74
323900858|2674454|306|05|2022|6|40|COLCHETE N° 15 EM LATAO CAIXA COM 72 UNIDADES|CAI|-|||||4.0|10.08
323900859|2674454|306|05|2022|6|42|PASTA PLASTICA EM MATERIAL RESISTENTE CRISTAL EM L FORMATO A4 PCT C 10 UNIDADES|PAC|-|||||2.0|11.9
323900860|2674454|306|05|2022|6|45|PASTA SANFONADA OFÍCIO COM ELASTICO COM 12 DIVISÓRIAS COR FUMÊ|UNI|-|||||2.0|32.64
323900861|2674453|306|05|2022|6|54|TESOURA DE PONTA ARREDONDADA CABO DE 100% POLIPROPILENO E LÂMINA DE CORTE PRODUZIDA EM ACO INOXIDAVEL APRESENTAR AMOSTRA|UNI|-|||||12.0|2.34
323900862|2674453|306|05|2022|6|50|TINTA PARA ALMOFADA DE CARIMBO AZUL PRETA OU VERMELHA CORES DEF ENTREGA|UNI|-|||||12.0|4.27
323900863|2674453|306|05|2022|6|49|ENVELOPE BRANCO TAMANHO OFÍCIO GRAMATURA DE 90G MEDINDO 240 X 340 MM SEM TIMBRE|UNI|-|||||250.0|0.48
323900864|2674453|306|05|2022|6|52|PEN DRIVE DE 16 GB|UNI|-|||||3.0|31.68
323900865|2674453|306|05|2022|6|51|CDR GRAVAVEL CAPACIDADE DE ARMAZENAMENTO 700MG 80 MINUTOS COM VELOCIDADE 52X COM ESTOJO ACRÍLICO DE QUALIDADE COMPROVADA|UNI|-|||||12.0|2.11
323900866|2674453|306|05|2022|6|48|ENVELOPE TIPO SACO EM PAPEL KRAFT NATURAL MEDINDO 229 X 324 MM GRAMATURA 80GRM² SEM TIMBRE|UNI|-|||||500.0|0.3
323900867|2674453|306|05|2022|6|53|MOUSE ÓPTICO COM SCROL ENTRADA USB QUALIDADE COMPROVADA GARANTIA MÍNIMA DE 12 MESES|UNI|-|||||6.0|12.15
323900868|2674452|306|05|2022|6|15|ALMOFADA EM ALGODAO PARA CARIMBO ENTINTADA NA COR AZUL OU PRETA N° 4 COM TAMPA DE PLASTICO COR A SER DEFINIDA NA ENTREGA|UNI|-|||||4.0|6.61
323900869|2674452|306|05|2022|6|25|GRAMPEADOR MÉDIO DE MESA METALICO PINTURA EPÓXI LÍQUIDA APOIO DA BASE EM POLIETILENO E COBERTO EM RESINA TERMOPLASTICA DIMENSOES 130X38X53MM CAPACIDADE PARA GRAMPEAR ATÉ 25 FOLHAS DE PAPEL 75GM² FABRICADO EM CHAPA DE ACO BASE DE FECHAMENTO DO GRAMPO COM DUAS POSICOES GRAMPO FECHADO E ABERTO EM ACO COM ACABAMENTO NIQUELADO ESTOJO DE ALOJAMENTO DOS GRAMPOS EM CHAPA DE ACO MOLA RESISTENTE COM RETRACAO AUTOMATICA CAPACIDADE DE CARGA DE MEIO PENTE DE GRAMPOS 266 UTILIZA GRAMPOS 246 E|UNI|-|||||6.0|26.3
323900870|2674452|306|05|2022|6|28|PISTOLA DE COLA QUENTE CONFECCIONADA EM MATERIAL PLASTICO RESISTENTE TAMANHO PEQUENO|UNI|-|||||1.0|17.53
323900871|2674452|306|05|2022|6|14|ALFINETE COLORIDO PARA MAPA N° 01 CAIXA COM 50 UNIDADES|CAI|-|||||6.0|3.64
323900872|2674452|306|05|2022|6|26|GRAMPO 266 DE ALTA RESISTÊNCIA GALVANIZADO SEM REBARBA DE CORTE SEM EXCESSO DE COLA CAIXAS COM 5000 GRAMPOS|CAI|-|||||10.0|5.26
323900873|2674452|306|05|2022|6|24|VISOR PARA PASTA SUSPENSA COM 50 UNIDADES|PAC|-|||||2.0|13.0
323900874|2674452|306|05|2022|6|19|CHAVEIRO PLASTICO COM ETIQUETA DE IDENTIFICACAO EMBALAGEM COM 100 UNIDADES CORES SORTIDAS MEDIDAS 60 MM X 27 MM|EMB|-|||||1.0|130.0
323900875|2674452|306|05|2022|6|29|LIVRO DE PROTOCOLO FORMATO 22 X 16CM 14 CONTENDO 100 FOLHAS NUMERADAS CARTONADO PRETO CAPA DURA SEM MARGEM PARA ENTREGA DE CORRESPONDÊNCIAS|UNI|-|||||10.0|5.41
323900876|2674452|306|05|2022|6|20|ELASTICO DE LATEX OU BORRACHA NATURAL N° 18 COR AMARELA ALTA QUALIDADE RESISTÊNCIA E DURABILIDADE PACOTE CONTENDO 100 GRAMAS FABRICADO PARA USO EM BANCOS ESCRITÓRIOS ETC|PAC|-|||||10.0|3.62
323900877|2674452|306|05|2022|6|16|APAGADOR BASE DE PLASTICO COM FELTRO PARA USO EM QUADRO BRANCO COM PORTA PINCEL|UND|-|||||10.0|6.61
323900878|2674452|306|05|2022|6|23|FITA CORRETIVA COM TAMPA PROTETORA 4 MM 10 M CORRECAO A SECO EXCELENTE ADERÊNCIA APRESENTAR AMOSTRA|UND|-|||||10.0|7.0
323900879|2674452|306|05|2022|6|27|BASTAO DE COLA QUENTE FINO PEQUENO PACOTE CONTENDO 1 KG|PAC|-|||||2.0|42.1
323900880|2674452|306|05|2022|6|22|PERCEVEJO LATONADO MATERIAL RESISTENTE CAIXA CONTENDO 100 UNIDADES|CAI|-|||||1.0|3.17
323900881|2674452|306|05|2022|6|17|BARBANTE DE ALGODAO CRU COM TRAMA DE 8 FIOS EM ROLOS DE 200 GRAMAS|UND|-|||||2.0|4.16
323900882|2674452|306|05|2022|6|21|ESPONJA MOLHA DEDOS ENVOLTA EM ESTRUTURA DE PLASTICO NA COR PRETA COM 60|UNI|-|||||4.0|3.0
323900883|2674452|306|05|2022|6|18|BLOCO AUTOADESIVO 3850 POPUP AMARELO COM 100 FOLHAS EMBALAGEM CONTENDO 1 BLOCO|BLO|-|||||12.0|5.18
323900884|2674451|306|05|2022|6|13|FOLHA DE EVA COM GLITTER MEDINDO 40 X 60 CM|PAC|-|||||5.0|28.79
323900890|2674456|306|05|2022|7|82|BOBINA PARA RELÓGIO DE PONTO|UND|-|||||6.0|28.8
323617255|2636602|302|01|2022|7|2964|SERVICOS DE SOM|SERVICOS|-|||||200.0|23.0
324235223|2721997|302|01|2022|10|4143|ADESIVO PERFURADO COLORIDO 1,1X0,79 MTS - 2,17X1,12 MTS|SERVIÇO|-|||||1.0|60.0
324235220|2721997|302|01|2022|10|3557|PAPEL TIMBRADO COM TIMBRE|UNIDADE|-|||||10000.0|0.51
324235221|2721997|302|01|2022|10|3107|BANNER|SERVICOS|-|||||5.0|180.0
324235222|2721997|302|01|2022|10|4140|ADESIVO PERFURADO COLORIDO 2,5X0,79 MTS|SERVIÇO|-|||||1.0|60.0
324235224|2721997|302|01|2022|10|4062|FOLDER EDUCATIVO|UNIDADE|-|||||6000.0|0.46
324235228|2721997|302|01|2022|10|3555|NUMERAIS DE PEITO 21X15|SERVICOS|-|||||300.0|7.53
324235225|2721997|302|01|2022|10|4142|ADESIVO PERFURADO COLORIDO 1,1X0,79 MTS - 2,47X1,18 MTS|SERVIÇO|-|||||1.0|60.0
324235226|2721997|302|01|2022|10|4144|ADESIVO 2.60X1.60|SERVIÇO|-|||||1.0|50.0
324235227|2721997|302|01|2022|10|4141|ADESIVO COLORIDO PERFURADO 1,1X0, 79 MTS - 2,47X1,13 MTS|SERVIÇO|-|||||1.0|60.0
324235229|2721997|302|01|2022|10|3556|ADESIVOS PARA PORTA DE VIDRO|SERVICOS|-|||||1.0|120.0
324235230|2721997|302|01|2022|10|3554|FAIXA EM LONA VINILICA 3X 0,64|SERVICOS|-|||||5.0|330.2
324235231|2721997|302|01|2022|10|4139|ADESIVO PERFURADO COLORIDO|SERVIÇO|-|||||1.0|60.0
324235232|2721997|302|01|2022|10|4145|REVISTA INFORMATIVA 21X27,5 CM|UNIDADE|-|||||10000.0|1.12
324235233|2721996|302|01|2022|10|4070|LOCAÇÃO DE PAINÉIS|UNIDADE|-|||||12.0|744.67
324235234|2721996|302|01|2022|10|783|ARTE PARA OUTDOOR|UNIDADE|-|||||4.0|170.0
324235235|2721996|302|01|2022|10|4069|IMPRESSÃO PARA OUTDOORS|UNIDADE|-|||||12.0|432.0
324325663|2733218|304|03|2022|4|4792|SERV.LOC.CAMINHONETE L200/SIM.|MENSAL|-|||||12.0|4763.68
324325662|2733209|304|03|2022|2|175|PAO FRANCES COM MANTEIGA 50GR|KILO|-|||||1300.0|19.3
324325660|2733211|304|03|2022|2|3604|SULFATO DE ALUMINIO LIQUIDO|UNIDADE|-|||||60000.0|4.58
324325661|2733210|304|03|2022|2|5743|HIDROXIDO DE CALCIO EM SUSPENSAO AQUOSA ABNT NBR 157842017|LT|-|||||60000.0|2.95
324325664|2733218|304|03|2022|4|5764|LOC DE VEICULO TIPO PICAPE MODELO STRADA OROCH MONTANA SAVEIRO OU SIMILAR I|MS|-|||||12.0|2719.18
324325665|2733218|304|03|2022|4|5767|LOC DE VEICULO MODELO COMPACTO TIPO FIAT UNO FORD KA HB20 OU SIMILAR|MS|-|||||12.0|1635.6
324325666|2733218|304|03|2022|4|4793|SER.LOC.PICAPE STRADA/SIMILAR|MENSAL|-|||||12.0|2214.87
324325667|2733217|304|03|2022|4|5408|CIMENTO CP III NBR 16697 50 KG|SC|-|||||250.0|33.07
324325668|2733216|304|03|2022|4|5761|LOCACAO DE VEICULO MODELO DOBLO OU SIMILAR I|KM|-|||||15000.0|6.47
324325669|2733216|304|03|2022|4|5763|LOCACAO DE VEICULO MODELO DOBLO OU SIMILAR III|KM|-|||||20000.0|6.47
324325670|2733216|304|03|2022|4|5762|LOCACAO DE VEICULO MODELO DOBLO OU SIMILAR II|KM|-|||||15000.0|6.47
324325671|2733215|304|03|2022|4|5758|CASCALHO EM TONELADA|TN|-|||||135.0|54.67
324325672|2733215|304|03|2022|4|5756|BRITA N° 0|TN|-|||||80.0|108.67
324325673|2733215|304|03|2022|4|5754|PO DE PEDRA|TN|-|||||140.0|108.67
324325674|2733215|304|03|2022|4|5753|PEDRA POLIEDRICA PARA CALCAMENTO|TN|-|||||56.0|108.67
324325675|2733215|304|03|2022|4|5757|BRITA N° 01 EM TONELADA|TN|-|||||40.0|108.67
324325676|2733215|304|03|2022|4|5760|BICA CORRIDA EM TONELADA|TN|-|||||240.0|83.67
324325677|2733215|304|03|2022|4|5755|AREIA LAVADA TIPO MEDIA|TN|-|||||60.0|77.67
324325678|2733214|304|03|2022|4|5748|PRESTACAO DE SERVICOS DE CORTE DE FORNECIMENTO DE AGUA NO RAMAL PREDIAL|SV|-|||||2000.0|7.5
324325679|2733214|304|03|2022|4|5777|PRESTACAO DE SERVICOS DE CORTE DE FORNECIMENTO DE AGUA NO RAMAL PREDIAL COM TAMPONAMENTO TAMPAO DE PVC DA LIGACAO NO CAVALETE|SV|-|||||2000.0|8.5
324325680|2733214|304|03|2022|4|5749|PRESTACAO DE SERVICOS DE CORTE DE FORNECIMENTO DE AGUA NO RAMAL PREDIAL COM CAPSULA LACREOBTURADORHOSTIA COM UTILIZACAO DE MOTOCICLETA|SV|-|||||6000.0|9.96
324325681|2733214|304|03|2022|4|5779|SERVICOS DE RELIGACAO SIMPLES DO FORNECIMENTO DE AGUA COM RETIRADA DE TAMPONAMENTO TAMPAO DE PVC NO CAVALETE|SV|-|||||2000.0|8.67
324325682|2733214|304|03|2022|4|5778|SERVICOS DE RELIGACAO DO FORNECIMENTO DE AGUA COM RETIRADA DE CAPSULA LACREOBTURADORHOSTIA|SV|-|||||2000.0|8.99
324325683|2733214|304|03|2022|4|5750|PRESTACAO DE SERVICOS DE CORTE DE FORNECIMENTO DE AGUA NO RAMAL PREDIAL COM RETIRADA DO HIDROMETRO|SV|-|||||500.0|9.84
324325684|2733213|304|03|2022|4|2768|CAFE EM PO TRADICIONAL 500 GR EMBALAGENS COM ATMOSFERA PROTETORA 100% SELADA|UNIDADE|-|||||400.0|15.78
324325685|2733212|304|03|2022|4|5784|SERICOS DE AUDITORIA EM FOLHA DE PAGAMENTO|SV|-|||||1.0|15800.0
324325686|2733219|304|03|2022|5|4729|ANEL DE CONCRETO ARMADO DN800|UNIDADE|-|||||20.0|164.97
324325687|2733219|304|03|2022|5|4726|TUBO DE CONCRETO ARMADO DN600|UNIDADE|-|||||40.0|264.98
324325688|2733221|304|03|2022|5|5747|LOCACAO DE EQUIPAMENTOS PARA EXECUCAO DE LEITURA E IMPRESSAO DE CONTAS EM CAMPO|MS|-|||||12.0|2483.0
324325689|2733221|304|03|2022|5|5746|LOCACAO DE SOFTWARE DE LEITURA E IMPRESSAO SIMULTANEA DE CONTAS|MS|-|||||12.0|2636.22
324325690|2733221|304|03|2022|5|2471|SERVICO IMPLANTACAO DE SISTEMA|SERVICOS|-|||||1.0|2984.4
324325691|2733221|304|03|2022|5|5751|BOBINA TERMICA PAPEL ADEQUADO PARA IMPRESSAO SIMULTANEA DE CONTAS|UN|-|||||1700.0|13.65
324325692|2733220|304|03|2022|5|1354|CAIXA PROTETORA P/ HIDROMETROS|PECA|-|||||700.0|100.0
324325693|2733225|304|03|2022|6|5023|LOC.SISTEMA TRANSPARENCIA WEB.|SERVICOS|-|||||12.0|686.25
324325694|2733225|304|03|2022|6|1957|LOC.SIST. CONTROLE INTERNO.|SERVICOS|-|||||12.0|448.5
324325695|2733225|304|03|2022|6|5018|IMPLANTACAO TRANSPARENCIA WEB.|SERVICOS|-|||||1.0|200.0
324325696|2733225|304|03|2022|6|1148|CONTAB.PUB.TESOUR.-IMPLANTACAO|SERVICOS|-|||||1.0|800.0
324325697|2733225|304|03|2022|6|1954|LOC.SIST.ALMOXARIFADO.|SERVICOS|-|||||12.0|552.5
324325698|2733225|304|03|2022|6|5868|IMPLANTACAO DE MODULO DE OUVIDORIA PUBLICA E OUVIDORIA NA INTERNET|SV|-|||||1.0|1000.0
324325699|2733225|304|03|2022|6|5870|LOCACAO MODULO GESTAO E PESSOAL E FOLHA DE PAGAMENTO|SV|-|||||12.0|1450.0
324325700|2733225|304|03|2022|6|1955|LOC.SIST.COMPRA E LICITACAO.|SERVICOS|-|||||12.0|1250.0
324325701|2733225|304|03|2022|6|1956|LOC.SIST.CONTROLE DE FROTAS.|SERVICOS|-|||||12.0|552.45
324325702|2733225|304|03|2022|6|5865|IMPLANTACAO MODULO GESTAO DE PROCESSOS DIGITAIS|SV|-|||||1.0|3760.0
324325703|2733225|304|03|2022|6|5024|LOC.SIST.TRAMIT.DE PROCESSOS.|SERVICOS|-|||||12.0|521.95
324325704|2733225|304|03|2022|6|5019|IMPLANTACAO TRAM.DE PROCESSOS.|SERVICOS|-|||||1.0|1500.0
324325705|2733225|304|03|2022|6|1953|LOC.SIST.PATRIMONIO PUBLICO.|SERVICOS|-|||||12.0|589.27
324325706|2733225|304|03|2022|6|5873|TREINAMENTOS ADICIONAIS|HR|-|||||100.0|140.0
324325707|2733225|304|03|2022|6|5872|LOCACAO MODULO DE OUVIDORIA PUBLICA E OUVIDORIA NA INTERNET|SV|-|||||12.0|504.0
324325708|2733225|304|03|2022|6|1949|IMPLANTACAO CONTROLE INTERNO.|SERVICOS|-|||||1.0|1200.0
324325709|2733225|304|03|2022|6|1952|LOC.SIST.PLANEJAMENTO.|SERVICOS|-|||||12.0|800.0
324325710|2733225|304|03|2022|6|1143|CONTAB. PUB. TESOUR. - LOCACAO|SERVICOS|-|||||12.0|2490.71
324325711|2733225|304|03|2022|6|1945|IMPLANTACAO PATRIMONIO PUBLICO|SERVICOS|-|||||1.0|500.0
324325712|2733225|304|03|2022|6|1948|IMPLANTACAO CONTROLE FROTAS.|SERVICOS|-|||||1.0|500.0
324325713|2733225|304|03|2022|6|5867|IMPLANTACAO DE MODULO GESTAO DE INDICADORES GOVERNAMENTAIS|SV|-|||||1.0|200.0
324325714|2733225|304|03|2022|6|5874|CUSTOMIZACAO DO SISTEMA|HR|-|||||100.0|160.0
324325715|2733225|304|03|2022|6|5027|LOC.SIST.CONT.DE PONTO ELET.|SERVICOS|-|||||12.0|650.0
324325716|2733225|304|03|2022|6|5026|IMPLANTACAO CONT.PONTO ELET.|SERVICOS|-|||||1.0|200.0
324325717|2733225|304|03|2022|6|1946|IMPLANTACAO ALMOXARIFADO.|SERVICOS|-|||||1.0|500.0
324325718|2733225|304|03|2022|6|1947|IMPLANTACAO COMPRAS/LICITACAO.|SERVICOS|-|||||1.0|800.0
324325719|2733225|304|03|2022|6|5866|IMPLANTACAO MODULO GESTAO E PESSOAL E FOLHA DE PAGAMENTO|SV|-|||||1.0|640.0
324325720|2733225|304|03|2022|6|5869|LOCACAO DE MODULO GESTAO DE PROCESSOS DIGITAIS|SV|-|||||12.0|3760.0
324325721|2733225|304|03|2022|6|2999|SUPORTE TECNICO|HORA|-|||||100.0|140.0
324325722|2733225|304|03|2022|6|1944|IMPLANTACAO PLANEJAMENTO|SERVICOS|-|||||1.0|200.0
324325723|2733225|304|03|2022|6|5871|LOCACAO DE MODULO DE GESTAO DE INDICADORES GOVERNAMENTAIS|SV|-|||||12.0|550.0
324325724|2733224|304|03|2022|6|5838|IMPLANTACAO CONVERSAO DE DADOS TREINAMENTOS E TESTES|SV|-|||||1.0|1269.6
324325725|2733224|304|03|2022|6|5839|LOCACAO DE SISTEMA COM SUPORTE E MANUTENCAO|MS|-|||||12.0|6992.0
324325726|2733223|304|03|2022|6|5038|SER.LOC.CAM.HIDROJAT.10000L|HORA|-|||||200.0|300.0
324325727|2733222|304|03|2022|6|5836|FORNEC E INSTAL DE PADRAO CEMIG CONTENDO DUAS CAIXAS SENDO UMA CAIXA DE 40 AMPERES BIFASICO 220V E UMA CAIXA DE 60 AMPERES BIFASICO 220 V|SV|-|||||1.0|5600.0
324325728|2733227|304|03|2022|7|4532|SERV.LOC.CAMINHAO CABINE DUPLA|KILOMETRO|-|||||45000.0|8.02
324325729|2733226|304|03|2022|7|5416|HIDROMETRO MULTIJATO 15 X165 MM Q MAX 30 M³ HCLB REL 45 COM PORCAS E TUBETES DE 12 EM LATAO E ARRUELAS DE VEDACAO EM NYLON|UNIDADE|-|||||2000.0|102.0
324325730|2733232|304|03|2022|8|1600|REBOBINAR MOTOR MONOFAS. 2,0CV|SERVICOS|-|||||5.0|593.01
324325731|2733232|304|03|2022|8|1599|REBOBINAR MOTOR MONOFAS. 3,0CV|SERVICOS|-|||||6.0|713.79
324325732|2733232|304|03|2022|8|1587|REBOBINAR MOTOR TRIF. 75 CV|SERVICOS|-|||||4.0|8784.27
324325733|2733232|304|03|2022|8|2364|REBOBINAR ESTATOR MOTOR 1/2CV|SERVICOS|-|||||4.0|399.96
324325734|2733232|304|03|2022|8|1586|REBOBINAR MOTOR TRIF. 100 CV|SERVICOS|-|||||4.0|10059.39
324325735|2733232|304|03|2022|8|4021|REBOBINAR BOMBA SUBMER. 1CV|SERVICOS|-|||||2.0|523.71
324325736|2733232|304|03|2022|8|1602|REBOBINAR BOMBA SUB. 7,5 CV|SERVICOS|-|||||4.0|1007.82
324325737|2733232|304|03|2022|8|1588|REBOBINAR MOTOR TRIF. 40 CV|SERVICOS|-|||||4.0|4437.18
324325738|2733232|304|03|2022|8|1604|REBOBINAR BOMBA SUB. 3,0 CV|SERVICOS|-|||||4.0|616.77
324325739|2733232|304|03|2022|8|1601|REBOBINAR MOTOR MONOFAS. 1,0CV|SERVICOS|-|||||4.0|426.69
324325740|2733232|304|03|2022|8|1592|REBOBINAR  MOTOR TRIF. 15 CV|SERVICOS|-|||||4.0|1657.26
324325741|2733232|304|03|2022|8|4023|REBOBINAR BOMBA SUBMERS.5CV MO|SERVICOS|-|||||2.0|360.36
324325742|2733232|304|03|2022|8|3935|REBOBINAR BOMBA SUB.MONO 1,0CV|SERVICOS|-|||||2.0|484.11
324325743|2733232|304|03|2022|8|1591|REBOBINAR MOTOR TRIF. 20 CV|SERVICOS|-|||||4.0|2321.55
324325744|2733232|304|03|2022|8|1595|REBOBINAR MOTOR TRIF. 5,0 CV|SERVICOS|-|||||4.0|825.66
324325745|2733232|304|03|2022|8|1590|REBOBINAR MOTOR TRIF. 60CV|SERVICOS|-|||||4.0|7060.68
324325746|2733232|304|03|2022|8|1598|REBOBINAR MOTOR MONOFAS. 5,0CV|SERVICOS|-|||||4.0|1084.05
324325747|2733232|304|03|2022|8|3934|REBOBINAR BOMBA SUB.TRIF.1,0CV|SERVICOS|-|||||2.0|449.46
324325748|2733232|304|03|2022|8|1594|REBOBINAR MOTOR TRIF. 7,5 CV|SERVICOS|-|||||4.0|1009.8
324325749|2733232|304|03|2022|8|1603|REBOBINAR BOMBA SUB. 5,5 CV|SERVICOS|-|||||4.0|884.07
324325750|2733232|304|03|2022|8|1597|REBOBINAR MOTOR TRIF. 1,0CV|SERVICOS|-|||||4.0|436.59
324325751|2733232|304|03|2022|8|3933|REBOBINAR ESTAT.MOTOR 1/2 CV|SERVICOS|-|||||4.0|371.25
324325752|2733232|304|03|2022|8|1596|REBOBINAR MOTOR TRIF. 2,0 CV|SERVICOS|-|||||5.0|533.61
324325753|2733232|304|03|2022|8|3932|REBOBINAR BOMBA SUBMERS.3,5CV|SERVICOS|-|||||4.0|695.97
324325754|2733232|304|03|2022|8|1593|REBOBINAR MOTOR TRIF. 10 CV|SERVICOS|-|||||4.0|1260.27
324325755|2733232|304|03|2022|8|4022|REBOBINAR BOMBA SUBMERS.5CV|SERVICOS|-|||||2.0|387.09
324325756|2733232|304|03|2022|8|1589|REBOBINAR  MOTOR TRIF. 50 CV|SERVICOS|-|||||4.0|5442.03
324325757|2733231|304|03|2022|8|5814|PRESTACAO DE SERVICOS DE ELABORACAO DE DIAGNOSTICO DO SISTEMA DE ESGOTAMENTO SANITARIO NA AREA URBANA DO MUNICIPIO DE CAETEMG|SV|-|||||1.0|74900.0
324325758|2733230|304|03|2022|8|1777|CREME DE PROTECAO PARA PELE|POTE|-|||||20.0|9.46
324325759|2733230|304|03|2022|8|781|EXTINTOR PQS 06 KG|UNIDADE|-|||||13.0|203.0
324325760|2733230|304|03|2022|8|4096|CALCADO DE SEG TIPO BOTINA|PAR|-|||||20.0|139.13
324325761|2733230|304|03|2022|8|5832|PLACA PERSONALIZADA PARA IDENTIFICACAO DE ESTABELECIMENTO PUBLICO|UN|-|||||50.0|115.0
324325762|2733230|304|03|2022|8|5804|PLACA DE SINALIZACAO S3|UN|-|||||7.0|19.76
324325763|2733230|304|03|2022|8|5793|BOTA DE SEGURANCA PARA ELETRICISTA|PR|-|||||4.0|140.33
324325764|2733230|304|03|2022|8|5789|MASCARA FACIAL 14 CONFECCIONADA COM TECNOLOGIA ALCRYN COM RESPIRADOR|UN|-|||||14.0|42.3
324325765|2733230|304|03|2022|8|1787|BOTA DE BORRACHA DE CANO LONGO|PAR|-|||||26.0|52.95
324325766|2733230|304|03|2022|8|1784|CONE DE SINALIZACAO DE TRANSITO|PECA|-|||||40.0|84.0
324325767|2733230|304|03|2022|8|2376|FILME DE POLIETILENO TIPO LINEAR|PECA|-|||||20.0|16.5
324325768|2733230|304|03|2022|8|5810|PLACA DE SINALIZACAO M1|UN|-|||||1.0|64.0
324325769|2733230|304|03|2022|8|5802|PLACA DE SINALIZACAO S1|UN|-|||||3.0|14.16
324325770|2733230|304|03|2022|8|5840|PLACA SINALIZADORA DE PISO MOLHADO|UN|-|||||5.0|71.88
324325771|2733230|304|03|2022|8|5811|PLACA DE SINALIZACAO M7|UN|-|||||1.0|19.76
324325772|2733230|304|03|2022|8|5790|BOTINA DE SEGURANCA COM BIQUEIRA DE COMPOSITE|PR|-|||||52.0|111.56
324325773|2733230|304|03|2022|8|5808|PLACA DE SINALIZACAO S12|UN|-|||||2.0|19.76
324325774|2733230|304|03|2022|8|5807|PLACA DE SINALIZACAO S11|UN|-|||||1.0|19.76
324325775|2733230|304|03|2022|8|1776|LUVA CONFECEM PVC COM FORRO RESISTENTE A MATERIAL CORTANTE PALMA ASPERA ANTIDERRAPANTE NO TAMANHO 36 CM|PAR|-|||||80.0|25.34
324325776|2733230|304|03|2022|8|5788|LUVA DE SEGURANCA ISOLANTE DE BORRACHA|PR|-|||||2.0|1651.0
324325777|2733230|304|03|2022|8|2377|TELA TAPUME DE 50 METROS.|PECA|-|||||5.0|95.0
324325778|2733230|304|03|2022|8|5791|CREME PROTETOR SOLAR COM FPS 50|P|-|||||12.0|168.4
324325779|2733230|304|03|2022|8|5809|PLACA DE SINALIZACAO E5|UN|-|||||13.0|19.76
324325780|2733230|304|03|2022|8|3303|PROTETOR AURICULAR TIPO CONCHA|PECA|-|||||5.0|16.55
324325781|2733230|304|03|2022|8|5792|LUVA DE RASPA AO CROMO DE SEGURANCA COM REFORCO NAS PALMAS E DEDOS CANO LONGO PARA PROTECAO DAS MAOS CONTRA AGENTES CORTANTES E PERFURANTES TAMANHO 9|PR|-|||||200.0|12.9
324325782|2733230|304|03|2022|8|5805|PLACA DE SINALIZACAO S6|UN|-|||||1.0|19.76
324325783|2733230|304|03|2022|8|4097|LUVA PARA PROCEDIMENTO EM LATEX COR BRANCA EMBALAGEM COM 100 UNIDADES|CAIXA|-|||||10.0|34.15
324325784|2733230|304|03|2022|8|2671|LUVA EM PVC FORRADA COM OMBREIRA PLASTICA COM REFORCO NAS PALMAS E DEDOS E TIRAS DE FIXACAO PARA PROTECAO DO ANTEBRACO TAMANHO 9 12|PAR|-|||||30.0|42.8
324325788|2733230|304|03|2022|8|5806|PLACA DE SINALIZACAO S8|UN|-|||||2.0|19.76
324325785|2733230|304|03|2022|8|4098|LUVA DE SEGURANCA CONFECCIONADA EM VAQUETA INTEGRAL COM REFORCO NA PALMA COM PUNHO CONFECCIONADO EM RASPA POSSUI ELASTICO DE AJUSTE NO DORSO 20 CM|PAR|-|||||10.0|22.7
324325786|2733230|304|03|2022|8|1782|CAPA DE CHUVA DE TAMANHO UNICO|PECA|-|||||25.0|33.65
324325787|2733230|304|03|2022|8|5815|PLACA PARA IDENTIFICACAO DE PATRIMONIO EM ALUMINIO ANODIZADO|UN|-|||||500.0|1.8
324325789|2733230|304|03|2022|8|5394|PROTETOR AURICULAR AUDITIVO TIPO PLUG COMPOSTO DE TRÊS ANGES CONFECCIONADO EM SILICONE COM CORDAO DE XACAO CONFECCIONADO EM ALGODAOATENUACAO NRRSF 13DBATÓXICOHIPOALÉRGICO E LAVAVEL|UN|-|||||10.0|1.25
324325790|2733230|304|03|2022|8|5803|PLACA DE SINALIZACAO S2|UN|-|||||2.0|19.76
324325791|2733229|304|03|2022|8|4688|PREST.SERV.MEDICINA TRABALHO|SERVICOS|-|||||12.0|2750.0
324325792|2733228|304|03|2022|8|5857|LOCACAO DE IMPRESSORA LASER MULTIFUNCIONAL MONOCROMATICA|SV|-|||||1.0|28080.0
324325793|2733234|304|03|2022|9|5517|RECEBIMENTOS DE CONTAS DE AGUA E ESGOTO E OUTROS SERVICOS|SV|-|||||1.0|21000.0
324325794|2733233|304|03|2022|9|5481|PRESTACAO DE SERVICOS DE LOCACAO DE 01UMA MAQUINA TIPO RETROESCAVADEIRA INCLUSO AS DESPESAS COM COMBUSTÍVEL E OPERADOR DE ACORDO COM A DESCRICAO MOTOR DIESEL CAPACIDADE MÍNIMA DE 80CV TRACIONAMENTO 4X4 CABINADA ALARME PADRAO DE RÉ CACAMBAS NORMAIS ACRESCIDAS DE MAIS 03TRÊS AUXILIARES COM AS SEGUINTES MEDIDAS 30CM 40CM E 60CM PARA UTILIZACAO NO SISTEMA DE AGUA|HR|-|||||1800.0|127.97
324325795|2733233|304|03|2022|9|5482|PRESTACAO DE SERVICOS DE LOCACAO DE 01UMA MAQUINA TIPO RETROESCAVADEIRA INCLUSO AS DESPESAS COM COMBUSTÍVEL E OPERADOR DE ACORDO COM A DESCRICAO MOTOR DIESEL CAPACIDADE MÍNIMA DE 80CV TRACIONAMENTO 4X4 CABINADA ALARME PADRAO DE RÉ CACAMBAS NORMAIS ACRESCIDAS DE MAIS 03TRÊS AUXILIARES COM AS SEGUINTES MEDIDAS 30CM 40CM E 60CM PARA UTILIZACAO NO SISTEMA DE ESGOTO|HR|-|||||1800.0|127.97
324325833|2733235|304|03|2022|10|3056|SERV.CONSERTO PAINEL COMANDO|SERVICOS|-|||||14.0|1513.86
324325830|2733235|304|03|2022|10|4907|MANUT.CONJ.MB.ANT.SANTOS/BR|MENSAL|-|||||2.0|7925.15
324325831|2733235|304|03|2022|10|4222|SERV.AVALIACAO E SUBSTITUICAO|SERVICOS|-|||||14.0|273.99
324325832|2733235|304|03|2022|10|4223|SERV.DESOBSTRUCAO DO POCO|SERVICOS|-|||||4.0|16382.13
324325834|2733235|304|03|2022|10|3050|SERV. LIMPEZA DESINFECCAO|SERVICOS|-|||||8.0|1614.75
324325835|2733235|304|03|2022|10|3049|SERV. RETIRADA EQUIPAMENTO.|SERVICOS|-|||||14.0|1207.79
324325796|2733239|304|03|2022|10|5902|LINK DEDICADO FULLSIMETRICO 100 MB INSTALADO COM 1 IP FIXO E VALIDO 30 VIA FIBRA ÓPTICA|SV|-|||||12.0|1500.0
324325797|2733239|304|03|2022|10|5903|LINK DEDICADO FULLSIMETRICO 50 MB INSTALADO COM 1 IP FIXO E VALIDO 30 VIA FIBRA ÓPTICA|SV|-|||||12.0|1200.0
324325798|2733238|304|03|2022|10|116|GASOLINA COMUM|LITRO|-|||||2500.0|5.29
324325799|2733238|304|03|2022|10|2326|ETANOL|LITRO|-|||||80.0|3.99
324325800|2733238|304|03|2022|10|3567|OLEO DIESEL S10|LITRO|-|||||100.0|7.1
324325801|2733237|304|03|2022|10|5483|PRESTACAO DE SERVICOS DE LOCACAO DE 01UM CAMINHAO BASCULA TOCO CACAMBA COM CAPACIDADE MÍNIMA DE 5M³ DIRECAO HIDRAULICA TRANSMISSAO MANUAL FREIOS A AR ALARME PADRAO DE RÉ|HR|-|||||1800.0|126.0
324325802|2733236|304|03|2022|10|5112|LOC.COMPACTAD.PLACA VIBRATORIA|MENSAL|-|||||12.0|307.83
324325803|2733236|304|03|2022|10|5892|LOCACAO DE SERRA CLIPER A GASOLINA|MS|-|||||12.0|1065.56
324325804|2733236|304|03|2022|10|4000|LOC. MARTELO DEMOLIDOR 15KG.|MENSAL|-|||||12.0|236.79
324325805|2733236|304|03|2022|10|3993|"LOC. LIXADEIRA ANGULAR 7/""220V"|DIARIA|-|||||100.0|23.68
324325806|2733236|304|03|2022|10|3992|"LOC.ESMERILHADEIRA CORTE 41/2"""|DIARIA|-|||||100.0|18.94
324325807|2733236|304|03|2022|10|5033|LOC.PERFURATRIZ 1M X DIAM.27MM|DIARIA|-|||||40.0|71.0
324325808|2733236|304|03|2022|10|5121|LOC.GERADOR GAS.5000W MONO,BIV|MENSAL|-|||||12.0|331.51
324325809|2733236|304|03|2022|10|3996|"LOC.MOTOBOMBA AUTOESCOVANTE.2"""|DIARIA|-|||||100.0|18.94
324325810|2733236|304|03|2022|10|5032|"LOC.FURADEIRA 1/2"" C/SERRA COP"|DIARIA|-|||||100.0|18.94
324325811|2733236|304|03|2022|10|3991|LOCACAO COMPACTADOR 5,5HP ESGO|MENSAL|-|||||12.0|1018.2
324325812|2733236|304|03|2022|10|5893|LOCACAO DE MATELETE DEMOLIDOR 20 KG|MS|-|||||12.0|331.51
324325813|2733236|304|03|2022|10|5029|LOCACAO MAKITA SERRA MARMORE|MENSAL|-|||||12.0|37.89
324325814|2733236|304|03|2022|10|5122|LOC.MARTELETE ROMPED.2,7,127V|MENSAL|-|||||12.0|142.21
324325815|2733236|304|03|2022|10|4001|LOC. ROCADEIRA 2 PONTAS 1,5KW|DIARIA|-|||||100.0|16.58
324325816|2733236|304|03|2022|10|4002|LOC. MOTOSERRA GASOLINA 2,3KW|DIARIA|-|||||60.0|33.15
324325817|2733236|304|03|2022|10|5891|LOCACAO DE RETIFICADORA RETA INDUSTRIAL ELETRICA 14 POLEGADAS DIAMETRO DAS PINCAS 66 MM POTENCIA 500 W 110 VOLTS|DR|-|||||100.0|37.89
324325818|2733235|304|03|2022|10|5127|TRANSP.PESSOAL TECNICO E EQUIP|KILOMETRO|-|||||1000.0|3.0
324325819|2733235|304|03|2022|10|3052|SERV.MONT.INSTAL.EQUIPAMENTO|SERVICOS|-|||||14.0|1297.71
324325820|2733235|304|03|2022|10|5128|SERV.BOMBEAMENTO LIMPEZA POCO|HORA TRABALHADA|-|||||80.0|134.39
324325821|2733235|304|03|2022|10|4898|MANUT.CONJ.MB.ROCAS NOVAS/ADOL|MENSAL|-|||||2.0|8049.5
324325822|2733235|304|03|2022|10|3055|SERV.CONSER.CONJ.MOTOBOMBA|SERVICOS|-|||||14.0|4439.75
324325823|2733235|304|03|2022|10|4901|MANUT.CONJ.MB.REGIAO POSSES|MENSAL|-|||||2.0|10177.66
324325824|2733235|304|03|2022|10|3053|SERV.VERIFICACAO EXAME|SERVICOS|-|||||14.0|870.42
324325825|2733235|304|03|2022|10|4897|MANUT.CONJ.MB.ROCAS NOVAS/F.G2|MENSAL|-|||||2.0|9425.97
324325826|2733235|304|03|2022|10|4900|MANUT.CONJ.MB.ANT.SANTOS/M.NOV|MENSAL|-|||||2.0|7925.15
324325827|2733235|304|03|2022|10|4905|MANUT.CONJ.MB.CIDADE JARDIM|MENSAL|-|||||2.0|7058.82
324325828|2733235|304|03|2022|10|3057|SERV.RELATORIO TEC.TRABALHOS|SERVICOS|-|||||14.0|315.5
324325829|2733235|304|03|2022|10|4906|MANUT.CONJ.MB.RANCHO NOVO/PC2|MENSAL|-|||||2.0|8655.75
324333953|2734633|302|01|2022|11|4011|CESSÃO DE USO DE  SISTEMA DE CONTABILIDADE PÚBLICA|SERVIÇO|-|||||1.0|243999.36
324748284|2784724|303|02|2022|8|14976|CONTRATACAO DE EMPRESA ESPECIALIZADA NA PRESTACAO DE SERVCO DE GERENCIAMENTO RASTREAMENTO VEICULAR ABRANGENDO MONITORAMENTO VIA INTERNET IMPLANTACAO DE SISTEMA DE ACOMPANHAMENTO LOCALIZACAO E IMOBILIZACAO AUTOMATICA DE 16 DEZESSEIS VEÍCULOS E PRESTACAO DE SERVICO DE POSICIONAMENTO POR SATELITEGPS EM TEMPO REAL E ININTERRUPTO PARA O CONTROLE DE VEÍCULOS DA SECRETARIA DE SAÚDE INCLUINDO O FORNECIMENTO DE EQUIPAMENTOS COMPONENTES E LICENCA D EUSO DE SOFTWARE RESPECTIVOS SERVICSO DE INSTALACAO CONFIGURACAO CAPACITACAO E SUPORTE TECNICO COM GARANTIA DE FUNCIONAMENTO DE 12 MESES|SRV|-|||||1.0|13920.0
324748283|2784723|303|02|2022|8|15076|CONTRATACAO DE EMPRESA ESPECIALIZADA EM ARQUITETURA E URBANISMO PARA PRESTAR CONSULTORIA PARA A FINALIZACAO DA MINUTA DE LEI DO PLANO DIRETOR E PARA REVISAR A LEI DE PARCELAMENTO DO SOLO DO MUNICÍPIO|SRV|-|||||1.0|57880.0
324729908|2782317|303|02|2022|4|7066|SEGURO FIAT PÁLIO FIRE WAY 10 CONTRATACAO DE COBERTURA SECURITÁRIA CONTRA TERCEIROS E FURTOS DO VEÍCULO DADOS DO VEÍCULO FIAT PÁLIO FIRE WAY 10 8V COMBUSTÍVEL ÁLCOOLGASOLINA COR BRANCA CATEGORIA OFICIAL ANO DE FABRICACAO 2015 MODEL|UND|-|||||1.0|280.0
324729909|2782317|303|02|2022|4|4613|SEGURO RENAULT LOGAN OPF 3370 CONTRATACAO DE COBERTURA SECURITÁRIA CONTRA TERCEIROS E FURTOS DO VEÍCULO DADOS DO VEÍCULO RENAULT LOGAN EXP 16 HP MOTOR 106 CV COMBUSTÍVEL ÁLCOOLGASOLINA COR BRANCA CATEGORIA OFICIAL ANO DE FABRICACAO 201|UND|-|||||1.0|280.0
324729906|2782316|303|02|2022|4|14528|REVITALIZACAO PRACAS NO MUNICÍPIO DE CAETÉ|SRV|-|||||1.0|283300.3
324729907|2782317|303|02|2022|4|11294|SEGURO TOTAL DO VEICULO MICRO ONIBUS MODELO AGRALE GRAN MICRO ANO 20114 DE COR BRANCA PLACA PUE 7055|UND|-|||||1.0|750.0
324729910|2782317|303|02|2022|4|12127|SEGURO TOTAL DO VEICULO FIAT TORO FREEDOM AT9 4X4 MULTIJET TURBO DIESEL 4P ANO 2018 MODELO 2019 DE COR BRANCA PLACA QPV 7482|UND|-|||||1.0|684.0
324729911|2782317|303|02|2022|4|10125|PAGAMENTO DE SEGURO OBRIGATORIO DPVAT FIAT DOBLO PLACA PZV 8371|SRV|-|||||1.0|900.0
324729912|2782317|303|02|2022|4|14320|SEGURO TOTAL DO VEÍCULO CHEVROLET SPIN 18 MT PREMIER 4 PORTAS 7 LUGARES ANO 2021 MODELO 2022 DE COR BRANCA PLACA RNV2B49|SRV|-|||||1.0|210.0
324729913|2782317|303|02|2022|4|4615|SEGURO FIAT DOBLÔ AMBULÂNCIA OPQ 9291 CONTRATACAO DE COBERTURA SECURITÁRIA CONTRA TERCEIROS E FURTOS DO VEÍCULO DADOS DO VEÍCULO FIAT DOBLO RONTAN AMBULANCIA 2 MOTOR 086 CV COMBUSTÍVEL ÁLCOOLGASOLINA COR BRANCA CATEGORIA OFICIAL ANO DE FABRICACAO 2013 MODELO 2013 PLACA OPQ 9291 CHASSI 9BD223153D2031400   ITENS INCLUSOS NO COD 4615 CONFORME 2º TERMO ADITIVO AO CONTRATO AJCO 0102016 SEGURO FIAT DOBLÔ CARGO FLEX 14 ÁLCOOLGASOLINA PLACA PZV 8371E SEGURO DOBLO ESSENCE 18 16V ETORQ FLEX PLACA 8455|UND|-|||||1.0|850.0
324729914|2782317|303|02|2022|4|14322|SEGURO TOTAL DO VEÍCULO FOX CONNECT 16 ANO 2021MODELO 2022 DE COR BRANCA CHASSI 9BWAB45Z8N4007636MOTOR CCRBS1862|SRV|-|||||1.0|280.0
324729915|2782317|303|02|2022|4|14321|SEGURO TOTAL DO VEÍCULO GOL 10 MPI 4 PORTAS ANO 2021 MODELO 2022 DE COR BRANCAPLACA RNV9F09|SRV|-|||||1.0|280.0
324729916|2782317|303|02|2022|4|6696|SEGURO AMBULÂNCIA FIATDOBLO CARGO 14 AMBULANCIA20142015ALCGASBRANCO BANCHISA CHASSI9BD22315UF2040138RENAVAM204779MOTOR310A20112299879 CONTRATACAO DE COBERTURA SECURITÁRIA CONTRA TERCEIROS E FURTOS DO VEÍCULO|SRV|-|||||1.0|900.0
324729917|2782317|303|02|2022|4|12124|SEGURO TOTAL DO VEICULO ONIX JOY 10 ECO FLEX 4P ANO 2018 MODELO 2019 DE COR BRANCAPLACA QPO 4486|UND|-|||||1.0|280.0
324729918|2782317|303|02|2022|4|12126|SEGURO TOTAL DO VEICULO L200 TRITON SPORT GLX 24 CD DIESEL MEC ANO 2018 MODELO 2019 DE COR BRANCA CHASSI 9BCA8030KB123040|UND|-|||||1.0|990.0
324729919|2782317|303|02|2022|4|12125|SEGURO TOTAL DO VEICULO ONIX JOY 10 ECO FLEX 4P ANO 2018 MODELO 2019 DE COR BRANCAPLACA QPO 1907|UND|-|||||1.0|280.0
324729920|2782317|303|02|2022|4|7063|SEGURO CITROEN JUMPER 23 OXC4061 CONTRATACAO DE COBERTURA SECURITÁRIA CONTRA TERCEIROS E FURTOS DO VEÍCULO DADOS DO VEÍCULO CITROEN JUMPER 23 COMBUSTÍVEL DIESEL COR BRANCA ANO DE FABRICACAO 2014 PLACA OXC4061 CHASSI 935ZBWMBE21317|UND|-|||||1.0|700.0
324729921|2782317|303|02|2022|4|9239|SEGURO PLACA PXZ 9668 FIATDOBLO AMBULANCIA 142016 ALCGASBRANCO CHASSI9BD22315UG2042026 CONTRATACAO DE COBERTURA SECURITÁRIA CONTRA TERCEIROS E FURTOS DO VEÍCULO|UND|-|||||1.0|900.0
324729922|2782317|303|02|2022|4|6697|SEGURO PLACA PVX 7568 FIATDOBLO AMBULÂNCIA 14 AMBULANCIA20142015ALCGASBRANCO CHASSI9BD22315UF2040208 CONTRATACAO DE COBERTURA SECURITÁRIA CONTRA TERCEIROS E FURTOS DO VEÍCULO|SRV|-|||||1.0|900.0
324729923|2782317|303|02|2022|4|7064|SEGURO CITROEN JUMPER 23 PVK1634 CONTRATACAO DE COBERTURA SECURITÁRIA CONTRA TERCEIROS E FURTOS DO VEÍCULO DADOS DO VEÍCULO CITROEN JUMPER 23 COMBUSTÍVEL DIESEL COR BRANCA ANO DE FABRICACAO 2014 PLACA PVK1634 CHASSI 935ZBWMMBE21|UND|-|||||1.0|700.0
324729927|2782317|303|02|2022|4|9243|SEGURO FIAT DOBLÔ ESSENCE PLACA PXZ 9675 ALCGAS CONTRATACAO DE COBERTURA SECURITÁRIA CONTRA TERCEIROS E FURTOS DO VEÍCULO DADOS DO VEÍCULO FIAT DOBLO ESSENCE 18 COR BRANCA ANO DE FABRICACAO 2016 CHASSI 9BD11960SG1135197ITENS INCLUSOS NO COD 4615 SEGURO FIAT DOBLÔ CARGO FLEX 14 ÁLCOOLGASOLINA PLACA PXZ 9675|UND|-|||||1.0|480.0
324729924|2782317|303|02|2022|4|9240|SEGURO FIAT PÁLIO FIRE PLACA PXZ 9629 ALCGAS CONTRATACAO DE COBERTURA SECURITÁRIA CONTRA TERCEIROS E FURTOS DO VEÍCULO DADOS DO VEÍCULO FIAT PÁLIO FIRE COR BRANCA CATEGORIA OFICIAL ANO DE FABRICACAO 20152016 CHASSI 9BD17122ZG7571622|UND|-|||||1.0|280.0
324729925|2782317|303|02|2022|4|7062|SEGURO FIAT UNO MILE OWS0455 CONTRATACAO DE COBERTURA SECURITÁRIA CONTRA TERCEIROS E FURTOS DO VEÍCULO DADOS DO VEÍCULO FIAT UNO MILE COMBUSTÍVEL ÁLCOOLGASOLINA COR BRANCA ANO DE FABRICACAO 2013 PLACA OWS0455 CHASSI 9BD15844AD6891|UND|-|||||1.0|280.0
324729926|2782317|303|02|2022|4|12058|PAGAMENTO SEGURO OBRIGATÓRIO DPVAT DO VEÍCULO FIAT DOBLÔ ANO 2016 PLACA PZV 8455|SRV|-|||||1.0|900.0
324729928|2782317|303|02|2022|4|14319|SEGURO TOTAL DO VEÍCULO MONTANA LS 14 ECONOFLEX 8V 2P ANO 2020 MODELO 2020 DE COR BRANCA PLACARNV2D63|SRV|-|||||1.0|220.0
324729929|2782317|303|02|2022|4|12123|SEGURO TOTAL DO VEICULO MONTANA LS 14 ECONOFLEX 8V 2P ANO 2018 MODELO 2019 DE COR BRANCAPLACA QPZ 4297|UND|-|||||1.0|900.0
324729930|2782317|303|02|2022|4|9241|SEGURO FIAT PÁLIO FIRE PLACA PYK 5294 ALC GASCONTRATACAO DE COBERTURA SECURITÁRIA CONTRA TERCEIROS E FURTOS DO VEÍCULO DADOS DO VEÍCULO FIAT PÁLIO FIRE COR BRANCA CATEGORIA OFICIAL ANO DE FABRICACAO 2016 CHASSI 9BD17144ZG7595290|UND|-|||||1.0|280.0
324729931|2782317|303|02|2022|4|10127|PAGAMENTO DE SEGURO OBRIGATORIO DPVAT FIAT DUCATO PLACA ORC 9940|SRV|-|||||1.0|1500.0
324729932|2782317|303|02|2022|4|7065|SEGURO CITROEN JUMPER 23 OXC4066 CONTRATACAO DE COBERTURA SECURITÁRIA CONTRA TERCEIROS E FURTOS DO VEÍCULO DADOS DO VEÍCULO CITROEN JUMPER 23 COMBUSTÍVEL DIESEL COR BRANCA ANO DE FABRICACAO 2014 PLACA OXC4066 CHASSI 935ZBWMBE2131|UND|-|||||1.0|700.0
324729933|2782317|303|02|2022|4|11539|SEGURO TOTAL DO VEICULO AMBULANCIA MODELO DUCATO MAXICARGO 12 M PLACA QOS 6084|UND|-|||||1.0|1300.0
324729934|2782317|303|02|2022|4|11295|SEGURO TOTAL DO VEICULO MICRO ONIBUS MODELO AGRALE GRAN MICRO ANO 20114 DE COR BRANCA PLACA PUE 7043|UND|-|||||1.0|750.0
324729935|2782317|303|02|2022|4|4608|SEGURO FIAT UNO VIVACE 10 HNH 1591 CONTRATACAO DE COBERTURA SECURITÁRIA CONTRA TERCEIROS E FURTOS DO VEÍCULO DADOS DO VEÍCULO FIAT UNO VIVACE MOTOR 075 CV COMBUSTÍVEL ÁLCOOLGASOLINA COR BRANCA CATEGORIA OFICIAL ANO DE FABRICACAO 2011|UND|-|||||1.0|280.0
324729936|2782318|303|02|2022|4|14952|FORMALIZACAO DE PARCERIA COM OSC PARA PRESTACAO DE SERVICOS DE ESTERILIZACAO DE CAES E GATOS IDENTIFICACAO POR TATUAGEM OU MICROCHIP DISPONIBILIZACAO DE COLAR ELISABETANO OU MACACAO CIRÚRGICO DISTRIBUICAO DE CARTILHAS POSSE RESPONSAVEL ANTIBIÓTICOS DE LONGA ACAO ANTI INFLAMATÓRIOS E ANTIPIRÉTICOS|SRV|-|||||1200.0|180.0
324729937|2782319|303|02|2022|5||||1 - SINAPI|92562|||65|2.0|3719.38
324729938|2782319|303|02|2022|5||||1 - SINAPI|87259|||52|110.36|138.7
324729939|2782319|303|02|2022|5||||1 - SINAPI|96123|||28|77.4|34.59
324729940|2782319|303|02|2022|5||||1 - SINAPI|86888|||59|4.0|517.52
324729941|2782319|303|02|2022|5|330000000800|CONTRAPISO DESEMPENADO COM ARGAMASSA TRACO 13 CIMENTO E AREIA ESP 50MM COD PISCON02|M²|3 - OUTRAS TABELAS OFICIAIS|||SETOP|50|57.8|49.55
324729942|2782319|303|02|2022|5|330000000796|INTERRUPTOR UMA TECLA SIMPLES 10 A 250 V COM PLACA COD ELEINT15|CJ|3 - OUTRAS TABELAS OFICIAIS|||SETOP|46|7.0|15.87
324729943|2782319|303|02|2022|5|330000000768|ELETRODUTO FLEXÍVEL CORRUGADO PVC ANTICHAMA DN 25MM 34 APLICADO EM ALVENARIA EXCLUSIVE RASGO COLOCADO EM LAJE E NAS PAREDES COD ED17952|M²|3 - OUTRAS TABELAS OFICIAIS|||SETOP|18|20.0|4.8
324729944|2782319|303|02|2022|5|330000000803|SOLEIRA DE MARMORE BRANCO E = 3 CM COD ED51005|M²|3 - OUTRAS TABELAS OFICIAIS|||SETOP|53|0.96|344.39
324729945|2782319|303|02|2022|5|330000000779|REVESTIMENTO COM AZULEJO BRANCO 20X20CM JUNTA A PRUMO ASSENTAMENTO COM ARGAMASSA INDUSTRIALIZADA INCLUSIVE REJUNTAMENTO COD ED50717|M²|3 - OUTRAS TABELAS OFICIAIS|||SETOP|29|17.94|60.83
324729946|2782319|303|02|2022|5|330000000761|DEMOLICAO DE PASSEIO OU LAJE DE CONCRETO COM EQUIPAMENTO INCLUSIVE AFASTAMENTO COD DEMPIS55|M²|3 - OUTRAS TABELAS OFICIAIS|||SETOP|8|14.04|15.07
324729947|2782319|303|02|2022|5|330000000795|LUMINARIA CHANFRADA PARA LÂMPADA FLUORESCENTE 1X16W OU 1 X 20 W COMPLETA COD ELELUM06|UND|3 - OUTRAS TABELAS OFICIAIS|||SETOP|45|11.0|118.47
324729948|2782319|303|02|2022|5|330000000812|DIVISÓRIA EM ARDÓSIA E = 3 CM INCLUSIVE FERRAGENS EM LATAO CROMADO COD ED48532|MT|3 - OUTRAS TABELAS OFICIAIS|||SETOP|62|6.4|301.28
324729949|2782319|303|02|2022|5|330000000797|CONJUNTO DE DUAS 2 TOMADAS PADRAO TRÊS 3 POLOS CORRENTE 10A TENSAO 250V 2PT10A250V COM PLACA 4X2 DE DOIS 2 POSTOS INCLUSIVE FORNECIMENTO INSTALACAO SUPORTE MÓDULO E PLACA COD ED15755|UND|3 - OUTRAS TABELAS OFICIAIS|||SETOP|47|5.0|34.97
324729950|2782319|303|02|2022|5|330000000757|CHAPISCO COM ARGAMASSA TRACO 13 CIMENTO E AREIA ESP5MM APLICADO EM ALVENARIAESTRUTURA DE CONCRETO COM COLHER PREPARO MECÂNICO COD REVCHA05|M²|3 - OUTRAS TABELAS OFICIAIS|||SETOP|12|87.08|7.7
324729951|2782319|303|02|2022|5|330000000794|DISJUNTOR MONOPOLAR TERMOMAGNÉTICO 5KA DE 40A COD ELEDIS13|UND|3 - OUTRAS TABELAS OFICIAIS|||SETOP|44|2.0|26.98
324729955|2782319|303|02|2022|5|330000000759|DEMOLICAO DE ALVENARIA DE TIJOLO CERÂMICO SEM APROVEITAMENTO DO MATERIAL INCLUSIVE AFASTAMENTO COD DEMALV10|M²|3 - OUTRAS TABELAS OFICIAIS|||SETOP|6|29.68|116.36
324729952|2782319|303|02|2022|5|330000000791|QUADRO DE DISTRIBUICAO PARA 12 MÓDULOS COM BARRAMENTO E CHAVE COD ELEQUA06|UND|3 - OUTRAS TABELAS OFICIAIS|||SETOP|41|1.0|193.47
324729953|2782319|303|02|2022|5|330000000807|REGISTRO DE GAVETA TIPO BASE ROSCAVEL 112 PARA TUBO SOLDAVEL OU PPR DN 50MMCPVC DN 42MM INCLUSIVE ACABAMENTO PADRAO POPULAR E CANOPLA CROMADOS COD ED49996|UND|3 - OUTRAS TABELAS OFICIAIS|||SETOP|57|2.0|105.37
324729954|2782319|303|02|2022|5|330000000757|CHAPISCO COM ARGAMASSA TRACO 13 CIMENTO E AREIA ESP5MM APLICADO EM ALVENARIAESTRUTURA DE CONCRETO COM COLHER PREPARO MECÂNICO COD REVCHA05|M²|3 - OUTRAS TABELAS OFICIAIS|||SETOP|3|45.0|7.7
324729956|2782319|303|02|2022|5|330000000539|ESCAVACAO MANUAL DE VALAS H<=150 M BASES PILARES COD ED51107|M³|3 - OUTRAS TABELAS OFICIAIS|||SETOP|10|1.1|57.88
324729957|2782319|303|02|2022|5|330000000760|TRANSPORTE DE MATERIAL DE QUALQUER NATUREZA CARRINHO DE MAO DMT <= 50 M COD TRAMAO05|M³|3 - OUTRAS TABELAS OFICIAIS|||SETOP|7|4.65|34.06
324729958|2782319|303|02|2022|5|330000000814|COBERTURA EM TELHA CERÂMICA COLONIAL CURVA 26 UNIDM2 COD ED48421|M²|3 - OUTRAS TABELAS OFICIAIS|||SETOP|64|140.8|89.06
324729959|2782319|303|02|2022|5|330000000804|CAIXA D¿AGUA DE POLIETILENO CAPACIDADE DE 1000L INCLUSIVE TAMPA TORNEIRA DE BOIA EXTRAVASOR TUBO DE LIMPEZA E ACESSÓRIOS EXCLUSIVE TUBULACAO DE ENTRADASAÍDA DE AGUA COD ED49936|UND|3 - OUTRAS TABELAS OFICIAIS|||SETOP|54|1.0|705.73
324729960|2782319|303|02|2022|5|330000000799|CABO DE COBRE FLEXÍVEL CLASSE 5 ISOLAMENTO TIPO EPRHEPR NAO HALOGENADO ANTICHAMA TERMOFIXO UNIPOLAR SECAO 4 MM2 90°C 061KV COD ELECAB28|MT|3 - OUTRAS TABELAS OFICIAIS|||SETOP|49|100.0|7.02
324729961|2782319|303|02|2022|5|330000000781|PINTURA ESMALTE EM ESQUADRIA DE MADEIRA DUAS 2 DEMAOS INCLUSIVE UMA 1 DEMAO DE FUNDO NIVELADOR EXCLUSIVE MASSA A ÓLEO COD PINESM15|M²|3 - OUTRAS TABELAS OFICIAIS|||SETOP|31|16.8|18.37
324729962|2782319|303|02|2022|5|330000000806|ADAPTADOR SOLDAVEL DE PVC MARROM COM FLANGES E ANEL PARA CAIXA DAGUA Ø 50 MM X 1 12 COD ED49848|UND|3 - OUTRAS TABELAS OFICIAIS|||SETOP|56|1.0|42.6
324729963|2782319|303|02|2022|5|330000000813|ENGRADAMENTO PARA TELHAS CERÂMICA OU CONCRETO EM MADEIRA PARAJU COD ED48407|M²|3 - OUTRAS TABELAS OFICIAIS|||SETOP|63|140.8|148.78
324729964|2782319|303|02|2022|5|330000000764|EMBOCO COM ARGAMASSA TRACO 16 CIMENTO E AREIA ESP 20MM APLICACAO MANUAL PREPARO MECÂNICO COD REVEMB05|M²|3 - OUTRAS TABELAS OFICIAIS|||SETOP|13|67.76|27.72
324729965|2782319|303|02|2022|5|330000000771|PORTA EM MADEIRA DE LEI ESPECIAL COMPLETA 80 X 210 CM COM REVESTIMENTO EM LAMINADO MELAMÍNICO NAS DUAS FACES INCLUSIVE FERRAGENS E MACANETA TIPO ALAVANCA COD ED49605|UND|3 - OUTRAS TABELAS OFICIAIS|||SETOP|21|2.0|814.77
324729966|2782319|303|02|2022|5|330000000793|DISJUNTOR MONOPOLAR TERMOMAGNÉTICO 5KA DE 30A COD ELEDIS10|UND|3 - OUTRAS TABELAS OFICIAIS|||SETOP|43|2.0|20.44
324729967|2782319|303|02|2022|5|330000000789|PLACA FOTOLUMINESCENTE S12 380 X 190 MM COD INCPLA35|UND|3 - OUTRAS TABELAS OFICIAIS|||SETOP|39|2.0|23.09
324729968|2782319|303|02|2022|5|330000000762|DEMOLICAO DE PISO CIMENTADO OU CONTRAPISO DE ARGAMASSA ESPESSURA MAXIMA DE 10CM INCLUSIVE AFASTAMENTO COD DEMPIS05|M²|3 - OUTRAS TABELAS OFICIAIS|||SETOP|9|14.04|15.52
324729969|2782319|303|02|2022|5|330000000782|LIXAMENTO MANUAL EM SUPERFÍCIE DE MADEIRA PARA REMOCAO DE TINTA COD PINLIX10|M²|3 - OUTRAS TABELAS OFICIAIS|||SETOP|32|16.8|4.28
324729970|2782319|303|02|2022|5|330000000810|FORNECIMENTO E ASSENTAMENTO DE TUBO PVC RÍGIDO COLETOR DE ESGOTO LISO JEI DN 100 MM 4 INCLUSIVE CONEXOES COD ED50105|MT|3 - OUTRAS TABELAS OFICIAIS|||SETOP|60|3.0|36.49
324729971|2782319|303|02|2022|5|330000000758|REBOCO COM ARGAMASSA TRACO 128 CIMENTOCAL E AREIA ESP 20MM APLICACAO MANUAL PREPARO MECÂNICO COD REVREB15|M²|3 - OUTRAS TABELAS OFICIAIS|||SETOP|14|19.32|28.38
324729972|2782319|303|02|2022|5|330000000784|PINTURA ACRÍLICA EM PAREDE DUAS 2 DEMAOS EXCLUSIVE SELADOR ACRÍLICO E MASSA ACRÍLICACORRIDA PVA COD ED50451|M²|3 - OUTRAS TABELAS OFICIAIS|||SETOP|34|323.68|13.22
324729973|2782319|303|02|2022|5|330000000818|REMOCAO DE TELHA CERÂMICA COLONIAL OU FRANCESA INCLUSIVE AFASTAMENTO E EMPILHAMENTO COD ED48513|M²|3 - OUTRAS TABELAS OFICIAIS|||SETOP|68|140.8|11.63
324729974|2782319|303|02|2022|5|330000000792|DISJUNTOR MONOPOLAR TERMOMAGNÉTICO 5KA DE 16A COD ELEDIS07|UND|3 - OUTRAS TABELAS OFICIAIS|||SETOP|42|2.0|21.2
324729975|2782319|303|02|2022|5|330000000805|FORNECIMENTO E ASSENTAMENTO DE TUBO PVC RÍGIDO ROSCAVEL AGUA FRIA DN 12 20 MM INCLUSIVE CONEXOES COD ED50078|MT|3 - OUTRAS TABELAS OFICIAIS|||SETOP|55|6.0|20.41
324729976|2782319|303|02|2022|5|330000000767|LAJE PRÉMOLDADA A REVESTIR INCLUSIVE CAPEAMENTO E = 4 CM SC = 370 KGM2 COD LAJREV55|M²|3 - OUTRAS TABELAS OFICIAIS|||SETOP|17|17.94|108.94
324729977|2782319|303|02|2022|5|330000000755|DEMOLICAO DE REBOCO INCLUSIVE AFASTAMENTO COD ED48501|M³|3 - OUTRAS TABELAS OFICIAIS|||SETOP|2|1.35|13.57
324729978|2782319|303|02|2022|5|330000000770|CIMBRAMENTO PARA LAJE PRÉMOLDADA COM ESCORAMENTO METALICO TIPO A ALTURA DE 200 ATÉ 310CM INCLUSIVE DESCARGA MONTAGEM DESMONTAGEM E CARGA COD ED19637|M²|3 - OUTRAS TABELAS OFICIAIS|||SETOP|20|17.94|14.75
324729979|2782319|303|02|2022|5|330000000817|CALHA DE CHAPA GALVANIZADA N° 22 GSG DESENVOLVIMENTO = 33 CM COD ED50648|MT|3 - OUTRAS TABELAS OFICIAIS|||SETOP|67|12.8|62.43
324729980|2782319|303|02|2022|5|330000000801|DEMOLICAO DE PISO CERÂMICO OU LADRILHO HIDRAULICO INCLUSIVE AFASTAMENTO COD ED48480|M²|3 - OUTRAS TABELAS OFICIAIS|||SETOP|51|109.25|13.76
324729981|2782319|303|02|2022|5|330000000777|FORRO DE GESSO EM PLACAS ACARTONADAS FGE COD ED49686|M²|3 - OUTRAS TABELAS OFICIAIS|||SETOP|27|167.9|48.18
324729982|2782319|303|02|2022|5|330000000765|FORNECIMENTO DE CONCRETO ESTRUTURAL PREPARADO EM OBRA COM FCK 25 MPA INCLUSIVE LANCAMENTO ADENSAMENTO E ACABAMENTO COD ED49619|M³|3 - OUTRAS TABELAS OFICIAIS|||SETOP|15|2.47|601.41
324729986|2782319|303|02|2022|5|330000000780|REVESTIMENTO COM CERÂMICA APLICADO EM PISO ACABAMENTO ESMALTADO AMBIENTE INTERNO PADRAO EXTRA DIMENSAO DA PECA ATÉ 2025 CM2 PEI IV ASSENTAMENTO COM ARGAMASSA INDUSTRIALIZADA INCLUSIVE REJUNTAMENTO COD ED50724|M²|3 - OUTRAS TABELAS OFICIAIS|||SETOP|30|67.76|79.6
324729983|2782319|303|02|2022|5|330000000808|AVATÓRIO DE LOUCA BRANCA COM COLUNA TAMANHO MÉDIO INCLUSIVE ACESSÓRIOS DE FIXACAO VALVULA DE ESCOAMENTO DE METAL COM ACABAMENTO CROMADO SIFAO DE METAL TIPO COPO COM ACABAMENTO CROMADO FORNECIMENTO INSTALACAO E REJUNTAMENTO EXCLUSIVE TORNEIRA E ENGATE FLEXÍVEL COD ED50282|UND|3 - OUTRAS TABELAS OFICIAIS|||SETOP|58|2.0|407.58
324729984|2782319|303|02|2022|5|330000000787|PLACA FOTOLUMINESCENTE S1 OU S2 380X190MM COD INCPLA20|UND|3 - OUTRAS TABELAS OFICIAIS|||SETOP|37|4.0|23.27
324729985|2782319|303|02|2022|5|330000000811|RALO SIFONADO PVC CILINDRICO 100 X 70 X 40 MM COM GRELHA QUADRADA COD ED49957|UND|3 - OUTRAS TABELAS OFICIAIS|||SETOP|61|2.0|24.12
324729987|2782319|303|02|2022|5|330000000798|CABO DE COBRE FLEXÍVEL CLASSE 5 ISOLAMENTO TIPO EPRHEPR NAO HALOGENADO ANTICHAMA TERMOFIXO UNIPOLAR SECAO 25 MM2 90°C 061KV COD ED48989|MT|3 - OUTRAS TABELAS OFICIAIS|||SETOP|48|150.0|5.05
324729988|2782319|303|02|2022|5|330000000758|REBOCO COM ARGAMASSA TRACO 128 CIMENTOCAL E AREIA ESP 20MM APLICACAO MANUAL PREPARO MECÂNICO COD REVREB15|M²|3 - OUTRAS TABELAS OFICIAIS|||SETOP|5|33.0|28.38
324729989|2782319|303|02|2022|5|330000000790|LUMINARIA DE EMERGÊNCIA AUTÔNOMA IE16 COM LÂMPADA DE 8 WU COD INCLUM05|UND|3 - OUTRAS TABELAS OFICIAIS|||SETOP|40|12.0|84.94
324729990|2782319|303|02|2022|5|330000000788|BASE DECORATIVA PARA EXTINTORES COD INCEXT20|UND|3 - OUTRAS TABELAS OFICIAIS|||SETOP|38|4.0|57.64
324729991|2782319|303|02|2022|5|330000000772|PORTA DE ABRIR MADEIRA DE LEI PRANCHETA PARA PINTURA COMPLETA 80 X 210 CMCOM FERRAGENS EM FERRO LATONADO COD ED49602|UND|3 - OUTRAS TABELAS OFICIAIS|||SETOP|22|1.0|640.89
324729992|2782319|303|02|2022|5|330000000769|CAIXA DE LIGACAOPASSAGEM EM PVC RÍGIDO PARA ELETRODUTO COM SUPORTE PARA LAJOTA OCTOGONAL COM FUNDO MÓVEL DIMENSOES 4X4 EMBUTIDA EM LAJE PRÉMOLDADA FORNECIMENTO E INSTALACAO COD ED16634|UND|3 - OUTRAS TABELAS OFICIAIS|||SETOP|19|2.0|13.37
324729993|2782319|303|02|2022|5|330000000754|FORNECIMENTO E COLOCACAO DE PLACA DE OBRA EM CHAPA GALVANIZADA 300 X 15 0 M EM CHAPA GALVANIZADA 026 AFIXADAS COM REBITES 540 E PARAFUSOS 38 EM ESTRUTURA METALICA VIGA U 2 ENRIJECIDA COM METALON 20 X 20 SUPORTE EM EUCALIPTO AUTOCLAVADO PINTADAS COD ED50152|UND|3 - OUTRAS TABELAS OFICIAIS|||SETOP|1|1.0|1327.81
324729994|2782319|303|02|2022|5|330000000766|FORMA E DESFORMA DE TABUA E SARRAFO REAPROVEITAMENTO 3X COD FUNFOR05|M²|3 - OUTRAS TABELAS OFICIAIS|||SETOP|16|6.18|48.98
324729995|2782319|303|02|2022|5|330000000775|FECHADURA TIPO EXTERNA GRAU DE SEGURANCA MÉDIO MAQUINA 40MM ACABAMENTO COM ESPELHO CROMADO E MACANETA MODELO ALAVANCA EM ZAMAC INCLUSIVE ACESSÓRIOS PARA FIXACAO E DUAS 2 CHAVES COD FRGFEC05|UND|3 - OUTRAS TABELAS OFICIAIS|||SETOP|25|1.0|285.75
324729996|2782319|303|02|2022|5|330000000785|EXTINTOR DE INCÊNDIO TIPO PÓ QUÍMICO 2A 20B C CAPACIDADE 6 KG COD INCEXT16|UND|3 - OUTRAS TABELAS OFICIAIS|||SETOP|35|4.0|186.01
324729997|2782319|303|02|2022|5|330000000786|PLACA FOTOLUMINESCENTE S1 OU S2 380X190MM COD INCPLA15|UND|3 - OUTRAS TABELAS OFICIAIS|||SETOP|36|4.0|23.27
324729998|2782319|303|02|2022|5|330000000774|CARPINTEIRO DE ESQUADRIA COM ENCARGOS COMPLEMENTARES COD MAOOFC15|HRS|3 - OUTRAS TABELAS OFICIAIS|||SETOP|24|16.0|21.22
324729999|2782319|303|02|2022|5|330000000758|REBOCO COM ARGAMASSA TRACO 128 CIMENTOCAL E AREIA ESP 20MM APLICACAO MANUAL PREPARO MECÂNICO COD REVREB15|M²|3 - OUTRAS TABELAS OFICIAIS|||SETOP|4|45.0|28.38
324730000|2782319|303|02|2022|5|330000000816|CUMEEIRA PARA TELHA CERÂMICA INCLUSIVE ASSENTAMENTO EM ARGAMASSA TRACO 129 CIMENTO CAL E AREIA PREPARO MECÂNICO COD ED48400|MT|3 - OUTRAS TABELAS OFICIAIS|||SETOP|66|12.8|29.64
324730001|2782319|303|02|2022|5|330000000783|LIXAMENTO MANUAL EM PAREDE PARA REMOCAO DE TINTA COD PINLIX05|M²|3 - OUTRAS TABELAS OFICIAIS|||SETOP|33|323.68|2.93
324730002|2782319|303|02|2022|5|330000000773|FORNECIMENTO E ASSENTAMENTO DE JANELA BASCULANTE EM METALON COD SERJAN05|M²|3 - OUTRAS TABELAS OFICIAIS|||SETOP|23|0.5|430.6
324730003|2782319|303|02|2022|5|330000000763|ALVENARIA DE VEDACAO COM TIJOLO CERÂMICO FURADO ESP 14CM PARA REVESTIMENTO INCLUSIVE ARGAMASSA PARA ASSENTAMENTO EMPENA COD ED48232|M²|3 - OUTRAS TABELAS OFICIAIS|||SETOP|11|26.6|17.57
324730004|2782319|303|02|2022|5|330000000776|VIDRO COMUM LISO INCOLOR ESP 3MM INCLUSIVE FIXACAO E VEDACAO COM GUARNICAOGAXETA DE BORRACHA NEOPRENE FORNECIMENTO E INSTALACAO EXCLUSIVE CAIXILHOPERFIL COD ED51155|M²|3 - OUTRAS TABELAS OFICIAIS|||SETOP|26|16.0|91.97
324730005|2782320|303|02|2022|5|14596|CONTRATACAO DE EMPRESA ESPECIALIZADA PARA A PRESTACAO DE SERVICOS DE CRIACAO IMPLANTACAO MIGRACAO DE DADOS CUSTOMIZACAO ATIVACAO TREINAMENTO E LOCACAO DE LICENCA DE USO HOSPEDAGEM SUPORTE TÉCNICO E ATUALIZACAO MENSAL DOS WEBSITES DENOMINADOS PORTAL INSTITUCIONAL E PORTAL DE INFORMACOES E SERVICOS PARA BANCOS E CARTÓRIOS E EMAILS CORPORATIVOS|SRV|-|||||1.0|70020.0
324730006|2782321|303|02|2022|5|14324|CONTRATACAO DE EMPRESAS PARA SERVICOS DE MANUTENCAO PERIÓDICA MENSAL EM ELEVADOR DE PASSAGEIROS MODELOMARCA DELTA SUN 5 PARADAS 4 PASSAGEIROS PESO MAXIMO DE 300 KG INSTALADO NO PRÉDIO DA ESTACAO CULTURA E CIDADANIA MONSENHOR DOMINGOS REESTABELECENDO AS CONDICOES DE FUNCIONAMENTO DO EQUIPAMENTO E REALIZANDO MELHORIAS E CORRECOES NA INSTALCAO PARA QUE O MESMO OPERE DE FORMA SEGURA E COM QUALIDADE COM FORNECIMENTO DE PECAS POR CONTA DO CONTRATADO|UND|-|||||1.0|1.0
324730007|2782321|303|02|2022|5|14323|CONTRATACAO DE EMPRESA PARA SERVICOS DE MANUTENCAO PERIÓDICA MENSAL EM ELEVADOR DE PASSAGEIROS MODELOMARCA VERTILINE 3 PARADAS 6 PASSAGEIROS PESO MAXIMO DE 450 KG INSTALADO NA ESCOLA MUNICIPAL PADRE JOAQUIM SATURNINO DE FREITAS REESTABELECENDO AS CONDICOES DE FUNCIONAMENTO DO EQUIPAMENTO E REALIZANDO MELHORIAS E CORRECOES NA INSTALACAO PARA QUE O MESMO OPERE DE FORMA SEGURA E COM QUALIDADE COM FORNECIMENTO DE PECAS POR CONTA DO CONTRATATADO|UND|-|||||1.0|1.0
324730009|2782323|303|02|2022|7|14927|CONTRATACAO DE EMPRESA ESPECIALIZADA PARA EXECUCAO DE PROJETO DE SEGURANCA COMBATE A INCÊNDIO E PÂNICO DO GINASIO POLIESPORTIVO DE CAETÉ|SRV|-|||||1.0|100505.12
324730008|2782322|303|02|2022|7|14926|CONTRATACAO DE EMPRESA ESPECIALIZADA PARA PRESTACAO DE SERVICOS DE RECEPCAO DE RESÍDUOS SÓLIDOS PROVENIENTES DA LIMPEZA PÚBLICA URBANA DO MUNICÍPIO DE CAETÉ COMPREENDENDO O LIXO COMERCIAL E O LIXO PÚBLICO PELO PÉRÍODO DE 12 MESES|TON|-|||||7440.0|98.0
324466096|2752143|302|01|2022|12|3349|BLAZER SOCIAL FEMININO|UNIDADE|-|||||17.0|227.0
324466093|2752144|302|01|2022|12|4166|TELEFONE FIXO VEREADORES|SERVIÇO|-|||||1.0|6700.0
324466094|2752144|302|01|2022|12|4165|TELEFONE FIXO ADMINISTRATIVO|SERVIÇO|-|||||1.0|12000.0
324466095|2752144|302|01|2022|12|4167|TELEFONE FIXO PROCON|SERVIÇO|-|||||1.0|10000.0
324466097|2752143|302|01|2022|12|3375|CALCA SOCIAL MASCULINA|UNIDADE|-|||||10.0|174.7
324466098|2752143|302|01|2022|12|4163|CAMISA  POLO PROCON|UNIDADE|-|||||20.0|82.0
324466099|2752143|302|01|2022|12|3373|CAMISA MANGA LONGA FEMININA|UNIDADE|-|||||17.0|100.0
324466100|2752143|302|01|2022|12|3374|CALCA SOCIAL FEMININA|UNIDADE|-|||||34.0|185.0
324466101|2752143|302|01|2022|12|208|CALÇA FEMININA|UNIDADE|-|||||3.0|200.0
324466102|2752143|302|01|2022|12|3358|CAMISA MANGA CURTA FEMININA|UNIDADE|-|||||34.0|85.0
324466103|2752143|302|01|2022|12|3360|CAMISA MANGA CURTA MACULINA|UNIDADE|-|||||10.0|85.0
324466104|2752143|302|01|2022|12|4164|CAMISA POLO MASCULINA PROCON|UNIDADE|-|||||20.0|82.0
324466105|2752143|302|01|2022|12|3376|CAMISA POLO FEMININA|UNIDADE|-|||||86.0|82.0
324466106|2752143|302|01|2022|12|207|CALÇA MASCULINA|UNIDADE|-|||||3.0|200.0
324466107|2752143|302|01|2022|12|3377|CAMISA POLO MASCULINO|UNIDADE|-|||||26.0|82.0
324514830|2758217|304|03|2022|12|4514|ESCAVACAO MANUAL VALA H<=150M|METRO CUBICO|4 - PRÓPRIO||||5|3.26|68.0
324514831|2758217|304|03|2022|12|5585|APILOAMENTO DO FUNDO DE VALAS COM SOQUETE|M2|4 - PRÓPRIO||||6|8.15|23.0
324514828|2758217|304|03|2022|12|5919|DEMOLICAO DE CONCRETO ARMADO COM EQUIPAMENTO ELETRICO|M3|4 - PRÓPRIO||||3|0.36|81.39
324514829|2758217|304|03|2022|12|5586|REGULARIZACAO E COMPACTACAO DE TERRENO COM PLACA VIBRATORIA|M2|4 - PRÓPRIO||||7|8.15|5.1
324514832|2758217|304|03|2022|12|5920|ENROCAMENTO COM PEDRA DE MAO ARRUMADA|M3|4 - PRÓPRIO||||9|1.48|236.5
324514833|2758217|304|03|2022|12|4881|ALVEN.VEDACAO 14CM MURO ARRIMO|METRO QUADRADO|4 - PRÓPRIO||||13|39.0|75.0
324514834|2758217|304|03|2022|12|5581|TRANSPORTE DE MATERIAL DEMOLIDO EM CACAMBA|M3|4 - PRÓPRIO||||4|9.17|58.2
324514835|2758217|304|03|2022|12|5921|FORMA E DESFORMA DE TABUA E SARRAFO|M2|4 - PRÓPRIO||||11|14.0|71.25
324514836|2758217|304|03|2022|12|5923|FORNECIMENTO E INSTALACAO DE PREGO DE ACO POLIDO|KG|4 - PRÓPRIO||||12|2.0|28.45
324514837|2758217|304|03|2022|12|5924|OBRAS ATE O VALOR DE R$ 100000|UN|4 - PRÓPRIO||||16|1.0|306.21
324514838|2758217|304|03|2022|12|5592|FORNECIMENTO DE CONCRETO ESTRUTURAL PREPARADO EM OBRA COM BETONEIRA COM FCK 20 MPA INCLUSIVE LANCAMENTO ADENSAMENTO E ACABAMENTO FUNDACAO|M3|4 - PRÓPRIO||||8|6.0|695.0
324514839|2758217|304|03|2022|12|5365|LIMPEZA FINAL PARA ENTREGA DA OBRA|METRO QUADRADO|4 - PRÓPRIO||||15|210.0|7.0
324514840|2758217|304|03|2022|12|5326|FOREXECHAPISCO ARGAM13 5MM|METRO QUADRADO|4 - PRÓPRIO||||14|90.0|9.0
324514841|2758217|304|03|2022|12|5589|CORTE DOBRA E MONTAGEM DE ACO CA5060|KG|4 - PRÓPRIO||||10|180.2|15.65
324514842|2758217|304|03|2022|12|5718|FORNEC DE PLACA DE OBRA PARA CONSTRUCAO CIVIL EM CHAPA GALVANIZADA N22|UN|4 - PRÓPRIO||||1|1.0|583.9
324514843|2758217|304|03|2022|12|5922|SINALIZACAO COM FITA ZEBRADA|MT|4 - PRÓPRIO||||2|30.0|3.78
324514844|2758209|304|03|2022|12|1315|PUBLICACAO EM JORNAL LOCAL|CENTIMETRO/COLUNA|-|||||2600.0|6.6
324514845|2758210|304|03|2022|12|5913|ARMARIO DE COZINHA AEREO|UN|-|||||3.0|335.5
324514846|2758210|304|03|2022|12|5911|MESA DE MADEIRA RETANGULAR 3 LUGARES|UN|-|||||1.0|775.0
324514847|2758210|304|03|2022|12|5915|FOGAO INDUSTRIAL|UN|-|||||1.0|494.5
324514848|2758210|304|03|2022|12|5910|MESA DE MADEIRA PARA REUNIAO|UN|-|||||1.0|966.0
324514849|2758210|304|03|2022|12|5914|GELADEIRA FROST FREE DUPLEX|UN|-|||||1.0|3633.0
324514850|2758211|304|03|2022|12|4813|CAIXA DE CABO DE REDE LAN/UTP|UNIDADE|-|||||2.0|388.7
324514851|2758211|304|03|2022|12|4801|REFIL DE TINTA,AMARELA,P/ IMP.|UNIDADE|-|||||10.0|20.0
324514852|2758211|304|03|2022|12|591|CARTUCHO 954XL,HP AZUL 20,5ML|FRASCO|-|||||10.0|256.35
324514853|2758211|304|03|2022|12|1084|CARTUCHO 954XL,HP AMARE.20,5ML|UNIDADE|-|||||10.0|253.02
324514854|2758211|304|03|2022|12|5849|SWITCH GERENCIAVEL 48 PORTAS COM 1000 MBPS|UN|-|||||2.0|5829.65
324514855|2758211|304|03|2022|12|4812|HUB|UNIDADE|-|||||5.0|97.5
324514856|2758211|304|03|2022|12|1337|TONER CB435A PARA HP P1005|CAIXA|-|||||50.0|38.9
324514857|2758211|304|03|2022|12|3113|TONER CF226A HP LASERJET M426F|UNIDADE|-|||||20.0|71.5
324514858|2758211|304|03|2022|12|1087|CARTUCHO 954XL HP MAGEN.20,5ML|UNIDADE|-|||||10.0|256.35
324514859|2758211|304|03|2022|12|4802|REFIL DE TINTA,MAGENTA,P/ IMP.|UNIDADE|-|||||10.0|20.0
324514860|2758211|304|03|2022|12|5798|BATERIA SELADA PARA NOBREAK DE 12V|UN|-|||||20.0|143.0
324514861|2758211|304|03|2022|12|568|CARTUCHO 958XL,HP PRETO 63,5ML|UNIDADE|-|||||15.0|388.7
324514863|2758211|304|03|2022|12|5858|TELEFONE IP VOIP|UN|-|||||10.0|156.0
324514862|2758211|304|03|2022|12|751|FILTRO DE LINHA 5 TOMADAS|UNIDADE|-|||||15.0|28.03
324514864|2758211|304|03|2022|12|4803|RELOGIO DE PONTO|UNIDADE|-|||||4.0|2142.9
324514865|2758211|304|03|2022|12|3112|TONER CE285A HPLASERJET P1102W|UNIDADE|-|||||50.0|38.9
324514866|2758211|304|03|2022|12|4799|REFIL DE TINTA,PRETO,P/ IMP.|UNIDADE|-|||||10.0|20.0
324514867|2758211|304|03|2022|12|4800|REFIL DE TINTA,AZUL,P/ IMP.|UNIDADE|-|||||10.0|20.0
324514868|2758211|304|03|2022|12|5796|NOTEBOOK COM PROCESSADOR I3 OU SUPERIOR 08 GB DE MEMORIA|UN|-|||||3.0|2988.7
324514869|2758211|304|03|2022|12|4814|HD EXTERNO 2.5|UNIDADE|-|||||5.0|258.7
324514870|2758212|304|03|2022|12|5837|IMPRESSORA JATO MULTIFUNCIONAL|UN|-|||||3.0|1470.0
324514871|2758212|304|03|2022|12|5797|MICROCOMPUTADOR C PROCESSADOR L3 OU SUPERIOR 8GB DE MEMÓRIA|UN|-|||||15.0|1377.0
324514872|2758212|304|03|2022|12|5848|SMARTPHONE 4GB DE RAM|UN|-|||||15.0|1677.0
324514873|2758212|304|03|2022|12|4660|MOUSE OPTICO ENTRADA P2|UNIDADE|-|||||10.0|11.0
324514874|2758212|304|03|2022|12|4806|FONTE ATX REAL|UNIDADE|-|||||25.0|147.0
324514875|2758212|304|03|2022|12|1286|TECLADO ABNT-II/USB STANDARD|UNIDADE|-|||||30.0|27.0
324514876|2758212|304|03|2022|12|4805|HD SSD|UNIDADE|-|||||30.0|127.0
324514877|2758212|304|03|2022|12|5851|WEB CAM COM IMAGENS DE ALTA DEFINICAO|UN|-|||||2.0|187.0
324514878|2758212|304|03|2022|12|702|MOUSE OPTICO USB|UNIDADE|-|||||30.0|11.0
324514879|2758212|304|03|2022|12|4798|TECLADO ABNT-II/ENTRADA P2|UNIDADE|-|||||10.0|27.0
324514880|2758213|304|03|2022|12|3215|MESA EM MDP/MDF COM 03 GAVETAS|UNIDADE|-|||||5.0|418.0
324514881|2758213|304|03|2022|12|5906|CADEIRA DE ESCRITORIO FIXA COM BASE METALICA|UN|-|||||45.0|318.0
324514882|2758213|304|03|2022|12|3213|ESTANTE ACO MOD 06 PRATELEIRA|UNIDADE|-|||||25.0|268.0
324514883|2758213|304|03|2022|12|5912|MESA PARA REFEITORIO|UN|-|||||5.0|879.0
324514884|2758213|304|03|2022|12|5909|CADEIRA DE PLASTICO PARA REFEITORIO|UN|-|||||40.0|114.5
324514885|2758213|304|03|2022|12|5908|CADEIRA EXECUTIVA PE MODELO PALITO|UN|-|||||12.0|124.0
324514886|2758213|304|03|2022|12|5916|ARMARIO ROUPEIRO|UN|-|||||6.0|979.0
324514887|2758213|304|03|2022|12|5907|CADEIRA PARA ESCRITORIO DE ACO COM AJUSTE DE ALTURA E ENCOSTO ESTOFADO|UN|-|||||3.0|499.0
324514888|2758214|304|03|2022|12|5904|PRESTACAO DE SERVICOS DE FORNECIMENTO E GERENCIAMENTO DE TICKET ALIMENTACAO POR MEIO DE CARTAO ELETRÔNICOMAGNÉTICO COM SENHA INDIVIDUAL COM MENOR TAXA DE ADMINISTRACAO PARA RECARGA MENSAL|SV|-|||||1.0|212988.0
324514889|2758215|304|03|2022|12|5917|RECEBIMENTOS DE CONTAS DE AGUA E ESGOTO E OUTROS SERVICOS EM INSTITUICOES NAO BANCARIAS|SV|-|||||28360.0|1.58
324514890|2758216|304|03|2022|12|5917|RECEBIMENTOS DE CONTAS DE AGUA E ESGOTO E OUTROS SERVICOS EM INSTITUICOES NAO BANCARIAS|SV|-|||||26901.0|1.58
324820584|2794856|303|02|2022|9|15273|CONTRATACAO DE EMPRESA ESPECIALIZADA EM SERVICOS DE RASTREAMENTO VEICULAR ABRANGENDO MONITORAMENTO VIA INTERNET E PLANO RASTREADOR TELEMETRIA VISANDO O CONTROLE E GESTAO DA FROTA DE 19 DEZENOVE VEÍCULOS DA SECRETARIA MUNICIPAL DE OBRAS PELO PERÍODO DE 12 MESES|SRV|-|||||12.0|855.0
