seq_dispensa|seq_orgao|cod_orgao|seq_unidade|num_ano_referencia|num_mes_referencia|dsc_tipo_cadastro|num_processo|num_ano_processo|dsc_tipo_processo|dat_abertura|dsc_nat_objeto|dsc_objeto|dsc_justificativa|dsc_razao|dat_pub_termo|dsc_veiculo_pub|dsc_ind_processo_lote|vlr_empenhado|vlr_liquidado|vlr_pago|vlr_rsp_proc|vlr_rsp_nao_proc
506979|302|01|475975|2022|5|1 - CADASTRO INICIAL|6|2022|2 - INEXIGIBILIDADE|20220308|2 - COMPRAS E OUTROS SERVIÇOS|CONTRATAÇÃO DE EMPRESA ESPECIALIZADA NA PRESTAÇÃO DE SERVIÇOS DE MANUTENÇÃO PREVENTIVA E CORRETIVA COM FORNECIMENTO DE PEÇAS ORIGINAIS, PARA VEÍCULO FORD PERTENCENTE A FROTA DA CÂMARA MUNICIPAL DE CAETÉ.|?ART. 25. É INEXIGÍVEL A LICITAÇÃO QUANDO HOUVER INVIABILIDADE DE COMPETIÇÃO, EM ESPECIAL:|DEVIDO AO TIPO DE VEÍCULO, QUE PERTENCE A FROTA DA CÂMARA ? FORD FOCUS, E, DIANTE DA SAÍDA DA EMPRESA DO PAÍS, SOMENTE A EMPRESA AMERICAN AUTOMÓVEIS E SERVIÇOS LTDA. ? MATRIZ., FORNECE ESSE TIPO DE SERVIÇO.|20220526|JORNAL OFICIAL DE CAETE|N O|26235.48|26235.48|26235.48|0.0|0.0
490010|303|02|475950|2022|3|1 - CADASTRO INICIAL|000000000076|2022|1 - DISPENSA|20220311|2 - COMPRAS E OUTROS SERVIÇOS|MEDICAMENTOS PARA ATENDIMENTO DE PROCESSO JUDICIAL N° 00053454220188130045 PACIENTE ADEMIR DOS SANTOS MOURA JR HILDA ANTÔNIA F MACEDO MARIA DE LOURDES DIAS MELO|MEDICAMENTOS PARA ATENDIMENTO DE PROCESSO JUDICIAL N° 00053454220188130045 PACIENTE ADEMIR DOS SANTOS MOURA JR HILDA ANTÔNIA F MACEDO MARIA DE LOURDES DIAS MELO|MEDICAMENTOS PARA ATENDIMENTO DE PROCESSO JUDICIAL N° 00053454220188130045 PACIENTE ADEMIR DOS SANTOS MOURA JR HILDA ANTÔNIA F MACEDO MARIA DE LOURDES DIAS MELO|20220311|PREFEITURA MUNICIPAL DE CAETÉ|N O|0.0|0.0|0.0|0.0|0.0
490011|303|02|475950|2022|3|1 - CADASTRO INICIAL|000000000088|2022|1 - DISPENSA|20220316|2 - COMPRAS E OUTROS SERVIÇOS|AQUISICAO DE MEDICAMENTO PARA ATENDIMENTO AO PACIENTE PATROCÍNIO JOSÉ VIEIRA CONFORME PROCESSO DE ACAO JUDICIAL N° 50014181220208130045|AQUISICAO DE MEDICAMENTO PARA ATENDIMENTO AO PACIENTE PATROCÍNIO JOSÉ VIEIRA CONFORME PROCESSO DE ACAO JUDICIAL N° 50014181220208130045|AQUISICAO DE MEDICAMENTO PARA ATENDIMENTO AO PACIENTE PATROCÍNIO JOSÉ VIEIRA CONFORME PROCESSO DE ACAO JUDICIAL N° 50014181220208130045|20220316|PREFEITURA MUNICIPAL DE CAETÉ|N O|0.0|0.0|0.0|0.0|0.0
490022|303|02|475950|2022|3|1 - CADASTRO INICIAL|000000000079|2022|2 - INEXIGIBILIDADE|20220315|2 - COMPRAS E OUTROS SERVIÇOS|AUXÍLIO FINANCEIRO A ESTUDANTES EM ATENDIMENTO A LEI MUNICIPAL 32872021 E DECRETO MUNICIPAL 1232021 REFERENTE AO TRANSPORTE UNIVERSITARIO|AUXÍLIO FINANCEIRO A ESTUDANTES EM ATENDIMENTO A LEI MUNICIPAL 32872021 E DECRETO MUNICIPAL 1232021 REFERENTE AO TRANSPORTE UNIVERSITARIO|AUXÍLIO FINANCEIRO A ESTUDANTES EM ATENDIMENTO A LEI MUNICIPAL 32872021 E DECRETO MUNICIPAL 1232021 REFERENTE AO TRANSPORTE UNIVERSITARIO|20220315|PREFEITURA MUNICIPAL DE CAETÉ|SIM|0.0|0.0|0.0|0.0|0.0
490023|303|02|475950|2022|3|1 - CADASTRO INICIAL|000000000115|2022|2 - INEXIGIBILIDADE|20220331|2 - COMPRAS E OUTROS SERVIÇOS|AUXÍLIO FINANCEIRO TRANSPORTE UNIVERSITARIO AUXÍLIO FINANCEIRO A ESTUDANTES EM ATENDIMENTO A LEI MUNICIPAL 32872021 E DECRETO MUNICIPAL 1232021 REFERENTE AO TRANSPORTE UNIVERSITARIO|AUXÍLIO FINANCEIRO A ESTUDANTES EM ATENDIMENTO A LEI MUNICIPAL 32872021 E DECRETO MUNICIPAL 1232021 REFERENTE AO TRANSPORTE UNIVERSITARIO|AUXÍLIO FINANCEIRO A ESTUDANTES EM ATENDIMENTO A LEI MUNICIPAL 32872021 E DECRETO MUNICIPAL 1232021 REFERENTE AO TRANSPORTE UNIVERSITARIO|20220331|PREFEITURA MUNICIPAL DE CAETÉ|N O|0.0|0.0|0.0|0.0|0.0
490024|303|02|475950|2022|3|1 - CADASTRO INICIAL|000000000069|2022|2 - INEXIGIBILIDADE|20220307|2 - COMPRAS E OUTROS SERVIÇOS|AUXÍLIO FINANCEIRO TRANSPORTE UNIVERSITARIO|AUXÍLIO FINANCEIRO A ESTUDANTES EM ATENDIMENTO A LEI MUNICIPAL 32872021 E DECRETO MUNICIPAL 1232021 REFERENTE AO TRANSPORTE UNIVERSITARIO|AUXÍLIO FINANCEIRO A ESTUDANTES EM ATENDIMENTO A LEI MUNICIPAL 32872021 E DECRETO MUNICIPAL 1232021 REFERENTE AO TRANSPORTE UNIVERSITARIO|20220307|PREFEITURA MUNICIPAL DE CAETÉ|SIM|0.0|0.0|0.0|0.0|0.0
490025|303|02|475950|2022|3|1 - CADASTRO INICIAL|000000000074|2022|2 - INEXIGIBILIDADE|20220310|2 - COMPRAS E OUTROS SERVIÇOS|AUXÍLIO FINANCEIRO A ESTUDANTES EM ATENDIMENTO A LEI MUNICIPAL 32872021 E DECRETO MUNICIPAL 1232021 REFERENTE AO TRANSPORTE UNIVERSITARIO|AUXÍLIO FINANCEIRO A ESTUDANTES EM ATENDIMENTO A LEI MUNICIPAL 32872021 E DECRETO MUNICIPAL 1232021 REFERENTE AO TRANSPORTE UNIVERSITARIO|AUXÍLIO FINANCEIRO A ESTUDANTES EM ATENDIMENTO A LEI MUNICIPAL 32872021 E DECRETO MUNICIPAL 1232021 REFERENTE AO TRANSPORTE UNIVERSITARIO|20220310|PREFEITURA MUNICIPAL DE CAETÉ|SIM|0.0|0.0|0.0|0.0|0.0
490026|303|02|475950|2022|3|1 - CADASTRO INICIAL|000000000096|2022|2 - INEXIGIBILIDADE|20220321|2 - COMPRAS E OUTROS SERVIÇOS|AUXÍLIO FINANCEIRO A ESTUDANTES EM ATENDIMENTO A LEI MUNICIPAL 32872021 E DECRETO MUNICIPAL 1232021 REFERENTE AO TRANSPORTE UNIVERSITARIO|AUXÍLIO FINANCEIRO A ESTUDANTES EM ATENDIMENTO A LEI MUNICIPAL 32872021 E DECRETO MUNICIPAL 1232021 REFERENTE AO TRANSPORTE UNIVERSITARIO|AUXÍLIO FINANCEIRO A ESTUDANTES EM ATENDIMENTO A LEI MUNICIPAL 32872021 E DECRETO MUNICIPAL 1232021 REFERENTE AO TRANSPORTE UNIVERSITARIO|20220321|PREFEITURA MUNICIPAL DE CAETÉ|N O|0.0|0.0|0.0|0.0|0.0
490027|303|02|475950|2022|3|1 - CADASTRO INICIAL|000000000067|2022|2 - INEXIGIBILIDADE|20220303|2 - COMPRAS E OUTROS SERVIÇOS|AUXÍLIO FINANCEIRO A ESTUDANTES EM ATENDIMENTO A LEI MUNICIPAL 32872021 E DECRETO MUNICIPAL 1232021 REFERENTE AO TRANSPORTE UNIVERSITARIO|AUXÍLIO FINANCEIRO A ESTUDANTES EM ATENDIMENTO A LEI MUNICIPAL 32872021 E DECRETO MUNICIPAL 1232021 REFERENTE AO TRANSPORTE UNIVERSITARIO|AUXÍLIO FINANCEIRO A ESTUDANTES EM ATENDIMENTO A LEI MUNICIPAL 32872021 E DECRETO MUNICIPAL 1232021 REFERENTE AO TRANSPORTE UNIVERSITARIO|20220303|PREFEITURA MUNICIPAL DE CAETÉ|SIM|0.0|0.0|0.0|0.0|0.0
490012|303|02|475950|2022|3|1 - CADASTRO INICIAL|000000000101|2022|1 - DISPENSA|20220323|2 - COMPRAS E OUTROS SERVIÇOS|LOCACAO DE IMÓVEL LOCACAO DE IMÓVEL AJCO N° 0402021 O QUAL FUNCIONA OS SERVICOS DE VIGILÂNCIA SANITARIA E VIGILÂNCIA EM SAÚDE SITUADO À AVENIDA JAIR DANTAS N° 95 BAIRRO JOSÉ BRANDAO CAETÉMG SENDO O VALOR MENSAL DO ALUGUEL ESTIPULADO EM R$ 240000 DOIS MIL E QUATROCENTOS REAIS|LOCACAO DE IMÓVEL AJCO N° 0402021 O QUAL FUNCIONA OS SERVICOS DE VIGILÂNCIA SANITARIA E VIGILÂNCIA EM SAÚDE SITUADO À AVENIDA JAIR DANTAS N° 95 BAIRRO JOSÉ BRANDAO CAETÉMG SENDO O VALOR MENSAL DO ALUGUEL ESTIPULADO EM R$ 240000 DOIS MIL E QUATROCENTO|LOCACAO DE IMÓVEL AJCO N° 0402021 O QUAL FUNCIONA OS SERVICOS DE VIGILÂNCIA SANITARIA E VIGILÂNCIA EM SAÚDE SITUADO À AVENIDA JAIR DANTAS N° 95 BAIRRO JOSÉ BRANDAO CAETÉMG SENDO O VALOR MENSAL DO ALUGUEL ESTIPULADO EM R$ 240000 DOIS MIL E QUATROCENTO|20220323|PREFEITURA MUNICIPAL DE CAETÉ|N O|0.0|0.0|0.0|0.0|0.0
490013|303|02|475950|2022|3|1 - CADASTRO INICIAL|000000000104|2022|1 - DISPENSA|20220324|2 - COMPRAS E OUTROS SERVIÇOS|AQUISICAO DE MEDICAMENTO PARA ATENDIMENTO A PACIENTE PATRÍCIA FLAVIA APARECIDA ROSA CONFORME PROCESSO DE ACAO JUDICIAL N° 00266407220178130045|AQUISICAO DE MEDICAMENTO PARA ATENDIMENTO A PACIENTE PATRÍCIA FLAVIA APARECIDA ROSA CONFORME PROCESSO DE ACAO JUDICIAL N° 00266407220178130045|AQUISICAO DE MEDICAMENTO PARA ATENDIMENTO A PACIENTE PATRÍCIA FLAVIA APARECIDA ROSA CONFORME PROCESSO DE ACAO JUDICIAL N° 00266407220178130045|20220324|PREFEITURA MUNICIPAL DE CAETÉ|N O|0.0|0.0|0.0|0.0|0.0
490014|303|02|475950|2022|3|1 - CADASTRO INICIAL|000000000090|2022|1 - DISPENSA|20220316|2 - COMPRAS E OUTROS SERVIÇOS|MEDICAMENTOS PARA ATENDIMENTO DE PROCESSO JUDICIAL AQUISICAO DE MEDICAMENTO EM ATENDIMENTO A PROCESSO JUDICIAL N° 50001591620198130045 PACIENTE CAIO CESAR DE JESUS|AQUISICAO DE MEDICAMENTO EM ATENDIMENTO A PROCESSO JUDICIAL N° 50001591620198130045 PACIENTE CAIO CESAR DE JESUS|AQUISICAO DE MEDICAMENTO EM ATENDIMENTO A PROCESSO JUDICIAL N° 50001591620198130045 PACIENTE CAIO CESAR DE JESUS|20220316|PREFEITURA MUNICIPAL DE CAETÉ|N O|0.0|0.0|0.0|0.0|0.0
490015|303|02|475950|2022|3|1 - CADASTRO INICIAL|000000000100|2022|1 - DISPENSA|20220323|2 - COMPRAS E OUTROS SERVIÇOS|LOCACAO DE IMÓVEL REFERENTE AO CONTRATO DE LOCACAO DE IMÓVEL AJCO N° 0402021 O QUAL FUNCIONA OS SERVICOS DE VIGILÂNCIA SANITARIA E VIGILÂNCIA EM SAÚDE SITUADO À AVENIDA JAIR DANTAS N° 95 BAIRRO JOSÉ BRANDAO CAETÉMG SENDO O VALOR MENSAL DO ALUGUEL ESTIPULADO EM R$ 240000 DOIS MIL E QUATROCENTOS REAIS|LOCACAO DE IMÓVEL REFERENTE AO CONTRATO DE LOCACAO DE IMÓVEL AJCO N° 0402021 O QUAL FUNCIONA OS SERVICOS DE VIGILÂNCIA SANITARIA E VIGILÂNCIA EM SAÚDE SITUADO À AVENIDA JAIR DANTAS N° 95 BAIRRO JOSÉ BRANDAO CAETÉMG SENDO O VALOR MENSAL DO ALUGUEL EST|LOCACAO DE IMÓVEL REFERENTE AO CONTRATO DE LOCACAO DE IMÓVEL AJCO N° 0402021 O QUAL FUNCIONA OS SERVICOS DE VIGILÂNCIA SANITARIA E VIGILÂNCIA EM SAÚDE SITUADO À AVENIDA JAIR DANTAS N° 95 BAIRRO JOSÉ BRANDAO CAETÉMG SENDO O VALOR MENSAL DO ALUGUEL EST|20220323|PREFEITURA MUNICIPAL DE CAETÉ|N O|0.0|0.0|0.0|0.0|0.0
490016|303|02|475950|2022|3|1 - CADASTRO INICIAL|000000000113|2022|1 - DISPENSA|20220329|2 - COMPRAS E OUTROS SERVIÇOS|AQUISICAO DE MEDICAMENTOS PARA ATENDIMENTO A PACIENTE GLÓRIA NATALÍCIA DE ALMEIDA CONFORME PROCESSO DE ACAO JUDICIAL N° 500021652520218130045|AQUISICAO DE MEDICAMENTOS PARA ATENDIMENTO A PACIENTE GLÓRIA NATALÍCIA DE ALMEIDA CONFORME PROCESSO DE ACAO JUDICIAL N° 500021652520218130045|AQUISICAO DE MEDICAMENTOS PARA ATENDIMENTO A PACIENTE GLÓRIA NATALÍCIA DE ALMEIDA CONFORME PROCESSO DE ACAO JUDICIAL N° 500021652520218130045|20220329|PREFEITURA MUNICIPAL DE CAETÉ|N O|0.0|0.0|0.0|0.0|0.0
490017|303|02|475950|2022|3|1 - CADASTRO INICIAL|000000000097|2022|1 - DISPENSA|20220316|2 - COMPRAS E OUTROS SERVIÇOS|CONTRATACAO DE EMPRESA ESPECIALIZADA PARA PRESTACAO DE SERVICOS DE RECEPCAO E TRATAMENTO DE RESÍDUOS SÓLIDOS PROVENIENTES DA LIMPEZA PÚBLICA URBANA DO MUNICÍPIO DE CAETÉ|CONTRATACAO DE EMPRESA EM CARATER EMERGENCIAL POR TRÊS MESES PARAA RECEPCAO E TRATAMENTO DE RESÍDUOS SÓLIDOS DO MUNICIPIO DE CAETÉ VISTO QUE SE TRTA DE UM SERVICO ESENCIAL E QUE GARANTE OS REQUISITOS AMBIENTAIS E DE SAÚDE PÚBLICA|CONTRATACAO DE EMPRESA EM CARATER EMERGENCIAL POR TRÊS MESES PARAA RECEPCAO E TRATAMENTO DE RESÍDUOS SÓLIDOS DO MUNICIPIO DE CAETÉ VISTO QUE SE TRTA DE UM SERVICO ESENCIAL E QUE GARANTE OS REQUISITOS AMBIENTAIS E DE SAÚDE PÚBLICA|20220316|PREFEITURA MUNICIPAL DE CAETÉ|N O|0.0|0.0|0.0|0.0|0.0
490018|303|02|475950|2022|3|1 - CADASTRO INICIAL|000000000089|2022|2 - INEXIGIBILIDADE|20220316|2 - COMPRAS E OUTROS SERVIÇOS|AUXÍLIO FINANCEIRO A ESTUDANTES EM ATENDIMENTO A LEI MUNICIPAL 32872021 E DECRETO MUNICIPAL 1232021 REFERENTE AO TRANSPORTE UNIVERSITARIO|AUXÍLIO FINANCEIRO A ESTUDANTES EM ATENDIMENTO A LEI MUNICIPAL 32872021 E DECRETO MUNICIPAL 1232021 REFERENTE AO TRANSPORTE UNIVERSITARIO|AUXÍLIO FINANCEIRO A ESTUDANTES EM ATENDIMENTO A LEI MUNICIPAL 32872021 E DECRETO MUNICIPAL 1232021 REFERENTE AO TRANSPORTE UNIVERSITARIO|20220316|PREFEITURA MUNICIPAL DE CAETÉ|SIM|0.0|0.0|0.0|0.0|0.0
490019|303|02|475950|2022|3|1 - CADASTRO INICIAL|000000000092|2022|2 - INEXIGIBILIDADE|20220317|2 - COMPRAS E OUTROS SERVIÇOS|AUXÍLIO FINANCEIRO A ESTUDANTESEM ATENDIMENTO A LEI MUNICIPAL 32872021 E DECRETO MUNICIPAL 1232021REFERENTE AO TRANSPORTE UNIVERSITARIO|AUXÍLIO FINANCEIRO A ESTUDANTESEM ATENDIMENTO A LEI MUNICIPAL 32872021 E DECRETO MUNICIPAL 1232021REFERENTE AO TRANSPORTE UNIVERSITARIO|AUXÍLIO FINANCEIRO A ESTUDANTESEM ATENDIMENTO A LEI MUNICIPAL 32872021 E DECRETO MUNICIPAL 1232021REFERENTE AO TRANSPORTE UNIVERSITARIO|20220317|PREFEITURA MUNICIPAL DE CAETÉ|N O|0.0|0.0|0.0|0.0|0.0
490020|303|02|475950|2022|3|1 - CADASTRO INICIAL|000000000072|2022|2 - INEXIGIBILIDADE|20220308|2 - COMPRAS E OUTROS SERVIÇOS|AUXÍLIO FINANCEIRO A ESTUDANTES EM ATENDIMENTO A LEI MUNICIPAL 32872021 E DECRETO MUNICIPAL 1232021 REFERENTE AO TRANSPORTE UNIVERSITARIO|AUXÍLIO FINANCEIRO A ESTUDANTES EM ATENDIMENTO A LEI MUNICIPAL 32872021 E DECRETO MUNICIPAL 1232021 REFERENTE AO TRANSPORTE UNIVERSITARIO|AUXÍLIO FINANCEIRO A ESTUDANTES EM ATENDIMENTO A LEI MUNICIPAL 32872021 E DECRETO MUNICIPAL 1232021 REFERENTE AO TRANSPORTE UNIVERSITARIO|20220308|PREFEITURA MUNICIPAL DE CAETÉ|SIM|0.0|0.0|0.0|0.0|0.0
490021|303|02|475950|2022|3|1 - CADASTRO INICIAL|000000000106|2022|2 - INEXIGIBILIDADE|20220324|2 - COMPRAS E OUTROS SERVIÇOS|AUXÍLIO FINANCEIRO A ESTUDANTES EM ATENDIMENTO A LEI MUNICIPAL 32872021 E DECRETO MUNICIPAL 1232021 REFERENTE AO TRANSPORTE UNIVERSITARIO|AUXÍLIO FINANCEIRO A ESTUDANTES EM ATENDIMENTO A LEI MUNICIPAL 32872021 E DECRETO MUNICIPAL 1232021 REFERENTE AO TRANSPORTE UNIVERSITARIO|AUXÍLIO FINANCEIRO A ESTUDANTES EM ATENDIMENTO A LEI MUNICIPAL 32872021 E DECRETO MUNICIPAL 1232021 REFERENTE AO TRANSPORTE UNIVERSITARIO|20220324|PREFEITURA MUNICIPAL DE CAETÉ|SIM|0.0|0.0|0.0|0.0|0.0
486374|303|02|475950|2022|1|1 - CADASTRO INICIAL|000000000014|2022|1 - DISPENSA|20220124|2 - COMPRAS E OUTROS SERVIÇOS|MEDICAMENTOS PARA ATENDIMENTO DE PROCESSO JUDICIAL|AQUISICAO DE MEDICAMENTOS EM ATENDIMENTO A PROCESSO JUDICIAL|AQUISICAO DE MEDICAMENTOS EM ATENDIMENTO A PROCESSO JUDICIAL|20220124|PREFEITURA MUNICIPAL DE CAETÉ|N O|0.0|0.0|0.0|0.0|0.0
486375|303|02|475950|2022|1|1 - CADASTRO INICIAL|000000000010|2022|1 - DISPENSA|20220124|2 - COMPRAS E OUTROS SERVIÇOS|MEDICAMENTOS PARA ATENDIMENTO DE PROCESSO JUDICIAL|AQUISICAO DE MEDICAMENTOS EM ATENDIMENTO A PROCESSOS JUDICIAIS|AQUISICAO DE MEDICAMENTOS EM ATENDIMENTO A PROCESSOS JUDICIAIS|20220124|PREFEITURA MUNICIPAL DE CAETÉ|N O|0.0|0.0|0.0|0.0|0.0
486376|303|02|475950|2022|1|1 - CADASTRO INICIAL|000000000009|2022|1 - DISPENSA|20220124|2 - COMPRAS E OUTROS SERVIÇOS|MEDICAMENTOS PARA ATENDIMENTO DE PROCESSO JUDICIAL N° 00343054220178130045 PACIENTE LUZIA DA PIEDADE BARBOSA LIMA|AQUISICAO DE MEDICAMENTOS EM ATENDIEMNTO À PROCESSO JUDICIAL N° 00343054220178130045|AQUISICAO DE MEDICAMENTOS EM ATENDIEMNTO À PROCESSO JUDICIAL N° 00343054220178130045|20220124|PREFEITURA MUNICIPAL DE CAETÉ|N O|0.0|0.0|0.0|0.0|0.0
486377|303|02|475950|2022|1|1 - CADASTRO INICIAL|000000000021|2022|1 - DISPENSA|20220127|2 - COMPRAS E OUTROS SERVIÇOS|MEDICAMENTOS PARA ATENDIMENTO DE PROCESSO JUDICIAL N° 50005341720198130045|AQUISICAO DE MEDICAMENTOS EM ATENDIMENTO A PROCESSO JUDICIAL N° 50005341720198130045|AQUISICAO DE MEDICAMENTOS EM ATENDIMENTO A PROCESSO JUDICIAL N° 50005341720198130045|20220127|PREFEITURA MUNICIPAL DE CAETÉ|N O|0.0|0.0|0.0|0.0|0.0
486378|303|02|475950|2022|1|1 - CADASTRO INICIAL|000000000007|2022|1 - DISPENSA|20220121|2 - COMPRAS E OUTROS SERVIÇOS|MEDICAMENTOS PARA ATENDIMENTO DE PROCESSO JUDICIAL|AQUISICAO DE MEDICAMENTOS EM ATENDIMENTO A ACAO JUDICIAL PROCESSO N°° 00197066920158130045|AQUISICAO DE MEDICAMENTOS EM ATENDIMENTO A ACAO JUDICIAL PROCESSO N°° 00197066920158130045|20220121|PREFEITURA MUNICIPAL DE CAETÉ|N O|0.0|0.0|0.0|0.0|0.0
486379|303|02|475950|2022|1|1 - CADASTRO INICIAL|000000000003|2022|2 - INEXIGIBILIDADE|20220103|2 - COMPRAS E OUTROS SERVIÇOS|PREMIACOES CULTURAIS ARTÍSTICAS CIENTÍFICAS DESPORTIVAS E OUTRASCONTRATACAO DOS SERVICOS DE ARTESAO PARA CONFECCAO DE PECAS ARTESANAIS MEDALHAS COMEMORATIVAS PARA HOMENAGENS A SEREM REALIZADAS NA CERIMÔNIA DE COMEMORACAO AOS 308 ANOS DE ELEVACAO DA CIDADE DE CAETE A NOBRE CONDICAO DE VILA NOVA DA RAINHA|CONTRATACAO DOS SERVICOS DE ARTESAO PARA CONFECCAO DE PECAS ARTESANAIS MEDALHAS COMEMORATIVAS PARA HOMENAGENS A SEREM REALIZADAS NA CERIMÔNIA DE COMEMORACAO AOS 308 ANOS DE ELEVACAO DA CIDADE DE CAETE A NOBRE CONDICAO DE VILA NOVA DA RAINHA|CONTRATACAO DOS SERVICOS DE ARTESAO PARA CONFECCAO DE PECAS ARTESANAIS MEDALHAS COMEMORATIVAS PARA HOMENAGENS A SEREM REALIZADAS NA CERIMÔNIA DE COMEMORACAO AOS 308 ANOS DE ELEVACAO DA CIDADE DE CAETE A NOBRE CONDICAO DE VILA NOVA DA RAINHA|20220103|PREFEITURA MUNICIPAL DE CAETÉ|N O|0.0|0.0|0.0|0.0|0.0
486380|303|02|475950|2022|1|1 - CADASTRO INICIAL|000000000023|2022|2 - INEXIGIBILIDADE|20220128|2 - COMPRAS E OUTROS SERVIÇOS|SUBVENCOES SOCIAIS PAGAMENTO REFERENTE AO CONVÊNIO AJCON 0012020 CELEBRADO ENTRE A PREFEITURA MUNICIPAL DE CAETÉ COM INTERVENIÊNCIA DA SECRETARIA MUNICIPAL DE SAÚDE E A SOCIEDADE CIVIL DE BEFEFICIÊNCIA CAETEENSE SANTA CASA DE CAETÉ OBJETO PRESTACAO DOS SERVICOS AMBULATORIAIS DE URGÊNCIA E EMERGÊNCIA AOS MUNÍCIPES DE CAETÉ|PAGAMENTO REFERENTE AO CONVÊNIO AJCON 0012020 CELEBRADO ENTRE A PREFEITURA MUNICIPAL DE CAETÉ COM INTERVENIÊNCIA DA SECRETARIA MUNICIPAL DE SAÚDE E A SOCIEDADE CIVIL DE BEFEFICIÊNCIA CAETEENSE SANTA CASA DE CAETÉ OBJETO PRESTACAO DOS SERVICOS AMBULAT|PAGAMENTO REFERENTE AO CONVÊNIO AJCON 0012020 CELEBRADO ENTRE A PREFEITURA MUNICIPAL DE CAETÉ COM INTERVENIÊNCIA DA SECRETARIA MUNICIPAL DE SAÚDE E A SOCIEDADE CIVIL DE BEFEFICIÊNCIA CAETEENSE SANTA CASA DE CAETÉ OBJETO PRESTACAO DOS SERVICOS AMBULAT|20220128|PREFEITURA MUNICIPAL DE CAETÉ|N O|0.0|0.0|0.0|0.0|0.0
486381|303|02|475950|2022|1|1 - CADASTRO INICIAL|000000000017|2022|2 - INEXIGIBILIDADE|20220125|2 - COMPRAS E OUTROS SERVIÇOS|AQUISICAO DE VALE TRANPSORTE PARA OS SERVIDORES MUNICIPAIS COM BASE NO ART 25 INCISO I DA LEI 866693|AQUISICAO DE VALE TRANPSORTE PARA OS SERVIDORES MUNICIPAIS COM BASE NO ART 25 INCISO I DA LEI 866693|AQUISICAO DE VALE TRANPSORTE PARA OS SERVIDORES MUNICIPAIS COM BASE NO ART 25 INCISO I DA LEI 866693|20220125|PREFEITURA MUNICIPAL DE CAETÉ|SIM|23272.54|23272.54|23272.54|0.0|0.0
486382|303|02|475950|2022|1|1 - CADASTRO INICIAL|000000000029|2022|2 - INEXIGIBILIDADE|20220125|2 - COMPRAS E OUTROS SERVIÇOS|VALE TRANSPORTE|AQUISICAO VALE TRANSPORTE PARA OS SERVIDORES MUNICIPAIS COM BASE NO ART 25 INCISO I DA LEI 866693|AQUISICAO VALE TRANSPORTE PARA OS SERVIDORES MUNICIPAIS COM BASE NO ART 25 INCISO I DA LEI 866693|20220125|PREFEITURA MUNICIPAL DE CAETÉ|N O|167.17|167.17|167.17|0.0|0.0
486383|303|02|475951|2022|2|1 - CADASTRO INICIAL|000000000116|2018|1 - DISPENSA|20180301|3 - LOCAÇÃO DE IMOVÉIS|LOCACAO DE IMÓVEL SITUADO A RUA PRESIDENTE GETULIO VARGAS N° 102 CENTRO CAETÉ ONDE FUNCIONARA O CEACA CENTRO DE ATENDIMENTO DA CRIANCA E DO ADOLESCENTE|LOCACAO DE IMÓVEL SITUADO A RUA PRESIDENTE GETULIO VARGAS N° 102 CENTRO CAETÉ ONDE FUNCIONARA O CEACA CENTRO DE ATENDIMENTO DA CRIANCA E DO ADOLESCENTE|LOCACAO DE IMÓVEL SITUADO A RUA PRESIDENTE GETULIO VARGAS N° 102 CENTRO CAETÉ ONDE FUNCIONARA O CEACA CENTRO DE ATENDIMENTO DA CRIANCA E DO ADOLESCENTE|20180301|PREFEITURA MUNICIPAL DE CAETÉ|N O|0.0|0.0|0.0|0.0|0.0
486384|303|02|475950|2022|2|1 - CADASTRO INICIAL|000000000056|2022|1 - DISPENSA|20220221|2 - COMPRAS E OUTROS SERVIÇOS|AQUISICOES DE MEDICAMENTOS PARA ATENDIMENTO A PACIENTE ISABELA LUIZA ALCÂNTARA SILVACONFORME PROCESSO DE ACAO JUDICIAL N°00343054220178130045|AQUISICOES DE MEDICAMENTOS PARA ATENDIMENTO A PACIENTE ISABELA LUIZA ALCÂNTARA SILVACONFORME PROCESSO DE ACAO JUDICIAL N°00343054220178130045|AQUISICOES DE MEDICAMENTOS PARA ATENDIMENTO A PACIENTE ISABELA LUIZA ALCÂNTARA SILVACONFORME PROCESSO DE ACAO JUDICIAL N°00343054220178130045|20220221|PREFEITURA MUNICIPAL DE CAETÉ|N O|0.0|0.0|0.0|0.0|0.0
486385|303|02|475950|2022|2|1 - CADASTRO INICIAL|000000000054|2022|1 - DISPENSA|20220218|2 - COMPRAS E OUTROS SERVIÇOS|AQUSICAO DE MEDICAMENTOS EM ATENDIMENTO A PROCESSO JUDICIAL N° 0045150019706 PACIENTE ISABELA LUIZA ALCANTARA SILVA|AQUSICAO DE MEDICAMENTOS EM ATENDIMENTO A PROCESSO JUDICIAL N° 0045150019706 PACIENTE ISABELA LUIZA ALCANTARA SILVA|AQUSICAO DE MEDICAMENTOS EM ATENDIMENTO A PROCESSO JUDICIAL N° 0045150019706 PACIENTE ISABELA LUIZA ALCANTARA SILVA|20220218|PREFEITURA MUNICIPAL DE CAETÉ|N O|0.0|0.0|0.0|0.0|0.0
486386|303|02|475950|2022|2|1 - CADASTRO INICIAL|000000000050|2022|1 - DISPENSA|20220218|2 - COMPRAS E OUTROS SERVIÇOS|AQUISICAO DE MEDICAMENTOS EM ATENDIMENTO A PROCESSO JUDICIAL N° 50020068220218130045 PACIENTE SAMUEL ABNER CARVALHO SILVA|AQUISICAO DE MEDICAMENTOS EM ATENDIMENTO A PROCESSO JUDICIAL N° 50020068220218130045 PACIENTE SAMUEL ABNER CARVALHO SILVA|AQUISICAO DE MEDICAMENTOS EM ATENDIMENTO A PROCESSO JUDICIAL N° 50020068220218130045 PACIENTE SAMUEL ABNER CARVALHO SILVA|20220218|PREFEITURA MUNICIPAL DE CAETÉ|N O|0.0|0.0|0.0|0.0|0.0
486387|303|02|475950|2022|2|1 - CADASTRO INICIAL|000000000053|2022|1 - DISPENSA|20220218|2 - COMPRAS E OUTROS SERVIÇOS|AQUISICAO DE MEDICMAENTOS EM ATENDIMENTO À PROCESSO JUDICIAL N° 0045150019706 PACIENTE ISABELA LUIZA ALCÂNTARA SILVA|AQUISICAO DE MEDICMAENTOS EM ATENDIMENTO À PROCESSO JUDICIAL N° 0045150019706 PACIENTE ISABELA LUIZA ALCÂNTARA SILVA|AQUISICAO DE MEDICMAENTOS EM ATENDIMENTO À PROCESSO JUDICIAL N° 0045150019706 PACIENTE ISABELA LUIZA ALCÂNTARA SILVA|20220218|PREFEITURA MUNICIPAL DE CAETÉ|N O|0.0|0.0|0.0|0.0|0.0
486388|303|02|475950|2022|2|1 - CADASTRO INICIAL|000000000031|2022|2 - INEXIGIBILIDADE|20220207|2 - COMPRAS E OUTROS SERVIÇOS|MATERIAL BEM OU SERVICO PARA DISTRIBUICAO GRATUITA|AQUISICAO DE SISTEMA DE ENSINO COMPOSTO POR KIT COM MATERIAL DIDATICO ALINHADOS COM OS PARAMETROS CURRICULARES NACIONAIS|AQUISICAO DE SISTEMA DE ENSINO COMPOSTO POR KIT COM MATERIAL DIDATICO ALINHADOS COM OS PARAMETROS CURRICULARES NACIONAIS|20220207|PREFEITURA MUNICIPAL DE CAETÉ|N O|0.0|0.0|0.0|0.0|0.0
486389|303|02|475950|2022|2|1 - CADASTRO INICIAL|000000000060|2022|2 - INEXIGIBILIDADE|20220224|2 - COMPRAS E OUTROS SERVIÇOS|AUXÍLIO FINANCEIRO A ESTUDANTES EM ATENDIMENTO A LEI MUNICIPAL 32872021 E DECRETO MUNICIPAL 1232021 REFERENTE AO TRANSPORTE UNIVERSITARIO|AUXÍLIO FINANCEIRO A ESTUDANTES EM ATENDIMENTO A LEI MUNICIPAL 32872021 E DECRETO MUNICIPAL 1232021 REFERENTE AO TRANSPORTE UNIVERSITARIO|AUXÍLIO FINANCEIRO A ESTUDANTES EM ATENDIMENTO A LEI MUNICIPAL 32872021 E DECRETO MUNICIPAL 1232021 REFERENTE AO TRANSPORTE UNIVERSITARIO|20220224|PREFEITURA MUNICIPAL DE CAETÉ|SIM|0.0|0.0|0.0|0.0|0.0
517567|305|04|475976|2022|6|1 - CADASTRO INICIAL|000000000005|2022|2 - INEXIGIBILIDADE|20220624|2 - COMPRAS E OUTROS SERVIÇOS|CONTRATACAO DA BANDA CHAMA CHUVA PARA REALIZACAO DE SHOW MUSICAL NO DIA 020722 NA PRACA DOUTOR JOAO PINHEIRO DURANTE AS FESTIVIDADES DO I FESTIVAL DE QUITANDAS NESTE MUNICÍPIO|CONTRATACAO DA BANDA CHAMA CHUVA QUE POSSUI RENOME E CONSAGRACAO NACIONAL NO SEGMENTO DE FORRÓ ESTILO QUE TEM GRADE APELO DO PÚBLICO NESSA ÉPOCA DO ANO|CONTRATACAO DA BANDA CHAMA CHUVA QUE POSSUI RENOME E CONSAGRACAO NACIONAL NO SEGMENTO DE FORRÓ ESTILO QUE TEM GRADE APELO DO PÚBLICO NESSA ÉPOCA DO ANO|20220624|PREFEITURA MUNICIPAL DE CAETÉ|N O|15000.0|15000.0|15000.0|0.0|0.0
532019|305|04|475976|2022|8|1 - CADASTRO INICIAL|000000000020|2022|2 - INEXIGIBILIDADE|20220826|2 - COMPRAS E OUTROS SERVIÇOS|CONTRATACAO DO SHOW DO CANTOR FRANK AGUIAR A SER REALIZADO NO DIA 06092022 DURANTE AS COMEMORACOES DA FESTA DE N S DE NAZARÉ NO DISTRITO DE MORRO VERMELHO NESTE MUNICÍPIO|CONTRATACAO DO SHOW DO CANTOR FRANK AGUIAR QUE POSSUI RENOME E CONSAGRACAO NACIONAL NO ESTILO QUE TEM GRANDE APELO DO PÚBLICO NO EVENTO A SER REALIZADO EM VIRTUDE DAS COMEMORACOES DA FESTA DE N S DE NAZARÉ NO DISTRITO DE MORRO VERMELHO|CONTRATACAO DO SHOW DO CANTOR FRANK AGUIAR QUE POSSUI RENOME E CONSAGRACAO NACIONAL NO ESTILO QUE TEM GRANDE APELO DO PÚBLICO NO EVENTO A SER REALIZADO EM VIRTUDE DAS COMEMORACOES DA FESTA DE N S DE NAZARÉ NO DISTRITO DE MORRO VERMELHO|20220902|PREFEITURA MUNICIPAL DE CAETÉ|N O|50000.0|50000.0|50000.0|0.0|0.0
520934|302|01|475975|2022|7|1 - CADASTRO INICIAL|17|2022|2 - INEXIGIBILIDADE|20220621|2 - COMPRAS E OUTROS SERVIÇOS|CONTRATAÇÃO DE EMPRESA PARA PRESTAÇÃO DE SERVIÇOS DE ATUALIZAÇÃO, MANUTENÇÃO E SUPORTE TÉCNICO PRESENCIAL E REMOTO  DO SOFTWARE  EP - ELETRONIC PANEL, UTILIZADO  NO PAINEL ELETRÔNICO DE VOTAÇÃO DA CÂMARA MUNICIPAL DE CAETÉ.|CONSIDERANDO QUE É DE FUNDAMENTAL IMPORTÂNCIA MANTER O PAINEL DE VOTAÇÃO DA CÂMARA MUNICIPAL EM ABSOLUTO FUNCIONAMENTO PARA GARANTIR A REALIZAÇÃO DAS REUNIÕES EM PLENÁRIO, BEM COMO A VOTAÇÃO DE PROJETOS E PROPOSIÇÕES.|MENOR VALOR|20220720|JORNAL OFICIAL DE CAETE|N O|2750.0|2750.0|2750.0|0.0|0.0
551019|304|03|475973|2022|10|1 - CADASTRO INICIAL|000000000033|2022|1 - DISPENSA|20220930|2 - COMPRAS E OUTROS SERVIÇOS|AQUISICAO DE COMBUSTÍVEIS PARA O ABASTECIMENTO DOS VEÍCULOS DA AUTARQUIA|ASSIM A CONTRATACAO DE FORNECEDOR QUE ATUALMENTE ESTEJA INSTALADO NO MUNICÍPIO DE CAETÉ MG DASE EM RAZAO 1 DA URGÊNCIA ACIMA EXPLICITADA 2 DA DISPONIBILIZACAO IMEDIATA DO COMBUSTÍVEL O QUE NAO SERIA POSSÍVEL EM RELACAO A FORNECEDORES INSTALADOS EM O|ASSIM A CONTRATACAO DE FORNECEDOR QUE ATUALMENTE ESTEJA INSTALADO NO MUNICÍPIO DE CAETÉ MG DASE EM RAZAO 1 DA URGÊNCIA ACIMA EXPLICITADA 2 DA DISPONIBILIZACAO IMEDIATA DO COMBUSTÍVEL O QUE NAO SERIA POSSÍVEL EM RELACAO A FORNECEDORES INSTALADOS EM O|20221011|PREFEITURA MUNICIPAL DE CAETE|N O|7789.58|7789.58|7789.58|0.0|0.0
567383|303|02|475950|2022|8|1 - CADASTRO INICIAL|000000000282|2022|2 - INEXIGIBILIDADE|20220825|2 - COMPRAS E OUTROS SERVIÇOS|FESTIVIDADES E HOMENAGENS CONTRATACAO DE SHOW DO CANTOR NADO REIS A SER REALIZADO NO DIA 28082022 HORARIO DE 18H00 MIN NESTE MUNICÍPIO DE CAETE DURANTE O FESTIVAL DE QUEIJO|ARTIGO 25 INCISO III CONTRATACAO DE SHOW DO CANTOR NADO REIS A SER REALIZADO NO DIA 28082022 HORARIO DE 18H00 MIN NESTE MUNICÍPIO DE CAETE DURANTE O FESTIVAL DE QUEIJO|ARTIGO 25 INCISO III CONTRATACAO DE SHOW DO CANTOR NADO REIS A SER REALIZADO NO DIA 28082022 HORARIO DE 18H00 MIN NESTE MUNICÍPIO DE CAETE DURANTE O FESTIVAL DE QUEIJO|20220825|PREFEITURA MUNICIPAL DE CAETÉ|N O|0.0|0.0|0.0|0.0|0.0
567384|303|02|475950|2022|8|1 - CADASTRO INICIAL|000000000280|2022|2 - INEXIGIBILIDADE|20220824|2 - COMPRAS E OUTROS SERVIÇOS|CREDENCIAMENTO DE EMPRESAS PRESTADORAS DE SERVICOS DE SAÚDE ESPECIALIZADA PARA ATENDIMENTO AOS USUARIOS DO SUS DA REDE MUNICIPAL DE SAÚDE DO MUNICÍPIO|CREDENCIAMENTO DE EMPRESAS PRESTADORAS DE SERVICOS DE SAÚDE ESPECIALIZADA PARA ATENDIMENTO AOS USUARIOS DO SUS DA REDE MUNICIPAL DE SAÚDE DO MUNICÍPIO|CREDENCIAMENTO DE EMPRESAS PRESTADORAS DE SERVICOS DE SAÚDE ESPECIALIZADA PARA ATENDIMENTO AOS USUARIOS DO SUS DA REDE MUNICIPAL DE SAÚDE DO MUNICÍPIO|20220824|PREFEITURA MUNICIPAL DE CAETÉ|N O|0.0|0.0|0.0|0.0|0.0
567379|303|02|475950|2022|8|1 - CADASTRO INICIAL|000000000272|2022|1 - DISPENSA|20220819|2 - COMPRAS E OUTROS SERVIÇOS|AQUISICOES DE MEDICAMENTOS EM ATENDIMENTO A DIVERSOS PACIENTES DE PROCESSOS DE ACOES JUDICIAIS|AQUISICOES DE MEDICAMENTOS EM ATENDIMENTO A DIVERSOS PACIENTES DE PROCESSOS DE ACOES JUDICIAIS|AQUISICOES DE MEDICAMENTOS EM ATENDIMENTO A DIVERSOS PACIENTES DE PROCESSOS DE ACOES JUDICIAIS|20220819|PREFEITURA MUNICIPAL DE CAETÉ|N O|0.0|0.0|0.0|0.0|0.0
567380|303|02|475950|2022|8|1 - CADASTRO INICIAL|000000000271|2022|1 - DISPENSA|20220819|2 - COMPRAS E OUTROS SERVIÇOS|AQUISICAO ONEROSA EM NOME DO MUNICÍPIO UMA FRACAO DE 1800M²MIL E OITOCENTOS METROS QUADRADOS SEM BENFOTORIAS DO IMÓVEL RURAL CONSTITUÍDO POR UMA GLEBA COM AREA DE 3342 HA TRINTA E TRÊS HECTARES E QUARENTA E DOIS ARES DE TERRAS SITUADA NO LUGAR DENOMINADO ACACIO E TOMEZINHO OU FAZENDA ANTONIO DOS SANTOS NO DISTRITO DE ANTÔNIO DOS SANTOS CONSTANTE NOS LIVROS DE REGISTRO GERALL° N°2GÀS FLS126 MATRÍCULA SOB O N° DE ORDEM 3328 REGISTRO DOB O N° 01 DO CARTÓRIO DE REGISTRO DE IMÓVEIS DE CAETÉMG|AQUISICAO ONEROSA EM NOME DO MUNICÍPIO UMA FRACAO DE 1800M²MIL E OITOCENTOS METROS QUADRADOS SEM BENFOTORIAS DO IMÓVEL RURAL CONSTITUÍDO POR UMA GLEBA COM AREA DE 3342 HA TRINTA E TRÊS HECTARES E QUARENTA E DOIS ARES DE TERRAS SITUADA NO LUGAR DENOMI|AQUISICAO ONEROSA EM NOME DO MUNICÍPIO UMA FRACAO DE 1800M²MIL E OITOCENTOS METROS QUADRADOS SEM BENFOTORIAS DO IMÓVEL RURAL CONSTITUÍDO POR UMA GLEBA COM AREA DE 3342 HA TRINTA E TRÊS HECTARES E QUARENTA E DOIS ARES DE TERRAS SITUADA NO LUGAR DENOMI|20220819|PREFEITURA MUNICIPAL DE CAETÉ|N O|0.0|0.0|0.0|0.0|0.0
567381|303|02|475950|2022|8|1 - CADASTRO INICIAL|000000000274|2022|1 - DISPENSA|20220822|2 - COMPRAS E OUTROS SERVIÇOS|AQUISICOES DOS MEDICAMENTOS FRUSTADOS NO PREGAO ELETRÔNICO|AQUISICOES DOS MEDICAMENTOS FRUSTADOS NO PREGAO ELETRÔNICO|AQUISICOES DOS MEDICAMENTOS FRUSTADOS NO PREGAO ELETRÔNICO|20220822|PREFEITURA MUNICIPAL DE CAETÉ|N O|0.0|0.0|0.0|0.0|0.0
567382|303|02|475950|2022|8|1 - CADASTRO INICIAL|000000000266|2022|1 - DISPENSA|20220808|2 - COMPRAS E OUTROS SERVIÇOS|AQUISICAO DE MEDICAMENTOS EM ATENDIMENTO AOS PROCESSO DE ACOES JUDICIAIS AS PACIENTE LUZIA DA PIEDADE BARBOSA LIMA N° 00343054220178130045 E ISABELA LUÍZA ALCANTÂRA SILVA N° 0045150019706|AQUISICAO DE MEDICAMENTOS EM ATENDIMENTO AOS PROCESSO DE ACOES JUDICIAIS AS PACIENTE LUZIA DA PIEDADE BARBOSA LIMA N° 00343054220178130045 E ISABELA LUÍZA ALCANTÂRA SILVA N° 0045150019706|AQUISICAO DE MEDICAMENTOS EM ATENDIMENTO AOS PROCESSO DE ACOES JUDICIAIS AS PACIENTE LUZIA DA PIEDADE BARBOSA LIMA N° 00343054220178130045 E ISABELA LUÍZA ALCANTÂRA SILVA N° 0045150019706|20220808|PREFEITURA MUNICIPAL DE CAETÉ|N O|0.0|0.0|0.0|0.0|0.0
566420|303|02|475950|2022|4|1 - CADASTRO INICIAL|000000000133|2022|1 - DISPENSA|20220411|2 - COMPRAS E OUTROS SERVIÇOS|AQUSICAO DE MEDICAMENTOS EM ATENDIMENTO A PROCESSO JUDICIAL N° 0045150019706 PACIENTE ISABELA LUIZA ALCANTARA SILVA|AQUSICAO DE MEDICAMENTOS EM ATENDIMENTO A PROCESSO JUDICIAL N° 0045150019706 PACIENTE ISABELA LUIZA ALCANTARA SILVA|AQUSICAO DE MEDICAMENTOS EM ATENDIMENTO A PROCESSO JUDICIAL N° 0045150019706 PACIENTE ISABELA LUIZA ALCANTARA SILVA|20220411|PREFEITURA MUNICIPAL DE CAETÉ|N O|0.0|0.0|0.0|0.0|0.0
566421|303|02|475950|2022|4|1 - CADASTRO INICIAL|000000000149|2022|1 - DISPENSA|20220428|2 - COMPRAS E OUTROS SERVIÇOS|AQUISICAO DE MEDICAMENTOS PARA ATENDIMENTO AS PACIENTES AMANDA DO ROSARIO SALOMAOCONFORME PROCESSO DE ACAO JUDICIAL N° 50006779820228130045 E MARIA MAFALDA RODRIGUES CONFORME PROCESSO DE ACAO JUDICIAL N° 50011932620198130045|AQUISICAO DE MEDICAMENTOS PARA ATENDIMENTO AS PACIENTES AMANDA DO ROSARIO SALOMAOCONFORME PROCESSO DE ACAO JUDICIAL N° 50006779820228130045 E MARIA MAFALDA RODRIGUES CONFORME PROCESSO DE ACAO JUDICIAL N° 50011932620198130045|AQUISICAO DE MEDICAMENTOS PARA ATENDIMENTO AS PACIENTES AMANDA DO ROSARIO SALOMAOCONFORME PROCESSO DE ACAO JUDICIAL N° 50006779820228130045 E MARIA MAFALDA RODRIGUES CONFORME PROCESSO DE ACAO JUDICIAL N° 50011932620198130045|20220428|PREFEITURA MUNICIPAL DE CAETÉ|N O|0.0|0.0|0.0|0.0|0.0
566422|303|02|475950|2022|4|1 - CADASTRO INICIAL|000000000122|2022|2 - INEXIGIBILIDADE|20220404|2 - COMPRAS E OUTROS SERVIÇOS|AUXÍLIO FINANCEIRO TRANSPORTE UNIVERSITARIO AUXÍLIO FINANCEIRO A ESTUDANTES EM ATENDIMENTO A LEI MUNICIPAL 32872021 E DECRETO MUNICIPAL 1232021 REFERENTE AO TRANSPORTE UNIVERSITARIO|AUXÍLIO FINANCEIRO TRANSPORTE UNIVERSITARIO AUXÍLIO FINANCEIRO A ESTUDANTES EM ATENDIMENTO A LEI MUNICIPAL 32872021 E DECRETO MUNICIPAL 1232021 REFERENTE AO TRANSPORTE UNIVERSITARIO|AUXÍLIO FINANCEIRO TRANSPORTE UNIVERSITARIO AUXÍLIO FINANCEIRO A ESTUDANTES EM ATENDIMENTO A LEI MUNICIPAL 32872021 E DECRETO MUNICIPAL 1232021 REFERENTE AO TRANSPORTE UNIVERSITARIO|20220404|PREFEITURA MUNICIPAL DE CAETÉ|SIM|0.0|0.0|0.0|0.0|0.0
566423|303|02|475950|2022|4|1 - CADASTRO INICIAL|000000000134|2022|2 - INEXIGIBILIDADE|20220412|2 - COMPRAS E OUTROS SERVIÇOS|AUXÍLIO FINANCEIRO TRANSPORTE UNIVERSITARIO AUXÍLIO FINANCEIRO A ESTUDANTES EM ATENDIMENTO A LEI MUNICIPAL 32872021 E DECRETO MUNICIPAL 1232021 REFERENTE AO TRANSPORTE UNIVERSITARIO|AUXÍLIO FINANCEIRO TRANSPORTE UNIVERSITARIO AUXÍLIO FINANCEIRO A ESTUDANTES EM ATENDIMENTO A LEI MUNICIPAL 32872021 E DECRETO MUNICIPAL 1232021 REFERENTE AO TRANSPORTE UNIVERSITARIO|AUXÍLIO FINANCEIRO TRANSPORTE UNIVERSITARIO AUXÍLIO FINANCEIRO A ESTUDANTES EM ATENDIMENTO A LEI MUNICIPAL 32872021 E DECRETO MUNICIPAL 1232021 REFERENTE AO TRANSPORTE UNIVERSITARIO|20220412|PREFEITURA MUNICIPAL DE CAETÉ|SIM|0.0|0.0|0.0|0.0|0.0
566431|303|02|475950|2022|6|1 - CADASTRO INICIAL|000000000189|2022|1 - DISPENSA|20220614|2 - COMPRAS E OUTROS SERVIÇOS|OBRAS E INSTALACOES CONTRATACAO DE EMPRESA ESPECIALIZADA PARA CONSTRUCAO SOB REGIME DE EMPREITADA GLOBAL DE CONTENCAO NAS MARGENS DO RIBEIRAO CAETÉ COM MURO DE CONCRETO CICLÓPICO DE 4 M DE ALTURA E 10 M DE COMPRIMENTO CONFORME PLANILHA E PROJETO TÍPICO META 1 APROVADO NO FORMULA¿RIO DE SOLICITACAO DE RECURSOS DA DEFESA CIVIL NACIONAL CONFORME PROCESSO N° 590520089092022|CONTRATACAO DE EMPRESA ESPECIALIZADA PARA CONSTRUCAO SOB REGIME DE EMPREITADA GLOBAL DE CONTENCAO NAS MARGENS DO RIBEIRAO CAETÉ COM MURO DE CONCRETO CICLÓPICO DE 4 M DE ALTURA E 10 M DE COMPRIMENTO CONFORME PLANILHA E PROJETO TÍPICO META 1 APROVADO N|CONTRATACAO DE EMPRESA ESPECIALIZADA PARA CONSTRUCAO SOB REGIME DE EMPREITADA GLOBAL DE CONTENCAO NAS MARGENS DO RIBEIRAO CAETÉ COM MURO DE CONCRETO CICLÓPICO DE 4 M DE ALTURA E 10 M DE COMPRIMENTO CONFORME PLANILHA E PROJETO TÍPICO META 1 APROVADO N|20220614|PREFEITURA MUNICIPAL DE CAETÉ|N O|0.0|0.0|0.0|0.0|0.0
566432|303|02|475950|2022|6|1 - CADASTRO INICIAL|000000000190|2022|1 - DISPENSA|20220614|2 - COMPRAS E OUTROS SERVIÇOS|CONTRATACAO DE EMPRESA ESPECIALIZADA PARA CONSTRUCAO SOB REGIME DE EMPREITADA GLOBAL DE CONTENCAO DE GABIAO CONFORME PLANILHA E PROJETO TÍPICO META 6 APROVADO NO FORMULA¿RIO DE SOLICITACAO DE RECURSOS DA DEFESA CIVIL NACIONAL CONFORME PROCESSO N° 59052008909202267 NA RUA DO CAMPO SANTA CRUZ N° 70 BAIRRO CENTRO CAETÉMG|CONTRATACAO DE EMPRESA ESPECIALIZADA PARA CONSTRUCAO SOB REGIME DE EMPREITADA GLOBAL DE CONTENCAO DE GABIAO CONFORME PLANILHA E PROJETO TÍPICO META 6 APROVADO NO FORMULA¿RIO DE SOLICITACAO DE RECURSOS DA DEFESA CIVIL NACIONAL CONFORME PROCESSO N° 590|CONTRATACAO DE EMPRESA ESPECIALIZADA PARA CONSTRUCAO SOB REGIME DE EMPREITADA GLOBAL DE CONTENCAO DE GABIAO CONFORME PLANILHA E PROJETO TÍPICO META 6 APROVADO NO FORMULA¿RIO DE SOLICITACAO DE RECURSOS DA DEFESA CIVIL NACIONAL CONFORME PROCESSO N° 590|20220614|PREFEITURA MUNICIPAL DE CAETÉ|N O|0.0|0.0|0.0|0.0|0.0
566433|303|02|475950|2022|6|1 - CADASTRO INICIAL|000000000209|2022|1 - DISPENSA|20220629|2 - COMPRAS E OUTROS SERVIÇOS|AQUISICAO DE MEDICAMENTOS EM ATENDIMENTO A DIVERSOS PROCESSOS DE ACOES JUDICIAIS|AQUISICAO DE MEDICAMENTOS EM ATENDIMENTO A DIVERSOS PROCESSOS DE ACOES JUDICIAIS|AQUISICAO DE MEDICAMENTOS EM ATENDIMENTO A DIVERSOS PROCESSOS DE ACOES JUDICIAIS|20220629|PREFEITURA MUNICIPAL DE CAETÉ|N O|0.0|0.0|0.0|0.0|0.0
566434|303|02|475950|2022|6|1 - CADASTRO INICIAL|000000000207|2022|1 - DISPENSA|20220630|2 - COMPRAS E OUTROS SERVIÇOS|AQUISICAO DE MATERIAL PARA ATENDIMENTO A PACIENTE ANA BEATRIZ LIMA DE OLIVEIRA CONFORME PROCESSO DE ACAO JUDICIAL N° 50005341720198130045|AQUISICAO DE MATERIAL PARA ATENDIMENTO A PACIENTE ANA BEATRIZ LIMA DE OLIVEIRA CONFORME PROCESSO DE ACAO JUDICIAL N° 50005341720198130045|AQUISICAO DE MATERIAL PARA ATENDIMENTO A PACIENTE ANA BEATRIZ LIMA DE OLIVEIRA CONFORME PROCESSO DE ACAO JUDICIAL N° 50005341720198130045|20220630|PREFEITURA MUNICIPAL DE CAETÉ|N O|0.0|0.0|0.0|0.0|0.0
566435|303|02|475950|2022|6|1 - CADASTRO INICIAL|000000000199|2022|1 - DISPENSA|20220621|3 - LOCAÇÃO DE IMOVÉIS|LOCACAO DE IMÓVEL SITUADO À RUA GERALDO MARGARIDO SN° DISTRITO DE RANCHO NOVO ONDE FUNCIONARA A UNIDADE DO CENTRO DE REFERÊNCIA DE ASSISTÊNCIA SOCIALCRAS RANCHO NOVO|LOCACAO DE IMÓVEL SITUADO À RUA GERALDO MARGARIDO SN° DISTRITO DE RANCHO NOVO ONDE FUNCIONARA A UNIDADE DO CENTRO DE REFERÊNCIA DE ASSISTÊNCIA SOCIALCRAS RANCHO NOVO|LOCACAO DE IMÓVEL SITUADO À RUA GERALDO MARGARIDO SN° DISTRITO DE RANCHO NOVO ONDE FUNCIONARA A UNIDADE DO CENTRO DE REFERÊNCIA DE ASSISTÊNCIA SOCIALCRAS RANCHO NOVO|20220621|PREFEITURA MUNICIPAL DE CAETÉ|N O|0.0|0.0|0.0|0.0|0.0
566436|303|02|475950|2022|6|1 - CADASTRO INICIAL|000000000185|2022|2 - INEXIGIBILIDADE|20220608|2 - COMPRAS E OUTROS SERVIÇOS|CONTRATACAO DE EMPRESA ESPECIALIZADA PARA A PRESTACAO DE SERVICOS TÉCNICOS PROFISSIONAIS PARA REALIZACAO DE ESTUDOVIABILIDADEASSESSORIAAUDITORIA E CONSULTORIA JURÍDICACONTABIL DE NATUREZA SINGULAR E ESPECIALIZADA NA AREA DO DIREITO TRIBUTARIO|CONTRATACAO DE EMPRESA ESPECIALIZADA PARA A PRESTACAO DE SERVICOS TÉCNICOS PROFISSIONAIS PARA REALIZACAO DE ESTUDOVIABILIDADEASSESSORIAAUDITORIA E CONSULTORIA JURÍDICACONTABIL DE NATUREZA SINGULAR E ESPECIALIZADA NA AREA DO DIREITO TRIBUTARIO|CONTRATACAO DE EMPRESA ESPECIALIZADA PARA A PRESTACAO DE SERVICOS TÉCNICOS PROFISSIONAIS PARA REALIZACAO DE ESTUDOVIABILIDADEASSESSORIAAUDITORIA E CONSULTORIA JURÍDICACONTABIL DE NATUREZA SINGULAR E ESPECIALIZADA NA AREA DO DIREITO TRIBUTARIO|20220608|PREFEITURA MUNICIPAL DE CAETÉ|N O|145000.0|144869.66|144869.66|0.0|130.34
566426|303|02|475950|2022|5|1 - CADASTRO INICIAL|000000000175|2022|1 - DISPENSA|20220526|2 - COMPRAS E OUTROS SERVIÇOS|MEDICAMENTOS PARA ATENDIMENTO DE PROCESSO JUDICIAL AQUISICAO DE MEDICAMENTO EM ATENDIMENTO A PROCESSO JUDICIAL N° 50010108420218130045 PACIENTE CAIO CESAR DE JESUS|MEDICAMENTOS PARA ATENDIMENTO DE PROCESSO JUDICIAL AQUISICAO DE MEDICAMENTO EM ATENDIMENTO A PROCESSO JUDICIAL N° 50010108420218130045 PACIENTE CAIO CESAR DE JESUS|MEDICAMENTOS PARA ATENDIMENTO DE PROCESSO JUDICIAL AQUISICAO DE MEDICAMENTO EM ATENDIMENTO A PROCESSO JUDICIAL N° 50010108420218130045 PACIENTE CAIO CESAR DE JESUS|20220526|PREFEITURA MUNICIPAL DE CAETÉ|N O|0.0|0.0|0.0|0.0|0.0
566427|303|02|475950|2022|5|1 - CADASTRO INICIAL|000000000181|2022|1 - DISPENSA|20220531|2 - COMPRAS E OUTROS SERVIÇOS|MEDICAMENTOS PARA ATENDIMENTO DE PROCESSO JUDICIAL AQUISICAO DE MEDICAMENTO EM ATENDIMENTO A PROCESSO JUDICIAL N° 50011542420228130045 PACIENTE GABRIEL DE OLIVEIRA RODRIGUES|MEDICAMENTOS PARA ATENDIMENTO DE PROCESSO JUDICIAL AQUISICAO DE MEDICAMENTO EM ATENDIMENTO A PROCESSO JUDICIAL N° 50011542420228130045 PACIENTE GABRIEL DE OLIVEIRA RODRIGUES|MEDICAMENTOS PARA ATENDIMENTO DE PROCESSO JUDICIAL AQUISICAO DE MEDICAMENTO EM ATENDIMENTO A PROCESSO JUDICIAL N° 50011542420228130045 PACIENTE GABRIEL DE OLIVEIRA RODRIGUES|20220531|PREFEITURA MUNICIPAL DE CAETÉ|N O|0.0|0.0|0.0|0.0|0.0
566428|303|02|475950|2022|5|1 - CADASTRO INICIAL|000000000158|2022|2 - INEXIGIBILIDADE|20220506|2 - COMPRAS E OUTROS SERVIÇOS|CREDENCIAMENTO DE EMPRESAS PRESTADORAS DE SERVICOS DE SAÚDE ESPECIALIZADA PARA ATENDIMENTO AOS USUARIOS DO SUS DA REDE MUNICIPAL DE SAÚDE DO MUNICÍPIO|CREDENCIAMENTO DE EMPRESAS PRESTADORAS DE SERVICOS DE SAÚDE ESPECIALIZADA PARA ATENDIMENTO AOS USUARIOS DO SUS DA REDE MUNICIPAL DE SAÚDE DO MUNICÍPIO|CREDENCIAMENTO DE EMPRESAS PRESTADORAS DE SERVICOS DE SAÚDE ESPECIALIZADA PARA ATENDIMENTO AOS USUARIOS DO SUS DA REDE MUNICIPAL DE SAÚDE DO MUNICÍPIO|20220506|PREFEITURA MUNICIPAL DE CAETÉ|N O|0.0|0.0|0.0|0.0|0.0
566429|303|02|475950|2022|5|1 - CADASTRO INICIAL|000000000152|2022|2 - INEXIGIBILIDADE|20220504|2 - COMPRAS E OUTROS SERVIÇOS|AUXÍLIO FINANCEIRO TRANSPORTE UNIVERSITARIO AUXÍLIO FINANCEIRO A ESTUDANTES EM ATENDIMENTO A LEI MUNICIPAL 32872021 E DECRETO MUNICIPAL 1232021 REFERENTE AO TRANSPORTE UNIVERSITARIO|AUXÍLIO FINANCEIRO TRANSPORTE UNIVERSITARIO AUXÍLIO FINANCEIRO A ESTUDANTES EM ATENDIMENTO A LEI MUNICIPAL 32872021 E DECRETO MUNICIPAL 1232021 REFERENTE AO TRANSPORTE UNIVERSITARIO|AUXÍLIO FINANCEIRO TRANSPORTE UNIVERSITARIO AUXÍLIO FINANCEIRO A ESTUDANTES EM ATENDIMENTO A LEI MUNICIPAL 32872021 E DECRETO MUNICIPAL 1232021 REFERENTE AO TRANSPORTE UNIVERSITARIO|20220504|PREFEITURA MUNICIPAL DE CAETÉ|N O|0.0|0.0|0.0|0.0|0.0
566430|303|02|475950|2022|5|1 - CADASTRO INICIAL|000000000157|2022|2 - INEXIGIBILIDADE|20220506|2 - COMPRAS E OUTROS SERVIÇOS|CREDENCIAMENTO DE EMPRESAS PRESTADORAS DE SERVICOS DE SAÚDE ESPECIALIZADA PARA ATENDIMENTO AOS USUARIOS DO SUS DA REDE MUNICIPAL DE SAÚDE DO MUNICÍPIO|CREDENCIAMENTO DE EMPRESAS PRESTADORAS DE SERVICOS DE SAÚDE ESPECIALIZADA PARA ATENDIMENTO AOS USUARIOS DO SUS DA REDE MUNICIPAL DE SAÚDE DO MUNICÍPIO|CREDENCIAMENTO DE EMPRESAS PRESTADORAS DE SERVICOS DE SAÚDE ESPECIALIZADA PARA ATENDIMENTO AOS USUARIOS DO SUS DA REDE MUNICIPAL DE SAÚDE DO MUNICÍPIO|20220506|PREFEITURA MUNICIPAL DE CAETÉ|N O|0.0|0.0|0.0|0.0|0.0
566425|303|02|475950|2022|5|1 - CADASTRO INICIAL|000000000161|2022|1 - DISPENSA|20220506|2 - COMPRAS E OUTROS SERVIÇOS|AQUISICAO DE MEDICAMENTOS PARA ATENDIMENTO AO PACIENTE GUSTAVO HENRIQUE SOUZA SILVACONFORME PROCESSO DE ACAO JUDICIAL N° 50009290420228130045|AQUISICAO DE MEDICAMENTOS PARA ATENDIMENTO AO PACIENTE GUSTAVO HENRIQUE SOUZA SILVACONFORME PROCESSO DE ACAO JUDICIAL N° 50009290420228130045|AQUISICAO DE MEDICAMENTOS PARA ATENDIMENTO AO PACIENTE GUSTAVO HENRIQUE SOUZA SILVACONFORME PROCESSO DE ACAO JUDICIAL N° 50009290420228130045|20220506|PREFEITURA MUNICIPAL DE CAETÉ|N O|0.0|0.0|0.0|0.0|0.0
566437|303|02|475950|2022|7|1 - CADASTRO INICIAL|000000000222|2022|1 - DISPENSA|20220708|2 - COMPRAS E OUTROS SERVIÇOS|AQUISICAO DE MATERIAL PARA ATENDIMENTO A PACIENTE ANA BEATRIZ LIMA DE OLIVEIRA CONFORME PROCESSO DE ACAO JUDICIAL N° 50005341720198130045|AQUISICAO DE MATERIAL PARA ATENDIMENTO A PACIENTE ANA BEATRIZ LIMA DE OLIVEIRA CONFORME PROCESSO DE ACAO JUDICIAL N° 50005341720198130045|AQUISICAO DE MATERIAL PARA ATENDIMENTO A PACIENTE ANA BEATRIZ LIMA DE OLIVEIRA CONFORME PROCESSO DE ACAO JUDICIAL N° 50005341720198130045|20220708|PREFEITURA MUNICIPAL DE CAETÉ|N O|0.0|0.0|0.0|0.0|0.0
566438|303|02|475950|2022|7|1 - CADASTRO INICIAL|000000000249|2022|1 - DISPENSA|20220715|2 - COMPRAS E OUTROS SERVIÇOS|CONTRATACAO DE EMPRESA ESPECIALIZADA NO FORNECIMENTO DE SERVICO TELEFONICO FIXO COMUTADOSTFC DESTINADO AO TRAFEGO DE CHAMADAS LOCAIS DE LONGA DISTANCIA NACIONALINTERNACIONAL E CELULAR ENTRE A PREFEITURA MUNICIPAL DE CAETÉ E REDE PÚBLICA DE TELEFONIACOM DISPONIBILIZACAO DE SISTEMA DE TRONCOSPABX IPLOCACAO DE TELEFONES IP SISTEMA DE GERENCIAMENTOOUTROS|CONTRATACAO DE EMPRESA ESPECIALIZADA NO FORNECIMENTO DE SERVICO TELEFONICO FIXO COMUTADOSTFC DESTINADO AO TRAFEGO DE CHAMADAS LOCAIS DE LONGA DISTANCIA NACIONALINTERNACIONAL E CELULAR ENTRE A PREFEITURA MUNICIPAL DE CAETÉ E REDE PÚBLICA DE TELEFONIAC|CONTRATACAO DE EMPRESA ESPECIALIZADA NO FORNECIMENTO DE SERVICO TELEFONICO FIXO COMUTADOSTFC DESTINADO AO TRAFEGO DE CHAMADAS LOCAIS DE LONGA DISTANCIA NACIONALINTERNACIONAL E CELULAR ENTRE A PREFEITURA MUNICIPAL DE CAETÉ E REDE PÚBLICA DE TELEFONIAC|20220715|PREFEITURA MUNICIPAL DE CAETÉ|SIM|8198.5|0.0|0.0|0.0|8198.5
566439|303|02|475950|2022|7|1 - CADASTRO INICIAL|000000000258|2022|1 - DISPENSA|20220729|2 - COMPRAS E OUTROS SERVIÇOS|SERVICO DE SELECAO E TREINAMENTO|SERVICOS TÉCNICOS ESPECIALIZADOS DE PLANEJAMENTOORGANIZACAO E EXECUCAO DE CONCURSO PÚBLICO E PROCESSO SELETIVO PÚBLICOOBJETIVANDO O PROVIMENTO DE VAGAS PARA CARGOS IMEDIATOS E VAGAS PARA CARGOS DE CADASTRO RESERVA NOS CARGOS PÚBLICOS|SERVICOS TÉCNICOS ESPECIALIZADOS DE PLANEJAMENTOORGANIZACAO E EXECUCAO DE CONCURSO PÚBLICO E PROCESSO SELETIVO PÚBLICOOBJETIVANDO O PROVIMENTO DE VAGAS PARA CARGOS IMEDIATOS E VAGAS PARA CARGOS DE CADASTRO RESERVA NOS CARGOS PÚBLICOS|20220729|PREFEITURA MUNICIPAL DE CAETÉ|N O|39769.0|39769.0|39769.0|0.0|0.0
566440|303|02|475950|2022|7|1 - CADASTRO INICIAL|000000000230|2022|1 - DISPENSA|20220713|2 - COMPRAS E OUTROS SERVIÇOS|LOCACAO DO IMÓVEL SITUADO NA RUA DO CONTORNO305 DISTRITO DE ROCAS NOVAS NA CIDADE DE CAETÉ ESTADO DE MINAS GERAIS PARA FUNCIONAMENTO DA UNIDADE BASICA DE SAUDE UBS ROCAS NOVAS|LOCACAO DO IMÓVEL SITUADO NA RUA DO CONTORNO305 DISTRITO DE ROCAS NOVAS NA CIDADE DE CAETÉ ESTADO DE MINAS GERAIS PARA FUNCIONAMENTO DA UNIDADE BASICA DE SAUDE UBS ROCAS NOVAS|LOCACAO DO IMÓVEL SITUADO NA RUA DO CONTORNO305 DISTRITO DE ROCAS NOVAS NA CIDADE DE CAETÉ ESTADO DE MINAS GERAIS PARA FUNCIONAMENTO DA UNIDADE BASICA DE SAUDE UBS ROCAS NOVAS|20220713|PREFEITURA MUNICIPAL DE CAETÉ|N O|0.0|0.0|0.0|0.0|0.0
566441|303|02|475950|2022|7|1 - CADASTRO INICIAL|000000000221|2022|1 - DISPENSA|20220707|2 - COMPRAS E OUTROS SERVIÇOS|OBRAS E INSTALACOES CONTRATACAO DE EMPRESA ESPECIALIZADA PARA RECONSTRUCAO DE PASSAGEM SOBRE RIO COM BUEIRO TRIPLO TUBULAR DE CONCRETO CONFORME PLANILHA E PROJETO TÍPICO META 101 APROVADA NO FORMULARIO DE SOLICITACAO DE RECURSOS DE DEFESA CIVIL NACIONAL CONFORME PROCESSO N° 59052009276202212 NA RUA PEDRA BONITA BAIRRO PEDRA BRANCA CAETÉMG|CONTRATACAO DE EMPRESA ESPECIALIZADA PARA RECONSTRUCAO DE PASSAGEM SOBRE RIO COM BUEIRO TRIPLO TUBULAR DE CONCRETO CONFORME PLANILHA E PROJETO TÍPICO META 101 APROVADA NO FORMULARIO DE SOLICITACAO DE RECURSOS DE DEFESA CIVIL NACIONAL CONFORME PROCESS|CONTRATACAO DE EMPRESA ESPECIALIZADA PARA RECONSTRUCAO DE PASSAGEM SOBRE RIO COM BUEIRO TRIPLO TUBULAR DE CONCRETO CONFORME PLANILHA E PROJETO TÍPICO META 101 APROVADA NO FORMULARIO DE SOLICITACAO DE RECURSOS DE DEFESA CIVIL NACIONAL CONFORME PROCESS|20220708|PREFEITURA MUNICIPAL DE CAETÉ|N O|0.0|0.0|0.0|0.0|0.0
566442|303|02|475950|2022|7|1 - CADASTRO INICIAL|000000000215|2022|2 - INEXIGIBILIDADE|20220706|2 - COMPRAS E OUTROS SERVIÇOS|AQUISICAO DE GÊNEROS ALIMENTÍCIOS DA AGRICULTURA FAMILIAR E DO EMPREENDEDOR FAMILIAR RURAL OU SUAS ORGANIZACOES PARA O ATENDIMENTO PROGRAMA NACIONAL DE ALIMENTACAO ESCOLARPNAECHAMADA PÚBLICA 0012022|AQUISICAO DE GÊNEROS ALIMENTÍCIOS DA AGRICULTURA FAMILIAR E DO EMPREENDEDOR FAMILIAR RURAL OU SUAS ORGANIZACOES PARA O ATENDIMENTO PROGRAMA NACIONAL DE ALIMENTACAO ESCOLARPNAECHAMADA PÚBLICA 0012022|AQUISICAO DE GÊNEROS ALIMENTÍCIOS DA AGRICULTURA FAMILIAR E DO EMPREENDEDOR FAMILIAR RURAL OU SUAS ORGANIZACOES PARA O ATENDIMENTO PROGRAMA NACIONAL DE ALIMENTACAO ESCOLARPNAECHAMADA PÚBLICA 0012022|20220706|PREFEITURA MUNICIPAL DE CAETÉ|SIM|0.0|0.0|0.0|0.0|0.0
566443|303|02|475950|2022|7|1 - CADASTRO INICIAL|000000000234|2022|2 - INEXIGIBILIDADE|20220714|2 - COMPRAS E OUTROS SERVIÇOS|CREDENCIAMENTO DE CLÍNICAS VETERINARIAS ESPECIALIZADAS PARA REALIZACAO DE ATENDIMENTOS CLÍNICOS CONSULTAS EXAMES TRANSPORTE INTERNACOE E DE PROCEDIMENTOS MÉDICOS VETERINARIOS EM CAES E GATOS MACHOS E FÊMEAS DE PEQUENO MÉDIO E GRANDE PORTE ANIMAIS DE RUA OU CONSIDERADOS EM SITUACAO DE RISCO VULNERAVEIS OU PROPRIETARIOS COMPROVADAMENTE DE BAIXA RENDA|CREDENCIAMENTO DE CLÍNICAS VETERINARIAS ESPECIALIZADAS PARA REALIZACAO DE ATENDIMENTOS CLÍNICOS CONSULTAS EXAMES TRANSPORTE INTERNACOE E DE PROCEDIMENTOS MÉDICOS VETERINARIOS EM CAES E GATOS MACHOS E FÊMEAS DE PEQUENO MÉDIO E GRANDE PORTE ANIMAIS DE|CREDENCIAMENTO DE CLÍNICAS VETERINARIAS ESPECIALIZADAS PARA REALIZACAO DE ATENDIMENTOS CLÍNICOS CONSULTAS EXAMES TRANSPORTE INTERNACOE E DE PROCEDIMENTOS MÉDICOS VETERINARIOS EM CAES E GATOS MACHOS E FÊMEAS DE PEQUENO MÉDIO E GRANDE PORTE ANIMAIS DE|20220714|PREFEITURA MUNICIPAL DE CAETÉ|N O|0.0|0.0|0.0|0.0|0.0
573439|303|02|475950|2022|12|1 - CADASTRO INICIAL|000000000363|2022|1 - DISPENSA|20221227|2 - COMPRAS E OUTROS SERVIÇOS|AQUISICAO DE EQUIPAMENTO PARA ATENDIMENTO AO PACIENTE JOSÉ BATISTA NEVES CONFORME PROCESSO DE ACAO JUDICIAL N° 50036156620228130045|AQUISICAO DE EQUIPAMENTO PARA ATENDIMENTO AO PACIENTE JOSÉ BATISTA NEVES CONFORME PROCESSO DE ACAO JUDICIAL N° 50036156620228130045|AQUISICAO DE EQUIPAMENTO PARA ATENDIMENTO AO PACIENTE JOSÉ BATISTA NEVES CONFORME PROCESSO DE ACAO JUDICIAL N° 50036156620228130045|20221227|PREFEITURA MUNICIPAL DE CAETÉ|N O|0.0|0.0|0.0|0.0|0.0
573440|303|02|475950|2022|12|1 - CADASTRO INICIAL|000000000361|2022|1 - DISPENSA|20221220|2 - COMPRAS E OUTROS SERVIÇOS|AQUISICAO DE MEDICAMENTOS PARA ATENDIMENTO AO PACIENTE DORYARISTON JOSÉ DE CASSIA FRANCO LAGES CONFORME PROCESSO DE ACAO JUDICIAL N° 50029704120228120045|AQUISICAO DE MEDICAMENTOS PARA ATENDIMENTO AO PACIENTE DORYARISTON JOSÉ DE CASSIA FRANCO LAGES CONFORME PROCESSO DE ACAO JUDICIAL N° 50029704120228120045|AQUISICAO DE MEDICAMENTOS PARA ATENDIMENTO AO PACIENTE DORYARISTON JOSÉ DE CASSIA FRANCO LAGES CONFORME PROCESSO DE ACAO JUDICIAL N° 50029704120228120045|20221220|PREFEITURA MUNICIPAL DE CAETÉ|N O|0.0|0.0|0.0|0.0|0.0
573437|303|02|475950|2022|11|1 - CADASTRO INICIAL|000000000342|2022|1 - DISPENSA|20221121|2 - COMPRAS E OUTROS SERVIÇOS|AQUISICAO DE MEDICAMENTOS PARA ATENDIMENTO AO PACIENTE GUSTAVO HENRIQUE SOUZA SILVA CONFORME PROCESSO DE ACAO JUDICIAL N° 50009290420228130045|AQUISICAO DE MEDICAMENTOS PARA ATENDIMENTO AO PACIENTE GUSTAVO HENRIQUE SOUZA SILVA CONFORME PROCESSO DE ACAO JUDICIAL N° 50009290420228130045|AQUISICAO DE MEDICAMENTOS PARA ATENDIMENTO AO PACIENTE GUSTAVO HENRIQUE SOUZA SILVA CONFORME PROCESSO DE ACAO JUDICIAL N° 50009290420228130045|20221121|PREFEITURA MUNICIPAL DE CAETÉ|N O|0.0|0.0|0.0|0.0|0.0
573438|303|02|475950|2022|11|1 - CADASTRO INICIAL|000000000349|2022|1 - DISPENSA|20221130|2 - COMPRAS E OUTROS SERVIÇOS|AQUISICAO DE MEDICAMENTOS EM ATENDIMENTO AOS PROCESSO DE ACOES JUDICIAIS AS PACIENTE LUZIA DA PIEDADE BARBOSA LIMA N° 00343054220178130045 E ISABELA LUÍZA ALCANTÂRA SILVA N° 0045150019706|AQUISICAO DE MEDICAMENTOS EM ATENDIMENTO AOS PROCESSO DE ACOES JUDICIAIS AS PACIENTE LUZIA DA PIEDADE BARBOSA LIMA N° 00343054220178130045 E ISABELA LUÍZA ALCANTÂRA SILVA N° 0045150019706|AQUISICAO DE MEDICAMENTOS EM ATENDIMENTO AOS PROCESSO DE ACOES JUDICIAIS AS PACIENTE LUZIA DA PIEDADE BARBOSA LIMA N° 00343054220178130045 E ISABELA LUÍZA ALCANTÂRA SILVA N° 0045150019706|20221130|PREFEITURA MUNICIPAL DE CAETÉ|N O|0.0|0.0|0.0|0.0|0.0
558955|304|03|475973|2022|12|1 - CADASTRO INICIAL|000000000044|2022|1 - DISPENSA|20221212|1 - OBRAS E SERVIÇOS DE ENGENHARIA|CONTRATACAO DE EMPRESA ESPECIALIZADA NA PRESTACAO DE SERVICOS DE ENGENHARIA PARA A CONSTRUCAO DE MURO DE ALVENARIA EM UM TERRENO DO SAAE ONDE ESTA INSTALADO UM RESERVATÓRIO DE AGUA NO DISTRITO DE ROCAS NOVAS INCLUINDO O FORNECIMENTO DE MATERIAIS E EQUIPAMENTOS|ESTE PROCEDIMENTO GERARA ECONOMICIDADE E CELERIDADE PROCESSUAL LOGO A SOLUCAO ENCONTRADA TRAZ INÚMEROS DADOS POSITIVOS EM RAZAO DE UMA MELHOR ORGANIZACAO E OTIMIZACAO DOS PROCESSOS DEMANDADOS URGENTEMENTE E A DEVIDA COMPROVACAO DA VANTAJOSIDADE URGÊN|ESTE PROCEDIMENTO GERARA ECONOMICIDADE E CELERIDADE PROCESSUAL LOGO A SOLUCAO ENCONTRADA TRAZ INÚMEROS DADOS POSITIVOS EM RAZAO DE UMA MELHOR ORGANIZACAO E OTIMIZACAO DOS PROCESSOS DEMANDADOS URGENTEMENTE E A DEVIDA COMPROVACAO DA VANTAJOSIDADE URGÊN|20221228|PREFEITURA MUNICIPAL DE CAETE|N O|0.0|0.0|0.0|0.0|0.0
558956|304|03|475973|2022|12|1 - CADASTRO INICIAL|000000000037|2022|3 - INEXIGIBILIDADE POR CREDENCIAMENTO/CHAMADA PÚBLICA|20221006|2 - COMPRAS E OUTROS SERVIÇOS|PRESTACAO DE SERVICOS DE RECEBIMENTO DE CONTAS E OUTRAS GUIAS EMITIDAS PELO SAAE CAETÉMG|A CONTRATACAO SE JUSTIFICA PELA NECESSIDADE DE RECEBIMENTO DAS FATURAS DE AGUA E ESGOTO DA AUTARQUIA VISANDO O ATENDIMENTO DE QUALIDADE DOS USUARIOS E O CUMPRIMENTO A LESGISLACAO PERTINENTE DO SETOR DE SANEAMENTO|A CONTRATACAO SE JUSTIFICA PELA NECESSIDADE DE RECEBIMENTO DAS FATURAS DE AGUA E ESGOTO DA AUTARQUIA VISANDO O ATENDIMENTO DE QUALIDADE DOS USUARIOS E O CUMPRIMENTO A LESGISLACAO PERTINENTE DO SETOR DE SANEAMENTO|20221116|PREFEITURA MUNICIPAL DE CAETE|N O|1118.64|0.0|0.0|0.0|1118.64
570440|303|02|475950|2022|9|1 - CADASTRO INICIAL|000000000293|2022|1 - DISPENSA|20220905|2 - COMPRAS E OUTROS SERVIÇOS|AQUISICAO DE MATERIAL MÉDICO HOSPITALAR EM VIRTUDE DA NECESSIDADE DA SECRETARIA DE SAÚDE|AQUISICAO DE MATERIAL MÉDICO HOSPITALAR EM VIRTUDE DA NECESSIDADE DA SECRETARIA DE SAÚDE|AQUISICAO DE MATERIAL MÉDICO HOSPITALAR EM VIRTUDE DA NECESSIDADE DA SECRETARIA DE SAÚDE|20220905|PREFEITURA MUNICIPAL DE CAETÉ|N O|0.0|0.0|0.0|0.0|0.0
570441|303|02|475950|2022|9|1 - CADASTRO INICIAL|000000000290|2022|1 - DISPENSA|20220902|2 - COMPRAS E OUTROS SERVIÇOS|MEDICAMENTOS PARA ATENDIMENTO DE PROCESSO JUDICIAL N° 5005341720198130045 PACIENTE ANA BEATRIZ LIMA DE OLIVEIRA|MEDICAMENTOS PARA ATENDIMENTO DE PROCESSO JUDICIAL N° 5005341720198130045 PACIENTE ANA BEATRIZ LIMA DE OLIVEIRA|MEDICAMENTOS PARA ATENDIMENTO DE PROCESSO JUDICIAL N° 5005341720198130045 PACIENTE ANA BEATRIZ LIMA DE OLIVEIRA|20220902|PREFEITURA MUNICIPAL DE CAETÉ|N O|0.0|0.0|0.0|0.0|0.0
570442|303|02|475950|2022|10|1 - CADASTRO INICIAL|000000000315|2022|1 - DISPENSA|20221011|2 - COMPRAS E OUTROS SERVIÇOS|MEDICAMENTOS PARA ATENDIMENTO DE PROCESSO JUDICIAL AQUISICAO DE MEDICAMENTO EM ATENDIEMNTO A PROCESSO JUDICIAL N° 50011542420228130045 PACIENTE GABRIEL DE OLIVEIRA RODRIGUES|AQUISICAO DE MEDICAMENTO EM ATENDIEMNTO A PROCESSO JUDICIAL N° 50011542420228130045 PACIENTE GABRIEL DE OLIVEIRA RODRIGUES|AQUISICAO DE MEDICAMENTO EM ATENDIEMNTO A PROCESSO JUDICIAL N° 50011542420228130045 PACIENTE GABRIEL DE OLIVEIRA RODRIGUES|20221011|PREFEITURA MUNICIPAL DE CAETÉ|N O|0.0|0.0|0.0|0.0|0.0
570443|303|02|475950|2022|10|1 - CADASTRO INICIAL|000000000313|2022|1 - DISPENSA|20221007|2 - COMPRAS E OUTROS SERVIÇOS|MEDICAMENTOS PARA ATENDIMENTO DE PROCESSO JUDICIAL PACIENTE DIRLENE ALVES MARQUES DA SILVA|AQUISICAO DE MEDICAMENTO EM ATENDIMENTO A ACAO JUDICIAL PACIENTE DIRLENE ALVES MARQUES DA SILVA|AQUISICAO DE MEDICAMENTO EM ATENDIMENTO A ACAO JUDICIAL PACIENTE DIRLENE ALVES MARQUES DA SILVA|20221007|PREFEITURA MUNICIPAL DE CAETÉ|N O|0.0|0.0|0.0|0.0|0.0
570444|303|02|475950|2022|10|1 - CADASTRO INICIAL|000000000316|2022|1 - DISPENSA|20221011|2 - COMPRAS E OUTROS SERVIÇOS|AQUISICAO DE MEDICAMENTOS PARA ATENDIMENTO AO PACIENTE MAGSTON PATRICK DA SILVACONFORME PROCESSO DE ACAO JUDICIAL N° 00233759620168130045|AQUISICAO DE MEDICAMENTOS PARA ATENDIMENTO AO PACIENTE MAGSTON PATRICK DA SILVACONFORME PROCESSO DE ACAO JUDICIAL N° 00233759620168130045|AQUISICAO DE MEDICAMENTOS PARA ATENDIMENTO AO PACIENTE MAGSTON PATRICK DA SILVACONFORME PROCESSO DE ACAO JUDICIAL N° 00233759620168130045|20221011|PREFEITURA MUNICIPAL DE CAETÉ|N O|0.0|0.0|0.0|0.0|0.0
570445|303|02|475950|2022|10|1 - CADASTRO INICIAL|000000000317|2022|1 - DISPENSA|20221011|2 - COMPRAS E OUTROS SERVIÇOS|MEDICAMENTOS PARA ATENDIMENTO DE PROCESSO JUDICIAL AQUISICAO DE MEDICAMENTO EM ATENDIMENTO A PROCESSO JUDICIAL N° 50013274820228130045 PACIENTE ROBERRO CARLOS PEREIRA|AQUISICAO DE MEDICAMENTO EM ATENDIMENTO A PROCESSO JUDICIAL N° 50013274820228130045 PACIENTE ROBERRO CARLOS PEREIRA|AQUISICAO DE MEDICAMENTO EM ATENDIMENTO A PROCESSO JUDICIAL N° 50013274820228130045 PACIENTE ROBERRO CARLOS PEREIRA|20221011|PREFEITURA MUNICIPAL DE CAETÉ|N O|0.0|0.0|0.0|0.0|0.0
570446|303|02|475950|2022|10|1 - CADASTRO INICIAL|000000000327|2022|1 - DISPENSA|20221013|2 - COMPRAS E OUTROS SERVIÇOS|SELECAO E TREINAMENTO|CONTRATACAO DO INSTITUTO CONSULPLAN DE DESENVOLVIMENTO PROJETOS E ASSISTÊNCIA SOCIAL PARA REALIZACAO DE CONCURSO PÚBLICO PARA SELECAO DE CANDIDATOS AO PREENCHIMENTO DE VAGAS PARA OS CARGOS DO QUADRO DE EMPREGADOS PÚBLICOS DO MUNICÍPIO DE CAETÉ|CONTRATACAO DO INSTITUTO CONSULPLAN DE DESENVOLVIMENTO PROJETOS E ASSISTÊNCIA SOCIAL PARA REALIZACAO DE CONCURSO PÚBLICO PARA SELECAO DE CANDIDATOS AO PREENCHIMENTO DE VAGAS PARA OS CARGOS DO QUADRO DE EMPREGADOS PÚBLICOS DO MUNICÍPIO DE CAETÉ|20221013|PREFEITURA MUNICIPAL DE CAETÉ|N O|164221.0|131376.8|131376.8|0.0|32844.2
