seq_termo_aditivo|seq_contrato|seq_orgao|cod_orgao|num_ano_referencia|num_mes_referencia|num_contrato|num_ano_contrato|dat_assinatura|num_termo_aditivo|dat_ass_termo|dsc_tipo_termo|dsc_tipo_alteracao|dsc_alteracao|dat_novo_termino|dat_publicacao|dsc_veiculo_pub|vlr_termo_aditivo
6805565|2293198|302|01|2022|5|5|2021|20210525|1|20220523|7 - ALTERAÇÃO DE PRAZO DE VIGENCIA|1 - ACRESCIMO DE VALOR||20230525|20220610|JORNAL OFICIAL DE CAETE|266.4
6805566|2293198|302|01|2022|5|5|2021|20210525|2|20220523|4 - REAJUSTE|1 - ACRESCIMO DE VALOR|||20220610|JORNAL OFICIAL DE CAETE|143.61
6805567|2293199|302|01|2022|5|4|2021|20210510|2|20220509|4 - REAJUSTE|1 - ACRESCIMO DE VALOR|||20220520|JORNAL OFICIAL DE CAETE|7791.07
6805568|2293199|302|01|2022|5|4|2021|20210510|1|20220509|7 - ALTERAÇÃO DE PRAZO DE VIGENCIA|1 - ACRESCIMO DE VALOR||20230510|20220520|JORNAL OFICIAL DE CAETE|43000.0
6763710|2534530|303|02|2022|3|8|2021|20210308|1|20220303|13 - ALTERAÇÃO DE PRAZO DE VIGENCIA E PRAZO DE EXECUÇÃO|3 - NÃO HOUVE ALTERAÇÃO DE VALOR||20220908|20220330|PREFEITURA MUNICIPAL DE CAETÉ|0.0
6763711|2294215|303|02|2022|3|11|2021|20210315|2|20220314|13 - ALTERAÇÃO DE PRAZO DE VIGENCIA E PRAZO DE EXECUÇÃO|3 - NÃO HOUVE ALTERAÇÃO DE VALOR||20220915|20220330|PREFEITURA MUNICIPAL DE CAETÉ|0.0
6753610|1524579|302|01|2022|3|5|2020|20200317|3|20220314|7 - ALTERAÇÃO DE PRAZO DE VIGENCIA|3 - NÃO HOUVE ALTERAÇÃO DE VALOR||20230317|20220328|JORNAL OFICIAL DE CAETE|0.0
6753611|1197947|302|01|2022|3|8|2018|20180409|4|20220317|7 - ALTERAÇÃO DE PRAZO DE VIGENCIA|3 - NÃO HOUVE ALTERAÇÃO DE VALOR||20230404|20220401|JORNAL OFICIAL DE CAETE|0.0
6755441|1307835|303|02|2022|2|4|2018|20180301|3|20220219|4 - REAJUSTE|1 - ACRESCIMO DE VALOR|||20220317|PREFEITURA MUNICIPAL DE CAETÉ|30000.0
6719343|1198090|302|01|2022|2|4|2019|20190221|3|20220218|7 - ALTERAÇÃO DE PRAZO DE VIGENCIA|1 - ACRESCIMO DE VALOR||20230221|20220308|JORNAL OFICIAL DE CAETE|2882.05
6719344|1198090|302|01|2022|2|4|2019|20190221|4|20220218|4 - REAJUSTE|1 - ACRESCIMO DE VALOR|||20220308|JORNAL OFICIAL DE CAETE|155.05
6719345|1524574|302|01|2022|2|1|2020|20200102|4|20220203|4 - REAJUSTE|1 - ACRESCIMO DE VALOR|||20220207|JORNAL OFICIAL DE CAETE|33343.57
6775767|1307890|302|01|2022|4|9|2019|20190405|5|20220405|4 - REAJUSTE|1 - ACRESCIMO DE VALOR|||20220425|JORNAL OFICIAL DE CAETE|8323.61
6775768|1307890|302|01|2022|4|9|2019|20190405|4|20220404|7 - ALTERAÇÃO DE PRAZO DE VIGENCIA|1 - ACRESCIMO DE VALOR||20230405|20220425|JORNAL OFICIAL DE CAETE|50686.0
6916004|2465290|304|03|2022|11|36|2021|20211119|1|20221104|13 - ALTERAÇÃO DE PRAZO DE VIGENCIA E PRAZO DE EXECUÇÃO|1 - ACRESCIMO DE VALOR||20231119|20221121|PREFEITURA MUNICIPAL DE CAETE|3505.68
6857323|2481540|302|01|2022|8|1|2022|20220203|1|20220801|5 - RECOMPOSIÇÃO (EQUILIBRIO FINANCEIRO)|1 - ACRESCIMO DE VALOR|||20220922|JORNAL OFICIAL DE CAETE|6794.19
6857324|986514|302|01|2022|8|2|2017|20170103|2|20220823|4 - REAJUSTE|1 - ACRESCIMO DE VALOR|||20220829|JORNAL OFICIAL DE CAETE|3217.0
6897697|2083688|302|01|2022|10|17|2020|20201013|2|20221011|7 - ALTERAÇÃO DE PRAZO DE VIGENCIA|1 - ACRESCIMO DE VALOR||20231013|20221103|JORNAL OFICIAL DE CAETE|41250.0
6897698|2083690|302|01|2022|10|19|2020|20201023|2|20221021|7 - ALTERAÇÃO DE PRAZO DE VIGENCIA|1 - ACRESCIMO DE VALOR||20231023|20221103|JORNAL OFICIAL DE CAETE|33000.0
6897699|2481540|302|01|2022|10|1|2022|20220203|7|20221020|4 - REAJUSTE|1 - ACRESCIMO DE VALOR|||20221111|JORNAL OFICIAL DE CAETE|370.59
6871631|2481540|302|01|2022|9|1|2022|20220203|4|20220913|5 - RECOMPOSIÇÃO (EQUILIBRIO FINANCEIRO)|1 - ACRESCIMO DE VALOR|||20220926|JORNAL OFICIAL DE CAETE|926.48
6871627|986594|302|01|2022|9|17|2017|20170721|6|20220721|7 - ALTERAÇÃO DE PRAZO DE VIGENCIA|1 - ACRESCIMO DE VALOR||20221221|20220826|JORNAL OFICIAL DE CAETE|24817.5
6871628|2481540|302|01|2022|9|1|2022|20220203|5|20220923|5 - RECOMPOSIÇÃO (EQUILIBRIO FINANCEIRO)|1 - ACRESCIMO DE VALOR|||20220928|JORNAL OFICIAL DE CAETE|679.42
6871629|2481540|302|01|2022|9|1|2022|20220203|6|20220930|5 - RECOMPOSIÇÃO (EQUILIBRIO FINANCEIRO)|1 - ACRESCIMO DE VALOR|||20221003|JORNAL OFICIAL DE CAETE|555.89
6871630|2481540|302|01|2022|9|1|2022|20220203|2|20220901|5 - RECOMPOSIÇÃO (EQUILIBRIO FINANCEIRO)|1 - ACRESCIMO DE VALOR|||20220926|JORNAL OFICIAL DE CAETE|2964.74
6871632|2481540|302|01|2022|9|1|2022|20220203|3|20220906|5 - RECOMPOSIÇÃO (EQUILIBRIO FINANCEIRO)|1 - ACRESCIMO DE VALOR|||20220926|JORNAL OFICIAL DE CAETE|494.12
6871633|986594|302|01|2022|9|17|2017|20170721|7|20220721|4 - REAJUSTE|1 - ACRESCIMO DE VALOR|||20220826|JORNAL OFICIAL DE CAETE|7212.96
6905033|2267961|304|03|2022|3|7|2021|20210325|1|20220325|7 - ALTERAÇÃO DE PRAZO DE VIGENCIA|3 - NÃO HOUVE ALTERAÇÃO DE VALOR||20230325|20220329|PREFEITURA MUNICIPAL DE CAETE|0.0
6905030|2264134|304|03|2022|2|1|2021|20210225|1|20220225|7 - ALTERAÇÃO DE PRAZO DE VIGENCIA|1 - ACRESCIMO DE VALOR||20230225|20220329|PREFEITURA MUNICIPAL DE CAETE|63705.36
6905031|2264133|304|03|2022|2|9912522|2021|20210224|1|20220224|7 - ALTERAÇÃO DE PRAZO DE VIGENCIA|3 - NÃO HOUVE ALTERAÇÃO DE VALOR||20230224|20220329|PREFEITURA MUNICIPAL DE CAETE|0.0
6905032|2385654|304|03|2022|3|30|2021|20210928|1|20220303|9 - ACRESCIMO DE ITEM(NS)|1 - ACRESCIMO DE VALOR|||20220329|PREFEITURA MUNICIPAL DE CAETE|102875.0
6905034|2523883|304|03|2022|4|38|2021|20211228|1|20220404|9 - ACRESCIMO DE ITEM(NS)|1 - ACRESCIMO DE VALOR|||20220425|PREFEITURA MUNICIPAL DE CAETE|14624.62
6905035|2465289|304|03|2022|4|35|2021|20211104|1|20220404|9 - ACRESCIMO DE ITEM(NS)|1 - ACRESCIMO DE VALOR|||20220425|PREFEITURA MUNICIPAL DE CAETE|23951.21
6905036|2288075|304|03|2022|4|12|2021|20210504|1|20220426|7 - ALTERAÇÃO DE PRAZO DE VIGENCIA|3 - NÃO HOUVE ALTERAÇÃO DE VALOR||20230504|20220427|PREFEITURA MUNICIPAL DE CAETE|0.0
6905037|2465289|304|03|2022|5|35|2021|20211104|2|20220504|7 - ALTERAÇÃO DE PRAZO DE VIGENCIA|3 - NÃO HOUVE ALTERAÇÃO DE VALOR||20220604|20220518|PREFEITURA MUNICIPAL DE CAETE|0.0
6905038|2314941|304|03|2022|6|13|2021|20210601|1|20220601|7 - ALTERAÇÃO DE PRAZO DE VIGENCIA|3 - NÃO HOUVE ALTERAÇÃO DE VALOR||20230601|20220701|PREFEITURA MUNICIPAL DE CAETE|0.0
6905039|2733217|304|03|2022|6|6|2022|20220412|1|20220614|5 - RECOMPOSIÇÃO (EQUILIBRIO FINANCEIRO)|1 - ACRESCIMO DE VALOR|||20220624|PREFEITURA MUNICIPAL DE CAETE|1090.21
6905040|2357263|304|03|2022|7|19|2021|20210816|1|20220701|4 - REAJUSTE|1 - ACRESCIMO DE VALOR|||20220708|PREFEITURA MUNICIPAL DE CAETE|8492.4
6905041|2357260|304|03|2022|8|18|2021|20210813|1|20220813|7 - ALTERAÇÃO DE PRAZO DE VIGENCIA|3 - NÃO HOUVE ALTERAÇÃO DE VALOR||20230813|20220822|PREFEITURA MUNICIPAL DE CAETE|0.0
6905045|2385652|304|03|2022|9|23|2021|20210901|1|20220901|4 - REAJUSTE|1 - ACRESCIMO DE VALOR|||20220901|PREFEITURA MUNICIPAL DE CAETE|44280.0
6905042|2733212|304|03|2022|8|4|2022|20220401|1|20220801|7 - ALTERAÇÃO DE PRAZO DE VIGENCIA|3 - NÃO HOUVE ALTERAÇÃO DE VALOR||20220915|20220826|PREFEITURA MUNICIPAL DE CAETE|0.0
6905043|2357263|304|03|2022|8|19|2021|20210816|2|20220816|7 - ALTERAÇÃO DE PRAZO DE VIGENCIA|3 - NÃO HOUVE ALTERAÇÃO DE VALOR||20220916|20220914|PREFEITURA MUNICIPAL DE CAETE|0.0
6905044|2385651|304|03|2022|9|22|2021|20210901|1|20220901|4 - REAJUSTE|1 - ACRESCIMO DE VALOR|||20220901|PREFEITURA MUNICIPAL DE CAETE|54120.0
6905046|2385650|304|03|2022|9|27|2021|20210914|1|20220914|4 - REAJUSTE|1 - ACRESCIMO DE VALOR|||20220914|PREFEITURA MUNICIPAL DE CAETE|32800.0
6905047|2385653|304|03|2022|9|28|2021|20210914|1|20220914|4 - REAJUSTE|1 - ACRESCIMO DE VALOR|||20220914|PREFEITURA MUNICIPAL DE CAETE|44280.0
6920259|2286389|302|01|2022|12|1|2021|20210104|4|20221222|4 - REAJUSTE|1 - ACRESCIMO DE VALOR|||20241226|JORNAL OFICIAL DE CAETE|4849.48
6920253|1197947|302|01|2022|12|8|2018|20180409|5|20221205|9 - ACRESCIMO DE ITEM(NS)|1 - ACRESCIMO DE VALOR|||20221216|JORNAL OFICIAL DE CAETE|1107.37
6920254|986594|302|01|2022|12|17|2017|20170721|8|20221221|7 - ALTERAÇÃO DE PRAZO DE VIGENCIA|1 - ACRESCIMO DE VALOR||20230621|20221229|JORNAL OFICIAL DE CAETE|66774.96
6920255|2286389|302|01|2022|12|1|2021|20210104|3|20221221|7 - ALTERAÇÃO DE PRAZO DE VIGENCIA|1 - ACRESCIMO DE VALOR||20240104|20221226|JORNAL OFICIAL DE CAETE|67825.51
6920256|2120437|302|01|2022|12|20|2020|20201217|3|20221214|7 - ALTERAÇÃO DE PRAZO DE VIGENCIA|1 - ACRESCIMO DE VALOR||20230417|20221216|JORNAL OFICIAL DE CAETE|14544.08
6920257|1524574|302|01|2022|12|1|2020|20200102|5|20221228|7 - ALTERAÇÃO DE PRAZO DE VIGENCIA|1 - ACRESCIMO DE VALOR||20240102|20221229|JORNAL OFICIAL DE CAETE|6877.97
6920258|2120437|302|01|2022|12|20|2020|20201217|4|20221214|4 - REAJUSTE|1 - ACRESCIMO DE VALOR|||20221216|JORNAL OFICIAL DE CAETE|1055.7
6967216|2782317|303|02|2022|7|20|2022|20220429|2|20220718|6 - OUTROS|1 - ACRESCIMO DE VALOR|INCLUSAO DE UM VEÍCULO DA MARCA FIAT MODELO TORO VOLCANO ANO 2022 NA RELACAO DE VEÍCULOS ASSEGURADOS||20220727|PREFEITURA MUNICIPAL DE CAETÉ|1289.52
6906113|2481540|302|01|2022|11|1|2022|20220203|8|20221103|4 - REAJUSTE|1 - ACRESCIMO DE VALOR|||20221111|JORNAL OFICIAL DE CAETE|494.12
6967213|2782317|303|02|2022|6|20|2022|20220429|1|20220614|6 - OUTROS|1 - ACRESCIMO DE VALOR|MAJORACAO DE VALOR EM VIRTUDE DE INCLUSAO DE MAIS DOIS VEÍCULOS INCLUSAO VEÍCULO FIAT ARGO COR BRANCA PLACA RUE5B54 E FIAT ARGO COR BRANCA PLACA RUE5B55||20220629|PREFEITURA MUNICIPAL DE CAETÉ|1064.34
6967214|2782316|303|02|2022|6|19|2022|20220428|1|20220624|8 - ALTERAÇÃO DE PRAZO DE EXECUÇÃO|3 - NÃO HOUVE ALTERAÇÃO DE VALOR|||20220629|PREFEITURA MUNICIPAL DE CAETÉ|0.0
6967215|1307824|303|02|2022|6|77|2017|20171210|7|20220603|13 - ALTERAÇÃO DE PRAZO DE VIGENCIA E PRAZO DE EXECUÇÃO|3 - NÃO HOUVE ALTERAÇÃO DE VALOR||20221210|20220629|PREFEITURA MUNICIPAL DE CAETÉ|0.0
6967212|2782319|303|02|2022|5|60|2021|20211126|1|20220520|13 - ALTERAÇÃO DE PRAZO DE VIGENCIA E PRAZO DE EXECUÇÃO|3 - NÃO HOUVE ALTERAÇÃO DE VALOR||20221126|20220608|PREFEITURA MUNICIPAL DE CAETÉ|0.0
6986632|1307824|303|02|2022|12|77|2017|20171210|8|20221202|13 - ALTERAÇÃO DE PRAZO DE VIGENCIA E PRAZO DE EXECUÇÃO|3 - NÃO HOUVE ALTERAÇÃO DE VALOR||20230610|20221227|PREFEITURA MUNICIPAL DE CAETÉ|0.0
