seq_veiculo|seq_orgao|cod_orgao|seq_unidade|cod_unidade|cod_subunidade|num_anoexercicio|num_mesexercicio|cod_municipio|cod_veiculo|dsc_tipo_veiculo|dsc_sub_tipo_veiculo|dsc_veiculo|dsc_marca|dsc_modelo|num_anofabricacao|dsc_num_placa|dsc_numchassi|num_renavam|dsc_numserie|dsc_situacaoveiculo|dsc_tipdeslocamento|num_docproprietario|nom_proprietario
576839|303|02|509791|2006|-9|2023|2|3110004|1012133|3 - VEÍCULOS|3 - VEÍCULO DE PASSEIO|RENAULT KWID 20222023|RENAULT|KWID|2022|SHH0G81|93YRBB001PJ353932|1341184266||1 - COMPÕE O PATRIMÔNIO DO MUNICÍPIO (VEÍCULO PRÓPRIO OU EQUIPAMENTO PRÓPRIO)|1 - QUILÔMETROS|-1|NAO INFORMADO
576840|303|02|509795|2010|-9|2023|3|3110004|1012134|3 - VEÍCULOS|3 - VEÍCULO DE PASSEIO|VW GOL 16 MPI|VOLKSWAGEN|GOL 16 MPI|2022|RVT3J86|9BWAG45U6PT079711|1330088414||1 - COMPÕE O PATRIMÔNIO DO MUNICÍPIO (VEÍCULO PRÓPRIO OU EQUIPAMENTO PRÓPRIO)|1 - QUILÔMETROS|-1|NAO INFORMADO
576841|303|02|509795|2010|-9|2023|4|3110004|1012135|3 - VEÍCULOS|3 - VEÍCULO DE PASSEIO|CHEVROLET SPIN 18L AT ACT7|CHEVROLET|SPIN 18L AT ACT7|2023|SHP6I62|9BGJK7520PB234019|1336715119||1 - COMPÕE O PATRIMÔNIO DO MUNICÍPIO (VEÍCULO PRÓPRIO OU EQUIPAMENTO PRÓPRIO)|1 - QUILÔMETROS|-1|NAO INFORMADO
576842|303|02|509799|2005|-9|2023|6|3110004|1012136|3 - VEÍCULOS|3 - VEÍCULO DE PASSEIO|RENAULT KWID|RENAULT|KWID|2022|SHW9A68|93YRBB006PJ486346|1347608530||1 - COMPÕE O PATRIMÔNIO DO MUNICÍPIO (VEÍCULO PRÓPRIO OU EQUIPAMENTO PRÓPRIO)|1 - QUILÔMETROS|-1|NAO INFORMADO
576843|303|02|509793|2014|-9|2023|6|3110004|30|3 - VEÍCULOS|3 - VEÍCULO DE PASSEIO|RENAULT LOGAN EXP 16 HP 20122013 COR BRANCA|RENAULT|LOGAN AUTHENTIQUE HIFLEX 16 8V 4P|2012|OPF 3370|93YLSR76HDJ560533|506936996||1 - COMPÕE O PATRIMÔNIO DO MUNICÍPIO (VEÍCULO PRÓPRIO OU EQUIPAMENTO PRÓPRIO)|1 - QUILÔMETROS|-1|NAO INFORMADO
576844|303|02|509782|2004|-9|2023|7|3110004|35|3 - VEÍCULOS|3 - VEÍCULO DE PASSEIO|RENAUL SANDERO AUT 1016V 20132014 COR BRANCA ALCGASOL|RENAULT|SANDERO AUTHENTIQUE HIFLEX 10 16V 5P|2013|OQM 8600|93YBSR6RHEJ775015|5647802||1 - COMPÕE O PATRIMÔNIO DO MUNICÍPIO (VEÍCULO PRÓPRIO OU EQUIPAMENTO PRÓPRIO)|1 - QUILÔMETROS|-1|NAO INFORMADO
576845|303|02|509795|2010|-9|2023|7|3110004|1012137|3 - VEÍCULOS|4 - UTILITÁRIO (CAMIONETE...)|RENAULT MASTER ALTER AM2|RENAULT|MASTER ALTER AM2 130CV|2021|RTS7B00|93YMAF4XENJ118304|1289993472||1 - COMPÕE O PATRIMÔNIO DO MUNICÍPIO (VEÍCULO PRÓPRIO OU EQUIPAMENTO PRÓPRIO)|1 - QUILÔMETROS|-1|NAO INFORMADO
576846|303|02|509800|2009|-9|2023|8|3110004|5|3 - VEÍCULOS|3 - VEÍCULO DE PASSEIO|FIAT UNO MILLE FIRE FLEX|TORO FREEDOM AT9 D|UNO MILLE 10 FIRE FFLEX ECONOMY 4P|2006|HMN4774|9BD15802764825633|881612995||1 - COMPÕE O PATRIMÔNIO DO MUNICÍPIO (VEÍCULO PRÓPRIO OU EQUIPAMENTO PRÓPRIO)|1 - QUILÔMETROS|-1|NAO INFORMADO
523661|302|01|509803|1001|-9|2023|1|3110004|3|3 - VEÍCULOS|3 - VEÍCULO DE PASSEIO|VEICULO VOLKSWAGEN GOL 16 MB5 20202021 COM 05 PORTAS PRETO NINJA|VOLKSWAGEN|GOL|2020|EOB4I65|9BWAB45U7MT034223|1233898598||1 - COMPÕE O PATRIMÔNIO DO MUNICÍPIO (VEÍCULO PRÓPRIO OU EQUIPAMENTO PRÓPRIO)|1 - QUILÔMETROS|-1|NAO INFORMADO
598655|303|02|509781|2001|-9|2023|9|3110004|1012140|3 - VEÍCULOS|3 - VEÍCULO DE PASSEIO|FIAT PALIO WK ADVENTURE FLEX|TORO FREEDOM AT9 D|PALIO WEEKEND ADVENTURE LOCKER 18 FLEX|2010|HMH9658|9BD17309PB4343145|276096495||1 - COMPÕE O PATRIMÔNIO DO MUNICÍPIO (VEÍCULO PRÓPRIO OU EQUIPAMENTO PRÓPRIO)|1 - QUILÔMETROS|-1|NAO INFORMADO
598656|303|02|509795|2010|-9|2023|9|3110004|1012138|3 - VEÍCULOS|4 - UTILITÁRIO (CAMIONETE...)|IM BENZ 417 SPRINTER F|MERCEDES BENZ|SPRINTER 417 DIESEL|2022|SHP0E89|8AC907643PE230520|1336394517||1 - COMPÕE O PATRIMÔNIO DO MUNICÍPIO (VEÍCULO PRÓPRIO OU EQUIPAMENTO PRÓPRIO)|1 - QUILÔMETROS|-1|NAO INFORMADO
598657|303|02|509781|2001|-9|2023|9|3110004|1012139|3 - VEÍCULOS|3 - VEÍCULO DE PASSEIO|CITROEN AIRCROSS STARTMT|CITROËN|AIRCROSS STARTMT|2018|QMV1787|9355SUNFN1KB517933|1188446115||1 - COMPÕE O PATRIMÔNIO DO MUNICÍPIO (VEÍCULO PRÓPRIO OU EQUIPAMENTO PRÓPRIO)|1 - QUILÔMETROS|-1|NAO INFORMADO
598658|303|02|509777|2007|-9|2023|10|3110004|1012141|3 - VEÍCULOS|5 - ÔNIBUS|ONIBUS ESCOLAR RURAL IVECOMASCA GRAN MICRO 20222023 AMARELO PLACA SIX8E15|IVECO|IVECOMASCA GRAN MICRO|2022|SIX8E15|93ZK01BDZP8954163|1362123347||1 - COMPÕE O PATRIMÔNIO DO MUNICÍPIO (VEÍCULO PRÓPRIO OU EQUIPAMENTO PRÓPRIO)|1 - QUILÔMETROS|-1|NAO INFORMADO
598659|303|02|509777|2007|-9|2023|10|3110004|1012142|3 - VEÍCULOS|5 - ÔNIBUS|ONIBUS ESCOLAR RURAL IVECOMASCA GRAN MICRO 20222023 AMARELO PLACA SIX8E09|IVECO|IVECOMASCA GRAN MICRO|2022|SIX8E09|93ZK01BDZP8954013|1362105772||1 - COMPÕE O PATRIMÔNIO DO MUNICÍPIO (VEÍCULO PRÓPRIO OU EQUIPAMENTO PRÓPRIO)|1 - QUILÔMETROS|-1|NAO INFORMADO
598660|303|02|509782|2004|-9|2023|12|3110004|1012143|3 - VEÍCULOS|3 - VEÍCULO DE PASSEIO|FIAT ARGO 10|FIAT|ARGO 10|2023|SYD5I30|9BD358ACFRYN12931|1372245828||1 - COMPÕE O PATRIMÔNIO DO MUNICÍPIO (VEÍCULO PRÓPRIO OU EQUIPAMENTO PRÓPRIO)|1 - QUILÔMETROS|-1|NAO INFORMADO
598661|303|02|509782|2004|-9|2023|12|3110004|1012144|3 - VEÍCULOS|3 - VEÍCULO DE PASSEIO|FIAT ARGO 10|FIAT|ARGO 10|2023|SYD2E78|9BD358ACFRYN12932|1372260363||1 - COMPÕE O PATRIMÔNIO DO MUNICÍPIO (VEÍCULO PRÓPRIO OU EQUIPAMENTO PRÓPRIO)|1 - QUILÔMETROS|-1|NAO INFORMADO
598662|303|02|509795|2010|-9|2023|12|3110004|1012146|3 - VEÍCULOS|4 - UTILITÁRIO (CAMIONETE...)|IMBENZ 417 ALTER AMB|MERCEDES BENZ|SPRINTER 417 DIESEL|2022|SIQ2I67|8AC907643PE228284|1357621300||1 - COMPÕE O PATRIMÔNIO DO MUNICÍPIO (VEÍCULO PRÓPRIO OU EQUIPAMENTO PRÓPRIO)|1 - QUILÔMETROS|-1|NAO INFORMADO
598663|303|02|509793|2014|-9|2023|12|3110004|1012145|3 - VEÍCULOS|3 - VEÍCULO DE PASSEIO|FIAT ARGO 10|FIAT|ARGO 10|2023|SYD9J50|9BD358ACFRYN12928|1372750115||1 - COMPÕE O PATRIMÔNIO DO MUNICÍPIO (VEÍCULO PRÓPRIO OU EQUIPAMENTO PRÓPRIO)|1 - QUILÔMETROS|-1|NAO INFORMADO
541547|302|01|509803|1001|-9|2023|5|3110004|907|3 - VEÍCULOS|3 - VEÍCULO DE PASSEIO|CHEVROLET ONIX 1OMT LT|CHEVROLET|ONIX|2016|PXO6F10|9BGKS48G0GG231931|1082170310||2 - TERCEIRIZADO OU CONTRATADO|1 - QUILÔMETROS|27994584000114|COOPERATIVA DE TRANSPORTES GLOBAL LTDA
548636|302|01|509803|1001|-9|2023|6|3110004|921|3 - VEÍCULOS|3 - VEÍCULO DE PASSEIO|TOYOTA COROLLA XEI 20 FLEX|TOYOTA|COROLA|2018|QPY0F85|9BRBD3HEK0424184|1178461626||2 - TERCEIRIZADO OU CONTRATADO|1 - QUILÔMETROS|27994584000114|COOPERATIVA DE TRANSPORTES GLOBAL LTDA
576850|302|01|509803|1001|-9|2023|10|3110004|926|3 - VEÍCULOS|3 - VEÍCULO DE PASSEIO|HYUNDAI HB20|HYUNDAI|HB20 10 M|2013|OPM7958|9BHBG51CADP068401|527359378||2 - TERCEIRIZADO OU CONTRATADO|1 - QUILÔMETROS|27994584000114|COOPERATIVA DE TRANSPORTES GLOBAL LTDA
577642|304|03|509801|6001|-9|2023|6|3110004|5892|3 - VEÍCULOS|3 - VEÍCULO DE PASSEIO|FIATSTRADA HD WK CD E CABINE DUPLA NA COR BRANCA|FIAT|STRADA HDWKCCE|2019|QWW0E76|9BD57834FLY380925|1211735777||2 - TERCEIRIZADO OU CONTRATADO|1 - QUILÔMETROS|28900174000120|FORSETI LOCACAO DE VEICULOS LTDAEPP
581564|304|03|509801|6001|-9|2023|11|3110004|5967|3 - VEÍCULOS|3 - VEÍCULO DE PASSEIO|FORDKA SE 10 HA C , NA COR BRANCA, FLEX|FORD|KA|2019|QQX7D15|9BFZH55L6K8348296|1193082606||2 - TERCEIRIZADO OU CONTRATADO|1 - QUILÔMETROS|28900174000120|FORSETI LOCACAO DE VEICULOS LTDAEPP
581565|304|03|509801|6001|-9|2023|11|3110004|5966|3 - VEÍCULOS|3 - VEÍCULO DE PASSEIO|FIATARGO 10, NA COR BRANCA FLEX|FIAT|ARGO10|2023|SHX4A01|9BD358ACCPYM63360|1348192132||2 - TERCEIRIZADO OU CONTRATADO|1 - QUILÔMETROS|28900174000120|FORSETI LOCACAO DE VEICULOS LTDAEPP
578756|304|03|509801|6001|-9|2023|9|3110004|5890|3 - VEÍCULOS|3 - VEÍCULO DE PASSEIO|FIATSTRADA HD WK CC E|FIAT|STRADA HDWKCCE|2019|QXE6F05|9BD5781FFLY391421|1216678178||2 - TERCEIRIZADO OU CONTRATADO|1 - QUILÔMETROS|28900174000120|FORSETI LOCACAO DE VEICULOS LTDAEPP
578757|304|03|509801|6001|-9|2023|9|3110004|5895|3 - VEÍCULOS|3 - VEÍCULO DE PASSEIO|FORDKA SE 10 HA C NA COR BRANCA|FORD|KA|2019|QQX7B05|9BFZH55L0K835783|1193082236||2 - TERCEIRIZADO OU CONTRATADO|1 - QUILÔMETROS|28900174000120|FORSETI LOCACAO DE VEICULOS LTDAEPP
578758|304|03|509801|6001|-9|2023|9|3110004|5894|3 - VEÍCULOS|3 - VEÍCULO DE PASSEIO|ITOYOTA HILUX CDLOWM4FD CABINE DUPLA NA COR BRANCA|TOYOTA|HILUX|2020|QXS6I88|8AJDA3CD3L1813599|1225284438||2 - TERCEIRIZADO OU CONTRATADO|1 - QUILÔMETROS|28900174000120|FORSETI LOCACAO DE VEICULOS LTDAEPP
578759|304|03|509801|6001|-9|2023|9|3110004|5893|3 - VEÍCULOS|3 - VEÍCULO DE PASSEIO|FIATSTRADA HD WK CD E CABINE DUPLA NA COR BRANCA|FIAT|STRADA HDWKCCE|2019|QXI1C78|9BD57834FLY397378|1219749660||2 - TERCEIRIZADO OU CONTRATADO|1 - QUILÔMETROS|28900174000120|FORSETI LOCACAO DE VEICULOS LTDAEPP
578760|304|03|509801|6001|-9|2023|10|3110004|5891|3 - VEÍCULOS|3 - VEÍCULO DE PASSEIO|FIATSTRADA HD WK CC E CABINE DUPLA|FIAT|STRADA HDWKCCE|2019|PRP0A02|9BD57834FLY335617|1192380662||2 - TERCEIRIZADO OU CONTRATADO|1 - QUILÔMETROS|28900174000120|FORSETI LOCACAO DE VEICULOS LTDAEPP
