seq_orgao_resp|seq_orgao|cod_orgao|num_ano_referencia|num_mes_referencia|num_documento_resp|nom_pessoa_resp|dsc_tipo_resp|num_crc_contador|dsc_estado_crc|dsc_cargo_ordenador|dsc_email_resp|dat_inicio_vig|dat_fim_vig
1946097|302|01|2023|1|099***906**|FULVIO AVALONNY RATTO BRANDAO|01 - GESTOR||||semel@caete.mg.gov.br|20230101|20230131
1946099|302|01|2023|1|001***196**|RENATA APARECIDA DA SILVA VICENTE|02 - CONTADOR|065214|MG||contabilidade@caete.mg.gov.br|20230101|20230131
1946098|302|01|2023|1|027***186**|CARLA ALESSANDRA PEREIRA DOS SANTOS|03 - CONTROLE INTERNO||||controleinterno@camaradecaete.mg.gov.br|20230101|20230131
1946096|302|01|2023|1|664***116**|CLEUZA DE PAULA SANTOS|05 - TESOUREIRO||||cleuza@camaradecaete.mg.gov.br|20230101|20230131
1946100|302|01|2023|1|001***196**|RENATA APARECIDA DA SILVA VICENTE|06 - RESPONSÁVEL PELA ELABORAÇÃO DA PROPOSTA ORÇAMENTÁRIA DO ÓRGÃO||||contabilidade@caete.mg.gov.br|20230101|20230131
1946102|302|01|2023|2|099***906**|FÚLVIO AVALONNY RATTO BRANDAO|01 - GESTOR||||semel@caete.mg.gov.br|20230201|20230228
1946104|302|01|2023|2|001***196**|RENATA APARECIDA DA SILVA VICENTE|02 - CONTADOR|065214|MG||contabilidade@caete.mg.gov.br|20230201|20230228
1946103|302|01|2023|2|027***186**|CARLA ALESSANDRA PEREIRA DOS SANTOS|03 - CONTROLE INTERNO||||controleinterno@camaradecaete.mg.gov.br|20230201|20230228
1946101|302|01|2023|2|664***116**|CLEUZA DE PAULA SANTOS|05 - TESOUREIRO||||cleuza@camaradecaete.mg.gov.br|20230201|20230228
1946105|302|01|2023|2|001***196**|RENATA APARECIDA DA SILVA VICENTE|06 - RESPONSÁVEL PELA ELABORAÇÃO DA PROPOSTA ORÇAMENTÁRIA DO ÓRGÃO||||contabilidade@caete.mg.gov.br|20230201|20230228
1946107|302|01|2023|3|099***906**|FÚLVIO AVALONNY RATTO BRANDAO|01 - GESTOR||||fulviobrandao07@gmail.com|20230301|20230331
1946109|302|01|2023|3|001***196**|RENATA APARECIDA DA SILVA VICENTE|02 - CONTADOR|065214|MG||contabilidade@caete.mg.gov.br|20230301|20230331
1946108|302|01|2023|3|027***186**|CARLA ALESSANDRA PEREIRA DOS SANTOS|03 - CONTROLE INTERNO||||controleinterno@camaradecaete.mg.gov.br|20230301|20230331
1946106|302|01|2023|3|664***116**|CLEUZA DE PAULA SANTOS|05 - TESOUREIRO||||cleuza@camaradecaete.mg.gov.br|20230301|20230331
1946110|302|01|2023|3|001***196**|RENATA APARECIDA DA SILVA VICENTE|06 - RESPONSÁVEL PELA ELABORAÇÃO DA PROPOSTA ORÇAMENTÁRIA DO ÓRGÃO||||contabilidade@caete.mg.gov.br|20230301|20230331
1977006|302|01|2023|4|099***906**|FÚLVIO AVALONNY RATTO BRANDAO|01 - GESTOR||||fulviobrandao07@gmail.com|20230401|20230430
1977003|302|01|2023|4|001***196**|RENATA APARECIDA DA SILVA VICENTE|02 - CONTADOR|065214|MG||contabilidade@caete.mg.gov.br|20230401|20230430
1977002|302|01|2023|4|027***186**|CARLA ALESSANDRA PEREIRA DOS SANTOS|03 - CONTROLE INTERNO||||controleinterno@camaradecaete.mg.gov.br|20230401|20230430
1977005|302|01|2023|4|664***116**|CLEUZA DE PAULA SANTOS|05 - TESOUREIRO||||cleuza@camaradecaete.mg.gov.br|20230401|20230430
1977004|302|01|2023|4|044***296**|JULIO CESAR BATISTA|06 - RESPONSÁVEL PELA ELABORAÇÃO DA PROPOSTA ORÇAMENTÁRIA DO ÓRGÃO||||convenios@caete.mg.gov.br|20230401|20230430
2027237|302|01|2023|5|099***906**|FÚLVIO AVALONNY RATTO BRANDAO|01 - GESTOR||||fulviobrandao07@gmail.com|20230501|20230531
2027238|302|01|2023|5|001***196**|RENATA APARECIDA DA SILVA VICENTE|02 - CONTADOR|065214|MG||contabilidade@caete.mg.gov.br|20230501|20230531
2027235|302|01|2023|5|027***186**|CARLA ALESSANDRA PEREIRA DOS SANTOS|03 - CONTROLE INTERNO||||controleinterno@camaradecaete.mg.gov.br|20230501|20230531
2027236|302|01|2023|5|664***116**|CLEUZA DE PAULA SANTOS|05 - TESOUREIRO||||cleuza@camaradecaete.mg.gov.br|20230501|20230531
2027239|302|01|2023|5|044***296**|JULIO CESAR BATISTA|06 - RESPONSÁVEL PELA ELABORAÇÃO DA PROPOSTA ORÇAMENTÁRIA DO ÓRGÃO||||convenios@caete.mg.gov.br|20230501|20230531
2053739|302|01|2023|6|099***906**|FÚLVIO AVALONNY RATTO BRANDAO|01 - GESTOR||||fulviobrandao07@gmail.com|20230601|20230630
2053741|302|01|2023|6|001***196**|RENATA APARECIDA DA SILVA VICENTE|02 - CONTADOR|065214|MG||contabilidade@caete.mg.gov.br|20230601|20230630
2053738|302|01|2023|6|027***186**|CARLA ALESSANDRA PEREIRA DOS SANTOS|03 - CONTROLE INTERNO||||controleinterno@camaradecaete.mg.gov.br|20230601|20230630
2053737|302|01|2023|6|664***116**|CLEUZA DE PAULA SANTOS|05 - TESOUREIRO||||cleuza@camaradecaete.mg.gov.br|20230601|20230630
2053740|302|01|2023|6|044***296**|JULIO CESAR BATISTA|06 - RESPONSÁVEL PELA ELABORAÇÃO DA PROPOSTA ORÇAMENTÁRIA DO ÓRGÃO||||convenios@caete.mg.gov.br|20230601|20230630
2084712|302|01|2023|7|099***906**|FÚLVIO AVALONNY RATTO BRANDAO|01 - GESTOR||||fulviobrandao07@gmail.com|20230701|20230731
2084714|302|01|2023|7|001***196**|RENATA APARECIDA DA SILVA VICENTE|02 - CONTADOR|065214|MG||contabilidade@caete.mg.gov.br|20230701|20230731
2084711|302|01|2023|7|027***186**|CARLA ALESSANDRA PEREIRA DOS SANTOS|03 - CONTROLE INTERNO||||controleinterno@camaradecaete.mg.gov.br|20230701|20230731
2084710|302|01|2023|7|664***116**|CLEUZA DE PAULA SANTOS|05 - TESOUREIRO||||cleuza@camaradecaete.mg.gov.br|20230701|20230731
2084713|302|01|2023|7|044***296**|JULIO CESAR BATISTA|06 - RESPONSÁVEL PELA ELABORAÇÃO DA PROPOSTA ORÇAMENTÁRIA DO ÓRGÃO||||convenios@caete.mg.gov.br|20230701|20230731
2114327|302|01|2023|8|099***906**|FÚLVIO AVALONNY RATTO BRANDAO|01 - GESTOR||||fulviobrandao07@gmail.com|20230801|20230831
2114328|302|01|2023|8|001***196**|RENATA APARECIDA DA SILVA VICENTE|02 - CONTADOR|065214|MG||contabilidade@caete.mg.gov.br|20230801|20230831
2114326|302|01|2023|8|027***186**|CARLA ALESSANDRA PEREIRA DOS SANTOS|03 - CONTROLE INTERNO||||controleinterno@camaradecaete.mg.gov.br|20230801|20230831
2114325|302|01|2023|8|664***116**|CLEUZA DE PAULA SANTOS|05 - TESOUREIRO||||cleuza@camaradecaete.mg.gov.br|20230801|20230831
2114329|302|01|2023|8|044***296**|JULIO CESAR BATISTA|06 - RESPONSÁVEL PELA ELABORAÇÃO DA PROPOSTA ORÇAMENTÁRIA DO ÓRGÃO||||convenios@caete.mg.gov.br|20230801|20230831
2143110|302|01|2023|9|099***906**|FÚLVIO AVALONNY RATTO BRANDAO|01 - GESTOR||||fulviobrandao07@gmail.com|20230901|20230930
2143111|302|01|2023|9|001***196**|RENATA APARECIDA DA SILVA VICENTE|02 - CONTADOR|065214|MG||contabilidade@caete.mg.gov.br|20230901|20230930
2143108|302|01|2023|9|027***186**|CARLA ALESSANDRA PEREIRA DOS SANTOS|03 - CONTROLE INTERNO||||controleinterno@camaradecaete.mg.gov.br|20230901|20230930
2143109|302|01|2023|9|664***116**|CLEUZA DE PAULA SANTOS|05 - TESOUREIRO||||cleuza@camaradecaete.mg.gov.br|20230901|20230930
2143107|302|01|2023|9|044***296**|JULIO CESAR BATISTA|06 - RESPONSÁVEL PELA ELABORAÇÃO DA PROPOSTA ORÇAMENTÁRIA DO ÓRGÃO||||convenios@caete.mg.gov.br|20230901|20230930
2188402|302|01|2023|10|099***906**|FÚLVIO AVALONNY RATTO BRANDAO|01 - GESTOR||||fulviobrandao07@gmail.com|20231001|20231031
2188400|302|01|2023|10|001***196**|RENATA APARECIDA DA SILVA VICENTE|02 - CONTADOR|065214|MG||contabilidade@caete.mg.gov.br|20231001|20231031
2188401|302|01|2023|10|027***186**|CARLA ALESSANDRA PEREIRA DOS SANTOS|03 - CONTROLE INTERNO||||controleinterno@camaradecaete.mg.gov.br|20231001|20231031
2188399|302|01|2023|10|664***116**|CLEUZA DE PAULA SANTOS|05 - TESOUREIRO||||cleuza@camaradecaete.mg.gov.br|20231001|20231031
2188398|302|01|2023|10|044***296**|JULIO CESAR BATISTA|06 - RESPONSÁVEL PELA ELABORAÇÃO DA PROPOSTA ORÇAMENTÁRIA DO ÓRGÃO||||convenios@caete.mg.gov.br|20231001|20231031
2220209|302|01|2023|11|099***906**|FÚLVIO AVALONNY RATTO BRANDAO|01 - GESTOR||||fulviobrandao07@gmail.com|20231101|20231130
2220210|302|01|2023|11|001***196**|RENATA APARECIDA DA SILVA VICENTE|02 - CONTADOR|065214|MG||contabilidade@caete.mg.gov.br|20231101|20231130
2220207|302|01|2023|11|027***186**|CARLA ALESSANDRA PEREIRA DOS SANTOS|03 - CONTROLE INTERNO||||controleinterno@camaradecaete.mg.gov.br|20231101|20231130
2220208|302|01|2023|11|664***116**|CLEUZA DE PAULA SANTOS|05 - TESOUREIRO||||cleuza@camaradecaete.mg.gov.br|20231101|20231130
2220211|302|01|2023|11|044***296**|JULIO CESAR BATISTA|06 - RESPONSÁVEL PELA ELABORAÇÃO DA PROPOSTA ORÇAMENTÁRIA DO ÓRGÃO||||convenios@caete.mg.gov.br|20231101|20231130
2253274|302|01|2023|12|099***906**|FÚLVIO AVALONNY RATTO BRANDAO|01 - GESTOR||||fulviobrandao07@gmail.com|20231201|20231231
2253272|302|01|2023|12|001***196**|RENATA APARECIDA DA SILVA VICENTE|02 - CONTADOR|065214|MG||contabilidade@caete.mg.gov.br|20231201|20231231
2253271|302|01|2023|12|027***186**|CARLA ALESSANDRA PEREIRA DOS SANTOS|03 - CONTROLE INTERNO||||controleinterno@camaradecaete.mg.gov.br|20231201|20231231
2253273|302|01|2023|12|664***116**|CLEUZA DE PAULA SANTOS|05 - TESOUREIRO||||cleuza@camaradecaete.mg.gov.br|20231201|20231231
2253270|302|01|2023|12|044***296**|JULIO CESAR BATISTA|06 - RESPONSÁVEL PELA ELABORAÇÃO DA PROPOSTA ORÇAMENTÁRIA DO ÓRGÃO||||convenios@caete.mg.gov.br|20231201|20231231
2188357|303|02|2023|1|842***946**|LUCAS COELHO FERREIRA|01 - GESTOR||||prefeitolucascoelho@caete.mg.gov.br|20230101|20230131
2188353|303|02|2023|1|114***786**|ANDRA CAROLINA SOARES|02 - CONTADOR|116407|MG||contabilidade@caete.mg.gov.br|20230101|20230131
2188354|303|02|2023|1|074***346**|ISABEL BARBOSA DE OLIVEIRA GONCALVES|03 - CONTROLE INTERNO||||controleinterno@caete.mg.gov.br|20230101|20230131
2188356|303|02|2023|1|067***236**|DANIELE MARIA DE JESUS|05 - TESOUREIRO||||tesouraria@caete.mg.gov.br|20230101|20230131
2188355|303|02|2023|1|044***296**|JULIO CESAR BATISTA|06 - RESPONSÁVEL PELA ELABORAÇÃO DA PROPOSTA ORÇAMENTÁRIA DO ÓRGÃO||||convenios@caete.mg.gov.br|20230101|20230131
2188362|303|02|2023|2|842***946**|LUCAS COELHO FERREIRA|01 - GESTOR||||prefeitolucascoelho@caete.mg.gov.br|20230201|20230228
2188360|303|02|2023|2|114***786**|ANDRA CAROLINA SOARES|02 - CONTADOR|116407|MG||contabilidade@caete.mg.gov.br|20230201|20230228
2188358|303|02|2023|2|074***346**|ISABEL BARBOSA DE OLIVEIRA GONCALVES|03 - CONTROLE INTERNO||||controleinterno@caete.mg.gov.br|20230201|20230228
2188361|303|02|2023|2|067***236**|DANIELE MARIA DE JESUS|05 - TESOUREIRO||||tesouraria@caete.mg.gov.br|20230201|20230228
2188359|303|02|2023|2|044***296**|JULIO CESAR BATISTA|06 - RESPONSÁVEL PELA ELABORAÇÃO DA PROPOSTA ORÇAMENTÁRIA DO ÓRGÃO||||convenios@caete.mg.gov.br|20230201|20230228
2188364|303|02|2023|3|842***946**|LUCAS COELHO FERREIRA|01 - GESTOR||||prefeitolucascoelho@caete.mg.gov.br|20230301|20230331
2188365|303|02|2023|3|114***786**|ANDRA CAROLINA SOARES|02 - CONTADOR|116407|MG||contabilidade@caete.mg.gov.br|20230301|20230331
2188366|303|02|2023|3|074***346**|ISABEL BARBOSA DE OLIVEIRA GONCALVES|03 - CONTROLE INTERNO||||controleinterno@caete.mg.gov.br|20230301|20230331
2188363|303|02|2023|3|067***236**|DANIELE MARIA DE JESUS|05 - TESOUREIRO||||tesouraria@caete.mg.gov.br|20230301|20230331
2188367|303|02|2023|3|044***296**|JULIO CESAR BATISTA|06 - RESPONSÁVEL PELA ELABORAÇÃO DA PROPOSTA ORÇAMENTÁRIA DO ÓRGÃO||||convenios@caete.mg.gov.br|20230301|20230331
2188372|303|02|2023|4|842***946**|LUCAS COELHO FERREIRA|01 - GESTOR||||prefeitolucascoelho@caete.mg.gov.br|20230401|20230430
2188369|303|02|2023|4|114***786**|ANDRA CAROLINA SOARES|02 - CONTADOR|116407|MG||contabilidade@caete.mg.gov.br|20230401|20230430
2188371|303|02|2023|4|074***346**|ISABEL BARBOSA DE OLIVEIRA GONCALVES|03 - CONTROLE INTERNO||||controleinterno@caete.mg.gov.br|20230401|20230430
2188370|303|02|2023|4|067***236**|DANIELE MARIA DE JESUS|05 - TESOUREIRO||||tesouraria@caete.mg.gov.br|20230401|20230430
2188368|303|02|2023|4|044***296**|JULIO CESAR BATISTA|06 - RESPONSÁVEL PELA ELABORAÇÃO DA PROPOSTA ORÇAMENTÁRIA DO ÓRGÃO||||convenios@caete.mg.gov.br|20230401|20230430
2188375|303|02|2023|5|842***946**|LUCAS COELHO FERREIRA|01 - GESTOR||||prefeitolucascoelho@caete.mg.gov.br|20230501|20230531
2188373|303|02|2023|5|114***786**|ANDRA CAROLINA SOARES|02 - CONTADOR|116407|MG||contabilidade@caete.mg.gov.br|20230501|20230531
2188374|303|02|2023|5|074***346**|ISABEL BARBOSA DE OLIVEIRA GONCALVES|03 - CONTROLE INTERNO||||controleinterno@caete.mg.gov.br|20230501|20230531
2188377|303|02|2023|5|067***236**|DANIELE MARIA DE JESUS|05 - TESOUREIRO||||tesouraria@caete.mg.gov.br|20230501|20230531
2188376|303|02|2023|5|044***296**|JULIO CESAR BATISTA|06 - RESPONSÁVEL PELA ELABORAÇÃO DA PROPOSTA ORÇAMENTÁRIA DO ÓRGÃO||||convenios@caete.mg.gov.br|20230501|20230531
2188381|303|02|2023|6|842***946**|LUCAS COELHO FERREIRA|01 - GESTOR||||prefeitolucascoelho@caete.mg.gov.br|20230601|20230630
2188379|303|02|2023|6|114***786**|ANDRA CAROLINA SOARES|02 - CONTADOR|116407|MG||contabilidade@caete.mg.gov.br|20230601|20230630
2188380|303|02|2023|6|074***346**|ISABEL BARBOSA DE OLIVEIRA GONCALVES|03 - CONTROLE INTERNO||||controleinterno@caete.mg.gov.br|20230601|20230630
2188382|303|02|2023|6|067***236**|DANIELE MARIA DE JESUS|05 - TESOUREIRO||||tesouraria@caete.mg.gov.br|20230601|20230630
2188378|303|02|2023|6|044***296**|JULIO CESAR BATISTA|06 - RESPONSÁVEL PELA ELABORAÇÃO DA PROPOSTA ORÇAMENTÁRIA DO ÓRGÃO||||convenios@caete.mg.gov.br|20230601|20230630
2188384|303|02|2023|7|842***946**|LUCAS COELHO FERREIRA|01 - GESTOR||||prefeitolucascoelho@caete.mg.gov.br|20230701|20230731
2188386|303|02|2023|7|114***786**|ANDRA CAROLINA SOARES|02 - CONTADOR|116407|MG||contabilidade@caete.mg.gov.br|20230701|20230731
2188387|303|02|2023|7|074***346**|ISABEL BARBOSA DE OLIVEIRA GONCALVES|03 - CONTROLE INTERNO||||controleinterno@caete.mg.gov.br|20230701|20230731
2188385|303|02|2023|7|067***236**|DANIELE MARIA DE JESUS|05 - TESOUREIRO||||tesouraria@caete.mg.gov.br|20230701|20230731
2188383|303|02|2023|7|044***296**|JULIO CESAR BATISTA|06 - RESPONSÁVEL PELA ELABORAÇÃO DA PROPOSTA ORÇAMENTÁRIA DO ÓRGÃO||||convenios@caete.mg.gov.br|20230701|20230731
2188388|303|02|2023|8|842***946**|LUCAS COELHO FERREIRA|01 - GESTOR||||prefeitolucascoelho@caete.mg.gov.br|20230801|20230831
2188392|303|02|2023|8|114***786**|ANDRA CAROLINA SOARES|02 - CONTADOR|116407|MG||contabilidade@caete.mg.gov.br|20230801|20230831
2188391|303|02|2023|8|074***346**|ISABEL BARBOSA DE OLIVEIRA GONCALVES|03 - CONTROLE INTERNO||||controleinterno@caete.mg.gov.br|20230801|20230831
2188389|303|02|2023|8|067***236**|DANIELE MARIA DE JESUS|05 - TESOUREIRO||||tesouraria@caete.mg.gov.br|20230801|20230831
2188390|303|02|2023|8|044***296**|JULIO CESAR BATISTA|06 - RESPONSÁVEL PELA ELABORAÇÃO DA PROPOSTA ORÇAMENTÁRIA DO ÓRGÃO||||convenios@caete.mg.gov.br|20230801|20230831
2267593|303|02|2023|9|842***946**|LUCAS COELHO FERREIRA|01 - GESTOR||||prefeitolucascoelho@caete.mg.gov.br|20230901|20230930
2267595|303|02|2023|9|114***786**|ANDRA CAROLINA SOARES|02 - CONTADOR|116407|MG||contabilidade@caete.mg.gov.br|20230901|20230930
2267592|303|02|2023|9|074***346**|ISABEL BARBOSA DE OLIVEIRA GONCALVES|03 - CONTROLE INTERNO||||controleinterno@caete.mg.gov.br|20230901|20230930
2267591|303|02|2023|9|067***236**|DANIELE MARIA DE JESUS|05 - TESOUREIRO||||tesouraria@caete.mg.gov.br|20230901|20230930
2267594|303|02|2023|9|044***296**|JULIO CESAR BATISTA|06 - RESPONSÁVEL PELA ELABORAÇÃO DA PROPOSTA ORÇAMENTÁRIA DO ÓRGÃO||||convenios@caete.mg.gov.br|20230901|20230930
2267597|303|02|2023|10|842***946**|LUCAS COELHO FERREIRA|01 - GESTOR||||prefeitolucascoelho@caete.mg.gov.br|20231001|20231031
2267599|303|02|2023|10|114***786**|ANDRA CAROLINA SOARES|02 - CONTADOR|116407|MG||contabilidade@caete.mg.gov.br|20231001|20231031
2267596|303|02|2023|10|074***346**|ISABEL BARBOSA DE OLIVEIRA GONCALVES|03 - CONTROLE INTERNO||||controleinterno@caete.mg.gov.br|20231001|20231031
2267600|303|02|2023|10|067***236**|DANIELE MARIA DE JESUS|05 - TESOUREIRO||||tesouraria@caete.mg.gov.br|20231001|20231031
2267598|303|02|2023|10|044***296**|JULIO CESAR BATISTA|06 - RESPONSÁVEL PELA ELABORAÇÃO DA PROPOSTA ORÇAMENTÁRIA DO ÓRGÃO||||convenios@caete.mg.gov.br|20231001|20231031
2267602|303|02|2023|11|842***946**|LUCAS COELHO FERREIRA|01 - GESTOR||||prefeitolucascoelho@caete.mg.gov.br|20231101|20231130
2267605|303|02|2023|11|114***786**|ANDRA CAROLINA SOARES|02 - CONTADOR|116407|MG||contabilidade@caete.mg.gov.br|20231101|20231130
2267604|303|02|2023|11|074***346**|ISABEL BARBOSA DE OLIVEIRA GONCALVES|03 - CONTROLE INTERNO||||controleinterno@caete.mg.gov.br|20231101|20231130
2267603|303|02|2023|11|067***236**|DANIELE MARIA DE JESUS|05 - TESOUREIRO||||tesouraria@caete.mg.gov.br|20231101|20231130
2267601|303|02|2023|11|044***296**|JULIO CESAR BATISTA|06 - RESPONSÁVEL PELA ELABORAÇÃO DA PROPOSTA ORÇAMENTÁRIA DO ÓRGÃO||||convenios@caete.mg.gov.br|20231101|20231130
2267606|303|02|2023|12|842***946**|LUCAS COELHO FERREIRA|01 - GESTOR||||prefeitolucascoelho@caete.mg.gov.br|20231201|20231231
2267609|303|02|2023|12|114***786**|ANDRA CAROLINA SOARES|02 - CONTADOR|116407|MG||contabilidade@caete.mg.gov.br|20231201|20231231
2267608|303|02|2023|12|074***346**|ISABEL BARBOSA DE OLIVEIRA GONCALVES|03 - CONTROLE INTERNO||||controleinterno@caete.mg.gov.br|20231201|20231231
2267610|303|02|2023|12|067***236**|DANIELE MARIA DE JESUS|05 - TESOUREIRO||||tesouraria@caete.mg.gov.br|20231201|20231231
2267607|303|02|2023|12|044***296**|JULIO CESAR BATISTA|06 - RESPONSÁVEL PELA ELABORAÇÃO DA PROPOSTA ORÇAMENTÁRIA DO ÓRGÃO||||convenios@caete.mg.gov.br|20231201|20231231
1995648|304|03|2023|1|804***476**|FERNANDO JOSE DA SILVA|01 - GESTOR||||superitendencia@saaecaete.mg.gov.br|20230101|20230131
1995643|304|03|2023|1|378***586**|REGINA DE FATIMA VIEIRA SANTOS|02 - CONTADOR|MG TC 34769|MG||administracao@saaecaete.com.br|20230101|20230131
1995647|304|03|2023|1|142***526**|RAQUEL NATALIA MARQUES|03 - CONTROLE INTERNO||||controleinterno01@saaecaete.mg.gov.br|20230101|20230131
1995644|304|03|2023|1|372***218**|ESKARLATE JULIANA DE ANDRADE|04 - ORDENADOR DE DESPESA POR DELEGAÇÃO|||DIRETOR ADMINISTRATIVO|diretoria.adm@saae.mg.gov.br|20230101|20230131
1995646|304|03|2023|1|067***236**|DANIELE MARIA DE JESUS|05 - TESOUREIRO||||tesouraria@caete.mg.gov.br|20230101|20230131
1995645|304|03|2023|1|842***946**|LUCAS FERREIRA COELHO|06 - RESPONSÁVEL PELA ELABORAÇÃO DA PROPOSTA ORÇAMENTÁRIA DO ÓRGÃO||||cprefeitolucascoelho@caete.mg.gov.br|20230101|20230131
1995652|304|03|2023|2|804***476**|FERNANDO JOSE DA SILVA|01 - GESTOR||||superitendencia@saaecaete.mg.gov.br|20230201|20230228
1995653|304|03|2023|2|378***586**|REGINA DE FATIMA VIEIRA SANTOS|02 - CONTADOR|MG TC 34769|MG||administracao@saaecaete.com.br|20230201|20230228
1995650|304|03|2023|2|142***526**|RAQUEL NATALIA MARQUES|03 - CONTROLE INTERNO||||controleinterno01@saaecaete.mg.gov.br|20230201|20230228
1995649|304|03|2023|2|372***218**|ESKARLATE JULIANA DE ANDRADE|04 - ORDENADOR DE DESPESA POR DELEGAÇÃO|||DIRETOR ADMINISTRATIVO|diretoria.adm@saae.mg.gov.br|20230201|20230228
1995654|304|03|2023|2|067***236**|DANIELE MARIA DE JESUS|05 - TESOUREIRO||||tesouraria@caete.mg.gov.br|20230201|20230228
1995651|304|03|2023|2|842***946**|LUCAS FERREIRA COELHO|06 - RESPONSÁVEL PELA ELABORAÇÃO DA PROPOSTA ORÇAMENTÁRIA DO ÓRGÃO||||cprefeitolucascoelho@caete.mg.gov.br|20230201|20230228
2191839|304|03|2023|3|804***476**|FERNANDO JOSE DA SILVA|01 - GESTOR||||superitendencia@saaecaete.mg.gov.br|20230301|20230331
2191837|304|03|2023|3|378***586**|REGINA DE FATIMA VIEIRA SANTOS|02 - CONTADOR|MG TC 34769|MG||administracao@saaecaete.com.br|20230301|20230331
2191842|304|03|2023|3|142***526**|RAQUEL NATALIA MARQUES|03 - CONTROLE INTERNO||||controleinterno01@saaecaete.mg.gov.br|20230301|20230331
2191841|304|03|2023|3|372***218**|ESKARLATE JULIANA DE ANDRADE|04 - ORDENADOR DE DESPESA POR DELEGAÇÃO|||DIRETOR ADMINISTRATIVO|diretoria.adm@saae.mg.gov.br|20230301|20230331
2191840|304|03|2023|3|067***236**|DANIELE MARIA DE JESUS|05 - TESOUREIRO||||tesouraria@caete.mg.gov.br|20230301|20230331
2191838|304|03|2023|3|842***946**|LUCAS FERREIRA COELHO|06 - RESPONSÁVEL PELA ELABORAÇÃO DA PROPOSTA ORÇAMENTÁRIA DO ÓRGÃO||||cprefeitolucascoelho@caete.mg.gov.br|20230301|20230331
2191845|304|03|2023|4|804***476**|FERNANDO JOSE DA SILVA|01 - GESTOR||||superitendencia@saaecaete.mg.gov.br|20230401|20230430
2191844|304|03|2023|4|378***586**|REGINA DE FATIMA VIEIRA SANTOS|02 - CONTADOR|MG TC 34769|MG||administracao@saaecaete.com.br|20230401|20230430
2191847|304|03|2023|4|142***526**|RAQUEL NATALIA MARQUES|03 - CONTROLE INTERNO||||controleinterno01@saaecaete.mg.gov.br|20230401|20230430
2191848|304|03|2023|4|372***218**|ESKARLATE JULIANA DE ANDRADE|04 - ORDENADOR DE DESPESA POR DELEGAÇÃO|||DIRETOR ADMINISTRATIVO|diretoria.adm@saae.mg.gov.br|20230401|20230430
2191846|304|03|2023|4|067***236**|DANIELE MARIA DE JESUS|05 - TESOUREIRO||||tesouraria@caete.mg.gov.br|20230401|20230430
2191843|304|03|2023|4|842***946**|LUCAS FERREIRA COELHO|06 - RESPONSÁVEL PELA ELABORAÇÃO DA PROPOSTA ORÇAMENTÁRIA DO ÓRGÃO||||cprefeitolucascoelho@caete.mg.gov.br|20230401|20230430
2191855|304|03|2023|5|804***476**|FERNANDO JOSE DA SILVA|01 - GESTOR||||superitendencia@saaecaete.mg.gov.br|20230501|20230531
2191858|304|03|2023|5|378***586**|REGINA DE FATIMA VIEIRA SANTOS|02 - CONTADOR|MG TC 34769|MG||administracao@saaecaete.com.br|20230501|20230531
2191857|304|03|2023|5|142***526**|RAQUEL NATALIA MARQUES|03 - CONTROLE INTERNO||||controleinterno01@saaecaete.mg.gov.br|20230501|20230531
2191859|304|03|2023|5|372***218**|ESKARLATE JULIANA DE ANDRADE|04 - ORDENADOR DE DESPESA POR DELEGAÇÃO|||DIRETOR ADMINISTRATIVO|diretoria.adm@saae.mg.gov.br|20230501|20230531
2191854|304|03|2023|5|067***236**|DANIELE MARIA DE JESUS|05 - TESOUREIRO||||tesouraria@caete.mg.gov.br|20230501|20230531
2191856|304|03|2023|5|842***946**|LUCAS FERREIRA COELHO|06 - RESPONSÁVEL PELA ELABORAÇÃO DA PROPOSTA ORÇAMENTÁRIA DO ÓRGÃO||||cprefeitolucascoelho@caete.mg.gov.br|20230501|20230531
2191867|304|03|2023|6|804***476**|FERNANDO JOSE DA SILVA|01 - GESTOR||||superitendencia@saaecaete.mg.gov.br|20230601|20230630
2191866|304|03|2023|6|378***586**|REGINA DE FATIMA VIEIRA SANTOS|02 - CONTADOR|MG TC 34769|MG||administracao@saaecaete.com.br|20230601|20230630
2191869|304|03|2023|6|142***526**|RAQUEL NATALIA MARQUES|03 - CONTROLE INTERNO||||controleinterno01@saaecaete.mg.gov.br|20230601|20230630
2191865|304|03|2023|6|372***218**|ESKARLATE JULIANA DE ANDRADE|04 - ORDENADOR DE DESPESA POR DELEGAÇÃO|||DIRETOR ADMINISTRATIVO|diretoria.adm@saae.mg.gov.br|20230601|20230630
2191870|304|03|2023|6|067***236**|DANIELE MARIA DE JESUS|05 - TESOUREIRO||||tesouraria@caete.mg.gov.br|20230601|20230630
2191868|304|03|2023|6|842***946**|LUCAS FERREIRA COELHO|06 - RESPONSÁVEL PELA ELABORAÇÃO DA PROPOSTA ORÇAMENTÁRIA DO ÓRGÃO||||cprefeitolucascoelho@caete.mg.gov.br|20230601|20230630
2191879|304|03|2023|7|804***476**|FERNANDO JOSE DA SILVA|01 - GESTOR||||superitendencia@saaecaete.mg.gov.br|20230701|20230731
2191881|304|03|2023|7|378***586**|REGINA DE FATIMA VIEIRA SANTOS|02 - CONTADOR|MG TC 34769|MG||administracao@saaecaete.com.br|20230701|20230731
2191878|304|03|2023|7|142***526**|RAQUEL NATALIA MARQUES|03 - CONTROLE INTERNO||||controleinterno01@saaecaete.mg.gov.br|20230701|20230731
2191880|304|03|2023|7|372***218**|ESKARLATE JULIANA DE ANDRADE|04 - ORDENADOR DE DESPESA POR DELEGAÇÃO|||DIRETOR ADMINISTRATIVO|diretoria.adm@saae.mg.gov.br|20230701|20230731
2191877|304|03|2023|7|067***236**|DANIELE MARIA DE JESUS|05 - TESOUREIRO||||tesouraria@caete.mg.gov.br|20230701|20230731
2191876|304|03|2023|7|842***946**|LUCAS FERREIRA COELHO|06 - RESPONSÁVEL PELA ELABORAÇÃO DA PROPOSTA ORÇAMENTÁRIA DO ÓRGÃO||||cprefeitolucascoelho@caete.mg.gov.br|20230701|20230731
2191887|304|03|2023|8|804***476**|FERNANDO JOSE DA SILVA|01 - GESTOR||||superitendencia@saaecaete.mg.gov.br|20230801|20230831
2191891|304|03|2023|8|378***586**|REGINA DE FATIMA VIEIRA SANTOS|02 - CONTADOR|MG TC 34769|MG||administracao@saaecaete.com.br|20230801|20230831
2191889|304|03|2023|8|142***526**|RAQUEL NATALIA MARQUES|03 - CONTROLE INTERNO||||controleinterno01@saaecaete.mg.gov.br|20230801|20230831
2191888|304|03|2023|8|372***218**|ESKARLATE JULIANA DE ANDRADE|04 - ORDENADOR DE DESPESA POR DELEGAÇÃO|||DIRETOR ADMINISTRATIVO|diretoria.adm@saae.mg.gov.br|20230801|20230831
2191890|304|03|2023|8|067***236**|DANIELE MARIA DE JESUS|05 - TESOUREIRO||||tesouraria@caete.mg.gov.br|20230801|20230831
2191892|304|03|2023|8|842***946**|LUCAS FERREIRA COELHO|06 - RESPONSÁVEL PELA ELABORAÇÃO DA PROPOSTA ORÇAMENTÁRIA DO ÓRGÃO||||cprefeitolucascoelho@caete.mg.gov.br|20230801|20230831
2197941|304|03|2023|9|804***476**|FERNANDO JOSE DA SILVA|01 - GESTOR||||superitendencia@saaecaete.mg.gov.br|20230901|20230930
2197937|304|03|2023|9|378***586**|REGINA DE FATIMA VIEIRA SANTOS|02 - CONTADOR|MG TC 34769|MG||administracao@saaecaete.com.br|20230901|20230930
2197938|304|03|2023|9|142***526**|RAQUEL NATALIA MARQUES|03 - CONTROLE INTERNO||||controleinterno01@saaecaete.mg.gov.br|20230901|20230930
2197939|304|03|2023|9|372***218**|ESKARLATE JULIANA DE ANDRADE|04 - ORDENADOR DE DESPESA POR DELEGAÇÃO|||DIRETOR ADMINISTRATIVO|diretoria.adm@saae.mg.gov.br|20230901|20230930
2197940|304|03|2023|9|067***236**|DANIELE MARIA DE JESUS|05 - TESOUREIRO||||tesouraria@caete.mg.gov.br|20230901|20230930
2197936|304|03|2023|9|842***946**|LUCAS FERREIRA COELHO|06 - RESPONSÁVEL PELA ELABORAÇÃO DA PROPOSTA ORÇAMENTÁRIA DO ÓRGÃO||||cprefeitolucascoelho@caete.mg.gov.br|20230901|20230930
2197945|304|03|2023|10|804***476**|FERNANDO JOSE DA SILVA|01 - GESTOR||||superitendencia@saaecaete.mg.gov.br|20231001|20231031
2197943|304|03|2023|10|378***586**|REGINA DE FATIMA VIEIRA SANTOS|02 - CONTADOR|MG TC 34769|MG||administracao@saaecaete.com.br|20231001|20231031
2197947|304|03|2023|10|142***526**|RAQUEL NATALIA MARQUES|03 - CONTROLE INTERNO||||controleinterno01@saaecaete.mg.gov.br|20231001|20231031
2197942|304|03|2023|10|372***218**|ESKARLATE JULIANA DE ANDRADE|04 - ORDENADOR DE DESPESA POR DELEGAÇÃO|||DIRETOR ADMINISTRATIVO|diretoria.adm@saae.mg.gov.br|20231001|20231031
2197946|304|03|2023|10|067***236**|DANIELE MARIA DE JESUS|05 - TESOUREIRO||||tesouraria@caete.mg.gov.br|20231001|20231031
2197944|304|03|2023|10|842***946**|LUCAS FERREIRA COELHO|06 - RESPONSÁVEL PELA ELABORAÇÃO DA PROPOSTA ORÇAMENTÁRIA DO ÓRGÃO||||cprefeitolucascoelho@caete.mg.gov.br|20231001|20231031
2213256|304|03|2023|11|804***476**|FERNANDO JOSE DA SILVA|01 - GESTOR||||superitendencia@saaecaete.mg.gov.br|20231101|20231130
2213258|304|03|2023|11|378***586**|REGINA DE FATIMA VIEIRA SANTOS|02 - CONTADOR|MG TC 34769|MG||administracao@saaecaete.com.br|20231101|20231130
2213259|304|03|2023|11|142***526**|RAQUEL NATALIA MARQUES|03 - CONTROLE INTERNO||||controleinterno01@saaecaete.mg.gov.br|20231101|20231130
2213257|304|03|2023|11|372***218**|ESKARLATE JULIANA DE ANDRADE|04 - ORDENADOR DE DESPESA POR DELEGAÇÃO|||DIRETOR ADMINISTRATIVO|diretoria.adm@saae.mg.gov.br|20231101|20231130
2213254|304|03|2023|11|067***236**|DANIELE MARIA DE JESUS|05 - TESOUREIRO||||tesouraria@caete.mg.gov.br|20231101|20231130
2213255|304|03|2023|11|842***946**|LUCAS FERREIRA COELHO|06 - RESPONSÁVEL PELA ELABORAÇÃO DA PROPOSTA ORÇAMENTÁRIA DO ÓRGÃO||||cprefeitolucascoelho@caete.mg.gov.br|20231101|20231130
2243394|304|03|2023|12|804***476**|FERNANDO JOSE DA SILVA|01 - GESTOR||||superitendencia@saaecaete.mg.gov.br|20231201|20231231
2243397|304|03|2023|12|378***586**|REGINA DE FATIMA VIEIRA SANTOS|02 - CONTADOR|MG TC 34769|MG||administracao@saaecaete.com.br|20231201|20231231
2243393|304|03|2023|12|142***526**|RAQUEL NATALIA MARQUES|03 - CONTROLE INTERNO||||controleinterno01@saaecaete.mg.gov.br|20231201|20231231
2243396|304|03|2023|12|372***218**|ESKARLATE JULIANA DE ANDRADE|04 - ORDENADOR DE DESPESA POR DELEGAÇÃO|||Diretora Administrativa|diretoria.adm@saae.mg.gov.br|20231201|20231231
2243398|304|03|2023|12|704***606**|ELIZABETH RODRIGUES SOARES|05 - TESOUREIRO||||financeiro@saaecaete.mg.gov.br|20231201|20231231
2243395|304|03|2023|12|842***946**|LUCAS FERREIRA COELHO|06 - RESPONSÁVEL PELA ELABORAÇÃO DA PROPOSTA ORÇAMENTÁRIA DO ÓRGÃO||||prefeitolucascoelho@caete.mg.gov.br|20231201|20231231
1923714|305|04|2023|1|084***226**|DARLAN CORRADI PERDIGAO DE ALMEIDA|01 - GESTOR||||fccc@caete.mg.gov.br|20230101|20230131
1923716|305|04|2023|1|999***926**|CINTIA REGINA DOS SANTOS|02 - CONTADOR|MG120904O|MG||contabilidade@caete.mg.gov.br|20230101|20230131
1923715|305|04|2023|1|074***346**|ISABEL BARBOSA DE OLIVEIRA GONCALVES|03 - CONTROLE INTERNO||||controleinterno@caete.mg.gov.br|20230101|20230131
1923713|305|04|2023|1|999***926**|CINTIA REGINA DOS SANTOS|05 - TESOUREIRO||||contabilidade@caete.mg.gov.br|20230101|20230131
1923717|305|04|2023|1|044***296**|JULIO CESAR BATISTA|06 - RESPONSÁVEL PELA ELABORAÇÃO DA PROPOSTA ORÇAMENTÁRIA DO ÓRGÃO||||obras@caete.mg.gov.br|20230101|20230131
1923719|305|04|2023|2|084***226**|DARLAN CORRADI PERDIGAO DE ALMEIDA|01 - GESTOR||||fccc@caete.mg.gov.br|20230201|20230228
1923721|305|04|2023|2|999***926**|CINTIA REGINA DOS SANTOS|02 - CONTADOR|MG120904O|MG||contabilidade@caete.mg.gov.br|20230201|20230228
1923720|305|04|2023|2|074***346**|ISABEL BARBOSA DE OLIVEIRA GONCALVES|03 - CONTROLE INTERNO||||controleinterno@caete.mg.gov.br|20230201|20230228
1923718|305|04|2023|2|999***926**|CINTIA REGINA DOS SANTOS|05 - TESOUREIRO||||contabilidade@caete.mg.gov.br|20230201|20230228
1923722|305|04|2023|2|044***296**|JULIO CESAR BATISTA|06 - RESPONSÁVEL PELA ELABORAÇÃO DA PROPOSTA ORÇAMENTÁRIA DO ÓRGÃO||||obras@caete.mg.gov.br|20230201|20230228
1946112|305|04|2023|3|084***226**|DARLAN CORRADI PERDIGAO DE ALMEIDA|01 - GESTOR||||fccc@caete.mg.gov.br|20230301|20230331
1946114|305|04|2023|3|999***926**|CINTIA REGINA DOS SANTOS|02 - CONTADOR|MG120904O|MG||contabilidade@caete.mg.gov.br|20230301|20230331
1946113|305|04|2023|3|074***346**|ISABEL BARBOSA DE OLIVEIRA GONCALVES|03 - CONTROLE INTERNO||||controleinterno@caete.mg.gov.br|20230301|20230331
1946111|305|04|2023|3|999***926**|CINTIA REGINA DOS SANTOS|05 - TESOUREIRO||||contabilidade@caete.mg.gov.br|20230301|20230331
1946115|305|04|2023|3|044***296**|JULIO CESAR BATISTA|06 - RESPONSÁVEL PELA ELABORAÇÃO DA PROPOSTA ORÇAMENTÁRIA DO ÓRGÃO||||obras@caete.mg.gov.br|20230301|20230331
2020883|305|04|2023|4|084***226**|DARLAN CORRADI PERDIGAO DE ALMEIDA|01 - GESTOR||||fccc@caete.mg.gov.br|20230401|20230430
2020881|305|04|2023|4|999***926**|CINTIA REGINA DOS SANTOS|02 - CONTADOR|MG120904O|MG||contabilidade@caete.mg.gov.br|20230401|20230430
2020882|305|04|2023|4|074***346**|ISABEL BARBOSA DE OLIVEIRA GONCALVES|03 - CONTROLE INTERNO||||controleinterno@caete.mg.gov.br|20230401|20230430
2020879|305|04|2023|4|999***926**|CINTIA REGINA DOS SANTOS|05 - TESOUREIRO||||contabilidade@caete.mg.gov.br|20230401|20230430
2020880|305|04|2023|4|044***296**|JULIO CESAR BATISTA|06 - RESPONSÁVEL PELA ELABORAÇÃO DA PROPOSTA ORÇAMENTÁRIA DO ÓRGÃO||||convenios@caete.mg.gov.br|20230401|20230430
2020896|305|04|2023|5|084***226**|DARLAN CORRADI PERDIGAO DE ALMEIDA|01 - GESTOR||||fccc@caete.mg.gov.br|20230501|20230531
2020894|305|04|2023|5|999***926**|CINTIA REGINA DOS SANTOS|02 - CONTADOR|MG120904O|MG||contabilidade@caete.mg.gov.br|20230501|20230531
2020895|305|04|2023|5|074***346**|ISABEL BARBOSA DE OLIVEIRA GONCALVES|03 - CONTROLE INTERNO||||controleinterno@caete.mg.gov.br|20230501|20230531
2020897|305|04|2023|5|999***926**|CINTIA REGINA DOS SANTOS|05 - TESOUREIRO||||contabilidade@caete.mg.gov.br|20230501|20230531
2020898|305|04|2023|5|044***296**|JULIO CESAR BATISTA|06 - RESPONSÁVEL PELA ELABORAÇÃO DA PROPOSTA ORÇAMENTÁRIA DO ÓRGÃO||||convenios@caete.mg.gov.br|20230501|20230531
2055284|305|04|2023|6|084***226**|DARLAN CORRADI PERDIGAO DE ALMEIDA|01 - GESTOR||||fccc@caete.mg.gov.br|20230601|20230630
2055281|305|04|2023|6|999***926**|CINTIA REGINA DOS SANTOS|02 - CONTADOR|MG120904O|MG||contabilidade@caete.mg.gov.br|20230601|20230630
2055282|305|04|2023|6|074***346**|ISABEL BARBOSA DE OLIVEIRA GONCALVES|03 - CONTROLE INTERNO||||controleinterno@caete.mg.gov.br|20230601|20230630
2055283|305|04|2023|6|999***926**|CINTIA REGINA DOS SANTOS|05 - TESOUREIRO||||contabilidade@caete.mg.gov.br|20230601|20230630
2055285|305|04|2023|6|044***296**|JULIO CESAR BATISTA|06 - RESPONSÁVEL PELA ELABORAÇÃO DA PROPOSTA ORÇAMENTÁRIA DO ÓRGÃO||||convenios@caete.mg.gov.br|20230601|20230630
2095268|305|04|2023|7|084***226**|DARLAN CORRADI PERDIGAO DE ALMEIDA|01 - GESTOR||||fccc@caete.mg.gov.br|20230701|20230731
2095266|305|04|2023|7|999***926**|CINTIA REGINA DOS SANTOS|02 - CONTADOR|MG120904O|MG||contabilidade@caete.mg.gov.br|20230701|20230731
2095267|305|04|2023|7|074***346**|ISABEL BARBOSA DE OLIVEIRA GONCALVES|03 - CONTROLE INTERNO||||controleinterno@caete.mg.gov.br|20230701|20230731
2095270|305|04|2023|7|999***926**|CINTIA REGINA DOS SANTOS|05 - TESOUREIRO||||contabilidade@caete.mg.gov.br|20230701|20230731
2095269|305|04|2023|7|044***296**|JULIO CESAR BATISTA|06 - RESPONSÁVEL PELA ELABORAÇÃO DA PROPOSTA ORÇAMENTÁRIA DO ÓRGÃO||||convenios@caete.mg.gov.br|20230701|20230731
2118386|305|04|2023|8|084***226**|DARLAN CORRADI PERDIGAO DE ALMEIDA|01 - GESTOR||||fccc@caete.mg.gov.br|20230801|20230831
2118383|305|04|2023|8|999***926**|CINTIA REGINA DOS SANTOS|02 - CONTADOR|MG120904O|MG||contabilidade@caete.mg.gov.br|20230801|20230831
2118385|305|04|2023|8|074***346**|ISABEL BARBOSA DE OLIVEIRA GONCALVES|03 - CONTROLE INTERNO||||controleinterno@caete.mg.gov.br|20230801|20230831
2118384|305|04|2023|8|999***926**|CINTIA REGINA DOS SANTOS|05 - TESOUREIRO||||contabilidade@caete.mg.gov.br|20230801|20230831
2118387|305|04|2023|8|044***296**|JULIO CESAR BATISTA|06 - RESPONSÁVEL PELA ELABORAÇÃO DA PROPOSTA ORÇAMENTÁRIA DO ÓRGÃO||||convenios@caete.mg.gov.br|20230801|20230831
2159884|305|04|2023|9|084***226**|DARLAN CORRADI PERDIGAO DE ALMEIDA|01 - GESTOR||||fccc@caete.mg.gov.br|20230901|20230930
2159886|305|04|2023|9|999***926**|CINTIA REGINA DOS SANTOS|02 - CONTADOR|MG120904O|MG||contabilidade@caete.mg.gov.br|20230901|20230930
2159885|305|04|2023|9|074***346**|ISABEL BARBOSA DE OLIVEIRA GONCALVES|03 - CONTROLE INTERNO||||controleinterno@caete.mg.gov.br|20230901|20230930
2159882|305|04|2023|9|999***926**|CINTIA REGINA DOS SANTOS|05 - TESOUREIRO||||contabilidade@caete.mg.gov.br|20230901|20230930
2159883|305|04|2023|9|044***296**|JULIO CESAR BATISTA|06 - RESPONSÁVEL PELA ELABORAÇÃO DA PROPOSTA ORÇAMENTÁRIA DO ÓRGÃO||||convenios@caete.mg.gov.br|20230901|20230930
2179059|305|04|2023|10|084***226**|DARLAN CORRADI PERDIGAO DE ALMEIDA|01 - GESTOR||||fccc@caete.mg.gov.br|20231001|20231031
2179057|305|04|2023|10|999***926**|CINTIA REGINA DOS SANTOS|02 - CONTADOR|MG120904O|MG||contabilidade@caete.mg.gov.br|20231001|20231031
2179055|305|04|2023|10|074***346**|ISABEL BARBOSA DE OLIVEIRA GONCALVES|03 - CONTROLE INTERNO||||controleinterno@caete.mg.gov.br|20231001|20231031
2179058|305|04|2023|10|999***926**|CINTIA REGINA DOS SANTOS|05 - TESOUREIRO||||contabilidade@caete.mg.gov.br|20231001|20231031
2179056|305|04|2023|10|044***296**|JULIO CESAR BATISTA|06 - RESPONSÁVEL PELA ELABORAÇÃO DA PROPOSTA ORÇAMENTÁRIA DO ÓRGÃO||||convenios@caete.mg.gov.br|20231001|20231031
2225369|305|04|2023|11|084***226**|DARLAN CORRADI PERDIGAO DE ALMEIDA|01 - GESTOR||||fccc@caete.mg.gov.br|20231101|20231130
2225367|305|04|2023|11|999***926**|CINTIA REGINA DOS SANTOS|02 - CONTADOR|MG120904O|MG||contabilidade@caete.mg.gov.br|20231101|20231130
2225370|305|04|2023|11|074***346**|ISABEL BARBOSA DE OLIVEIRA GONCALVES|03 - CONTROLE INTERNO||||controleinterno@caete.mg.gov.br|20231101|20231130
2225368|305|04|2023|11|999***926**|CINTIA REGINA DOS SANTOS|05 - TESOUREIRO||||contabilidade@caete.mg.gov.br|20231101|20231130
2225366|305|04|2023|11|044***296**|JULIO CESAR BATISTA|06 - RESPONSÁVEL PELA ELABORAÇÃO DA PROPOSTA ORÇAMENTÁRIA DO ÓRGÃO||||convenios@caete.mg.gov.br|20231101|20231130
2241237|305|04|2023|12|084***226**|DARLAN CORRADI PERDIGAO DE ALMEIDA|01 - GESTOR||||fccc@caete.mg.gov.br|20231201|20231231
2241234|305|04|2023|12|999***926**|CINTIA REGINA DOS SANTOS|02 - CONTADOR|MG120904O|MG||contabilidade@caete.mg.gov.br|20231201|20231231
2241236|305|04|2023|12|074***346**|ISABEL BARBOSA DE OLIVEIRA GONCALVES|03 - CONTROLE INTERNO||||controleinterno@caete.mg.gov.br|20231201|20231231
2241238|305|04|2023|12|999***926**|CINTIA REGINA DOS SANTOS|05 - TESOUREIRO||||contabilidade@caete.mg.gov.br|20231201|20231231
2241235|305|04|2023|12|044***296**|JULIO CESAR BATISTA|06 - RESPONSÁVEL PELA ELABORAÇÃO DA PROPOSTA ORÇAMENTÁRIA DO ÓRGÃO||||convenios@caete.mg.gov.br|20231201|20231231
1970898|306|05|2023|1|027***116**|LUCINÉIA MARIA FONSECA|01 - GESTOR||||fec@caete.mg.gov.br|20230101|20230131
1970896|306|05|2023|1|114***786**|ANDRA CAROLINA SOARES|02 - CONTADOR|116407|MG||contabilidade@caete.mg.gov.br|20230101|20230131
1970900|306|05|2023|1|576***856**|RENATO BERNARDINO DE SOUZA|03 - CONTROLE INTERNO||||fec@caete.mg.gov.br|20230101|20230131
1970897|306|05|2023|1|585***006**|PAULO DE OLIVEIRA LIMA JÚNIOR|05 - TESOUREIRO||||paulolimajrfec@gmail.com|20230101|20230131
1970899|306|05|2023|1|044***296**|JULIO CESAR BATISTA|06 - RESPONSÁVEL PELA ELABORAÇÃO DA PROPOSTA ORÇAMENTÁRIA DO ÓRGÃO||||obras@caete.mg.gov.br|20230101|20230131
1970904|306|05|2023|2|027***116**|LUCINÉIA MARIA FONSECA|01 - GESTOR||||fec@caete.mg.gov.br|20230201|20230228
1970902|306|05|2023|2|114***786**|ANDRA CAROLINA SOARES|02 - CONTADOR|116407|MG||contabilidade@caete.mg.gov.br|20230201|20230228
1970905|306|05|2023|2|576***856**|RENATO BERNARDINO DE SOUZA|03 - CONTROLE INTERNO||||fec@caete.mg.gov.br|20230201|20230228
1970901|306|05|2023|2|585***006**|PAULO DE OLIVEIRA LIMA JÚNIOR|05 - TESOUREIRO||||paulolimajrfec@gmail.com|20230201|20230228
1970903|306|05|2023|2|044***296**|JULIO CESAR BATISTA|06 - RESPONSÁVEL PELA ELABORAÇÃO DA PROPOSTA ORÇAMENTÁRIA DO ÓRGÃO||||obras@caete.mg.gov.br|20230201|20230228
1970910|306|05|2023|3|027***116**|LUCINÉIA MARIA FONSECA|01 - GESTOR||||fec@caete.mg.gov.br|20230301|20230331
1970908|306|05|2023|3|114***786**|ANDRA CAROLINA SOARES|02 - CONTADOR|116407|MG||contabilidade@caete.mg.gov.br|20230301|20230331
1970907|306|05|2023|3|576***856**|RENATO BERNARDINO DE SOUZA|03 - CONTROLE INTERNO||||fec@caete.mg.gov.br|20230301|20230331
1970906|306|05|2023|3|585***006**|PAULO DE OLIVEIRA LIMA JÚNIOR|05 - TESOUREIRO||||paulolimajrfec@gmail.com|20230301|20230331
1970909|306|05|2023|3|044***296**|JULIO CESAR BATISTA|06 - RESPONSÁVEL PELA ELABORAÇÃO DA PROPOSTA ORÇAMENTÁRIA DO ÓRGÃO||||obras@caete.mg.gov.br|20230301|20230331
2191849|306|05|2023|4|027***116**|LUCINÉIA MARIA FONSECA|01 - GESTOR||||fec@caete.mg.gov.br|20230401|20230430
2191853|306|05|2023|4|114***786**|ANDRA CAROLINA SOARES|02 - CONTADOR|116407|MG||contabilidade@caete.mg.gov.br|20230401|20230430
2191852|306|05|2023|4|576***856**|RENATO BERNARDINO DE SOUZA|03 - CONTROLE INTERNO||||fec@caete.mg.gov.br|20230401|20230430
2191850|306|05|2023|4|585***006**|PAULO DE OLIVEIRA LIMA JÚNIOR|05 - TESOUREIRO||||paulolimajrfec@gmail.com|20230401|20230430
2191851|306|05|2023|4|044***296**|JULIO CESAR BATISTA|06 - RESPONSÁVEL PELA ELABORAÇÃO DA PROPOSTA ORÇAMENTÁRIA DO ÓRGÃO||||obras@caete.mg.gov.br|20230401|20230430
2191862|306|05|2023|5|027***116**|LUCINÉIA MARIA FONSECA|01 - GESTOR||||fec@caete.mg.gov.br|20230501|20230531
2191861|306|05|2023|5|114***786**|ANDRA CAROLINA SOARES|02 - CONTADOR|116407|MG||contabilidade@caete.mg.gov.br|20230501|20230531
2191863|306|05|2023|5|576***856**|RENATO BERNARDINO DE SOUZA|03 - CONTROLE INTERNO||||fec@caete.mg.gov.br|20230501|20230531
2191864|306|05|2023|5|585***006**|PAULO DE OLIVEIRA LIMA JÚNIOR|05 - TESOUREIRO||||paulolimajrfec@gmail.com|20230501|20230531
2191860|306|05|2023|5|044***296**|JULIO CESAR BATISTA|06 - RESPONSÁVEL PELA ELABORAÇÃO DA PROPOSTA ORÇAMENTÁRIA DO ÓRGÃO||||obras@caete.mg.gov.br|20230501|20230531
2191871|306|05|2023|6|027***116**|LUCINÉIA MARIA FONSECA|01 - GESTOR||||fec@caete.mg.gov.br|20230601|20230630
2191874|306|05|2023|6|114***786**|ANDRA CAROLINA SOARES|02 - CONTADOR|116407|MG||contabilidade@caete.mg.gov.br|20230601|20230630
2191872|306|05|2023|6|576***856**|RENATO BERNARDINO DE SOUZA|03 - CONTROLE INTERNO||||fec@caete.mg.gov.br|20230601|20230630
2191875|306|05|2023|6|585***006**|PAULO DE OLIVEIRA LIMA JÚNIOR|05 - TESOUREIRO||||paulolimajrfec@gmail.com|20230601|20230630
2191873|306|05|2023|6|044***296**|JULIO CESAR BATISTA|06 - RESPONSÁVEL PELA ELABORAÇÃO DA PROPOSTA ORÇAMENTÁRIA DO ÓRGÃO||||obras@caete.mg.gov.br|20230601|20230630
2191885|306|05|2023|7|027***116**|LUCINÉIA MARIA FONSECA|01 - GESTOR||||fec@caete.mg.gov.br|20230701|20230731
2191882|306|05|2023|7|114***786**|ANDRA CAROLINA SOARES|02 - CONTADOR|116407|MG||contabilidade@caete.mg.gov.br|20230701|20230731
2191884|306|05|2023|7|576***856**|RENATO BERNARDINO DE SOUZA|03 - CONTROLE INTERNO||||fec@caete.mg.gov.br|20230701|20230731
2191883|306|05|2023|7|094***646**|ALINE PEREIRA SEVERIANO|05 - TESOUREIRO||||fec@caete.mg.gov.br|20230701|20230731
2191886|306|05|2023|7|044***296**|JULIO CESAR BATISTA|06 - RESPONSÁVEL PELA ELABORAÇÃO DA PROPOSTA ORÇAMENTÁRIA DO ÓRGÃO||||obras@caete.mg.gov.br|20230701|20230731
2191896|306|05|2023|8|027***116**|LUCINÉIA MARIA FONSECA|01 - GESTOR||||fec@caete.mg.gov.br|20230801|20230831
2191895|306|05|2023|8|114***786**|ANDRA CAROLINA SOARES|02 - CONTADOR|116407|MG||contabilidade@caete.mg.gov.br|20230801|20230831
2191897|306|05|2023|8|576***856**|RENATO BERNARDINO DE SOUZA|03 - CONTROLE INTERNO||||fec@caete.mg.gov.br|20230801|20230831
2191893|306|05|2023|8|094***646**|ALINE PEREIRA SEVERIANO|05 - TESOUREIRO||||fec@caete.mg.gov.br|20230801|20230831
2191894|306|05|2023|8|044***296**|JULIO CESAR BATISTA|06 - RESPONSÁVEL PELA ELABORAÇÃO DA PROPOSTA ORÇAMENTÁRIA DO ÓRGÃO||||obras@caete.mg.gov.br|20230801|20230831
2191900|306|05|2023|9|027***116**|LUCINÉIA MARIA FONSECA|01 - GESTOR||||fec@caete.mg.gov.br|20230901|20230930
2191899|306|05|2023|9|114***786**|ANDRA CAROLINA SOARES|02 - CONTADOR|116407|MG||contabilidade@caete.mg.gov.br|20230901|20230930
2191898|306|05|2023|9|576***856**|RENATO BERNARDINO DE SOUZA|03 - CONTROLE INTERNO||||fec@caete.mg.gov.br|20230901|20230930
2191901|306|05|2023|9|094***646**|ALINE PEREIRA SEVERIANO|05 - TESOUREIRO||||fec@caete.mg.gov.br|20230901|20230930
2191902|306|05|2023|9|044***296**|JULIO CESAR BATISTA|06 - RESPONSÁVEL PELA ELABORAÇÃO DA PROPOSTA ORÇAMENTÁRIA DO ÓRGÃO||||obras@caete.mg.gov.br|20230901|20230930
2191905|306|05|2023|10|027***116**|LUCINÉIA MARIA FONSECA|01 - GESTOR||||fec@caete.mg.gov.br|20231001|20231031
2191904|306|05|2023|10|114***786**|ANDRA CAROLINA SOARES|02 - CONTADOR|116407|MG||contabilidade@caete.mg.gov.br|20231001|20231031
2191907|306|05|2023|10|576***856**|RENATO BERNARDINO DE SOUZA|03 - CONTROLE INTERNO||||fec@caete.mg.gov.br|20231001|20231031
2191906|306|05|2023|10|094***646**|ALINE PEREIRA SEVERIANO|05 - TESOUREIRO||||fec@caete.mg.gov.br|20231001|20231031
2191903|306|05|2023|10|044***296**|JULIO CESAR BATISTA|06 - RESPONSÁVEL PELA ELABORAÇÃO DA PROPOSTA ORÇAMENTÁRIA DO ÓRGÃO||||obras@caete.mg.gov.br|20231001|20231031
2218542|306|05|2023|11|027***116**|LUCINÉIA MARIA FONSECA|01 - GESTOR||||fec@caete.mg.gov.br|20231101|20231130
2218543|306|05|2023|11|114***786**|ANDRA CAROLINA SOARES|02 - CONTADOR|116407|MG||contabilidade@caete.mg.gov.br|20231101|20231130
2218540|306|05|2023|11|576***856**|RENATO BERNARDINO DE SOUZA|03 - CONTROLE INTERNO||||fec@caete.mg.gov.br|20231101|20231130
2218541|306|05|2023|11|094***646**|ALINE PEREIRA SEVERIANO|05 - TESOUREIRO||||fec@caete.mg.gov.br|20231101|20231130
2218544|306|05|2023|11|044***296**|JULIO CESAR BATISTA|06 - RESPONSÁVEL PELA ELABORAÇÃO DA PROPOSTA ORÇAMENTÁRIA DO ÓRGÃO||||obras@caete.mg.gov.br|20231101|20231130
2241243|306|05|2023|12|027***116**|LUCINÉIA MARIA FONSECA|01 - GESTOR||||fec@caete.mg.gov.br|20231201|20231231
2241241|306|05|2023|12|114***786**|ANDRA CAROLINA SOARES|02 - CONTADOR|116407|MG||contabilidade@caete.mg.gov.br|20231201|20231231
2241242|306|05|2023|12|576***856**|RENATO BERNARDINO DE SOUZA|03 - CONTROLE INTERNO||||fec@caete.mg.gov.br|20231201|20231231
2241239|306|05|2023|12|094***646**|ALINE PEREIRA SEVERIANO|05 - TESOUREIRO||||fec@caete.mg.gov.br|20231201|20231231
2241240|306|05|2023|12|044***296**|JULIO CESAR BATISTA|06 - RESPONSÁVEL PELA ELABORAÇÃO DA PROPOSTA ORÇAMENTÁRIA DO ÓRGÃO||||obras@caete.mg.gov.br|20231201|20231231
