seq_rec_dispensa|seq_dispensa|seq_orgao|cod_orgao|num_ano_referencia|num_mes_referencia|dsc_tipo_processo|dsc_dotacao|dsc_funcao|dsc_subfuncao|dsc_programa|dsc_acao|dsc_subacao|dsc_nat_despesa|dsc_fonte_recurso|vlr_recurso
1187945|665267|303|02|2023|5|3 - INEXIGIBILIDADE POR CREDENCIAMENTO/CHAMADA PÚBLICA|02.02005.18.541.0321.1247.3.3.50.43.00.100|18 - GESTÃO AMBIENTAL|541 - PRESERVAÇÃO E CONSERVAÇÃO AMBIENTAL|0321 - MANUTENÇÃO DA SAÚDE ANIMAL|1247 - CONTRIBUIÇÃO PARA MANUTENÇÃO DA SAUDE ANIMAL||3.3.50.43.00 - SUBVENÇÕES SOCIAIS|100 - RECURSOS NÃO VINCULADOS DE IMPOSTOS|0.0
1187946|665267|303|02|2023|5|3 - INEXIGIBILIDADE POR CREDENCIAMENTO/CHAMADA PÚBLICA|02.02005.18.541.0321.1247.3.3.50.43.00.100|18 - GESTÃO AMBIENTAL|541 - PRESERVAÇÃO E CONSERVAÇÃO AMBIENTAL|0321 - MANUTENÇÃO DA SAÚDE ANIMAL|1247 - CONTRIBUIÇÃO PARA MANUTENÇÃO DA SAUDE ANIMAL||3.3.50.43.00 - SUBVENÇÕES SOCIAIS|100 - RECURSOS NÃO VINCULADOS DE IMPOSTOS|0.0
1187947|665267|303|02|2023|5|3 - INEXIGIBILIDADE POR CREDENCIAMENTO/CHAMADA PÚBLICA|02.02005.18.541.0321.1247.3.3.50.43.00.100|18 - GESTÃO AMBIENTAL|541 - PRESERVAÇÃO E CONSERVAÇÃO AMBIENTAL|0321 - MANUTENÇÃO DA SAÚDE ANIMAL|1247 - CONTRIBUIÇÃO PARA MANUTENÇÃO DA SAUDE ANIMAL||3.3.50.43.00 - SUBVENÇÕES SOCIAIS|100 - RECURSOS NÃO VINCULADOS DE IMPOSTOS|0.0
1187948|665267|303|02|2023|5|3 - INEXIGIBILIDADE POR CREDENCIAMENTO/CHAMADA PÚBLICA|02.02005.18.541.0321.1247.3.3.50.43.00.100|18 - GESTÃO AMBIENTAL|541 - PRESERVAÇÃO E CONSERVAÇÃO AMBIENTAL|0321 - MANUTENÇÃO DA SAÚDE ANIMAL|1247 - CONTRIBUIÇÃO PARA MANUTENÇÃO DA SAUDE ANIMAL||3.3.50.43.00 - SUBVENÇÕES SOCIAIS|100 - RECURSOS NÃO VINCULADOS DE IMPOSTOS|0.0
1187872|665224|303|02|2023|1|2 - INEXIGIBILIDADE|02.02007002.12.365.0003.2006.3.3.90.32.00.1.550.000|12 - EDUCAÇÃO|365 - EDUCAÇÃO INFANTIL|0003 - MANUTENÇÃO DA EDUCAÇÃO BÁSICA|2006 - MANUTENÇÃO DA EDUCAÇÃO INFANTIL||3.3.90.32.00 - MATERIAL, BEM OU SERVIÇO PARA DISTRIBUIÇÃO GRATUITA|1.550.000 - TRANSFERÊNCIA DO SALÁRIO-EDUCAÇÃO|0.0
1222214|686763|303|02|2023|12|2 - INEXIGIBILIDADE|02.02007002.12.365.0003.2006.3.3.90.32.00.1.550.000|12 - EDUCAÇÃO|365 - EDUCAÇÃO INFANTIL|0003 - MANUTENÇÃO DA EDUCAÇÃO BÁSICA|2006 - MANUTENÇÃO DA EDUCAÇÃO INFANTIL||3.3.90.32.00 - MATERIAL, BEM OU SERVIÇO PARA DISTRIBUIÇÃO GRATUITA|1.550.000 - TRANSFERÊNCIA DO SALÁRIO-EDUCAÇÃO|0.0
1187889|665235|303|02|2023|2|1 - DISPENSA|02.02010001.10.122.0297.2476.3.3.90.91.00.1.500.000|10 - SAÚDE|122 - ADMINISTRAÇÃO GERAL|0297 - DESPESAS DECORRENTES DE SENTENÇAS JUDICIAIS|2476 - EXECUÇÃO DE SENTENÇAS JUDICIAIS||3.3.90.91.00 - SENTENÇAS JUDICIAIS|1.500.000 - RECURSOS NÃO VINCULADOS DE IMPOSTOS|0.0
1187943|665266|303|02|2023|5|1 - DISPENSA|02.02017.10.301.0029.2063.3.3.90.36.00.1.600.000|10 - SAÚDE|301 - ATENÇÃO BÁSICA|0029 - ATENÇÃO BÁSICA|2063 - MANUTENÇÃO DA ATENÇÃO BÁSICA||3.3.90.36.00 - OUTROS SERVIÇOS DE TERCEIROS - PESSOA FÍSICA|1.600.000 - TRANSFERÊNCIAS FUNDO A FUNDO DE RECURSOS DO SUS PROVENIENTES DO GOVERNO FEDERAL - BLOCO DE MANUTENÇÃO DAS AÇÕES E SERVIÇOS PÚBLICOS DE SAÚDE|0.0
1222187|686740|303|02|2023|9|2 - INEXIGIBILIDADE|02.02017.10.302.0080.2104.3.3.90.39.00.1.600.000|10 - SAÚDE|302 - ASSISTÊNCIA HOSPITALAR E AMBULATORIAL|0080 - SAÚDE MENTAL|2104 - MANUTENÇÃO DO SETOR DE SAÚDE MENTAL||3.3.90.39.00 - OUTROS SERVIÇOS DE TERCEIROS - PESSOA JURÍDICA|1.600.000 - TRANSFERÊNCIAS FUNDO A FUNDO DE RECURSOS DO SUS PROVENIENTES DO GOVERNO FEDERAL - BLOCO DE MANUTENÇÃO DAS AÇÕES E SERVIÇOS PÚBLICOS DE SAÚDE|0.0
1222185|686738|303|02|2023|9|2 - INEXIGIBILIDADE|02.02017.10.302.0080.2104.3.3.90.39.00.1.600.000|10 - SAÚDE|302 - ASSISTÊNCIA HOSPITALAR E AMBULATORIAL|0080 - SAÚDE MENTAL|2104 - MANUTENÇÃO DO SETOR DE SAÚDE MENTAL||3.3.90.39.00 - OUTROS SERVIÇOS DE TERCEIROS - PESSOA JURÍDICA|1.600.000 - TRANSFERÊNCIAS FUNDO A FUNDO DE RECURSOS DO SUS PROVENIENTES DO GOVERNO FEDERAL - BLOCO DE MANUTENÇÃO DAS AÇÕES E SERVIÇOS PÚBLICOS DE SAÚDE|0.0
1187921|665253|303|02|2023|4|1 - DISPENSA|02.02017.10.301.0029.2063.3.3.90.39.00.1.600.000|10 - SAÚDE|301 - ATENÇÃO BÁSICA|0029 - ATENÇÃO BÁSICA|2063 - MANUTENÇÃO DA ATENÇÃO BÁSICA||3.3.90.39.00 - OUTROS SERVIÇOS DE TERCEIROS - PESSOA JURÍDICA|1.600.000 - TRANSFERÊNCIAS FUNDO A FUNDO DE RECURSOS DO SUS PROVENIENTES DO GOVERNO FEDERAL - BLOCO DE MANUTENÇÃO DAS AÇÕES E SERVIÇOS PÚBLICOS DE SAÚDE|0.0
1187861|665223|303|02|2023|1|2 - INEXIGIBILIDADE|02.02002.02.122.0173.2321.3.3.90.49.00.1.500.000|02 - JUDICIÁRIA|122 - ADMINISTRAÇÃO GERAL|0173 - GESTAO DA PROCURADORIA JURÍDICA MUNICIPAL|2321 - MANUTENÇÃO DA PROCURADORIA JURÍDICA||3.3.90.49.00 - AUXÍLIO-TRANSPORTE|1.500.000 - RECURSOS NÃO VINCULADOS DE IMPOSTOS|0.0
1187865|665223|303|02|2023|1|2 - INEXIGIBILIDADE|02.02009.04.122.0070.2125.3.3.90.49.00.1.500.000|04 - ADMINISTRAÇÃO|122 - ADMINISTRAÇÃO GERAL|0070 - GESTÃO DA SECRETARIA DE OBRAS|2125 - MANUTENÇÃO DA SECRETARIA DE OBRAS||3.3.90.49.00 - AUXÍLIO-TRANSPORTE|1.500.000 - RECURSOS NÃO VINCULADOS DE IMPOSTOS|0.0
1187869|665223|303|02|2023|1|2 - INEXIGIBILIDADE|02.02014.08.122.0166.2314.3.3.90.49.00.1.500.000|08 - ASSISTÊNCIA SOCIAL|122 - ADMINISTRAÇÃO GERAL|0166 - GESTÃO DA SECRETARIA MUNICIPAL DE ASSISTENCIA SOCIAL|2314 - GESTÃO DA SEMAS||3.3.90.49.00 - AUXÍLIO-TRANSPORTE|1.500.000 - RECURSOS NÃO VINCULADOS DE IMPOSTOS|0.0
1187870|665224|303|02|2023|1|2 - INEXIGIBILIDADE|02.02007001.12.361.0003.2062.3.3.90.32.00.1.500.000|12 - EDUCAÇÃO|361 - ENSINO FUNDAMENTAL|0003 - MANUTENÇÃO DA EDUCAÇÃO BÁSICA|2062 - MANUTENÇÃO DO ENSINO FUNDAMENTAL||3.3.90.32.00 - MATERIAL, BEM OU SERVIÇO PARA DISTRIBUIÇÃO GRATUITA|1.500.000 - RECURSOS NÃO VINCULADOS DE IMPOSTOS|0.0
1187873|665225|303|02|2023|1|2 - INEXIGIBILIDADE|02.02020.13.392.0260.2461.3.3.90.39.00.1.500.000|13 - CULTURA|392 - DIFUSÃO CULTURAL|0260 - PROMOÇÃO E DIVULGAÇÃO CULTURAL|2461 - FESTIVIDADES E COMEMORAÇÕES DO CALENDARIO MUNICIPAL||3.3.90.39.00 - OUTROS SERVIÇOS DE TERCEIROS - PESSOA JURÍDICA|1.500.000 - RECURSOS NÃO VINCULADOS DE IMPOSTOS|0.0
1187874|665226|303|02|2023|1|2 - INEXIGIBILIDADE|02.02005.18.541.0321.1247.3.3.90.39.00.1.500.000|18 - GESTÃO AMBIENTAL|541 - PRESERVAÇÃO E CONSERVAÇÃO AMBIENTAL|0321 - MANUTENÇÃO DA SAÚDE ANIMAL|1247 - CONTRIBUIÇÃO PARA MANUTENÇÃO DA SAUDE ANIMAL||3.3.90.39.00 - OUTROS SERVIÇOS DE TERCEIROS - PESSOA JURÍDICA|1.500.000 - RECURSOS NÃO VINCULADOS DE IMPOSTOS|0.0
1187875|665227|303|02|2023|1|2 - INEXIGIBILIDADE|02.02020.13.392.0260.2461.3.3.90.39.00.1.500.000|13 - CULTURA|392 - DIFUSÃO CULTURAL|0260 - PROMOÇÃO E DIVULGAÇÃO CULTURAL|2461 - FESTIVIDADES E COMEMORAÇÕES DO CALENDARIO MUNICIPAL||3.3.90.39.00 - OUTROS SERVIÇOS DE TERCEIROS - PESSOA JURÍDICA|1.500.000 - RECURSOS NÃO VINCULADOS DE IMPOSTOS|0.0
1187884|665230|303|02|2023|2|2 - INEXIGIBILIDADE|02.02020.13.392.0260.2461.3.3.90.39.00.1.500.000|13 - CULTURA|392 - DIFUSÃO CULTURAL|0260 - PROMOÇÃO E DIVULGAÇÃO CULTURAL|2461 - FESTIVIDADES E COMEMORAÇÕES DO CALENDARIO MUNICIPAL||3.3.90.39.00 - OUTROS SERVIÇOS DE TERCEIROS - PESSOA JURÍDICA|1.500.000 - RECURSOS NÃO VINCULADOS DE IMPOSTOS|0.0
1187882|665228|303|02|2023|2|2 - INEXIGIBILIDADE|02.02020.04.392.0223.2491.3.3.90.31.00.1.500.000|04 - ADMINISTRAÇÃO|392 - DIFUSÃO CULTURAL|0223 - GESTÃO DA SECRETARIA DE TURÍSMO CULTURA E PATRIMÔNIO|2491 - MANUTENÇAO DAS AÇÕES CULTURAIS E TURISTICAS||3.3.90.31.00 - PREMIAÇÕES CULTURAIS, ARTÍSTICAS, CIENTÍFICAS, DESPORTIVAS E OUTRAS|1.500.000 - RECURSOS NÃO VINCULADOS DE IMPOSTOS|0.0
1187883|665229|303|02|2023|2|1 - DISPENSA|02.02010001.10.122.0297.2476.3.3.90.91.00.1.500.000|10 - SAÚDE|122 - ADMINISTRAÇÃO GERAL|0297 - DESPESAS DECORRENTES DE SENTENÇAS JUDICIAIS|2476 - EXECUÇÃO DE SENTENÇAS JUDICIAIS||3.3.90.91.00 - SENTENÇAS JUDICIAIS|1.500.000 - RECURSOS NÃO VINCULADOS DE IMPOSTOS|0.0
1187885|665231|303|02|2023|2|1 - DISPENSA|02.02010001.10.122.0297.2476.3.3.90.91.00.1.500.000|10 - SAÚDE|122 - ADMINISTRAÇÃO GERAL|0297 - DESPESAS DECORRENTES DE SENTENÇAS JUDICIAIS|2476 - EXECUÇÃO DE SENTENÇAS JUDICIAIS||3.3.90.91.00 - SENTENÇAS JUDICIAIS|1.500.000 - RECURSOS NÃO VINCULADOS DE IMPOSTOS|0.0
1187886|665232|303|02|2023|2|1 - DISPENSA|02.02010001.10.122.0297.2476.3.3.90.91.00.1.500.000|10 - SAÚDE|122 - ADMINISTRAÇÃO GERAL|0297 - DESPESAS DECORRENTES DE SENTENÇAS JUDICIAIS|2476 - EXECUÇÃO DE SENTENÇAS JUDICIAIS||3.3.90.91.00 - SENTENÇAS JUDICIAIS|1.500.000 - RECURSOS NÃO VINCULADOS DE IMPOSTOS|0.0
1187887|665233|303|02|2023|2|1 - DISPENSA|02.02010001.10.122.0297.2476.3.3.90.91.00.1.500.000|10 - SAÚDE|122 - ADMINISTRAÇÃO GERAL|0297 - DESPESAS DECORRENTES DE SENTENÇAS JUDICIAIS|2476 - EXECUÇÃO DE SENTENÇAS JUDICIAIS||3.3.90.91.00 - SENTENÇAS JUDICIAIS|1.500.000 - RECURSOS NÃO VINCULADOS DE IMPOSTOS|0.0
1187896|665236|303|02|2023|3|1 - DISPENSA|02.02010001.10.122.0297.2476.3.3.90.91.00.1.500.000|10 - SAÚDE|122 - ADMINISTRAÇÃO GERAL|0297 - DESPESAS DECORRENTES DE SENTENÇAS JUDICIAIS|2476 - EXECUÇÃO DE SENTENÇAS JUDICIAIS||3.3.90.91.00 - SENTENÇAS JUDICIAIS|1.500.000 - RECURSOS NÃO VINCULADOS DE IMPOSTOS|0.0
1187900|665240|303|02|2023|3|1 - DISPENSA|02.02010001.10.122.0297.2476.3.3.90.91.00.1.500.000|10 - SAÚDE|122 - ADMINISTRAÇÃO GERAL|0297 - DESPESAS DECORRENTES DE SENTENÇAS JUDICIAIS|2476 - EXECUÇÃO DE SENTENÇAS JUDICIAIS||3.3.90.91.00 - SENTENÇAS JUDICIAIS|1.500.000 - RECURSOS NÃO VINCULADOS DE IMPOSTOS|0.0
1187906|665246|303|02|2023|3|1 - DISPENSA|02.02010001.10.122.0297.2476.3.3.90.91.00.1.500.000|10 - SAÚDE|122 - ADMINISTRAÇÃO GERAL|0297 - DESPESAS DECORRENTES DE SENTENÇAS JUDICIAIS|2476 - EXECUÇÃO DE SENTENÇAS JUDICIAIS||3.3.90.91.00 - SENTENÇAS JUDICIAIS|1.500.000 - RECURSOS NÃO VINCULADOS DE IMPOSTOS|0.0
1187907|665247|303|02|2023|3|1 - DISPENSA|02.02010001.10.122.0297.2476.3.3.90.91.00.1.500.000|10 - SAÚDE|122 - ADMINISTRAÇÃO GERAL|0297 - DESPESAS DECORRENTES DE SENTENÇAS JUDICIAIS|2476 - EXECUÇÃO DE SENTENÇAS JUDICIAIS||3.3.90.91.00 - SENTENÇAS JUDICIAIS|1.500.000 - RECURSOS NÃO VINCULADOS DE IMPOSTOS|0.0
1187918|665252|303|02|2023|4|1 - DISPENSA|02.02010001.10.122.0297.2476.3.3.90.91.00.1.500.000|10 - SAÚDE|122 - ADMINISTRAÇÃO GERAL|0297 - DESPESAS DECORRENTES DE SENTENÇAS JUDICIAIS|2476 - EXECUÇÃO DE SENTENÇAS JUDICIAIS||3.3.90.91.00 - SENTENÇAS JUDICIAIS|1.500.000 - RECURSOS NÃO VINCULADOS DE IMPOSTOS|0.0
1187936|665259|303|02|2023|5|2 - INEXIGIBILIDADE|02.02010001.10.122.0047.2110.3.3.90.39.00.1.500.000|10 - SAÚDE|122 - ADMINISTRAÇÃO GERAL|0047 - MANUTENÇÃO DO SERVIÇO DE TRANSPORTE DE PACIENTES|2110 - MANUTENÇÃO DO SETOR DE TRANSPORTE||3.3.90.39.00 - OUTROS SERVIÇOS DE TERCEIROS - PESSOA JURÍDICA|1.500.000 - RECURSOS NÃO VINCULADOS DE IMPOSTOS|0.0
1187937|665260|303|02|2023|5|2 - INEXIGIBILIDADE|02.02020.13.392.0260.2461.3.3.90.39.00.1.500.000|13 - CULTURA|392 - DIFUSÃO CULTURAL|0260 - PROMOÇÃO E DIVULGAÇÃO CULTURAL|2461 - FESTIVIDADES E COMEMORAÇÕES DO CALENDARIO MUNICIPAL||3.3.90.39.00 - OUTROS SERVIÇOS DE TERCEIROS - PESSOA JURÍDICA|1.500.000 - RECURSOS NÃO VINCULADOS DE IMPOSTOS|0.0
1187938|665261|303|02|2023|5|1 - DISPENSA|02.02010001.10.122.0297.2476.3.3.90.91.00.1.500.000|10 - SAÚDE|122 - ADMINISTRAÇÃO GERAL|0297 - DESPESAS DECORRENTES DE SENTENÇAS JUDICIAIS|2476 - EXECUÇÃO DE SENTENÇAS JUDICIAIS||3.3.90.91.00 - SENTENÇAS JUDICIAIS|1.500.000 - RECURSOS NÃO VINCULADOS DE IMPOSTOS|0.0
1187940|665263|303|02|2023|5|2 - INEXIGIBILIDADE|02.02020.13.392.0260.2461.3.3.90.39.00.1.500.000|13 - CULTURA|392 - DIFUSÃO CULTURAL|0260 - PROMOÇÃO E DIVULGAÇÃO CULTURAL|2461 - FESTIVIDADES E COMEMORAÇÕES DO CALENDARIO MUNICIPAL||3.3.90.39.00 - OUTROS SERVIÇOS DE TERCEIROS - PESSOA JURÍDICA|1.500.000 - RECURSOS NÃO VINCULADOS DE IMPOSTOS|0.0
1187942|665265|303|02|2023|5|2 - INEXIGIBILIDADE|02.02020.13.392.0260.2461.3.3.90.39.00.1.500.000|13 - CULTURA|392 - DIFUSÃO CULTURAL|0260 - PROMOÇÃO E DIVULGAÇÃO CULTURAL|2461 - FESTIVIDADES E COMEMORAÇÕES DO CALENDARIO MUNICIPAL||3.3.90.39.00 - OUTROS SERVIÇOS DE TERCEIROS - PESSOA JURÍDICA|1.500.000 - RECURSOS NÃO VINCULADOS DE IMPOSTOS|0.0
1187949|665269|303|02|2023|6|1 - DISPENSA|02.02010001.10.122.0297.2476.3.3.90.91.00.1.500.000|10 - SAÚDE|122 - ADMINISTRAÇÃO GERAL|0297 - DESPESAS DECORRENTES DE SENTENÇAS JUDICIAIS|2476 - EXECUÇÃO DE SENTENÇAS JUDICIAIS||3.3.90.91.00 - SENTENÇAS JUDICIAIS|1.500.000 - RECURSOS NÃO VINCULADOS DE IMPOSTOS|0.0
1187950|665270|303|02|2023|6|1 - DISPENSA|02.02010001.10.122.0297.2476.3.3.90.91.00.1.500.000|10 - SAÚDE|122 - ADMINISTRAÇÃO GERAL|0297 - DESPESAS DECORRENTES DE SENTENÇAS JUDICIAIS|2476 - EXECUÇÃO DE SENTENÇAS JUDICIAIS||3.3.90.91.00 - SENTENÇAS JUDICIAIS|1.500.000 - RECURSOS NÃO VINCULADOS DE IMPOSTOS|0.0
1187951|665271|303|02|2023|6|1 - DISPENSA|02.02010001.10.122.0297.2476.3.3.90.91.00.1.500.000|10 - SAÚDE|122 - ADMINISTRAÇÃO GERAL|0297 - DESPESAS DECORRENTES DE SENTENÇAS JUDICIAIS|2476 - EXECUÇÃO DE SENTENÇAS JUDICIAIS||3.3.90.91.00 - SENTENÇAS JUDICIAIS|1.500.000 - RECURSOS NÃO VINCULADOS DE IMPOSTOS|0.0
1187952|665272|303|02|2023|6|2 - INEXIGIBILIDADE|02.02020.13.392.0260.2461.3.3.90.39.00.1.500.000|13 - CULTURA|392 - DIFUSÃO CULTURAL|0260 - PROMOÇÃO E DIVULGAÇÃO CULTURAL|2461 - FESTIVIDADES E COMEMORAÇÕES DO CALENDARIO MUNICIPAL||3.3.90.39.00 - OUTROS SERVIÇOS DE TERCEIROS - PESSOA JURÍDICA|1.500.000 - RECURSOS NÃO VINCULADOS DE IMPOSTOS|0.0
1187953|665273|303|02|2023|7|1 - DISPENSA|02.02010001.10.122.0297.2476.3.3.90.91.00.1.500.000|10 - SAÚDE|122 - ADMINISTRAÇÃO GERAL|0297 - DESPESAS DECORRENTES DE SENTENÇAS JUDICIAIS|2476 - EXECUÇÃO DE SENTENÇAS JUDICIAIS||3.3.90.91.00 - SENTENÇAS JUDICIAIS|1.500.000 - RECURSOS NÃO VINCULADOS DE IMPOSTOS|0.0
1187954|665274|303|02|2023|7|1 - DISPENSA|02.02010001.10.122.0297.2476.3.3.90.91.00.1.500.000|10 - SAÚDE|122 - ADMINISTRAÇÃO GERAL|0297 - DESPESAS DECORRENTES DE SENTENÇAS JUDICIAIS|2476 - EXECUÇÃO DE SENTENÇAS JUDICIAIS||3.3.90.91.00 - SENTENÇAS JUDICIAIS|1.500.000 - RECURSOS NÃO VINCULADOS DE IMPOSTOS|0.0
1187955|665275|303|02|2023|7|1 - DISPENSA|02.02010001.10.122.0297.2476.3.3.90.91.00.1.500.000|10 - SAÚDE|122 - ADMINISTRAÇÃO GERAL|0297 - DESPESAS DECORRENTES DE SENTENÇAS JUDICIAIS|2476 - EXECUÇÃO DE SENTENÇAS JUDICIAIS||3.3.90.91.00 - SENTENÇAS JUDICIAIS|1.500.000 - RECURSOS NÃO VINCULADOS DE IMPOSTOS|0.0
1187956|665276|303|02|2023|8|1 - DISPENSA|02.02010001.10.122.0297.2476.3.3.90.91.00.1.500.000|10 - SAÚDE|122 - ADMINISTRAÇÃO GERAL|0297 - DESPESAS DECORRENTES DE SENTENÇAS JUDICIAIS|2476 - EXECUÇÃO DE SENTENÇAS JUDICIAIS||3.3.90.91.00 - SENTENÇAS JUDICIAIS|1.500.000 - RECURSOS NÃO VINCULADOS DE IMPOSTOS|0.0
1187960|665280|303|02|2023|8|1 - DISPENSA|02.02010001.10.122.0297.2476.3.3.90.91.00.1.500.000|10 - SAÚDE|122 - ADMINISTRAÇÃO GERAL|0297 - DESPESAS DECORRENTES DE SENTENÇAS JUDICIAIS|2476 - EXECUÇÃO DE SENTENÇAS JUDICIAIS||3.3.90.91.00 - SENTENÇAS JUDICIAIS|1.500.000 - RECURSOS NÃO VINCULADOS DE IMPOSTOS|0.0
1187961|665281|303|02|2023|8|1 - DISPENSA|02.02010001.10.122.0297.2476.3.3.90.91.00.1.500.000|10 - SAÚDE|122 - ADMINISTRAÇÃO GERAL|0297 - DESPESAS DECORRENTES DE SENTENÇAS JUDICIAIS|2476 - EXECUÇÃO DE SENTENÇAS JUDICIAIS||3.3.90.91.00 - SENTENÇAS JUDICIAIS|1.500.000 - RECURSOS NÃO VINCULADOS DE IMPOSTOS|0.0
1187962|665282|303|02|2023|8|2 - INEXIGIBILIDADE|02.02020.13.392.0260.2461.3.3.90.39.00.1.500.000|13 - CULTURA|392 - DIFUSÃO CULTURAL|0260 - PROMOÇÃO E DIVULGAÇÃO CULTURAL|2461 - FESTIVIDADES E COMEMORAÇÕES DO CALENDARIO MUNICIPAL||3.3.90.39.00 - OUTROS SERVIÇOS DE TERCEIROS - PESSOA JURÍDICA|1.500.000 - RECURSOS NÃO VINCULADOS DE IMPOSTOS|0.0
1187963|665283|303|02|2023|8|1 - DISPENSA|02.02010001.10.122.0297.2476.3.3.90.91.00.1.500.000|10 - SAÚDE|122 - ADMINISTRAÇÃO GERAL|0297 - DESPESAS DECORRENTES DE SENTENÇAS JUDICIAIS|2476 - EXECUÇÃO DE SENTENÇAS JUDICIAIS||3.3.90.91.00 - SENTENÇAS JUDICIAIS|1.500.000 - RECURSOS NÃO VINCULADOS DE IMPOSTOS|0.0
1222183|686736|303|02|2023|9|1 - DISPENSA|02.02010001.10.122.0047.2110.3.3.90.39.00.1.500.000|10 - SAÚDE|122 - ADMINISTRAÇÃO GERAL|0047 - MANUTENÇÃO DO SERVIÇO DE TRANSPORTE DE PACIENTES|2110 - MANUTENÇÃO DO SETOR DE TRANSPORTE||3.3.90.39.00 - OUTROS SERVIÇOS DE TERCEIROS - PESSOA JURÍDICA|1.500.000 - RECURSOS NÃO VINCULADOS DE IMPOSTOS|0.0
1222184|686737|303|02|2023|9|1 - DISPENSA|02.02010001.10.122.0297.2476.3.3.90.91.00.1.500.000|10 - SAÚDE|122 - ADMINISTRAÇÃO GERAL|0297 - DESPESAS DECORRENTES DE SENTENÇAS JUDICIAIS|2476 - EXECUÇÃO DE SENTENÇAS JUDICIAIS||3.3.90.91.00 - SENTENÇAS JUDICIAIS|1.500.000 - RECURSOS NÃO VINCULADOS DE IMPOSTOS|0.0
1222186|686739|303|02|2023|9|1 - DISPENSA|02.02010001.10.122.0297.2476.3.3.90.91.00.1.500.000|10 - SAÚDE|122 - ADMINISTRAÇÃO GERAL|0297 - DESPESAS DECORRENTES DE SENTENÇAS JUDICIAIS|2476 - EXECUÇÃO DE SENTENÇAS JUDICIAIS||3.3.90.91.00 - SENTENÇAS JUDICIAIS|1.500.000 - RECURSOS NÃO VINCULADOS DE IMPOSTOS|0.0
1222188|686741|303|02|2023|9|1 - DISPENSA|02.02010001.10.122.0297.2476.3.3.90.91.00.1.500.000|10 - SAÚDE|122 - ADMINISTRAÇÃO GERAL|0297 - DESPESAS DECORRENTES DE SENTENÇAS JUDICIAIS|2476 - EXECUÇÃO DE SENTENÇAS JUDICIAIS||3.3.90.91.00 - SENTENÇAS JUDICIAIS|1.500.000 - RECURSOS NÃO VINCULADOS DE IMPOSTOS|0.0
1222190|686742|303|02|2023|10|1 - DISPENSA|02.02010001.10.122.0047.2110.3.3.90.39.00.1.500.000|10 - SAÚDE|122 - ADMINISTRAÇÃO GERAL|0047 - MANUTENÇÃO DO SERVIÇO DE TRANSPORTE DE PACIENTES|2110 - MANUTENÇÃO DO SETOR DE TRANSPORTE||3.3.90.39.00 - OUTROS SERVIÇOS DE TERCEIROS - PESSOA JURÍDICA|1.500.000 - RECURSOS NÃO VINCULADOS DE IMPOSTOS|0.0
1222191|686743|303|02|2023|10|1 - DISPENSA|02.02010001.10.122.0297.2476.3.3.90.91.00.1.500.000|10 - SAÚDE|122 - ADMINISTRAÇÃO GERAL|0297 - DESPESAS DECORRENTES DE SENTENÇAS JUDICIAIS|2476 - EXECUÇÃO DE SENTENÇAS JUDICIAIS||3.3.90.91.00 - SENTENÇAS JUDICIAIS|1.500.000 - RECURSOS NÃO VINCULADOS DE IMPOSTOS|0.0
1222196|686747|303|02|2023|10|1 - DISPENSA|02.02010001.10.122.0297.2476.3.3.90.91.00.1.500.000|10 - SAÚDE|122 - ADMINISTRAÇÃO GERAL|0297 - DESPESAS DECORRENTES DE SENTENÇAS JUDICIAIS|2476 - EXECUÇÃO DE SENTENÇAS JUDICIAIS||3.3.90.91.00 - SENTENÇAS JUDICIAIS|1.500.000 - RECURSOS NÃO VINCULADOS DE IMPOSTOS|0.0
1222197|686748|303|02|2023|10|1 - DISPENSA|02.02010001.10.122.0297.2476.3.3.90.91.00.1.500.000|10 - SAÚDE|122 - ADMINISTRAÇÃO GERAL|0297 - DESPESAS DECORRENTES DE SENTENÇAS JUDICIAIS|2476 - EXECUÇÃO DE SENTENÇAS JUDICIAIS||3.3.90.91.00 - SENTENÇAS JUDICIAIS|1.500.000 - RECURSOS NÃO VINCULADOS DE IMPOSTOS|0.0
1222198|686749|303|02|2023|10|1 - DISPENSA|02.02010001.10.122.0297.2476.3.3.90.91.00.1.500.000|10 - SAÚDE|122 - ADMINISTRAÇÃO GERAL|0297 - DESPESAS DECORRENTES DE SENTENÇAS JUDICIAIS|2476 - EXECUÇÃO DE SENTENÇAS JUDICIAIS||3.3.90.91.00 - SENTENÇAS JUDICIAIS|1.500.000 - RECURSOS NÃO VINCULADOS DE IMPOSTOS|0.0
1222199|686750|303|02|2023|10|1 - DISPENSA|02.02010001.10.122.0297.2476.3.3.90.91.00.1.500.000|10 - SAÚDE|122 - ADMINISTRAÇÃO GERAL|0297 - DESPESAS DECORRENTES DE SENTENÇAS JUDICIAIS|2476 - EXECUÇÃO DE SENTENÇAS JUDICIAIS||3.3.90.91.00 - SENTENÇAS JUDICIAIS|1.500.000 - RECURSOS NÃO VINCULADOS DE IMPOSTOS|0.0
1222200|686751|303|02|2023|10|1 - DISPENSA|02.02010001.10.122.0297.2476.3.3.90.91.00.1.500.000|10 - SAÚDE|122 - ADMINISTRAÇÃO GERAL|0297 - DESPESAS DECORRENTES DE SENTENÇAS JUDICIAIS|2476 - EXECUÇÃO DE SENTENÇAS JUDICIAIS||3.3.90.91.00 - SENTENÇAS JUDICIAIS|1.500.000 - RECURSOS NÃO VINCULADOS DE IMPOSTOS|0.0
1222201|686752|303|02|2023|11|1 - DISPENSA|02.02010001.10.122.0297.2476.3.3.90.91.00.1.500.000|10 - SAÚDE|122 - ADMINISTRAÇÃO GERAL|0297 - DESPESAS DECORRENTES DE SENTENÇAS JUDICIAIS|2476 - EXECUÇÃO DE SENTENÇAS JUDICIAIS||3.3.90.91.00 - SENTENÇAS JUDICIAIS|1.500.000 - RECURSOS NÃO VINCULADOS DE IMPOSTOS|0.0
1222203|686753|303|02|2023|11|1 - DISPENSA|02.02010001.10.122.0047.2110.3.3.90.39.00.1.500.000|10 - SAÚDE|122 - ADMINISTRAÇÃO GERAL|0047 - MANUTENÇÃO DO SERVIÇO DE TRANSPORTE DE PACIENTES|2110 - MANUTENÇÃO DO SETOR DE TRANSPORTE||3.3.90.39.00 - OUTROS SERVIÇOS DE TERCEIROS - PESSOA JURÍDICA|1.500.000 - RECURSOS NÃO VINCULADOS DE IMPOSTOS|0.0
1222204|686754|303|02|2023|11|1 - DISPENSA|02.02010001.10.122.0047.2110.3.3.90.39.00.1.500.000|10 - SAÚDE|122 - ADMINISTRAÇÃO GERAL|0047 - MANUTENÇÃO DO SERVIÇO DE TRANSPORTE DE PACIENTES|2110 - MANUTENÇÃO DO SETOR DE TRANSPORTE||3.3.90.39.00 - OUTROS SERVIÇOS DE TERCEIROS - PESSOA JURÍDICA|1.500.000 - RECURSOS NÃO VINCULADOS DE IMPOSTOS|0.0
1222206|686755|303|02|2023|11|1 - DISPENSA|02.02010001.10.122.0297.2476.3.3.90.91.00.1.500.000|10 - SAÚDE|122 - ADMINISTRAÇÃO GERAL|0297 - DESPESAS DECORRENTES DE SENTENÇAS JUDICIAIS|2476 - EXECUÇÃO DE SENTENÇAS JUDICIAIS||3.3.90.91.00 - SENTENÇAS JUDICIAIS|1.500.000 - RECURSOS NÃO VINCULADOS DE IMPOSTOS|0.0
1222207|686756|303|02|2023|11|1 - DISPENSA|02.02010001.10.122.0297.2476.3.3.90.91.00.1.500.000|10 - SAÚDE|122 - ADMINISTRAÇÃO GERAL|0297 - DESPESAS DECORRENTES DE SENTENÇAS JUDICIAIS|2476 - EXECUÇÃO DE SENTENÇAS JUDICIAIS||3.3.90.91.00 - SENTENÇAS JUDICIAIS|1.500.000 - RECURSOS NÃO VINCULADOS DE IMPOSTOS|0.0
1222208|686757|303|02|2023|12|1 - DISPENSA|02.02010001.10.122.0297.2476.3.3.90.91.00.1.500.000|10 - SAÚDE|122 - ADMINISTRAÇÃO GERAL|0297 - DESPESAS DECORRENTES DE SENTENÇAS JUDICIAIS|2476 - EXECUÇÃO DE SENTENÇAS JUDICIAIS||3.3.90.91.00 - SENTENÇAS JUDICIAIS|1.500.000 - RECURSOS NÃO VINCULADOS DE IMPOSTOS|0.0
1222209|686758|303|02|2023|12|2 - INEXIGIBILIDADE|02.02020.13.392.0260.2461.3.3.90.39.00.1.500.000|13 - CULTURA|392 - DIFUSÃO CULTURAL|0260 - PROMOÇÃO E DIVULGAÇÃO CULTURAL|2461 - FESTIVIDADES E COMEMORAÇÕES DO CALENDARIO MUNICIPAL||3.3.90.39.00 - OUTROS SERVIÇOS DE TERCEIROS - PESSOA JURÍDICA|1.500.000 - RECURSOS NÃO VINCULADOS DE IMPOSTOS|0.0
1222211|686760|303|02|2023|12|2 - INEXIGIBILIDADE|02.02020.13.392.0260.2461.3.3.90.39.00.1.500.000|13 - CULTURA|392 - DIFUSÃO CULTURAL|0260 - PROMOÇÃO E DIVULGAÇÃO CULTURAL|2461 - FESTIVIDADES E COMEMORAÇÕES DO CALENDARIO MUNICIPAL||3.3.90.39.00 - OUTROS SERVIÇOS DE TERCEIROS - PESSOA JURÍDICA|1.500.000 - RECURSOS NÃO VINCULADOS DE IMPOSTOS|0.0
1222212|686761|303|02|2023|12|1 - DISPENSA|02.02010001.10.122.0297.2476.3.3.90.91.00.1.500.000|10 - SAÚDE|122 - ADMINISTRAÇÃO GERAL|0297 - DESPESAS DECORRENTES DE SENTENÇAS JUDICIAIS|2476 - EXECUÇÃO DE SENTENÇAS JUDICIAIS||3.3.90.91.00 - SENTENÇAS JUDICIAIS|1.500.000 - RECURSOS NÃO VINCULADOS DE IMPOSTOS|0.0
1222213|686762|303|02|2023|12|2 - INEXIGIBILIDADE|02.02020.13.392.0260.2461.3.3.90.39.00.1.500.000|13 - CULTURA|392 - DIFUSÃO CULTURAL|0260 - PROMOÇÃO E DIVULGAÇÃO CULTURAL|2461 - FESTIVIDADES E COMEMORAÇÕES DO CALENDARIO MUNICIPAL||3.3.90.39.00 - OUTROS SERVIÇOS DE TERCEIROS - PESSOA JURÍDICA|1.500.000 - RECURSOS NÃO VINCULADOS DE IMPOSTOS|0.0
1222215|686763|303|02|2023|12|2 - INEXIGIBILIDADE|02.02007001.12.361.0003.2062.3.3.90.32.00.1.500.000|12 - EDUCAÇÃO|361 - ENSINO FUNDAMENTAL|0003 - MANUTENÇÃO DA EDUCAÇÃO BÁSICA|2062 - MANUTENÇÃO DO ENSINO FUNDAMENTAL||3.3.90.32.00 - MATERIAL, BEM OU SERVIÇO PARA DISTRIBUIÇÃO GRATUITA|1.500.000 - RECURSOS NÃO VINCULADOS DE IMPOSTOS|0.0
1222216|686764|303|02|2023|12|2 - INEXIGIBILIDADE|02.02020.13.392.0260.2461.3.3.90.39.00.1.500.000|13 - CULTURA|392 - DIFUSÃO CULTURAL|0260 - PROMOÇÃO E DIVULGAÇÃO CULTURAL|2461 - FESTIVIDADES E COMEMORAÇÕES DO CALENDARIO MUNICIPAL||3.3.90.39.00 - OUTROS SERVIÇOS DE TERCEIROS - PESSOA JURÍDICA|1.500.000 - RECURSOS NÃO VINCULADOS DE IMPOSTOS|0.0
1200617|672938|306|05|2023|11|2 - INEXIGIBILIDADE|05.08001.12.363.0329.2493.3.3.90.32.00.1.571.000|12 - EDUCAÇÃO|363 - ENSINO PROFISSIONAL|0329 - PROGRAMA TRILHA DO FUTURO|2493 - PROGRAMA TRILHA DO FUTURO||3.3.90.32.00 - MATERIAL, BEM OU SERVIÇO PARA DISTRIBUIÇÃO GRATUITA|1.571.000 - TRANSFERÊNCIAS DO ESTADO REFERENTES A CONVÊNIOS E INSTRUMENTOS CONGÊNERES VINCULADOS À EDUCAÇÃO|0.0
1187935|665258|303|02|2023|5|1 - DISPENSA|02.02017.10.305.0049.2399.3.3.90.36.00.1.600.000|10 - SAÚDE|305 - VIGILÂNCIA EPIDEMIOLÓGICA|0049 - VIGILÂNCIA EM SAÚDE|2399 - MANUTENÇÃO DA VIGILÂNCIA EM SAÚDE||3.3.90.36.00 - OUTROS SERVIÇOS DE TERCEIROS - PESSOA FÍSICA|1.600.000 - TRANSFERÊNCIAS FUNDO A FUNDO DE RECURSOS DO SUS PROVENIENTES DO GOVERNO FEDERAL - BLOCO DE MANUTENÇÃO DAS AÇÕES E SERVIÇOS PÚBLICOS DE SAÚDE|0.0
1187862|665223|303|02|2023|1|2 - INEXIGIBILIDADE|02.02004.04.122.0094.2170.3.3.90.49.00.1.500.000|04 - ADMINISTRAÇÃO|122 - ADMINISTRAÇÃO GERAL|0094 - GESTÃO DA SECRETARIA MUNICIPAL DE ADMINISTRAÇÃO|2170 - MANUTENÇÃO DA SECRETARIA DE ADMINISTRAÇÃO||3.3.90.49.00 - AUXÍLIO-TRANSPORTE|1.500.000 - RECURSOS NÃO VINCULADOS DE IMPOSTOS|0.0
1187922|665253|303|02|2023|4|1 - DISPENSA|02.02004.04.122.0094.2170.3.3.90.39.00.1.500.000|04 - ADMINISTRAÇÃO|122 - ADMINISTRAÇÃO GERAL|0094 - GESTÃO DA SECRETARIA MUNICIPAL DE ADMINISTRAÇÃO|2170 - MANUTENÇÃO DA SECRETARIA DE ADMINISTRAÇÃO||3.3.90.39.00 - OUTROS SERVIÇOS DE TERCEIROS - PESSOA JURÍDICA|1.500.000 - RECURSOS NÃO VINCULADOS DE IMPOSTOS|0.0
1096304|612912|305|04|2023|5|2 - INEXIGIBILIDADE|04.05001.13.122.0069.2136.3.3.90.39.00.1.500.000|13 - CULTURA|122 - ADMINISTRAÇÃO GERAL|0069 - APOIO ÀS FESTIVIDADES E MANIFESTAÇÕES CULTURAIS|2136 - APOIO ÀS FESTIVIDADES E MANIFESTAÇÕES CULTURAIS||3.3.90.39.00 - OUTROS SERVIÇOS DE TERCEIROS - PESSOA JURÍDICA|1.500.000 - RECURSOS NÃO VINCULADOS DE IMPOSTOS|0.0
1187863|665223|303|02|2023|1|2 - INEXIGIBILIDADE|02.02005.18.122.0011.2028.3.3.90.49.00.1.500.000|18 - GESTÃO AMBIENTAL|122 - ADMINISTRAÇÃO GERAL|0011 - GESTÃO DA SECRETARIA DE DESENVOLVIMENTO SUSTENTÁVEL|2028 - MANUTENÇÃO DA SEDESMA||3.3.90.49.00 - AUXÍLIO-TRANSPORTE|1.500.000 - RECURSOS NÃO VINCULADOS DE IMPOSTOS|0.0
1187864|665223|303|02|2023|1|2 - INEXIGIBILIDADE|02.02010001.10.122.0040.2089.3.3.90.49.00.1.500.000|10 - SAÚDE|122 - ADMINISTRAÇÃO GERAL|0040 - GESTÃO DA SECRETARIA DE SAÚDE|2089 - MANUTENÇÃO DA SECRETARIA DE SAÚDE||3.3.90.49.00 - AUXÍLIO-TRANSPORTE|1.500.000 - RECURSOS NÃO VINCULADOS DE IMPOSTOS|0.0
1187923|665253|303|02|2023|4|1 - DISPENSA|02.02007001.12.122.0002.2002.3.3.90.39.00.1.500.000|12 - EDUCAÇÃO|122 - ADMINISTRAÇÃO GERAL|0002 - GESTÃO DA SECRETARIA MUNICIPAL DE EDUCAÇÃO|2002 - MANUTENÇÃO DA SECRETARIA||3.3.90.39.00 - OUTROS SERVIÇOS DE TERCEIROS - PESSOA JURÍDICA|1.500.000 - RECURSOS NÃO VINCULADOS DE IMPOSTOS|0.0
1187866|665223|303|02|2023|1|2 - INEXIGIBILIDADE|02.02021.04.122.0224.2409.3.3.90.49.00.1.500.000|04 - ADMINISTRAÇÃO|122 - ADMINISTRAÇÃO GERAL|0224 - AÇÕES DAS POLÍTICAS SOBRE DROGAS|2409 - MANUTENÇÃO DA GESTÃO DA POLÍTICA SOBRE DROGAS||3.3.90.49.00 - AUXÍLIO-TRANSPORTE|1.500.000 - RECURSOS NÃO VINCULADOS DE IMPOSTOS|0.0
1187919|665253|303|02|2023|4|1 - DISPENSA|02.02014.08.122.0166.2314.3.3.90.39.00.1.500.000|08 - ASSISTÊNCIA SOCIAL|122 - ADMINISTRAÇÃO GERAL|0166 - GESTÃO DA SECRETARIA MUNICIPAL DE ASSISTENCIA SOCIAL|2314 - GESTÃO DA SEMAS||3.3.90.39.00 - OUTROS SERVIÇOS DE TERCEIROS - PESSOA JURÍDICA|1.500.000 - RECURSOS NÃO VINCULADOS DE IMPOSTOS|0.0
1187868|665223|303|02|2023|1|2 - INEXIGIBILIDADE|02.02007001.12.122.0002.2002.3.3.90.49.00.1.500.000|12 - EDUCAÇÃO|122 - ADMINISTRAÇÃO GERAL|0002 - GESTÃO DA SECRETARIA MUNICIPAL DE EDUCAÇÃO|2002 - MANUTENÇÃO DA SECRETARIA||3.3.90.49.00 - AUXÍLIO-TRANSPORTE|1.500.000 - RECURSOS NÃO VINCULADOS DE IMPOSTOS|0.0
1187871|665224|303|02|2023|1|2 - INEXIGIBILIDADE|02.02007001.12.365.0003.2006.3.3.90.32.00.1.500.000|12 - EDUCAÇÃO|365 - EDUCAÇÃO INFANTIL|0003 - MANUTENÇÃO DA EDUCAÇÃO BÁSICA|2006 - MANUTENÇÃO DA EDUCAÇÃO INFANTIL||3.3.90.32.00 - MATERIAL, BEM OU SERVIÇO PARA DISTRIBUIÇÃO GRATUITA|1.500.000 - RECURSOS NÃO VINCULADOS DE IMPOSTOS|0.0
1187897|665237|303|02|2023|3|2 - INEXIGIBILIDADE|02.02007001.12.364.0227.2411.3.3.90.18.00.1.500.000|12 - EDUCAÇÃO|364 - ENSINO SUPERIOR|0227 - TRANSPORTE UNIVERSITÁRIO|2411 - TRANSPORTE UNIVERSITÁRIO E APOIO AO ENSINO SUPERIOR||3.3.90.18.00 - AUXÍLIO FINANCEIRO A ESTUDANTES|1.500.000 - RECURSOS NÃO VINCULADOS DE IMPOSTOS|0.0
1187898|665238|303|02|2023|3|2 - INEXIGIBILIDADE|02.02007001.12.364.0227.2411.3.3.90.18.00.1.500.000|12 - EDUCAÇÃO|364 - ENSINO SUPERIOR|0227 - TRANSPORTE UNIVERSITÁRIO|2411 - TRANSPORTE UNIVERSITÁRIO E APOIO AO ENSINO SUPERIOR||3.3.90.18.00 - AUXÍLIO FINANCEIRO A ESTUDANTES|1.500.000 - RECURSOS NÃO VINCULADOS DE IMPOSTOS|0.0
1187899|665239|303|02|2023|3|2 - INEXIGIBILIDADE|02.02007001.12.364.0227.2411.3.3.90.18.00.1.500.000|12 - EDUCAÇÃO|364 - ENSINO SUPERIOR|0227 - TRANSPORTE UNIVERSITÁRIO|2411 - TRANSPORTE UNIVERSITÁRIO E APOIO AO ENSINO SUPERIOR||3.3.90.18.00 - AUXÍLIO FINANCEIRO A ESTUDANTES|1.500.000 - RECURSOS NÃO VINCULADOS DE IMPOSTOS|0.0
1187901|665241|303|02|2023|3|2 - INEXIGIBILIDADE|02.02007001.12.364.0227.2411.3.3.90.18.00.1.500.000|12 - EDUCAÇÃO|364 - ENSINO SUPERIOR|0227 - TRANSPORTE UNIVERSITÁRIO|2411 - TRANSPORTE UNIVERSITÁRIO E APOIO AO ENSINO SUPERIOR||3.3.90.18.00 - AUXÍLIO FINANCEIRO A ESTUDANTES|1.500.000 - RECURSOS NÃO VINCULADOS DE IMPOSTOS|0.0
1187902|665242|303|02|2023|3|2 - INEXIGIBILIDADE|02.02007001.12.364.0227.2411.3.3.90.18.00.1.500.000|12 - EDUCAÇÃO|364 - ENSINO SUPERIOR|0227 - TRANSPORTE UNIVERSITÁRIO|2411 - TRANSPORTE UNIVERSITÁRIO E APOIO AO ENSINO SUPERIOR||3.3.90.18.00 - AUXÍLIO FINANCEIRO A ESTUDANTES|1.500.000 - RECURSOS NÃO VINCULADOS DE IMPOSTOS|0.0
1187903|665243|303|02|2023|3|2 - INEXIGIBILIDADE|02.02007001.12.364.0227.2411.3.3.90.18.00.1.500.000|12 - EDUCAÇÃO|364 - ENSINO SUPERIOR|0227 - TRANSPORTE UNIVERSITÁRIO|2411 - TRANSPORTE UNIVERSITÁRIO E APOIO AO ENSINO SUPERIOR||3.3.90.18.00 - AUXÍLIO FINANCEIRO A ESTUDANTES|1.500.000 - RECURSOS NÃO VINCULADOS DE IMPOSTOS|0.0
1187904|665244|303|02|2023|3|2 - INEXIGIBILIDADE|02.02007001.12.364.0227.2411.3.3.90.18.00.1.500.000|12 - EDUCAÇÃO|364 - ENSINO SUPERIOR|0227 - TRANSPORTE UNIVERSITÁRIO|2411 - TRANSPORTE UNIVERSITÁRIO E APOIO AO ENSINO SUPERIOR||3.3.90.18.00 - AUXÍLIO FINANCEIRO A ESTUDANTES|1.500.000 - RECURSOS NÃO VINCULADOS DE IMPOSTOS|0.0
1187905|665245|303|02|2023|3|2 - INEXIGIBILIDADE|02.02007001.12.364.0227.2411.3.3.90.18.00.1.500.000|12 - EDUCAÇÃO|364 - ENSINO SUPERIOR|0227 - TRANSPORTE UNIVERSITÁRIO|2411 - TRANSPORTE UNIVERSITÁRIO E APOIO AO ENSINO SUPERIOR||3.3.90.18.00 - AUXÍLIO FINANCEIRO A ESTUDANTES|1.500.000 - RECURSOS NÃO VINCULADOS DE IMPOSTOS|0.0
1187910|665250|303|02|2023|3|2 - INEXIGIBILIDADE|02.02007001.12.364.0227.2411.3.3.90.18.00.1.500.000|12 - EDUCAÇÃO|364 - ENSINO SUPERIOR|0227 - TRANSPORTE UNIVERSITÁRIO|2411 - TRANSPORTE UNIVERSITÁRIO E APOIO AO ENSINO SUPERIOR||3.3.90.18.00 - AUXÍLIO FINANCEIRO A ESTUDANTES|1.500.000 - RECURSOS NÃO VINCULADOS DE IMPOSTOS|0.0
1187911|665251|303|02|2023|3|2 - INEXIGIBILIDADE|02.02007001.12.364.0227.2411.3.3.90.18.00.1.500.000|12 - EDUCAÇÃO|364 - ENSINO SUPERIOR|0227 - TRANSPORTE UNIVERSITÁRIO|2411 - TRANSPORTE UNIVERSITÁRIO E APOIO AO ENSINO SUPERIOR||3.3.90.18.00 - AUXÍLIO FINANCEIRO A ESTUDANTES|1.500.000 - RECURSOS NÃO VINCULADOS DE IMPOSTOS|0.0
1187957|665277|303|02|2023|8|2 - INEXIGIBILIDADE|02.02007001.12.364.0227.2411.3.3.90.18.00.1.500.000|12 - EDUCAÇÃO|364 - ENSINO SUPERIOR|0227 - TRANSPORTE UNIVERSITÁRIO|2411 - TRANSPORTE UNIVERSITÁRIO E APOIO AO ENSINO SUPERIOR||3.3.90.18.00 - AUXÍLIO FINANCEIRO A ESTUDANTES|1.500.000 - RECURSOS NÃO VINCULADOS DE IMPOSTOS|0.0
1187958|665278|303|02|2023|8|2 - INEXIGIBILIDADE|02.02007001.12.364.0227.2411.3.3.90.18.00.1.500.000|12 - EDUCAÇÃO|364 - ENSINO SUPERIOR|0227 - TRANSPORTE UNIVERSITÁRIO|2411 - TRANSPORTE UNIVERSITÁRIO E APOIO AO ENSINO SUPERIOR||3.3.90.18.00 - AUXÍLIO FINANCEIRO A ESTUDANTES|1.500.000 - RECURSOS NÃO VINCULADOS DE IMPOSTOS|0.0
1187908|665248|303|02|2023|3|2 - INEXIGIBILIDADE|02.02017.10.122.0042.2094.3.3.90.39.00.1.500.000|10 - SAÚDE|122 - ADMINISTRAÇÃO GERAL|0042 - SERVIÇO DE REGULAÇÃO EM SAÚDE|2094 - MANUTENÇÃO DA REGULAÇÃO EM SAÚDE||3.3.90.39.00 - OUTROS SERVIÇOS DE TERCEIROS - PESSOA JURÍDICA|1.500.000 - RECURSOS NÃO VINCULADOS DE IMPOSTOS|0.0
1222192|686744|303|02|2023|10|2 - INEXIGIBILIDADE|02.02017.10.122.0042.2094.3.3.90.39.00.1.500.000|10 - SAÚDE|122 - ADMINISTRAÇÃO GERAL|0042 - SERVIÇO DE REGULAÇÃO EM SAÚDE|2094 - MANUTENÇÃO DA REGULAÇÃO EM SAÚDE||3.3.90.39.00 - OUTROS SERVIÇOS DE TERCEIROS - PESSOA JURÍDICA|1.500.000 - RECURSOS NÃO VINCULADOS DE IMPOSTOS|0.0
1222194|686745|303|02|2023|10|2 - INEXIGIBILIDADE|02.02017.10.122.0042.2094.3.3.90.39.00.1.500.000|10 - SAÚDE|122 - ADMINISTRAÇÃO GERAL|0042 - SERVIÇO DE REGULAÇÃO EM SAÚDE|2094 - MANUTENÇÃO DA REGULAÇÃO EM SAÚDE||3.3.90.39.00 - OUTROS SERVIÇOS DE TERCEIROS - PESSOA JURÍDICA|1.500.000 - RECURSOS NÃO VINCULADOS DE IMPOSTOS|0.0
1222210|686759|303|02|2023|12|2 - INEXIGIBILIDADE|02.02017.10.122.0042.2094.3.3.90.39.00.1.500.000|10 - SAÚDE|122 - ADMINISTRAÇÃO GERAL|0042 - SERVIÇO DE REGULAÇÃO EM SAÚDE|2094 - MANUTENÇÃO DA REGULAÇÃO EM SAÚDE||3.3.90.39.00 - OUTROS SERVIÇOS DE TERCEIROS - PESSOA JURÍDICA|1.500.000 - RECURSOS NÃO VINCULADOS DE IMPOSTOS|0.0
1187909|665249|303|02|2023|3|1 - DISPENSA|02.02001.04.122.0164.2214.3.3.50.41.00.1.500.000|04 - ADMINISTRAÇÃO|122 - ADMINISTRAÇÃO GERAL|0164 - GESTÃO DA SECRETARIA|2214 - MANUTENÇÃO DA SECRETARIA||3.3.50.41.00 - CONTRIBUIÇÕES|1.500.000 - RECURSOS NÃO VINCULADOS DE IMPOSTOS|0.0
1187920|665253|303|02|2023|4|1 - DISPENSA|02.02009.04.122.0070.2125.3.3.90.39.00.1.500.000|04 - ADMINISTRAÇÃO|122 - ADMINISTRAÇÃO GERAL|0070 - GESTÃO DA SECRETARIA DE OBRAS|2125 - MANUTENÇÃO DA SECRETARIA DE OBRAS||3.3.90.39.00 - OUTROS SERVIÇOS DE TERCEIROS - PESSOA JURÍDICA|1.500.000 - RECURSOS NÃO VINCULADOS DE IMPOSTOS|0.0
1187924|665253|303|02|2023|4|1 - DISPENSA|02.02001.04.122.0164.2214.3.3.90.39.00.1.500.000|04 - ADMINISTRAÇÃO|122 - ADMINISTRAÇÃO GERAL|0164 - GESTÃO DA SECRETARIA|2214 - MANUTENÇÃO DA SECRETARIA||3.3.90.39.00 - OUTROS SERVIÇOS DE TERCEIROS - PESSOA JURÍDICA|1.500.000 - RECURSOS NÃO VINCULADOS DE IMPOSTOS|0.0
1187925|665254|303|02|2023|4|2 - INEXIGIBILIDADE|02.02002.02.122.0173.2321.3.3.90.39.00.1.500.000|02 - JUDICIÁRIA|122 - ADMINISTRAÇÃO GERAL|0173 - GESTAO DA PROCURADORIA JURÍDICA MUNICIPAL|2321 - MANUTENÇÃO DA PROCURADORIA JURÍDICA||3.3.90.39.00 - OUTROS SERVIÇOS DE TERCEIROS - PESSOA JURÍDICA|1.500.000 - RECURSOS NÃO VINCULADOS DE IMPOSTOS|0.0
1187926|665255|303|02|2023|4|1 - DISPENSA|02.02011.08.243.0175.2218.3.3.90.39.00.1.500.000|08 - ASSISTÊNCIA SOCIAL|243 - ASSISTÊNCIA À CRIANÇA E AO ADOLESCENTE|0175 - MANUTENÇÃO DOS CONSELHEIROS TUTELARES|2218 - ATIVIDADES CONSELHO TUTELAR E DIREITO||3.3.90.39.00 - OUTROS SERVIÇOS DE TERCEIROS - PESSOA JURÍDICA|1.500.000 - RECURSOS NÃO VINCULADOS DE IMPOSTOS|0.0
1187927|665256|303|02|2023|4|2 - INEXIGIBILIDADE|02.02002.02.122.0173.2321.3.3.90.40.00.1.500.000|02 - JUDICIÁRIA|122 - ADMINISTRAÇÃO GERAL|0173 - GESTAO DA PROCURADORIA JURÍDICA MUNICIPAL|2321 - MANUTENÇÃO DA PROCURADORIA JURÍDICA||3.3.90.40.00 - SERVIÇOS DE TECNOLOGIA DA INFORMAÇÃO E COMUNICAÇÃO - PESSOA JURÍDICA|1.500.000 - RECURSOS NÃO VINCULADOS DE IMPOSTOS|0.0
1187939|665262|303|02|2023|5|2 - INEXIGIBILIDADE|02.02012.08.244.0128.2223.3.3.90.32.00.1.500.000|08 - ASSISTÊNCIA SOCIAL|244 - ASSISTÊNCIA COMUNITÁRIA|0128 - SERVIÇO SOCIAL PLANTÃO|2223 - AUXILIO A PESSOAS EM SITUAÇÃO DE VULNERABILIDADE||3.3.90.32.00 - MATERIAL, BEM OU SERVIÇO PARA DISTRIBUIÇÃO GRATUITA|1.500.000 - RECURSOS NÃO VINCULADOS DE IMPOSTOS|0.0
1187941|665264|303|02|2023|5|1 - DISPENSA|02.02017.10.122.0032.2069.3.3.90.30.00.1.500.000|10 - SAÚDE|122 - ADMINISTRAÇÃO GERAL|0032 - ASSISTÊNCIA FARMACÊUTCA|2069 - MANUTENÇÃO DA FARMÁCIA BÁSICA||3.3.90.30.00 - MATERIAL DE CONSUMO|1.500.000 - RECURSOS NÃO VINCULADOS DE IMPOSTOS|0.0
1187944|665268|303|02|2023|5|1 - DISPENSA|02.02010001.10.122.0040.2089.3.3.90.36.00.1.500.000|10 - SAÚDE|122 - ADMINISTRAÇÃO GERAL|0040 - GESTÃO DA SECRETARIA DE SAÚDE|2089 - MANUTENÇÃO DA SECRETARIA DE SAÚDE||3.3.90.36.00 - OUTROS SERVIÇOS DE TERCEIROS - PESSOA FÍSICA|1.500.000 - RECURSOS NÃO VINCULADOS DE IMPOSTOS|0.0
1222182|686736|303|02|2023|9|1 - DISPENSA|02.02010001.10.122.0047.2110.3.3.90.30.00.1.500.000|10 - SAÚDE|122 - ADMINISTRAÇÃO GERAL|0047 - MANUTENÇÃO DO SERVIÇO DE TRANSPORTE DE PACIENTES|2110 - MANUTENÇÃO DO SETOR DE TRANSPORTE||3.3.90.30.00 - MATERIAL DE CONSUMO|1.500.000 - RECURSOS NÃO VINCULADOS DE IMPOSTOS|0.0
1222189|686742|303|02|2023|10|1 - DISPENSA|02.02010001.10.122.0047.2110.3.3.90.30.00.1.500.000|10 - SAÚDE|122 - ADMINISTRAÇÃO GERAL|0047 - MANUTENÇÃO DO SERVIÇO DE TRANSPORTE DE PACIENTES|2110 - MANUTENÇÃO DO SETOR DE TRANSPORTE||3.3.90.30.00 - MATERIAL DE CONSUMO|1.500.000 - RECURSOS NÃO VINCULADOS DE IMPOSTOS|0.0
1222202|686753|303|02|2023|11|1 - DISPENSA|02.02010001.10.122.0047.2110.3.3.90.30.00.1.500.000|10 - SAÚDE|122 - ADMINISTRAÇÃO GERAL|0047 - MANUTENÇÃO DO SERVIÇO DE TRANSPORTE DE PACIENTES|2110 - MANUTENÇÃO DO SETOR DE TRANSPORTE||3.3.90.30.00 - MATERIAL DE CONSUMO|1.500.000 - RECURSOS NÃO VINCULADOS DE IMPOSTOS|0.0
1222205|686754|303|02|2023|11|1 - DISPENSA|02.02010001.10.122.0047.2110.3.3.90.30.00.1.500.000|10 - SAÚDE|122 - ADMINISTRAÇÃO GERAL|0047 - MANUTENÇÃO DO SERVIÇO DE TRANSPORTE DE PACIENTES|2110 - MANUTENÇÃO DO SETOR DE TRANSPORTE||3.3.90.30.00 - MATERIAL DE CONSUMO|1.500.000 - RECURSOS NÃO VINCULADOS DE IMPOSTOS|0.0
1222193|686745|303|02|2023|10|2 - INEXIGIBILIDADE|02.02017.10.302.0028.2059.3.3.90.39.00.1.500.000|10 - SAÚDE|302 - ASSISTÊNCIA HOSPITALAR E AMBULATORIAL|0028 - CENTRO DE ESPECIALIDADES EM SAÚDE|2059 - MANUTENÇÃO DO CENTRO ESPECIALIDADES EM SAÚDE||3.3.90.39.00 - OUTROS SERVIÇOS DE TERCEIROS - PESSOA JURÍDICA|1.500.000 - RECURSOS NÃO VINCULADOS DE IMPOSTOS|0.0
1222195|686746|303|02|2023|10|2 - INEXIGIBILIDADE|02.02017.10.302.0028.2059.3.3.90.39.00.1.500.000|10 - SAÚDE|302 - ASSISTÊNCIA HOSPITALAR E AMBULATORIAL|0028 - CENTRO DE ESPECIALIDADES EM SAÚDE|2059 - MANUTENÇÃO DO CENTRO ESPECIALIDADES EM SAÚDE||3.3.90.39.00 - OUTROS SERVIÇOS DE TERCEIROS - PESSOA JURÍDICA|1.500.000 - RECURSOS NÃO VINCULADOS DE IMPOSTOS|0.0
1133103|634261|302|01|2023|7|2 - INEXIGIBILIDADE|01.01001.01.031.0001.2338.3.3.90.39.00.1.500.000|01 - LEGISLATIVA|031 - AÇÃO LEGISLATIVA|0001 - PROCESSO LEGISLATIVO|2338 - TREINAMENTO E RECICLAGEM DE PESSOAL||3.3.90.39.00 - OUTROS SERVIÇOS DE TERCEIROS - PESSOA JURÍDICA|1.500.000 - RECURSOS NÃO VINCULADOS DE IMPOSTOS|0.0
1222217|686765|303|02|2023|12|2 - INEXIGIBILIDADE|02.02007001.12.306.0016.2037.3.3.90.30.00.1.552.000|12 - EDUCAÇÃO|306 - ALIMENTAÇÃO E NUTRIÇÃO|0016 - PROGRAMA DE ALIMENTAÇÃO ESCOLAR|2037 - EXECUÇÃO DO PROGRAMA DE ALIMENTAÇÃO ESCOLAR||3.3.90.30.00 - MATERIAL DE CONSUMO|1.552.000 - TRANSFERÊNCIAS DE RECURSOS DO FNDE REFERENTES AO PROGRAMA NACIONAL DE ALIMENTAÇÃO ESCOLAR (PNAE)|0.0
1187959|665279|303|02|2023|8|2 - INEXIGIBILIDADE|02.02007001.12.306.0016.2037.3.3.90.30.00.1.552.000|12 - EDUCAÇÃO|306 - ALIMENTAÇÃO E NUTRIÇÃO|0016 - PROGRAMA DE ALIMENTAÇÃO ESCOLAR|2037 - EXECUÇÃO DO PROGRAMA DE ALIMENTAÇÃO ESCOLAR||3.3.90.30.00 - MATERIAL DE CONSUMO|1.552.000 - TRANSFERÊNCIAS DE RECURSOS DO FNDE REFERENTES AO PROGRAMA NACIONAL DE ALIMENTAÇÃO ESCOLAR (PNAE)|0.0
1187867|665223|303|02|2023|1|2 - INEXIGIBILIDADE|02.02006.04.122.0164.2214.3.3.90.49.00.1.500.000|04 - ADMINISTRAÇÃO|122 - ADMINISTRAÇÃO GERAL|0164 - GESTÃO DA SECRETARIA|2214 - MANUTENÇÃO DA SECRETARIA||3.3.90.49.00 - AUXÍLIO-TRANSPORTE|1.500.000 - RECURSOS NÃO VINCULADOS DE IMPOSTOS|0.0
1187888|665234|303|02|2023|2|2 - INEXIGIBILIDADE|02.02017.10.302.0048.2112.3.3.50.43.00.1.500.000|10 - SAÚDE|302 - ASSISTÊNCIA HOSPITALAR E AMBULATORIAL|0048 - URGÊNCIA E EMERGÊNCIA|2112 - MANUTENÇÃO DA URGÊNCIA E EMERGÊNCIA||3.3.50.43.00 - SUBVENÇÕES SOCIAIS|1.500.000 - RECURSOS NÃO VINCULADOS DE IMPOSTOS|0.0
1072173|599186|302|01|2023|4|2 - INEXIGIBILIDADE|01.01001.01.031.0001.2337.3.3.90.39.00.1.500.000|01 - LEGISLATIVA|031 - AÇÃO LEGISLATIVA|0001 - PROCESSO LEGISLATIVO|2337 - RELAÇÕES PÚBLICAS E DIVULGAÇÕES OFICIAIS||3.3.90.39.00 - OUTROS SERVIÇOS DE TERCEIROS - PESSOA JURÍDICA|1.500.000 - RECURSOS NÃO VINCULADOS DE IMPOSTOS|0.0
1099967|614918|302|01|2023|5|2 - INEXIGIBILIDADE|01.01001.01.031.0001.2330.3.3.90.35.00.1.500.000|01 - LEGISLATIVA|031 - AÇÃO LEGISLATIVA|0001 - PROCESSO LEGISLATIVO|2330 - MANUTENÇÃO DO CORPO LEGISLATIVO||3.3.90.35.00 - SERVIÇOS DE CONSULTORIA|1.500.000 - RECURSOS NÃO VINCULADOS DE IMPOSTOS|0.0
1187934|665257|303|02|2023|5|2 - INEXIGIBILIDADE|02.02008.27.813.0300.1243.3.3.90.48.00.1.500.000|27 - DESPORTO E LAZER|813 - LAZER|0300 - CAETÉ EM MOVIMENTO ESPORTE EM FOCO|1243 - EXECUÇÃO DA LEI DE INCENTIVO AO ESPORTE AUXILIO ATLETA||3.3.90.48.00 - OUTROS AUXÍLIOS FINANCEIROS A PESSOAS FÍSICAS|1.500.000 - RECURSOS NÃO VINCULADOS DE IMPOSTOS|0.0
