seq_resp_licitacao|seq_licitacao|seq_orgao|cod_orgao|num_ano_referencia|num_mes_referencia|dsc_tipo_resp|num_documento|nom_responsavel
14280989|1449612|303|02|2025|1|1 - AUTORIZAÇÃO PARA ABERTURA DO PROCEDIMENTO LICITATÓRIO|054***606**|JULIO CESAR DOS SANTOS TEIXEIRA
14280990|1449611|303|02|2025|1|3 - PESQUISA DE PREÇOS|112***506**|VANESSA SALDANHA FIGUEREDO DIAS
14280991|1449611|303|02|2025|1|8 - PUBLICAÇÃO EM ÓRGÃO OFICIAL|102***366**|MARCOS LUCIANO DE FIGUEREDO
14280992|1449611|303|02|2025|1|4 - INFORMAÇÃO DE EXISTÊNCIA DE RECURSOS ORÇAMENTÁRIOS|003***926**|LUCILENE DE ALCANTARA
14280993|1449612|303|02|2025|1|3 - PESQUISA DE PREÇOS|112***506**|VANESSA SALDANHA FIGUEREDO DIAS
14280994|1449612|303|02|2025|1|4 - INFORMAÇÃO DE EXISTÊNCIA DE RECURSOS ORÇAMENTÁRIOS|003***926**|LUCILENE DE ALCANTARA
14280995|1449611|303|02|2025|1|2 - EMISSÃO DO EDITAL|360***096**|MARIA IZABEL DOS SANTOS
14280996|1449612|303|02|2025|1|5 - CONDUÇÃO DO PROCEDIMENTO LICITATÓRIO|360***096**|MARIA IZABEL DOS SANTOS
14280997|1449611|303|02|2025|1|10 - ORÇAMENTO DA OBRA OU SERVIÇO|112***506**|VANESSA SALDANHA FIGUEREDO DIAS
14280998|1449612|303|02|2025|1|8 - PUBLICAÇÃO EM ÓRGÃO OFICIAL|102***366**|MARCOS LUCIANO DE FIGUEREDO
14280999|1449611|303|02|2025|1|1 - AUTORIZAÇÃO PARA ABERTURA DO PROCEDIMENTO LICITATÓRIO|054***606**|JULIO CESAR DOS SANTOS TEIXEIRA
14281000|1449612|303|02|2025|1|2 - EMISSÃO DO EDITAL|360***096**|MARIA IZABEL DOS SANTOS
14281001|1449611|303|02|2025|1|5 - CONDUÇÃO DO PROCEDIMENTO LICITATÓRIO|360***096**|MARIA IZABEL DOS SANTOS
14281002|1449612|303|02|2025|1|10 - ORÇAMENTO DA OBRA OU SERVIÇO|112***506**|VANESSA SALDANHA FIGUEREDO DIAS
14263285|1448093|303|02|2025|1|8 - PUBLICAÇÃO EM ÓRGÃO OFICIAL|102***366**|MARCOS LUCIANO DE FIGUEREDO
14263286|1448093|303|02|2025|1|1 - AUTORIZAÇÃO PARA ABERTURA DO PROCEDIMENTO LICITATÓRIO|054***606**|JULIO CESAR DOS SANTOS TEIXEIRA
14263287|1448093|303|02|2025|1|4 - INFORMAÇÃO DE EXISTÊNCIA DE RECURSOS ORÇAMENTÁRIOS|003***926**|LUCILENE DE ALCANTARA
14263288|1448093|303|02|2025|1|5 - CONDUÇÃO DO PROCEDIMENTO LICITATÓRIO|055***326**|GISELE MOREIRA SANTOS
14263289|1448093|303|02|2025|1|3 - PESQUISA DE PREÇOS|154***046**|GABRIELLE APARECIDA PAIXAO COSTA
14263290|1448093|303|02|2025|1|2 - EMISSÃO DO EDITAL|037***916**|WEBBER LEITE MARCHI
14264017|1448186|303|02|2025|1|2 - EMISSÃO DO EDITAL|055***326**|GISELE MOREIRA SANTOS
14264018|1448186|303|02|2025|1|3 - PESQUISA DE PREÇOS|154***046**|GABRIELLE APARECIDA PAIXAO COSTA
14264019|1448185|303|02|2025|1|8 - PUBLICAÇÃO EM ÓRGÃO OFICIAL|102***366**|MARCOS LUCIANO DE FIGUEREDO
14264020|1448185|303|02|2025|1|4 - INFORMAÇÃO DE EXISTÊNCIA DE RECURSOS ORÇAMENTÁRIOS|003***926**|LUCILENE DE ALCANTARA
14264021|1448185|303|02|2025|1|3 - PESQUISA DE PREÇOS|064***746**|WELBERTI JOSE SOARES
14264022|1448186|303|02|2025|1|8 - PUBLICAÇÃO EM ÓRGÃO OFICIAL|102***366**|MARCOS LUCIANO DE FIGUEREDO
14264023|1448185|303|02|2025|1|1 - AUTORIZAÇÃO PARA ABERTURA DO PROCEDIMENTO LICITATÓRIO|054***606**|JULIO CESAR DOS SANTOS TEIXEIRA
14264024|1448185|303|02|2025|1|2 - EMISSÃO DO EDITAL|055***326**|GISELE MOREIRA SANTOS
14264025|1448185|303|02|2025|1|5 - CONDUÇÃO DO PROCEDIMENTO LICITATÓRIO|154***046**|GABRIELLE APARECIDA PAIXAO COSTA
14264026|1448186|303|02|2025|1|5 - CONDUÇÃO DO PROCEDIMENTO LICITATÓRIO|055***326**|GISELE MOREIRA SANTOS
14264027|1448186|303|02|2025|1|4 - INFORMAÇÃO DE EXISTÊNCIA DE RECURSOS ORÇAMENTÁRIOS|003***926**|LUCILENE DE ALCANTARA
14264028|1448186|303|02|2025|1|1 - AUTORIZAÇÃO PARA ABERTURA DO PROCEDIMENTO LICITATÓRIO|054***606**|JULIO CESAR DOS SANTOS TEIXEIRA
14427512|1465163|303|02|2025|1|5 - CONDUÇÃO DO PROCEDIMENTO LICITATÓRIO|055***326**|GISELE MOREIRA SANTOS
14427513|1465163|303|02|2025|1|8 - PUBLICAÇÃO EM ÓRGÃO OFICIAL|102***366**|MARCOS LUCIANO DE FIGUEREDO
14427515|1465164|303|02|2025|1|8 - PUBLICAÇÃO EM ÓRGÃO OFICIAL|102***366**|MARCOS LUCIANO DE FIGUEREDO
14427516|1465164|303|02|2025|1|5 - CONDUÇÃO DO PROCEDIMENTO LICITATÓRIO|055***326**|GISELE MOREIRA SANTOS
14427517|1465163|303|02|2025|1|2 - EMISSÃO DO EDITAL|055***326**|GISELE MOREIRA SANTOS
14427518|1465163|303|02|2025|1|4 - INFORMAÇÃO DE EXISTÊNCIA DE RECURSOS ORÇAMENTÁRIOS|003***926**|LUCILENE DE ALCANTARA
14427519|1465164|303|02|2025|1|4 - INFORMAÇÃO DE EXISTÊNCIA DE RECURSOS ORÇAMENTÁRIOS|003***926**|LUCILENE DE ALCANTARA
14427520|1465164|303|02|2025|1|2 - EMISSÃO DO EDITAL|055***326**|GISELE MOREIRA SANTOS
14427521|1465164|303|02|2025|1|1 - AUTORIZAÇÃO PARA ABERTURA DO PROCEDIMENTO LICITATÓRIO|054***606**|JULIO CESAR DOS SANTOS TEIXEIRA
14427522|1465163|303|02|2025|1|1 - AUTORIZAÇÃO PARA ABERTURA DO PROCEDIMENTO LICITATÓRIO|054***606**|JULIO CESAR DOS SANTOS TEIXEIRA
14426430|1464984|303|02|2025|1|2 - EMISSÃO DO EDITAL|055***326**|GISELE MOREIRA SANTOS
14426432|1464984|303|02|2025|1|8 - PUBLICAÇÃO EM ÓRGÃO OFICIAL|102***366**|MARCOS LUCIANO DE FIGUEREDO
14426433|1464984|303|02|2025|1|4 - INFORMAÇÃO DE EXISTÊNCIA DE RECURSOS ORÇAMENTÁRIOS|003***926**|LUCILENE DE ALCANTARA
14426434|1464984|303|02|2025|1|5 - CONDUÇÃO DO PROCEDIMENTO LICITATÓRIO|055***326**|GISELE MOREIRA SANTOS
14426435|1464984|303|02|2025|1|1 - AUTORIZAÇÃO PARA ABERTURA DO PROCEDIMENTO LICITATÓRIO|054***606**|JULIO CESAR DOS SANTOS TEIXEIRA
14261889|1447852|302|01|2025|1|8 - PUBLICAÇÃO EM ÓRGÃO OFICIAL|115***236**|ANANDA RODRIGUES AGUIAR
14261892|1447852|302|01|2025|1|4 - INFORMAÇÃO DE EXISTÊNCIA DE RECURSOS ORÇAMENTÁRIOS|001***196**|RENATA APARECIDA DA SILVA VICENTE
14261895|1447852|302|01|2025|1|3 - PESQUISA DE PREÇOS|922***436**|ALCIONE APARECIDA LIMA
14261896|1447852|302|01|2025|1|5 - CONDUÇÃO DO PROCEDIMENTO LICITATÓRIO|545***686**|NADIA CRISTINA ZACARIAS
14422301|1464446|304|03|2025|1|2 - EMISSÃO DO EDITAL|035***816**|CINTIA SOARES FELIX
14422302|1464446|304|03|2025|1|5 - CONDUÇÃO DO PROCEDIMENTO LICITATÓRIO|035***816**|CINTIA SOARES FELIX
14505711|1472838|304|03|2025|1|5 - CONDUÇÃO DO PROCEDIMENTO LICITATÓRIO|035***816**|CINTIA SOARES FELIX
14505713|1472838|304|03|2025|1|2 - EMISSÃO DO EDITAL|035***816**|CINTIA SOARES FELIX
14515393|1474152|303|02|2025|1|4 - INFORMAÇÃO DE EXISTÊNCIA DE RECURSOS ORÇAMENTÁRIOS|003***926**|LUCILENE DE ALCANTARA
14515394|1474152|303|02|2025|1|8 - PUBLICAÇÃO EM ÓRGÃO OFICIAL|102***366**|MARCOS LUCIANO DE FIGUEREDO
14515395|1474152|303|02|2025|1|10 - ORÇAMENTO DA OBRA OU SERVIÇO|112***506**|VANESSA SALDANHA FIGUEREDO DIAS
14515396|1474152|303|02|2025|1|5 - CONDUÇÃO DO PROCEDIMENTO LICITATÓRIO|360***096**|MARIA IZABEL DOS SANTOS
14515397|1474152|303|02|2025|1|2 - EMISSÃO DO EDITAL|360***096**|MARIA IZABEL DOS SANTOS
14515398|1474152|303|02|2025|1|3 - PESQUISA DE PREÇOS|112***506**|VANESSA SALDANHA FIGUEREDO DIAS
14515399|1474152|303|02|2025|1|1 - AUTORIZAÇÃO PARA ABERTURA DO PROCEDIMENTO LICITATÓRIO|054***606**|JULIO CESAR DOS SANTOS TEIXEIRA
14515197|1474120|303|02|2025|1|1 - AUTORIZAÇÃO PARA ABERTURA DO PROCEDIMENTO LICITATÓRIO|054***606**|JULIO CESAR DOS SANTOS TEIXEIRA
14515198|1474120|303|02|2025|1|3 - PESQUISA DE PREÇOS|064***746**|WELBERTI JOSE SOARES
14515199|1474120|303|02|2025|1|8 - PUBLICAÇÃO EM ÓRGÃO OFICIAL|102***366**|MARCOS LUCIANO DE FIGUEREDO
14515200|1474120|303|02|2025|1|4 - INFORMAÇÃO DE EXISTÊNCIA DE RECURSOS ORÇAMENTÁRIOS|003***926**|LUCILENE DE ALCANTARA
14515201|1474120|303|02|2025|1|5 - CONDUÇÃO DO PROCEDIMENTO LICITATÓRIO|055***326**|GISELE MOREIRA SANTOS
14515202|1474120|303|02|2025|1|2 - EMISSÃO DO EDITAL|055***326**|GISELE MOREIRA SANTOS
14515203|1474121|303|02|2025|1|8 - PUBLICAÇÃO EM ÓRGÃO OFICIAL|102***366**|MARCOS LUCIANO DE FIGUEREDO
14515204|1474121|303|02|2025|1|2 - EMISSÃO DO EDITAL|055***326**|GISELE MOREIRA SANTOS
14515206|1474121|303|02|2025|1|4 - INFORMAÇÃO DE EXISTÊNCIA DE RECURSOS ORÇAMENTÁRIOS|003***926**|LUCILENE DE ALCANTARA
14515207|1474121|303|02|2025|1|1 - AUTORIZAÇÃO PARA ABERTURA DO PROCEDIMENTO LICITATÓRIO|054***606**|JULIO CESAR DOS SANTOS TEIXEIRA
14515208|1474121|303|02|2025|1|5 - CONDUÇÃO DO PROCEDIMENTO LICITATÓRIO|055***326**|GISELE MOREIRA SANTOS
14516668|1474382|303|02|2025|1|2 - EMISSÃO DO EDITAL|360***096**|MARIA IZABEL DOS SANTOS
14516669|1474382|303|02|2025|1|5 - CONDUÇÃO DO PROCEDIMENTO LICITATÓRIO|360***096**|MARIA IZABEL DOS SANTOS
14516670|1474382|303|02|2025|1|1 - AUTORIZAÇÃO PARA ABERTURA DO PROCEDIMENTO LICITATÓRIO|054***606**|JULIO CESAR DOS SANTOS TEIXEIRA
14516671|1474382|303|02|2025|1|8 - PUBLICAÇÃO EM ÓRGÃO OFICIAL|102***366**|MARCOS LUCIANO DE FIGUEREDO
14516672|1474382|303|02|2025|1|3 - PESQUISA DE PREÇOS|112***506**|VANESSA SALDANHA FIGUEREDO DIAS
14516673|1474382|303|02|2025|1|4 - INFORMAÇÃO DE EXISTÊNCIA DE RECURSOS ORÇAMENTÁRIOS|003***926**|LUCILENE DE ALCANTARA
14516674|1474382|303|02|2025|1|10 - ORÇAMENTO DA OBRA OU SERVIÇO|112***506**|VANESSA SALDANHA FIGUEREDO DIAS
14533455|1477201|302|01|2025|1|1 - AUTORIZAÇÃO PARA ABERTURA DO PROCEDIMENTO LICITATÓRIO|043***986**|FERNANDO SILVA DE ALMEIDA
14533456|1477201|302|01|2025|1|4 - INFORMAÇÃO DE EXISTÊNCIA DE RECURSOS ORÇAMENTÁRIOS|001***196**|RENATA APARECIDA DA SILVA VICENTE
14533457|1477201|302|01|2025|1|2 - EMISSÃO DO EDITAL|043***986**|FERNANDO SILVA DE ALMEIDA
14533459|1477201|302|01|2025|1|3 - PESQUISA DE PREÇOS|922***436**|ALCIONE APARECIDA LIMA
14533460|1477201|302|01|2025|1|5 - CONDUÇÃO DO PROCEDIMENTO LICITATÓRIO|115***236**|ANANDA RODRIGUES AGUIAR
14533462|1477201|302|01|2025|1|8 - PUBLICAÇÃO EM ÓRGÃO OFICIAL|060***186**|DANUBIA JULIA DO COUTO LIMA
14566796|1482040|303|02|2025|1|2 - EMISSÃO DO EDITAL|055***326**|GISELE MOREIRA SANTOS
14566798|1482040|303|02|2025|1|4 - INFORMAÇÃO DE EXISTÊNCIA DE RECURSOS ORÇAMENTÁRIOS|003***926**|LUCILENE DE ALCANTARA
14566799|1482040|303|02|2025|1|5 - CONDUÇÃO DO PROCEDIMENTO LICITATÓRIO|055***326**|GISELE MOREIRA SANTOS
14566800|1482040|303|02|2025|1|1 - AUTORIZAÇÃO PARA ABERTURA DO PROCEDIMENTO LICITATÓRIO|054***606**|JULIO CESAR DOS SANTOS TEIXEIRA
14566801|1482040|303|02|2025|1|8 - PUBLICAÇÃO EM ÓRGÃO OFICIAL|102***366**|MARCOS LUCIANO DE FIGUEREDO
14566802|1482041|303|02|2025|1|4 - INFORMAÇÃO DE EXISTÊNCIA DE RECURSOS ORÇAMENTÁRIOS|003***926**|LUCILENE DE ALCANTARA
14566803|1482041|303|02|2025|1|2 - EMISSÃO DO EDITAL|055***326**|GISELE MOREIRA SANTOS
14566804|1482041|303|02|2025|1|5 - CONDUÇÃO DO PROCEDIMENTO LICITATÓRIO|055***326**|GISELE MOREIRA SANTOS
14566806|1482041|303|02|2025|1|1 - AUTORIZAÇÃO PARA ABERTURA DO PROCEDIMENTO LICITATÓRIO|054***606**|JULIO CESAR DOS SANTOS TEIXEIRA
14566807|1482041|303|02|2025|1|8 - PUBLICAÇÃO EM ÓRGÃO OFICIAL|102***366**|MARCOS LUCIANO DE FIGUEREDO
14581657|1484165|302|01|2025|1|2 - EMISSÃO DO EDITAL|043***986**|FERNANDO SILVA DE ALMEIDA
14581659|1484165|302|01|2025|1|4 - INFORMAÇÃO DE EXISTÊNCIA DE RECURSOS ORÇAMENTÁRIOS|001***196**|RENATA APARECIDA DA SILVA VICENTE
14581661|1484165|302|01|2025|1|3 - PESQUISA DE PREÇOS|922***436**|ALCIONE APARECIDA LIMA
14581662|1484165|302|01|2025|1|5 - CONDUÇÃO DO PROCEDIMENTO LICITATÓRIO|545***686**|NADIA CRISTINA ZACARIAS
14590749|1485549|304|03|2025|1|5 - CONDUÇÃO DO PROCEDIMENTO LICITATÓRIO|035***816**|CINTIA SOARES FELIX
14590750|1485549|304|03|2025|1|1 - AUTORIZAÇÃO PARA ABERTURA DO PROCEDIMENTO LICITATÓRIO|037***916**|WEBBER LEITE MARCHI
14426431|1464984|303|02|2025|1|3 - PESQUISA DE PREÇOS|117***686**|MATEUS FELIPE MARCAL DO COUTO
14261890|1447852|302|01|2025|1|1 - AUTORIZAÇÃO PARA ABERTURA DO PROCEDIMENTO LICITATÓRIO|264***936**|JOSE RAIMUNDO GOMES
14261893|1447852|302|01|2025|1|2 - EMISSÃO DO EDITAL|264***936**|JOSE RAIMUNDO GOMES
14261891|1447852|302|01|2025|1|8 - PUBLICAÇÃO EM ÓRGÃO OFICIAL|576***516**|ROBERTO APARECIDO FERNANDES
14533458|1477201|302|01|2025|1|8 - PUBLICAÇÃO EM ÓRGÃO OFICIAL|576***516**|ROBERTO APARECIDO FERNANDES
14261894|1447852|302|01|2025|1|8 - PUBLICAÇÃO EM ÓRGÃO OFICIAL|996***356**|DAGMA DE FATIMA CORRADI FRANCO
14533463|1477201|302|01|2025|1|8 - PUBLICAÇÃO EM ÓRGÃO OFICIAL|996***356**|DAGMA DE FATIMA CORRADI FRANCO
14581658|1484165|302|01|2025|1|8 - PUBLICAÇÃO EM ÓRGÃO OFICIAL|996***356**|DAGMA DE FATIMA CORRADI FRANCO
14581660|1484165|302|01|2025|1|1 - AUTORIZAÇÃO PARA ABERTURA DO PROCEDIMENTO LICITATÓRIO|996***356**|DAGMA DE FATIMA CORRADI FRANCO
14261897|1447852|302|01|2025|1|2 - EMISSÃO DO EDITAL|051***446**|GABRIELA CAROLINA DE OLIVEIRA CASSIMIRO BRITO
14533461|1477201|302|01|2025|1|2 - EMISSÃO DO EDITAL|051***446**|GABRIELA CAROLINA DE OLIVEIRA CASSIMIRO BRITO
14422303|1464446|304|03|2025|1|1 - AUTORIZAÇÃO PARA ABERTURA DO PROCEDIMENTO LICITATÓRIO|037***916**|WEBBER LEITE MARCHI
14422304|1464446|304|03|2025|1|4 - INFORMAÇÃO DE EXISTÊNCIA DE RECURSOS ORÇAMENTÁRIOS|378***586**|REGINA DE FATIMA VIEIRA SANTOS
14505712|1472838|304|03|2025|1|4 - INFORMAÇÃO DE EXISTÊNCIA DE RECURSOS ORÇAMENTÁRIOS|378***586**|REGINA DE FATIMA VIEIRA SANTOS
14505715|1472838|304|03|2025|1|1 - AUTORIZAÇÃO PARA ABERTURA DO PROCEDIMENTO LICITATÓRIO|037***916**|WEBBER LEITE MARCHI
14422305|1464446|304|03|2025|1|8 - PUBLICAÇÃO EM ÓRGÃO OFICIAL|125***236**|DEBORA BATISTA DUARTE SA
14505716|1472838|304|03|2025|1|3 - PESQUISA DE PREÇOS|585***156**|RAYMUNDA CECILIA DOS REIS
14515205|1474121|303|02|2025|1|3 - PESQUISA DE PREÇOS|149***066**|ANA LUIZA RODRIGUES DUARTE
14566797|1482040|303|02|2025|1|3 - PESQUISA DE PREÇOS|149***066**|ANA LUIZA RODRIGUES DUARTE
14566805|1482041|303|02|2025|1|3 - PESQUISA DE PREÇOS|149***066**|ANA LUIZA RODRIGUES DUARTE
14505714|1472838|304|03|2025|1|8 - PUBLICAÇÃO EM ÓRGÃO OFICIAL|026***516**|ALINE APARECIDA BARCELOS ARAUJO
14590748|1485549|304|03|2025|1|8 - PUBLICAÇÃO EM ÓRGÃO OFICIAL|026***516**|ALINE APARECIDA BARCELOS ARAUJO
14590751|1485549|304|03|2025|1|4 - INFORMAÇÃO DE EXISTÊNCIA DE RECURSOS ORÇAMENTÁRIOS|378***586**|REGINA DE FATIMA VIEIRA SANTOS
14590752|1485549|304|03|2025|1|3 - PESQUISA DE PREÇOS|125***236**|DEBORA BATISTA DUARTE SA
14590753|1485549|304|03|2025|1|2 - EMISSÃO DO EDITAL|035***816**|CINTIA SOARES FELIX
14590754|1485550|304|03|2025|1|8 - PUBLICAÇÃO EM ÓRGÃO OFICIAL|026***516**|ALINE APARECIDA BARCELOS ARAUJO
14590755|1485550|304|03|2025|1|1 - AUTORIZAÇÃO PARA ABERTURA DO PROCEDIMENTO LICITATÓRIO|037***916**|WEBBER LEITE MARCHI
14590756|1485550|304|03|2025|1|2 - EMISSÃO DO EDITAL|035***816**|CINTIA SOARES FELIX
14590757|1485550|304|03|2025|1|5 - CONDUÇÃO DO PROCEDIMENTO LICITATÓRIO|035***816**|CINTIA SOARES FELIX
14590758|1485550|304|03|2025|1|4 - INFORMAÇÃO DE EXISTÊNCIA DE RECURSOS ORÇAMENTÁRIOS|378***586**|REGINA DE FATIMA VIEIRA SANTOS
14598730|1486737|304|03|2025|1|3 - PESQUISA DE PREÇOS|125***236**|DEBORA BATISTA DUARTE SA
14598731|1486737|304|03|2025|1|2 - EMISSÃO DO EDITAL|035***816**|CINTIA SOARES FELIX
14598732|1486737|304|03|2025|1|4 - INFORMAÇÃO DE EXISTÊNCIA DE RECURSOS ORÇAMENTÁRIOS|378***586**|REGINA DE FATIMA VIEIRA SANTOS
14598733|1486737|304|03|2025|1|5 - CONDUÇÃO DO PROCEDIMENTO LICITATÓRIO|035***816**|CINTIA SOARES FELIX
14598734|1486737|304|03|2025|1|1 - AUTORIZAÇÃO PARA ABERTURA DO PROCEDIMENTO LICITATÓRIO|037***916**|WEBBER LEITE MARCHI
14598735|1486737|304|03|2025|1|8 - PUBLICAÇÃO EM ÓRGÃO OFICIAL|026***516**|ALINE APARECIDA BARCELOS ARAUJO
14609841|1488363|304|03|2025|1|5 - CONDUÇÃO DO PROCEDIMENTO LICITATÓRIO|035***816**|CINTIA SOARES FELIX
14609842|1488363|304|03|2025|1|4 - INFORMAÇÃO DE EXISTÊNCIA DE RECURSOS ORÇAMENTÁRIOS|378***586**|REGINA DE FATIMA VIEIRA SANTOS
14609843|1488363|304|03|2025|1|2 - EMISSÃO DO EDITAL|035***816**|CINTIA SOARES FELIX
14609844|1488363|304|03|2025|1|3 - PESQUISA DE PREÇOS|125***236**|DEBORA BATISTA DUARTE SA
14609845|1488363|304|03|2025|1|1 - AUTORIZAÇÃO PARA ABERTURA DO PROCEDIMENTO LICITATÓRIO|037***916**|WEBBER LEITE MARCHI
14609847|1488364|304|03|2025|1|4 - INFORMAÇÃO DE EXISTÊNCIA DE RECURSOS ORÇAMENTÁRIOS|378***586**|REGINA DE FATIMA VIEIRA SANTOS
14609848|1488364|304|03|2025|1|8 - PUBLICAÇÃO EM ÓRGÃO OFICIAL|026***516**|ALINE APARECIDA BARCELOS ARAUJO
14609849|1488364|304|03|2025|1|2 - EMISSÃO DO EDITAL|035***816**|CINTIA SOARES FELIX
14609850|1488364|304|03|2025|1|5 - CONDUÇÃO DO PROCEDIMENTO LICITATÓRIO|035***816**|CINTIA SOARES FELIX
14609851|1488364|304|03|2025|1|1 - AUTORIZAÇÃO PARA ABERTURA DO PROCEDIMENTO LICITATÓRIO|037***916**|WEBBER LEITE MARCHI
14609852|1488364|304|03|2025|1|3 - PESQUISA DE PREÇOS|125***236**|DEBORA BATISTA DUARTE SA
14640491|1492294|303|02|2025|1|5 - CONDUÇÃO DO PROCEDIMENTO LICITATÓRIO|055***326**|GISELE MOREIRA SANTOS
14640492|1492294|303|02|2025|1|8 - PUBLICAÇÃO EM ÓRGÃO OFICIAL|102***366**|MARCOS LUCIANO DE FIGUEREDO
14640493|1492294|303|02|2025|1|2 - EMISSÃO DO EDITAL|055***326**|GISELE MOREIRA SANTOS
14640494|1492294|303|02|2025|1|1 - AUTORIZAÇÃO PARA ABERTURA DO PROCEDIMENTO LICITATÓRIO|054***606**|JULIO CESAR DOS SANTOS TEIXEIRA
14640495|1492294|303|02|2025|1|3 - PESQUISA DE PREÇOS|149***066**|ANA LUIZA RODRIGUES DUARTE
14640496|1492294|303|02|2025|1|4 - INFORMAÇÃO DE EXISTÊNCIA DE RECURSOS ORÇAMENTÁRIOS|003***926**|LUCILENE DE ALCANTARA
14640542|1492302|303|02|2025|1|8 - PUBLICAÇÃO EM ÓRGÃO OFICIAL|102***366**|MARCOS LUCIANO DE FIGUEREDO
14640543|1492302|303|02|2025|1|4 - INFORMAÇÃO DE EXISTÊNCIA DE RECURSOS ORÇAMENTÁRIOS|003***926**|LUCILENE DE ALCANTARA
14640544|1492302|303|02|2025|1|3 - PESQUISA DE PREÇOS|149***066**|ANA LUIZA RODRIGUES DUARTE
14640545|1492302|303|02|2025|1|5 - CONDUÇÃO DO PROCEDIMENTO LICITATÓRIO|055***326**|GISELE MOREIRA SANTOS
14640546|1492302|303|02|2025|1|2 - EMISSÃO DO EDITAL|055***326**|GISELE MOREIRA SANTOS
14640547|1492302|303|02|2025|1|1 - AUTORIZAÇÃO PARA ABERTURA DO PROCEDIMENTO LICITATÓRIO|054***606**|JULIO CESAR DOS SANTOS TEIXEIRA
14640548|1492303|303|02|2025|1|4 - INFORMAÇÃO DE EXISTÊNCIA DE RECURSOS ORÇAMENTÁRIOS|003***926**|LUCILENE DE ALCANTARA
14640549|1492303|303|02|2025|1|2 - EMISSÃO DO EDITAL|055***326**|GISELE MOREIRA SANTOS
14640550|1492303|303|02|2025|1|8 - PUBLICAÇÃO EM ÓRGÃO OFICIAL|102***366**|MARCOS LUCIANO DE FIGUEREDO
14640551|1492303|303|02|2025|1|5 - CONDUÇÃO DO PROCEDIMENTO LICITATÓRIO|055***326**|GISELE MOREIRA SANTOS
14640552|1492303|303|02|2025|1|1 - AUTORIZAÇÃO PARA ABERTURA DO PROCEDIMENTO LICITATÓRIO|054***606**|JULIO CESAR DOS SANTOS TEIXEIRA
14640553|1492303|303|02|2025|1|3 - PESQUISA DE PREÇOS|149***066**|ANA LUIZA RODRIGUES DUARTE
14650840|1493849|304|03|2025|1|1 - AUTORIZAÇÃO PARA ABERTURA DO PROCEDIMENTO LICITATÓRIO|037***916**|WEBBER LEITE MARCHI
14650841|1493849|304|03|2025|1|5 - CONDUÇÃO DO PROCEDIMENTO LICITATÓRIO|035***816**|CINTIA SOARES FELIX
14650842|1493849|304|03|2025|1|2 - EMISSÃO DO EDITAL|035***816**|CINTIA SOARES FELIX
14650843|1493849|304|03|2025|1|8 - PUBLICAÇÃO EM ÓRGÃO OFICIAL|026***516**|ALINE APARECIDA BARCELOS ARAUJO
14650844|1493849|304|03|2025|1|4 - INFORMAÇÃO DE EXISTÊNCIA DE RECURSOS ORÇAMENTÁRIOS|378***586**|REGINA DE FATIMA VIEIRA SANTOS
14650845|1493849|304|03|2025|1|3 - PESQUISA DE PREÇOS|125***236**|DEBORA BATISTA DUARTE SA
14677520|1497586|302|01|2025|1|8 - PUBLICAÇÃO EM ÓRGÃO OFICIAL|996***356**|DAGMA DE FATIMA CORRADI FRANCO
14677521|1497586|302|01|2025|1|4 - INFORMAÇÃO DE EXISTÊNCIA DE RECURSOS ORÇAMENTÁRIOS|001***196**|RENATA APARECIDA DA SILVA VICENTE
14677522|1497586|302|01|2025|1|5 - CONDUÇÃO DO PROCEDIMENTO LICITATÓRIO|115***236**|ANANDA RODRIGUES AGUIAR
14677523|1497586|302|01|2025|1|3 - PESQUISA DE PREÇOS|922***436**|ALCIONE APARECIDA LIMA
14677524|1497586|302|01|2025|1|1 - AUTORIZAÇÃO PARA ABERTURA DO PROCEDIMENTO LICITATÓRIO|043***986**|FERNANDO SILVA DE ALMEIDA
14677525|1497586|302|01|2025|1|2 - EMISSÃO DO EDITAL|996***356**|DAGMA DE FATIMA CORRADI FRANCO
14685068|1498688|302|01|2025|1|4 - INFORMAÇÃO DE EXISTÊNCIA DE RECURSOS ORÇAMENTÁRIOS|001***196**|RENATA APARECIDA DA SILVA VICENTE
14685069|1498688|302|01|2025|1|1 - AUTORIZAÇÃO PARA ABERTURA DO PROCEDIMENTO LICITATÓRIO|043***986**|FERNANDO SILVA DE ALMEIDA
14685070|1498688|302|01|2025|1|5 - CONDUÇÃO DO PROCEDIMENTO LICITATÓRIO|545***686**|NADIA CRISTINA ZACARIAS
14685071|1498688|302|01|2025|1|3 - PESQUISA DE PREÇOS|922***436**|ALCIONE APARECIDA LIMA
14685072|1498688|302|01|2025|1|2 - EMISSÃO DO EDITAL|996***356**|DAGMA DE FATIMA CORRADI FRANCO
14685073|1498688|302|01|2025|1|8 - PUBLICAÇÃO EM ÓRGÃO OFICIAL|060***186**|DANUBIA JULIA DO COUTO LIMA
14590759|1485550|304|03|2025|1|3 - PESQUISA DE PREÇOS|311***006**|BERNARDO MOURAO VORCARO
14422300|1464446|304|03|2025|1|3 - PESQUISA DE PREÇOS|124***406**|BEATRIZ ESTEVES MACHADO JORGE
14609846|1488363|304|03|2025|1|8 - PUBLICAÇÃO EM ÓRGÃO OFICIAL|160***076**|SAMUEL FERREIRA GARABINI
