seq_contratado|seq_contrato|seq_orgao|cod_orgao|num_ano_referencia|num_mes_referencia|num_doc_representante|dsc_nome_representante|num_doc_credor|dsc_nome_credor
36325119|3679883|303|02|2025|4|102***416**|MARIO QUINTAO FERREIRA|50528528000106|GCP LOCACOES E SERVICOS LTDA
36325154|3679921|303|02|2025|5|014***016**|SARAH ROCHA DIAS OLIVEIRA|04666511000106|INSTITUTO DE CIDADANIA E COMPETENCIAS - ICICOM
36325156|3679925|303|02|2025|5|889***966**|LUCI PINTO DE ALCANTARA|889***966**|LUCI PINTO DE ALCANTARA
36179350|3534693|302|01|2025|3|002***446**|JUNIA CARLA TORRES|39578048000117|39.578.048 JUNIA CARLA TORRES
36269276|3624381|306|05|2025|6|807***496**|MAURICIO COUTO FRANCA|10975133000137|APLICAR TECNOLOGIA LTDA
36236775|3591888|306|05|2025|5|037***916**|WEBBER LEITE MARCHI|19893791000154|SERVICO AUTONOMO DE AGUA E ESGOTO
36325160|3679920|303|02|2025|5|255***166**|ROGERIO STOCKLER DE MELLO|37052351000156|RM CULTURAL LTDA
36268455|3623561|302|01|2025|5|563***506**|PAULO GERALDO DE ARAUJO|65245441000107|PAULO GERALDO DE ARAUJO LTDA
36304510|3659251|302|01|2025|7|143***266**|PEDRO GALVINO DE BESSA|35528559000173|PGB GRAFICA E EDITORA LTDA
36166521|3521809|304|03|2025|1|021***998**|ANACLETO FRANCISCO BISCAINO|66832825000342|HIDROTAM INDUSTRIA E COMERCIO DE TUBOS E CONEXOES LTDA
36325118|3679882|303|02|2025|4|734***556**|MEIRYMARCIA PINHEIRO|734***556**|MEIRYMARCIA PINHEIRO
36324977|3679741|303|02|2025|2|108***576**|RAFAEL ALVES FERNANDES|52115091000104|RAFA & LORENZO PRODUCAO MUSICAL LTDA
36325159|3679922|303|02|2025|5|043***026**|MARIA APARECIDA CUNHA MARINHO|29792029000135|MARIA APARECIDA CUNHA MARINHO 04371602622
36325157|3679926|303|02|2025|5|563***516**|JOAO BATISTA SILVA FERREIRA|563***516**|JOAO BATISTA SILVA FERREIRA
36166480|3521765|306|05|2025|1|014***566**|RICARDO ALEXANDRE GOMES|10587320000143|COPY & LOC COPIADORA LTDA
36325152|3679916|303|02|2025|5|056***616**|JOAO MARCOS BHERING|19471162000136|RADIO IMAX DIAGNOSTICO ESPECIALIZADO LTDA
36236774|3591887|306|05|2025|5|063***696**|GUILHERME BRAGA FIORINO|03773700000530|SERVICO NACIONAL DE APRENDIZAGEM INDUSTRIAL - DEPARTAMENTO REGIONAL DE MINAS GERAIS
36166667|3521951|302|01|2025|1|010***806**|BRENO RABELO DE ANDRADE|07051313000118|ACTCON SOLUCOES WEB LTDA.
36325601|3680365|303|02|2025|7|031***619**|OTAVIO LISBOA JUNIOR|55491907000192|CRIATIVA PRODUTOS LTDA
36325219|3679983|303|02|2025|6|528***326**|WILLIAN APARECIDO DOS SANTOS|251***396**|ALENICE OLIVEIRA DOS SANTOS
36166522|3521808|304|03|2025|1|055***479**|GABRIEL LOUREIRO FERREIRA|05931197000104|G2 MATERIAIS HIDRAULICOS LTDA
36166523|3521805|304|03|2025|1|546***436**|MANOEL UBIRAJARA NOGUEIRA|41664871000197|POLYVIN PLASTICOS E DERIVADOS LTDA
36306884|3661625|304|03|2025|7|912***806**|MANOEL DE JESUS ALVES VICENTE JUNIOR|04898233000104|ALPHAMEC LTDA
36166661|3521949|303|02|2025|1|099***436**|SAMUEL GOMES FIGUEIREDO COTA|17652759000151|TOSS EVENTOS ESPORTIVOS LTDA
36236771|3591884|306|05|2025|5|26756847000194|NAZARIO & LIMA SOCIEDADE DE ADVOGADOS|26756847000194|NAZARIO & LIMA SOCIEDADE DE ADVOGADOS
36236772|3591885|306|05|2025|5|28231621000103|ALVES SOLUCOES INTEGRADAS LTDA|28231621000103|ALVES SOLUCOES INTEGRADAS LTDA
36236773|3591886|306|05|2025|5|28231621000103|ALVES SOLUCOES INTEGRADAS LTDA|28231621000103|ALVES SOLUCOES INTEGRADAS LTDA
36183804|3539147|306|05|2025|3|103***136**|ALEXANDRE DE SOUZA TEIXEIRA JUNIOR|22204648000546|SISTEMA INFORMATICA COMERCIO IMPORTACAO E EXP LTDA
36325218|3679982|303|02|2025|6|328***016**|MIGUEL ASSAD NETO|05047662000130|MINAS CONSTRUCOES E RESTAURACOES LTDA
36166520|3521807|304|03|2025|1|080***939**|ANDRE ITAMARO|35302323000114|HIDROTEL COMERCIO E SERVICOS LTDA
36277489|3632594|304|03|2025|6|080***336**|JULIO CESAR DE SA XAVIER|06318065000166|DISTRIBUIDORA MSA LTDA
36274343|3629448|302|01|2025|6|001***766**|JACKSSON ALVES RODRIGUES|28231621000103|ALVES SOLUCOES INTEGRADAS LTDA
36167255|3522540|302|01|2025|2|112***626**|WILIANE SUELEN GUIMARAES DE SOUZA|09719752000181|BEST IMPORT SHOP COMERCIO LTDA
36325041|3679805|303|02|2025|3|050***506**|TEREZA RAQUEL XAVIER VIANA|050***506**|TEREZA RAQUEL XAVIER VIANA
36325120|3679884|303|02|2025|4|035***836**|LEONARDO FILOMENO|11963458000162|LEONARDO FILOMENO
36166524|3521810|304|03|2025|1|035***836**|LEONARDO FILOMENO|17926188000104|SINTAGMA ZENITE COMERCIO LTDA
36218867|3573983|304|03|2025|4|087***916**|CINARA DOS SANTOS MAGALHAES|27346682000145|CINARA DOS SANTOS MAGALHES LTDA
36277488|3632593|304|03|2025|6|587***646**|WAGNER JOSE SILVA MELILLO|40018457000148|R3M SOLUCOES EM INFORMACAO E AUTOMACAO LTDA
36308018|3662757|306|05|2025|7|101***926**|PRISCILA JORDANA FIGUEIREDO MONTEIRO PEREZ|61485411000109|61.485.411 PRISCILA JORDANA FIGUEIREDO MONTEIRO PEREZ
36325162|3679924|303|02|2025|5|570***416**|MARCELO CORREA NASCIMENTO|28492798000155|DVH PRODUCOES ARTISTICAS LTDA
36325161|3679923|303|02|2025|5|920***206**|DULCINEA DA COSTA SOUZA|11171395000101|JEITO DE MATO PRODUCOES ARTISTICAS LTDA
36179352|3534691|302|01|2025|3|277***406**|RONALT DA SILVA FRANCISCO|22645154000173|PREMIUM ARTIGOS PERSONALIZADOS LTDA
36167074|3522359|306|05|2025|2|031***006**|REINALDO ANGELO DA CRUZ|08492145000169|RADC SERVICOS LTDA
36183805|3539148|306|05|2025|3|060***636**|MICHELLE PEREIRA FRANCO PEDROSO|17578748000179|MICHELLE PEDROSO SERVICOS CONTABEIS LTDA
36167073|3522358|306|05|2025|2|10852690000160|SIDIM SISTEMAS LTDA|10852690000160|SIDIM SISTEMAS LTDA
36166666|3521952|302|01|2025|1|807***496**|MAURICIO COUTO FRANCA|10975133000137|APLICAR TECNOLOGIA LTDA
36179351|3534692|302|01|2025|3|704***456**|VANESSA JORDAO CARREIRA|24313971000150|24.313.971 VANESSA JORDAO CARREIRA
36326894|3681658|302|01|2025|8|008***554**|JULIO CESAR OLIVEIRA FREITAS|03694367000140|ELIELBA VIEIRA DA SILVA 80418210497
36325153|3679918|303|02|2025|5|110***656**|DAVIDSON HENRIQUE DA SILVA DIAS|42968202000171|ZURICH ENGENHARIA LTDA
36166663|3521947|303|02|2025|1|761***256**|OLAVO KEESEN|04057221000157|LOK PIRAMIDE LTDA
36166665|3521948|303|02|2025|1|139***098**|RICARDO TAVARES DE OLIVEIRA|61186490000157|EDITORA FTD S A
36325158|3679919|303|02|2025|5|012***676**|LUIZ ROGERIO CRUZ|08545316000170|IGL ENGENHARIA LTDA
36325602|3680366|303|02|2025|7|191***788**|DANIEL TESSARI FERREIRA SANTIAGO|59191728000190|REISAN MUSIC LTDA
36325155|3679917|303|02|2025|5|002***366**|CLEVERSON COSTA GONCALVES|36704076000145|CLEVERSON GRAFICA DIGITAL LTDA
36166525|3521806|304|03|2025|1|069***379**|FERNANDA XUSTER BARAN DOS SANTOS|46945369000178|FR INDUSTRIA E COMERCIO DE TUBOS E CONEXOES LTDA
36166664|3521946|303|02|2025|1|145***918**|MARCO ANTONIO FURLANETTO BENTO|40697295000111|PET SEM FRONTEIRAS LTDA
36166662|3521950|303|02|2025|1|081***986**|THIAGO MATOZINHOS GONCALVES|42918493000193|THIAGO MATOZINHOS GONCALVES LTDA
36324976|3679740|303|02|2025|2|135***976**|LUCAS PEREIRA DE ARAUJO|41210417000166|AKT EDICOES MUSICAIS LTDA
