seq_rsp|seq_orgao|cod_orgao|seq_unidade|num_ano_referencia|num_mes_referencia|seq_empenho_origem|num_empenho_origem|dat_empenho_origem|num_ano_emp_origem|dsc_dotacao_ori|vlr_original|vlr_saldo_ant_proc|vlr_saldo_ant_nao_proc
19225619|303|02|623261|2025|1|138541079|6720|20241206|2024|02.02007001.12.122.0002.2001.3.1.90.94.01|6189.63|6189.63|0.0
19225620|303|02|623234|2025|1|138541002|6919|20241217|2024|02.02017.10.302.0039.2086.3.1.90.13.01|1246.59|1246.59|0.0
19225621|303|02|623237|2025|1|138540927|6906|20241217|2024|02.02012.08.122.0141.2244.3.1.90.13.01|552.34|552.34|0.0
19225622|303|02|623234|2025|1|138541207|6989|20241218|2024|02.02017.10.302.0080.2104.3.3.90.39.60|9400.0|0.0|4700.0
19225623|303|02|623237|2025|1|138540768|7235|20241230|2024|02.02012.08.122.0226.2410.3.1.90.13.03|21172.92|20490.48|0.0
19225624|303|02|623250|2025|1|138540776|7281|20241231|2024|02.02001.08.244.0170.2219.3.3.50.43.00|100000.0|0.0|100000.0
19225625|303|02|623251|2025|1|138541262|6725|20241209|2024|02.02004.04.122.0094.2170.3.3.90.39.43|14633.88|0.0|7599.38
19225626|303|02|623241|2025|1|100724650|2434|20220510|2022|02.02009.04.122.0070.2125.3.1.90.94.01|3566.27|3566.27|0.0
19225627|303|02|623237|2025|1|138541059|6909|20241217|2024|02.02012.08.243.0142.2448.3.1.90.13.01|804.19|804.19|0.0
19225628|303|02|623234|2025|1|138541047|7249|20241230|2024|02.02017.10.302.0080.2104.3.1.90.13.03|3816.71|3816.71|0.0
19225629|303|02|623234|2025|1|138541025|7247|20241230|2024|02.02017.10.122.0042.2094.3.1.90.13.03|3037.3|3037.3|0.0
19225630|303|02|623234|2025|1|138540783|7200|20241230|2024|02.02017.10.302.0080.2104.3.1.90.13.01|764.02|764.02|0.0
19225631|303|02|623251|2025|1|138540845|7164|20241230|2024|02.02004.04.122.0086.2166.3.1.90.13.01|1840.46|1840.46|0.0
19225632|303|02|623234|2025|1|138541247|7264|20241230|2024|02.02017.10.301.0029.2063.3.3.90.30.09|285.0|0.0|285.0
19225633|303|02|623238|2025|1|138541054|6887|20241217|2024|02.02002.02.122.0173.2321.3.1.90.13.01|2653.19|2653.19|0.0
19225634|303|02|623261|2025|1|138541190|6894|20241217|2024|02.02007001.12.365.0003.1189.3.1.90.13.01|16254.87|16254.87|0.0
19225635|303|02|623262|2025|1|138540974|6902|20241217|2024|02.02010001.10.122.0040.2089.3.1.90.13.01|3004.99|3004.99|0.0
19225636|303|02|623234|2025|1|138540741|7203|20241230|2024|02.02017.10.302.0048.2403.3.1.90.13.01|1480.33|1480.33|0.0
19225637|303|02|623234|2025|1|138541067|6914|20241217|2024|02.02017.10.301.0029.2063.3.1.90.13.01|8432.48|8432.48|0.0
19225638|303|02|623241|2025|1|138540955|6901|20241217|2024|02.02009.04.122.0070.2125.3.1.90.13.01|16075.15|16075.15|0.0
19225639|303|02|623241|2025|1|138541062|7181|20241230|2024|02.02009.04.122.0070.2125.3.1.90.13.01|16122.92|16122.92|0.0
19225640|303|02|623256|2025|1|138541022|7237|20241230|2024|02.02015.06.122.0145.2257.3.1.90.13.03|2878.49|2878.49|0.0
19225641|303|02|623250|2025|1|130415111|4190|20240712|2024|02.02001.04.122.0164.2214.3.3.90.39.05|571204.8|0.0|21204.8
19225642|303|02|623246|2025|1|138541014|7166|20241230|2024|02.02005.18.122.0011.2028.3.1.90.13.01|1903.73|1903.73|0.0
19225643|303|02|623234|2025|1|136239761|5861|20241007|2024|02.02017.10.301.0029.2063.4.4.90.52.24|650.0|0.0|650.0
19225644|303|02|623261|2025|1|138540967|7219|20241230|2024|02.02007001.12.122.0002.2456.3.1.90.13.03|221.94|221.94|0.0
19225645|303|02|623250|2025|1|138540825|6790|20241217|2024|02.02001.04.122.0309.1242.3.3.50.43.00|136880.64|136880.64|0.0
19225646|303|02|623261|2025|1|138541133|7171|20241230|2024|02.02007001.12.365.0221.2407.3.1.90.13.01|14510.21|14510.21|0.0
19225647|303|02|623235|2025|1|138540797|7167|20241230|2024|02.02006.04.122.0164.2214.3.1.90.13.01|3482.71|3482.71|0.0
19225648|303|02|623234|2025|1|130415038|4267|20240716|2024|02.02017.10.301.0029.1071.4.4.90.51.02|355864.0|0.0|300864.0
19225649|303|02|623259|2025|1|138540793|7222|20241230|2024|02.02007003.12.366.0003.1005.3.1.90.13.03|233.51|233.51|0.0
19225650|303|02|623234|2025|1|138541221|6992|20241218|2024|02.02017.10.301.0029.2063.3.3.90.39.60|1339.2|0.0|669.6
19225651|303|02|623234|2025|1|138540984|7242|20241230|2024|02.02017.10.301.0031.2066.3.1.90.13.03|11026.07|11026.07|0.0
19225652|303|02|623248|2025|1|138540755|7205|20241230|2024|02.02020.04.122.0223.2408.3.1.90.13.01|1021.69|1021.69|0.0
19225653|303|02|623234|2025|1|136214936|5438|20240925|2024|02.02017.10.301.0029.2063.4.4.90.52.24|14885.0|0.0|14885.0
19225654|303|02|623234|2025|1|138541089|7201|20241230|2024|02.02017.10.305.0049.2399.3.1.90.13.01|8480.74|8480.74|0.0
19225655|303|02|623234|2025|1|128978453|3375|20240605|2024|02.02017.10.302.0113.2394.4.4.71.70.00|21564.39|0.0|4364.39
19225656|303|02|623241|2025|1|138541225|6687|20241202|2024|02.02009.15.451.0072.1087.4.4.90.51.01|532697.41|0.0|506342.47
19225657|303|02|623261|2025|1|138540882|7215|20241230|2024|02.02007001.12.122.0002.2001.3.1.90.13.03|6674.93|6488.81|0.0
19225658|303|02|623234|2025|1|138541200|6988|20241218|2024|02.02017.10.301.0029.2063.3.3.90.39.60|2678.4|0.0|1339.2
19225659|303|02|623234|2025|1|136239736|5817|20241004|2024|02.02017.10.301.0029.2063.3.3.90.39.14|15073.68|0.0|8539.78
19225660|303|02|623261|2025|1|138540743|7217|20241230|2024|02.02007001.12.361.0027.2049.3.1.90.13.03|4004.38|4004.38|0.0
19225661|303|02|623259|2025|1|138541090|7224|20241230|2024|02.02007003.12.365.0003.1186.3.1.90.13.03|6873.15|6687.03|0.0
19225662|303|02|623234|2025|1|138541189|7238|20241230|2024|02.02017.10.302.0028.2059.3.1.90.13.03|9377.32|9377.32|0.0
19225663|303|02|623262|2025|1|138540788|7182|20241230|2024|02.02010001.10.122.0040.2089.3.1.90.13.01|3141.25|3141.25|0.0
19225664|303|02|623233|2025|1|136214880|5234|20240902|2024|02.02014.08.122.0331.2495.3.3.90.48.00|3600.0|0.0|1200.0
19225665|303|02|623241|2025|1|136214947|5455|20240925|2024|02.02009.04.122.0070.2125.3.3.90.39.60|4500.0|0.0|1817.01
19225666|303|02|623234|2025|1|138541255|7269|20241230|2024|02.02017.10.301.0029.2063.3.3.90.30.09|1280.0|0.0|1280.0
19225667|303|02|623260|2025|1|136239735|5755|20241001|2024|02.02007002.12.361.0003.2062.3.3.90.39.60|29462.4|0.0|7365.6
19225668|303|02|623234|2025|1|138541222|6987|20241218|2024|02.02017.10.301.0029.2063.3.3.90.39.60|2008.8|0.0|1004.4
19225669|303|02|623234|2025|1|138540822|7248|20241230|2024|02.02017.10.302.0043.2099.3.1.90.13.03|8209.88|8209.88|0.0
19225670|303|02|623234|2025|1|138541246|7266|20241230|2024|02.02017.10.301.0029.2063.3.3.90.30.09|6434.4|0.0|6434.4
19225671|303|02|623261|2025|1|138541185|6896|20241217|2024|02.02007001.12.122.0002.2001.3.1.90.13.01|6072.97|6072.97|0.0
19225672|303|02|623234|2025|1|138541169|7241|20241230|2024|02.02017.10.301.0029.2063.3.1.90.13.03|2964.46|2964.46|0.0
19225673|303|02|623262|2025|1|138540798|6903|20241217|2024|02.02010001.10.122.0047.2110.3.1.90.13.01|4809.71|4809.71|0.0
19225674|303|02|623247|2025|1|138541109|7231|20241230|2024|02.02011.08.243.0175.2218.3.1.90.13.03|2037.05|2037.05|0.0
19225675|303|02|623234|2025|1|124841737|1610|20240325|2024|02.02017.10.305.0049.2399.3.3.90.30.35|4890.0|0.0|4890.0
19225676|303|02|623234|2025|1|136215030|5374|20240917|2024|02.02017.10.122.0032.2069.3.3.90.30.09|622.83|0.0|622.83
19225677|303|02|623234|2025|1|128978431|3657|20240624|2024|02.02017.10.305.0049.2399.3.3.90.36.14|12000.0|1500.0|0.0
19225678|303|02|623240|2025|1|136214877|5421|20240923|2024|02.02008.27.813.0211.1265.3.3.90.30.39|1198.0|0.0|1198.0
19225679|303|02|623234|2025|1|138540774|6912|20241217|2024|02.02017.10.302.0028.2059.3.1.90.13.01|4960.11|4960.11|0.0
19225680|303|02|623231|2025|1|138540814|7163|20241230|2024|02.02003.04.124.0084.2429.3.1.90.13.01|597.38|597.38|0.0
19225681|303|02|623251|2025|1|138540890|7280|20241230|2024|02.02004.04.122.0094.2170.3.1.90.13.03|1.32|1.32|0.0
19225682|303|02|623234|2025|1|138541168|7246|20241230|2024|02.02017.10.302.0039.2086.3.1.90.13.03|2489.06|2489.06|0.0
19225683|303|02|623260|2025|1|136239816|6271|20241031|2024|02.02007002.12.361.0019.2474.3.3.90.39.99|70000.0|0.0|5330.2
19225684|303|02|623234|2025|1|138541261|7265|20241230|2024|02.02017.10.301.0029.2063.3.3.90.30.09|2242.0|0.0|2242.0
19225685|303|02|623234|2025|1|138541238|7259|20241230|2024|02.02017.10.302.0048.2112.3.3.50.43.00|605580.0|0.0|605580.0
19225686|303|02|623234|2025|1|138541013|7245|20241230|2024|02.02017.10.301.0035.2074.3.1.90.13.03|4665.74|4665.74|0.0
19225687|303|02|623250|2025|1|138540986|6886|20241217|2024|02.02001.04.122.0164.2214.3.1.90.13.01|2196.66|2196.66|0.0
19225688|303|02|623259|2025|1|138540785|7221|20241230|2024|02.02007003.12.361.0003.1004.3.1.90.13.03|9505.97|8761.49|0.0
19225689|303|02|623233|2025|1|138541080|7188|20241230|2024|02.02014.08.122.0166.2314.3.1.90.13.01|1535.34|1535.34|0.0
19225690|303|02|623259|2025|1|138540914|7179|20241230|2024|02.02007003.12.365.0220.2406.3.1.90.13.01|6778.47|6778.47|0.0
19225691|303|02|623234|2025|1|138541223|7273|20241230|2024|02.02017.10.301.0029.2063.3.3.90.30.09|603.5|0.0|603.5
19225692|303|02|623248|2025|1|138540894|7255|20241230|2024|02.02020.04.122.0223.2408.3.1.90.13.03|2906.07|2906.07|0.0
19225693|303|02|623234|2025|1|138540901|7194|20241230|2024|02.02017.10.122.0032.2069.3.1.90.13.01|1120.38|1120.38|0.0
19225694|303|02|623259|2025|1|138540887|7174|20241230|2024|02.02007003.12.361.0003.1004.3.1.90.13.01|228.22|228.22|0.0
19225695|303|02|623234|2025|1|138541244|7260|20241230|2024|02.02017.10.301.0029.2063.3.3.90.30.09|1165.5|0.0|1165.5
19225696|303|02|623234|2025|1|138541245|6993|20241218|2024|02.02017.10.301.0029.2063.3.3.90.39.99|70000.0|0.0|16837.05
19225697|303|02|623241|2025|1|136239731|5972|20241022|2024|02.02009.15.451.0072.1087.4.4.90.51.01|690000.0|0.0|619225.02
19225698|303|02|623243|2025|1|138541050|6926|20241217|2024|02.02019.04.122.0164.2214.3.1.90.13.01|978.16|978.16|0.0
19225699|303|02|623231|2025|1|138541137|6889|20241217|2024|02.02003.04.124.0084.2429.3.1.90.13.01|597.38|597.38|0.0
19225700|303|02|623237|2025|1|138541156|6904|20241217|2024|02.02012.08.122.0144.1142.3.1.90.13.01|990.88|990.88|0.0
19225701|303|02|623240|2025|1|138540886|7180|20241230|2024|02.02008.27.122.0081.2148.3.1.90.13.01|2548.51|2548.51|0.0
19225702|303|02|623261|2025|1|128978367|3361|20240605|2024|02.02007001.12.122.0002.2002.3.3.90.40.02|7400.0|0.0|2775.0
19225703|303|02|623234|2025|1|138540847|6920|20241217|2024|02.02017.10.122.0042.2094.3.1.90.13.01|1816.72|1816.72|0.0
19225704|303|02|623231|2025|1|138540748|7162|20241230|2024|02.02003.04.124.0085.2159.3.1.90.13.01|189.51|189.51|0.0
19225705|303|02|623261|2025|1|138540833|7169|20241230|2024|02.02007001.12.122.0002.2001.3.1.90.13.01|2420.81|2420.81|0.0
19225706|303|02|623241|2025|1|138541111|6708|20241204|2024|02.02009.04.122.0070.2125.3.1.90.94.01|7854.92|7854.92|0.0
19225707|303|02|623240|2025|1|138540811|7227|20241230|2024|02.02008.27.122.0081.2148.3.1.90.13.03|7035.83|6849.71|0.0
19225708|303|02|623244|2025|1|138541164|7256|20241230|2024|02.02021.04.122.0224.2409.3.1.90.13.03|1127.85|1127.85|0.0
19225709|303|02|623234|2025|1|138541218|6990|20241218|2024|02.02017.10.302.0080.2104.3.3.90.39.60|669.6|0.0|334.8
19225710|303|02|623261|2025|1|136239704|5955|20241022|2024|02.02007001.12.365.0003.1042.4.4.90.51.02|325000.0|0.0|46985.21
19225711|303|02|623234|2025|1|138541029|6917|20241217|2024|02.02017.10.122.0032.2069.3.1.90.13.01|1231.86|1231.86|0.0
19225712|303|02|623241|2025|1|138541139|7228|20241230|2024|02.02009.04.122.0070.2125.3.1.90.13.03|31053.54|31053.54|0.0
19225713|303|02|623259|2025|1|138541023|7177|20241230|2024|02.02007003.12.365.0003.1186.3.1.90.13.01|5222.02|5222.02|0.0
19225714|303|02|623234|2025|1|138541256|7267|20241230|2024|02.02017.10.301.0029.2063.3.3.90.30.09|3111.52|0.0|3111.52
19225715|303|02|623259|2025|1|138541130|7176|20241230|2024|02.02007003.12.367.0003.1069.3.1.90.13.01|4843.52|4843.52|0.0
19225716|303|02|623234|2025|1|138540876|6922|20241217|2024|02.02017.10.302.0080.2104.3.1.90.13.01|1914.24|1914.24|0.0
19225717|303|02|623234|2025|1|136270709|6648|20241127|2024|02.02017.10.305.0049.2399.3.3.90.30.07|1637.6|0.0|467.7
19225718|303|02|623261|2025|1|138541104|6898|20241217|2024|02.02007001.12.365.0221.2407.3.1.90.13.01|20729.85|20729.85|0.0
19225719|303|02|623237|2025|1|138541178|6908|20241217|2024|02.02012.08.122.0226.2410.3.1.90.13.01|7776.56|7776.56|0.0
19225720|303|02|623248|2025|1|138541138|6927|20241217|2024|02.02020.04.122.0223.2408.3.1.90.13.01|892.54|892.54|0.0
19225721|303|02|623250|2025|1|136239787|5885|20241010|2024|02.02001.04.122.0164.2214.3.3.50.41.00|5781.0|0.0|1927.0
19225722|303|02|623240|2025|1|136239750|5902|20241016|2024|02.02008.27.813.0211.1265.3.3.90.30.14|101.2|0.0|101.2
19225723|303|02|623261|2025|1|138540994|7172|20241230|2024|02.02007001.12.122.0002.2456.3.1.90.13.01|163.68|163.68|0.0
19225724|303|02|623259|2025|1|126501240|2182|20240422|2024|02.02007003.12.361.0003.2062.3.3.90.39.14|15750.0|0.0|3683.34
19225725|303|02|623261|2025|1|138540821|6899|20241217|2024|02.02007001.12.122.0002.2456.3.1.90.13.01|163.68|163.68|0.0
19225726|303|02|623234|2025|1|136270759|6325|20241111|2024|02.02017.10.122.0032.2069.3.3.90.30.09|8341.0|0.0|8019.4
19225727|303|02|623256|2025|1|138540824|6911|20241217|2024|02.02015.06.122.0145.2257.3.1.90.13.01|1008.99|1008.99|0.0
19225728|303|02|623234|2025|1|136270753|6331|20241111|2024|02.02017.10.122.0032.2069.3.3.90.30.09|18721.34|0.0|1447.97
19225729|303|02|623261|2025|1|130415011|4092|20240708|2024|02.02007001.12.361.0003.1200.4.4.90.51.02|1094876.0|0.0|1048743.58
19225730|303|02|623251|2025|1|138541193|7210|20241230|2024|02.02004.04.122.0086.2166.3.1.90.13.03|2598.18|2598.18|0.0
19225731|303|02|623234|2025|1|138541028|6924|20241217|2024|02.02017.10.305.0049.2399.3.1.90.13.01|8469.24|8469.24|0.0
19225732|303|02|623234|2025|1|138540976|6921|20241217|2024|02.02017.10.302.0043.2099.3.1.90.13.01|3065.11|3065.11|0.0
19225733|303|02|623234|2025|1|138541019|6915|20241217|2024|02.02017.10.301.0029.2063.3.1.90.13.01|559.91|559.91|0.0
19225734|303|02|623234|2025|1|138540961|6918|20241217|2024|02.02017.10.301.0035.2074.3.1.90.13.01|1298.71|1298.71|0.0
19225735|303|02|623234|2025|1|138541263|7271|20241230|2024|02.02017.10.301.0029.2063.3.3.90.30.09|4810.5|0.0|4810.5
19225736|303|02|623250|2025|1|124390406|29|20240102|2024|02.02001.06.181.0169.2217.3.3.90.39.99|7200.0|767.7|0.0
19225737|303|02|623240|2025|1|138540761|7257|20241230|2024|02.02008.27.813.0211.1265.3.1.90.04.99|608.75|608.75|0.0
19225738|303|02|623234|2025|1|130415087|4633|20240731|2024|02.02017.10.302.0080.2104.3.3.90.30.07|35987.0|0.0|10120.48
19225739|303|02|623251|2025|1|138541203|6776|20241213|2024|02.02004.04.122.0094.2170.3.3.90.32.99|714000.0|705432.0|0.0
19225740|303|02|623248|2025|1|138540858|6680|20241202|2024|02.02020.04.392.0223.2491.3.3.90.35.04|49700.0|0.0|49700.0
19225741|303|02|623237|2025|1|138541198|6795|20241217|2024|02.02012.08.122.0226.2410.3.3.90.30.07|8986.35|0.0|8986.35
19225742|303|02|623261|2025|1|115590751|1822|20230405|2023|02.02007001.12.361.0003.1200.4.4.90.51.02|1980360.11|0.0|773159.07
19225743|303|02|623237|2025|1|138540954|7232|20241230|2024|02.02012.08.122.0144.1142.3.1.90.13.03|2810.68|2810.68|0.0
19225744|303|02|623237|2025|1|138541100|7186|20241230|2024|02.02012.08.122.0141.2244.3.1.90.13.01|754.78|754.78|0.0
19225745|303|02|623237|2025|1|138540879|7187|20241230|2024|02.02012.08.122.0226.2410.3.1.90.13.01|9002.77|9002.77|0.0
19225746|303|02|623234|2025|1|128978238|3357|20240605|2024|02.02017.10.301.0029.2063.3.3.90.30.10|8686.7|0.0|526.2
19225747|303|02|623261|2025|1|136270720|6303|20241105|2024|02.02007001.12.365.0003.1042.4.4.90.51.02|626000.0|0.0|64187.71
19225748|303|02|623234|2025|1|138540903|7252|20241230|2024|02.02017.10.305.0049.2399.3.1.90.13.03|611.59|611.59|0.0
19225749|303|02|623234|2025|1|138541008|6925|20241217|2024|02.02017.10.302.0048.2403.3.1.90.13.01|1702.12|1702.12|0.0
19225750|303|02|623241|2025|1|128977985|3684|20240627|2024|02.02009.15.451.0072.1087.3.3.90.39.13|218994.0|0.0|37125.19
19225751|303|02|623234|2025|1|130415076|4094|20240708|2024|02.02017.10.301.0029.2063.3.3.90.30.35|45041.0|0.0|1214.1
19225752|303|02|623238|2025|1|138540772|7161|20241230|2024|02.02002.02.122.0173.2321.3.1.90.13.01|2876.92|2876.92|0.0
19225753|303|02|623234|2025|1|138541088|7195|20241230|2024|02.02017.10.301.0035.2074.3.1.90.13.01|1298.71|1298.71|0.0
19225754|303|02|623234|2025|1|138540995|7197|20241230|2024|02.02017.10.122.0042.2094.3.1.90.13.01|2239.74|2239.74|0.0
19225755|303|02|623261|2025|1|138541016|7168|20241230|2024|02.02007001.12.361.0003.1191.3.1.90.13.01|82053.47|82053.47|0.0
19225756|303|02|623237|2025|1|138541040|7184|20241230|2024|02.02012.08.122.0144.1142.3.1.90.13.01|1114.21|1114.21|0.0
19225757|303|02|623253|2025|1|138540953|6706|20241204|2024|02.02013.16.122.0122.1119.3.3.90.48.00|400.0|400.0|0.0
19225758|303|02|623235|2025|1|136270714|6286|20241101|2024|02.02006.04.122.0164.2214.3.3.90.32.99|16200.0|0.0|16200.0
19225759|303|02|623237|2025|1|131735080|4915|20240827|2024|02.02012.08.122.0226.2410.3.3.90.30.07|6629.1|0.0|889.25
19220654|304|03|623258|2025|1|137515216|470|20241220|2024|03.06001.17.512.0033.2054.3.1.90.13.01|1050.35|1050.35|0.0
19220655|304|03|623258|2025|1|137515199|487|20241227|2024|03.06001.17.512.0079.2053.3.1.90.13.01|18098.75|18098.75|0.0
19220656|304|03|623258|2025|1|137515238|488|20241227|2024|03.06001.17.512.0033.2054.3.1.90.13.01|1843.37|1843.37|0.0
19220657|304|03|623258|2025|1|137515202|486|20241227|2024|03.06001.17.122.0030.2050.3.1.90.13.01|9632.78|9632.78|0.0
19220658|304|03|623258|2025|1|137515235|469|20241220|2024|03.06001.17.512.0079.2053.3.1.90.13.01|8480.75|8480.75|0.0
19220659|304|03|623258|2025|1|137515204|490|20241227|2024|03.06001.17.512.0079.2053.3.1.90.13.03|47056.75|46870.63|0.0
19220660|304|03|623258|2025|1|137515225|468|20241220|2024|03.06001.17.122.0030.2050.3.1.90.13.01|4271.45|4271.45|0.0
19220661|304|03|623258|2025|1|137515213|489|20241227|2024|03.06001.17.122.0030.2050.3.1.90.13.03|25286.18|25286.18|0.0
19220662|304|03|623258|2025|1|127487732|195|20240515|2024|03.06001.17.512.0079.2053.3.3.90.39.13|35595.79|15711.75|0.0
19220663|304|03|623258|2025|1|137515215|461|20241219|2024|03.06001.17.512.0079.2053.3.1.90.13.03|1281.53|1165.73|0.0
19220664|304|03|623258|2025|1|135358744|385|20241029|2024|03.06001.17.512.0033.2054.3.3.90.30.24|1075.0|0.0|1075.0
19220665|304|03|623258|2025|1|137515220|475|20241230|2024|03.06001.17.122.0030.2050.3.3.90.30.16|99.34|0.0|99.34
19220666|304|03|623258|2025|1|137515208|491|20241227|2024|03.06001.17.512.0033.2054.3.1.90.13.03|4838.83|4838.83|0.0
19220667|304|03|623258|2025|1|124385385|13|20240115|2024|03.06001.17.512.0033.2054.3.3.90.39.13|57948.75|10627.22|0.0
19220668|304|03|623258|2025|1|124511765|99|20240229|2024|03.06001.17.512.0079.2053.3.3.90.39.14|259620.0|45098.95|0.0
19220669|304|03|623258|2025|1|137515234|476|20241230|2024|03.06001.17.122.0030.2050.3.3.90.30.16|10.45|0.0|10.45
19220670|304|03|623258|2025|1|137515223|493|20241219|2024|03.06001.17.512.0079.2053.3.1.90.13.01|68.21|68.21|0.0
19225862|302|01|623257|2025|1|137342213|449|20241230|2024|01.01001.01.031.0001.2334.3.1.90.11.01|1664.21|1664.21|0.0
19225863|302|01|623257|2025|1|137342231|419|20241211|2024|01.01001.01.031.0001.1178.4.4.90.52.24|6700.0|0.0|6700.0
19225864|302|01|623257|2025|1|131369288|294|20240830|2024|01.01001.01.031.0001.2332.3.3.90.39.48|9289.7|0.0|629.95
19225865|302|01|623257|2025|1|137342200|427|20241211|2024|01.01001.01.031.0001.1178.4.4.90.52.24|12500.0|0.0|12500.0
19225866|302|01|623257|2025|1|137342223|445|20241223|2024|01.01001.01.031.0001.2332.3.3.90.39.43|1500.0|0.0|1467.4
19225867|302|01|623257|2025|1|124545596|89|20240223|2024|01.01001.01.031.0001.2339.3.3.90.39.99|40000.0|0.0|2881.58
19225868|302|01|623257|2025|1|130150145|234|20240711|2024|01.01001.01.031.0001.2335.3.3.90.30.07|5000.0|0.0|1844.0
19225869|302|01|623257|2025|1|135716420|357|20241104|2024|01.01001.01.031.0001.2332.3.3.90.39.12|8616.0|4074.66|0.0
19225870|302|01|623257|2025|1|124421068|18|20240102|2024|01.01001.01.031.0001.2334.3.3.90.30.07|12338.1|408.3|0.0
19225871|302|01|623257|2025|1|124421028|34|20240102|2024|01.01001.01.031.0001.2332.3.3.90.39.43|28700.0|0.0|2237.6
19225872|302|01|623257|2025|1|137342218|438|20241219|2024|01.01001.01.031.0001.2332.3.1.90.13.01|8238.67|8238.59|0.0
19225873|302|01|623257|2025|1|135716409|359|20241112|2024|01.01001.01.031.0001.2332.3.3.90.39.27|68952.0|2845.2|0.0
19225874|302|01|623257|2025|1|128654894|207|20240607|2024|01.01001.01.031.0001.2335.3.3.90.31.00|7180.0|0.0|4060.0
19225875|302|01|623257|2025|1|137342229|418|20241211|2024|01.01001.01.031.0001.1178.4.4.90.52.29|470.0|0.0|470.0
19225876|302|01|623257|2025|1|124421018|1|20240102|2024|01.01001.01.031.0001.2332.3.3.90.39.33|10000.0|205.92|0.0
19225877|302|01|623257|2025|1|137342216|439|20241219|2024|01.01001.01.031.0001.2334.3.1.90.13.01|433.33|433.32|0.0
19225878|302|01|623257|2025|1|137342236|425|20241211|2024|01.01001.01.031.0001.1178.4.4.90.52.21|388.5|0.0|388.5
19225879|302|01|623257|2025|1|132442219|325|20240930|2024|01.01001.01.031.0001.2332.3.3.90.40.02|50000.0|350.0|0.0
19225880|302|01|623257|2025|1|137342207|422|20241211|2024|01.01001.01.031.0001.1178.4.4.90.52.06|13041.5|0.0|13041.5
19225881|302|01|623257|2025|1|137342215|424|20241211|2024|01.01001.01.031.0001.2334.3.3.90.30.22|345.0|345.0|0.0
19225882|302|01|623257|2025|1|137342214|415|20241211|2024|01.01001.01.031.0001.1178.4.4.90.52.24|11000.0|0.0|11000.0
19225883|302|01|623257|2025|1|131369299|291|20240830|2024|01.01001.01.031.0001.2337.3.3.90.39.48|1800.0|0.0|1800.0
19225884|302|01|623257|2025|1|131369287|297|20240830|2024|01.01001.01.031.0001.2335.3.3.90.39.48|1290.0|0.0|1290.0
19225885|302|01|623257|2025|1|137342211|417|20241211|2024|01.01001.01.031.0001.1178.4.4.90.52.24|7690.0|0.0|7690.0
19225886|302|01|623257|2025|1|137342212|441|20241219|2024|01.01001.01.031.0001.2330.3.1.90.13.03|14161.49|14161.49|0.0
19225887|302|01|623257|2025|1|137342221|444|20241219|2024|01.01001.01.031.0001.2466.3.1.90.13.03|381.87|381.87|0.0
19225888|302|01|623257|2025|1|137342209|440|20241219|2024|01.01001.01.031.0001.2466.3.1.90.13.01|339.44|339.44|0.0
19225889|302|01|623257|2025|1|135716427|361|20241112|2024|01.01001.01.031.0001.2330.3.3.90.39.27|7969.0|563.35|0.0
19225890|302|01|623257|2025|1|132442211|306|20240927|2024|01.01001.01.031.0001.2330.3.3.90.40.02|2349.84|587.46|0.0
19225891|302|01|623257|2025|1|131369265|288|20240830|2024|01.01001.01.031.0001.2332.3.3.90.39.48|993.6|828.0|0.0
19225892|302|01|623257|2025|1|137342234|448|20241230|2024|01.01001.01.031.0001.2332.3.1.90.11.01|5354.47|5354.47|0.0
19225893|302|01|623257|2025|1|131369266|266|20240823|2024|01.01001.01.031.0001.2492.3.3.90.39.60|43361.12|0.0|10840.28
19225894|302|01|623257|2025|1|135716428|355|20241101|2024|01.01001.01.031.0001.2335.3.3.90.39.99|3775.0|0.0|3775.0
19225895|302|01|623257|2025|1|137342225|443|20241219|2024|01.01001.01.031.0001.2334.3.1.90.13.03|487.5|487.5|0.0
19225896|302|01|623257|2025|1|137342202|421|20241211|2024|01.01001.01.031.0001.2334.3.3.90.30.21|1044.99|1044.99|0.0
19225897|302|01|623257|2025|1|132442200|305|20240927|2024|01.01001.01.031.0001.2332.3.3.90.39.05|5910.0|0.0|1970.0
19225898|302|01|623257|2025|1|135716415|358|20241104|2024|01.01001.01.031.0001.2337.3.3.90.39.44|1235.4|0.0|1235.4
19225899|302|01|623257|2025|1|137342201|423|20241211|2024|01.01001.01.031.0001.1178.4.4.90.52.18|2520.0|0.0|2520.0
19225900|302|01|623257|2025|1|137342206|442|20241219|2024|01.01001.01.031.0001.2332.3.1.90.13.03|9268.57|9268.57|0.0
19225901|302|01|623257|2025|1|135716417|368|20241122|2024|01.01001.01.031.0001.2332.3.3.90.40.06|7500.0|0.0|3750.0
19225902|302|01|623257|2025|1|137342199|416|20241211|2024|01.01001.01.031.0001.1178.4.4.90.52.24|1000.0|0.0|1000.0
19202723|305|04|623229|2025|1|130030118|40|20240703|2024|04.05001.13.391.0328.1259.3.3.90.39.05|19826.73|0.0|8000.0
19202724|305|04|623229|2025|1|130030114|39|20240703|2024|04.05001.13.391.0328.1259.3.3.90.39.05|19826.73|0.0|11500.0
19202725|305|04|623229|2025|1|88062948|16|20220322|2022|04.05001.13.391.0307.1241.3.3.90.31.00|222144.86|0.0|155501.4
19202726|305|04|623229|2025|1|137261061|77|20241227|2024|04.05001.13.122.0061.2093.3.1.90.13.03|2131.29|2131.29|0.0
19225760|303|02|623234|2025|1|138541033|7250|20241230|2024|02.02017.10.302.0080.2104.3.1.90.13.03|3685.9|3685.9|0.0
19225761|303|02|623237|2025|1|138540861|6907|20241217|2024|02.02012.08.122.0141.2244.3.1.90.13.01|221.39|221.39|0.0
19225762|303|02|623237|2025|1|138541070|6905|20241217|2024|02.02012.08.244.0130.2230.3.1.90.13.01|196.72|196.72|0.0
19225763|303|02|623234|2025|1|138541057|7196|20241230|2024|02.02017.10.302.0039.2086.3.1.90.13.01|1275.06|1275.06|0.0
19225764|303|02|623261|2025|1|138540997|7170|20241230|2024|02.02007001.12.361.0027.2049.3.1.90.13.01|2532.43|2532.43|0.0
19225765|303|02|623234|2025|1|138541153|7193|20241230|2024|02.02017.10.301.0031.2066.3.1.90.13.01|5343.4|5343.4|0.0
19225766|303|02|623251|2025|1|138540936|7211|20241230|2024|02.02004.04.122.0094.2170.3.1.90.13.03|23816.93|22931.83|0.0
19225767|303|02|623234|2025|1|138541141|6923|20241217|2024|02.02017.10.302.0080.2104.3.1.90.13.01|764.03|764.03|0.0
19225768|303|02|623234|2025|1|138541184|7244|20241230|2024|02.02017.10.122.0032.2069.3.1.90.13.03|2323.84|2323.84|0.0
19225769|303|02|623235|2025|1|138540957|7213|20241230|2024|02.02006.04.122.0164.2214.3.1.90.13.03|6018.82|5894.74|0.0
19225770|303|02|623241|2025|1|130415002|4601|20240729|2024|02.02009.15.451.0072.1087.4.4.90.51.01|506695.01|0.0|56695.15
19225771|303|02|623234|2025|1|138541182|6916|20241217|2024|02.02017.10.301.0031.2066.3.1.90.13.01|13629.62|13629.62|0.0
19225772|303|02|623234|2025|1|127231210|2944|20240520|2024|02.02017.10.122.0032.2069.3.3.90.30.09|10401.25|0.0|1571.8
19225773|303|02|623241|2025|1|131735074|4870|20240826|2024|02.02009.15.451.0072.1087.4.4.90.51.01|384000.0|0.0|2560.41
19225774|303|02|623251|2025|1|138541214|7012|20241220|2024|02.02004.04.122.0094.2170.3.3.90.35.01|12460.08|11862.0|0.0
19225775|303|02|623234|2025|1|136270754|6318|20241111|2024|02.02017.10.122.0032.2069.3.3.90.30.09|417.99|0.0|417.99
19225776|303|02|623234|2025|1|138540938|7240|20241230|2024|02.02017.10.301.0029.2063.3.1.90.13.03|10672.04|10672.04|0.0
19225777|303|02|623261|2025|1|138541001|7218|20241230|2024|02.02007001.12.365.0221.2407.3.1.90.13.03|20043.39|20043.39|0.0
19225778|303|02|623234|2025|1|138540985|7258|20241230|2024|02.02017.10.302.0048.2112.3.3.50.43.00|92329.03|92329.03|0.0
19225779|303|02|623260|2025|1|130414636|4040|20240701|2024|02.02007002.12.361.0003.2062.3.3.90.39.61|5780.67|0.0|5780.67
19225780|303|02|623250|2025|1|138540842|7160|20241230|2024|02.02001.04.122.0164.2214.3.1.90.13.01|2288.17|2288.17|0.0
19225781|303|02|623251|2025|1|138541000|6891|20241217|2024|02.02004.04.122.0094.2170.3.1.90.13.01|8634.53|8634.53|0.0
19225782|303|02|623234|2025|1|138540780|7253|20241230|2024|02.02017.10.302.0048.2403.3.1.90.13.03|3117.59|3117.59|0.0
19225783|303|02|623238|2025|1|138540862|7207|20241230|2024|02.02002.02.122.0173.2321.3.1.90.13.03|5029.11|5029.11|0.0
19225784|303|02|623262|2025|1|138540854|7183|20241230|2024|02.02010001.10.122.0047.2110.3.1.90.13.01|4782.24|4782.24|0.0
19225785|303|02|623262|2025|1|138541052|7229|20241230|2024|02.02010001.10.122.0040.2089.3.1.90.13.03|5522.33|5460.29|0.0
19225786|303|02|623246|2025|1|127231184|2820|20240513|2024|02.02005.18.122.0011.2028.3.3.90.39.99|20000.0|179.77|0.0
19225787|303|02|623234|2025|1|130414998|4632|20240731|2024|02.02017.10.301.0029.2063.3.3.90.30.07|1798.8|0.0|1139.1
19225788|303|02|623253|2025|1|136214652|5233|20240902|2024|02.02013.16.122.0122.1119.3.3.90.48.00|2400.0|0.0|800.0
19225789|303|02|623237|2025|1|136270458|6348|20241111|2024|02.02012.08.242.0136.2240.3.3.50.43.00|42571.8|0.0|15269.87
19225790|303|02|623253|2025|1|136214722|5235|20240902|2024|02.02013.16.122.0122.1119.3.3.90.48.00|2400.0|0.0|800.0
19225791|303|02|623241|2025|1|136239702|5870|20241007|2024|02.02009.15.451.0072.1087.4.4.90.51.01|1237387.76|0.0|219744.65
19225792|303|02|623233|2025|1|138540889|6910|20241217|2024|02.02014.08.122.0166.2314.3.1.90.13.01|1394.57|1394.57|0.0
19225793|303|02|623237|2025|1|128978312|3783|20240628|2024|02.02012.08.241.0142.1141.3.3.50.43.00|17520.0|0.0|9788.16
19225794|303|02|623237|2025|1|138541032|7234|20241230|2024|02.02012.08.122.0141.2244.3.1.90.13.03|3841.54|3717.46|0.0
19225795|303|02|623234|2025|1|131735067|5175|20240827|2024|02.02017.10.305.0049.2399.3.3.90.30.35|4520.0|0.0|2900.0
19225796|303|02|623234|2025|1|138541252|7263|20241230|2024|02.02017.10.301.0029.2063.3.3.90.30.09|3263.7|0.0|3263.7
19225797|303|02|623234|2025|1|128978138|3359|20240605|2024|02.02017.10.301.0029.2063.3.3.90.30.10|2700.0|0.0|2700.0
19225798|303|02|623262|2025|1|138541098|7230|20241230|2024|02.02010001.10.122.0047.2110.3.1.90.13.03|14595.75|14595.75|0.0
19225799|303|02|623237|2025|1|138541010|7233|20241230|2024|02.02012.08.244.0130.2230.3.1.90.13.03|384.17|384.17|0.0
19225800|303|02|623252|2025|1|131735064|4843|20240822|2024|02.02024.08.241.0135.2239.4.4.90.51.02|600000.0|0.0|155248.67
19225801|303|02|623234|2025|1|138541152|7191|20241230|2024|02.02017.10.301.0029.2063.3.1.90.13.01|14015.98|14015.98|0.0
19225802|303|02|623237|2025|1|138540851|7185|20241230|2024|02.02012.08.244.0130.2230.3.1.90.13.01|283.28|283.28|0.0
19225803|303|02|623259|2025|1|138541063|7226|20241230|2024|02.02007003.12.365.0220.2406.3.1.90.13.03|16902.61|16654.45|0.0
19225804|303|02|623261|2025|1|138541161|7216|20241230|2024|02.02007001.12.361.0019.2042.3.1.90.13.03|662.94|662.94|0.0
19225805|303|02|623261|2025|1|138541233|6796|20241217|2024|02.02007001.12.306.0016.2037.3.3.90.30.07|6584.0|0.0|6584.0
19225806|303|02|623259|2025|1|138540904|7173|20241230|2024|02.02007003.12.365.0003.1003.3.1.90.13.01|10747.16|10747.16|0.0
19225807|303|02|623235|2025|1|136270582|6669|20241130|2024|02.02006.04.122.0164.2214.3.3.90.39.99|7052.0|0.0|2676.53
19225808|303|02|623261|2025|1|138540873|7214|20241230|2024|02.02007001.12.361.0003.1191.3.1.90.13.03|127101.01|123534.91|0.0
19225809|303|02|623259|2025|1|138540792|7178|20241230|2024|02.02007003.12.361.0019.2042.3.1.90.13.01|3740.19|3740.19|0.0
19225810|303|02|623243|2025|1|138541092|7204|20241230|2024|02.02019.04.122.0164.2214.3.1.90.13.01|1399.35|1399.35|0.0
19225811|303|02|623259|2025|1|138541004|7223|20241230|2024|02.02007003.12.367.0003.1069.3.1.90.13.03|6568.15|6568.15|0.0
19225812|303|02|623235|2025|1|138541132|6893|20241217|2024|02.02006.04.122.0164.2214.3.1.90.13.01|3057.58|3057.58|0.0
19225813|303|02|623234|2025|1|138541243|7268|20241230|2024|02.02017.10.301.0029.2063.3.3.90.30.09|2341.8|0.0|2341.8
19225814|303|02|623234|2025|1|138541260|7261|20241230|2024|02.02017.10.301.0029.2063.3.3.90.30.09|10466.9|0.0|10466.9
19225815|303|02|623234|2025|1|138541264|7272|20241230|2024|02.02017.10.301.0029.2063.3.3.90.30.09|3499.2|0.0|3499.2
19225816|303|02|623234|2025|1|138541151|7198|20241230|2024|02.02017.10.302.0043.2099.3.1.90.13.01|3222.96|3222.96|0.0
19225817|303|02|623234|2025|1|126501466|1895|20240403|2024|02.02017.10.305.0049.2399.3.3.90.39.13|15215.85|0.0|15215.85
19225818|303|02|623259|2025|1|138541034|7175|20241230|2024|02.02007003.12.366.0003.1005.3.1.90.13.01|476.55|476.55|0.0
19225819|303|02|623234|2025|1|136239754|5796|20241004|2024|02.02017.10.301.0029.2063.3.3.90.30.41|12360.0|0.0|12360.0
19225820|303|02|623234|2025|1|138541084|6913|20241217|2024|02.02017.10.301.0029.2063.3.1.90.13.01|6991.66|6991.66|0.0
19225821|303|02|623251|2025|1|138540941|6890|20241217|2024|02.02004.04.122.0086.2166.3.1.90.13.01|1840.46|1840.46|0.0
19225822|303|02|623234|2025|1|138541115|7243|20241230|2024|02.02017.10.301.0031.2066.3.1.90.13.03|7560.88|7560.88|0.0
19225823|303|02|623234|2025|1|138540859|7199|20241230|2024|02.02017.10.302.0080.2104.3.1.90.13.01|1930.21|1930.21|0.0
19225824|303|02|623234|2025|1|138540840|7190|20241230|2024|02.02017.10.302.0028.2059.3.1.90.13.01|4566.48|4566.48|0.0
19225825|303|02|623231|2025|1|138540823|7208|20241230|2024|02.02003.04.124.0085.2159.3.1.90.13.03|257.0|257.0|0.0
19225826|303|02|623240|2025|1|138540987|6900|20241217|2024|02.02008.27.122.0081.2148.3.1.90.13.01|2532.68|2532.68|0.0
19225827|303|02|623237|2025|1|136270719|6647|20241127|2024|02.02012.08.122.0226.2410.3.3.90.30.16|138.22|0.0|138.22
19225828|303|02|623234|2025|1|138541219|6991|20241218|2024|02.02017.10.301.0029.2063.3.3.90.39.60|8035.2|0.0|4017.6
19225829|303|02|623241|2025|1|138541196|7045|20241230|2024|02.02009.15.451.0072.2263.4.4.90.51.01|151815.7|0.0|151815.7
19225830|303|02|623261|2025|1|100724946|2433|20220510|2022|02.02007001.12.122.0002.2001.3.1.90.94.03|1650.27|1650.27|0.0
19225831|303|02|623234|2025|1|136270755|6650|20241127|2024|02.02017.10.301.0029.2063.3.3.90.30.35|81356.24|0.0|10285.07
19225832|303|02|623246|2025|1|138540899|6892|20241217|2024|02.02005.18.122.0011.2028.3.1.90.13.01|2805.04|2805.04|0.0
19225833|303|02|623231|2025|1|138540956|7209|20241230|2024|02.02003.04.124.0084.2429.3.1.90.13.03|1937.95|1937.95|0.0
19225834|303|02|623234|2025|1|136270784|6327|20241111|2024|02.02017.10.122.0032.2069.3.3.90.30.09|41.7|0.0|41.7
19225835|303|02|623233|2025|1|138540951|7236|20241230|2024|02.02014.08.122.0166.2314.3.1.90.13.03|4130.21|3402.57|0.0
19225836|303|02|623234|2025|1|136215013|5454|20240925|2024|02.02017.10.302.0113.2394.3.1.71.70.00|598032.13|0.0|4032.13
19225837|303|02|623234|2025|1|138540928|7251|20241230|2024|02.02017.10.305.0049.2399.3.1.90.13.03|19911.34|19330.54|0.0
19225838|303|02|623231|2025|1|138541096|6888|20241217|2024|02.02003.04.124.0085.2159.3.1.90.13.01|189.51|189.51|0.0
19225839|303|02|623251|2025|1|138541058|7165|20241230|2024|02.02004.04.122.0094.2170.3.1.90.13.01|9254.47|9254.47|0.0
19225840|303|02|623256|2025|1|138541021|7189|20241230|2024|02.02015.06.122.0145.2257.3.1.90.13.01|1291.01|1291.01|0.0
19225841|303|02|623261|2025|1|138540934|6895|20241217|2024|02.02007001.12.361.0003.1191.3.1.90.13.01|87655.74|87655.74|0.0
19225842|303|02|623234|2025|1|130415069|4347|20240725|2024|02.02017.10.301.0029.2063.3.3.90.30.04|795.7|0.0|636.56
19225843|303|02|623234|2025|1|138540893|7202|20241230|2024|02.02017.10.305.0049.2399.3.1.90.13.01|290.4|290.4|0.0
19225844|303|02|623234|2025|1|138540795|7192|20241230|2024|02.02017.10.301.0031.2066.3.1.90.13.01|8131.31|8131.31|0.0
19225845|303|02|623234|2025|1|138541174|6694|20241202|2024|02.02017.10.122.0042.2094.3.3.90.40.02|7338.0|0.0|7338.0
19225846|303|02|623256|2025|1|136239764|5976|20241023|2024|02.02015.06.122.0145.2257.3.3.90.39.99|62400.0|0.0|20800.0
19225847|303|02|623243|2025|1|138540978|7254|20241230|2024|02.02019.04.122.0164.2214.3.1.90.13.03|3025.48|3025.48|0.0
19225848|303|02|623234|2025|1|136270788|6332|20241111|2024|02.02017.10.122.0032.2069.3.3.90.30.09|559.2|0.0|559.2
19225849|303|02|623234|2025|1|138541060|7239|20241230|2024|02.02017.10.301.0029.2063.3.1.90.13.03|47042.66|46794.5|0.0
19225850|303|02|623250|2025|1|138541180|7206|20241230|2024|02.02001.04.122.0164.2214.3.1.90.13.03|7816.14|7692.06|0.0
19225851|303|02|623261|2025|1|138541105|6897|20241217|2024|02.02007001.12.361.0027.2049.3.1.90.13.01|2422.97|2422.97|0.0
19225852|303|02|623261|2025|1|100871105|4304|20220816|2022|02.02007001.12.272.0024.2045.3.1.90.01.02|3987.82|3987.82|0.0
19225853|303|02|623237|2025|1|136270734|6646|20241127|2024|02.02012.08.122.0141.2244.3.3.90.30.16|407.15|0.0|407.15
19225854|303|02|623237|2025|1|136239725|5991|20241025|2024|02.02012.08.122.0226.2410.3.3.90.30.07|10638.6|0.0|8510.88
19225855|303|02|623234|2025|1|138541206|7006|20241219|2024|02.02017.10.301.0029.2063.3.3.90.39.13|100938.36|0.0|54207.9
19225856|303|02|623234|2025|1|130415060|4266|20240716|2024|02.02017.10.301.0029.1071.4.4.90.51.02|247122.9|0.0|44257.75
19225857|303|02|623234|2025|1|136270781|6324|20241111|2024|02.02017.10.122.0032.2069.3.3.90.30.09|1852.68|0.0|1000.37
19225858|303|02|623246|2025|1|138540784|7212|20241230|2024|02.02005.18.122.0011.2028.3.1.90.13.03|5668.88|5569.62|0.0
19225859|303|02|623259|2025|1|138540895|7220|20241230|2024|02.02007003.12.365.0003.1003.3.1.90.13.03|14573.93|14573.93|0.0
19225860|303|02|623234|2025|1|136239715|5816|20241004|2024|02.02017.10.301.0029.2063.3.3.90.39.14|154722.3|0.0|56341.11
19225861|303|02|623234|2025|1|136239801|5860|20241007|2024|02.02017.10.301.0029.2063.3.3.90.30.35|6674.8|0.0|667.48
19216768|306|05|623230|2025|1|138583999|3486|20241230|2024|05.08001.12.363.0055.2368.3.3.90.39.99|1620.0|0.0|1620.0
19216769|306|05|623230|2025|1|138584248|3498|20241202|2024|05.08001.12.363.0050.2205.3.3.90.39.05|6075.29|6075.29|0.0
19216770|306|05|623230|2025|1|138583960|3433|20241211|2024|05.08001.12.363.0050.2205.3.3.90.40.11|350.0|0.0|350.0
19216771|306|05|623230|2025|1|138583986|3469|20241230|2024|05.08001.12.363.0055.2368.3.1.90.13.01|189.49|189.49|0.0
19216772|306|05|623230|2025|1|138584238|3453|20241216|2024|05.08001.12.363.0055.2368.3.1.90.13.03|7762.95|7762.95|0.0
19216773|306|05|623230|2025|1|138583922|3495|20241216|2024|05.08001.12.363.0055.2368.3.1.90.13.03|1444.43|1444.43|0.0
19216774|306|05|623230|2025|1|138584195|3485|20241230|2024|05.08001.12.363.0050.2205.3.3.90.40.02|6075.29|6075.29|0.0
19216775|306|05|623230|2025|1|138583950|3454|20241211|2024|05.08001.12.363.0329.2493.3.3.90.39.14|151732.38|0.0|151732.38
19216776|306|05|623230|2025|1|138584023|3463|20241230|2024|05.08001.12.363.0050.2205.3.1.90.11.11|12319.75|11160.22|0.0
19216777|306|05|623230|2025|1|138583919|3467|20241230|2024|05.08001.12.363.0050.2205.3.3.90.36.07|1431.07|1431.07|0.0
19216778|306|05|623230|2025|1|138584255|3471|20241230|2024|05.08001.12.363.0050.2205.3.1.90.13.03|5393.39|5393.39|0.0
19216779|306|05|623230|2025|1|138584206|3494|20241230|2024|05.08001.28.846.0044.0004.3.3.90.47.00|611.62|611.62|0.0
19216780|306|05|623230|2025|1|138584173|3468|20241230|2024|05.08001.12.363.0050.2205.3.1.90.13.01|1221.73|1221.73|0.0
19216781|306|05|623230|2025|1|138584154|3460|20241230|2024|05.08001.12.363.0050.2205.3.1.90.16.00|744.76|744.76|0.0
19216782|306|05|623230|2025|1|138583918|3452|20241216|2024|05.08001.12.363.0055.2368.3.1.90.13.03|485.59|485.59|0.0
19216783|306|05|623230|2025|1|138584048|3493|20241216|2024|05.08001.12.363.0055.2368.3.1.90.13.01|72.43|72.43|0.0
19216784|306|05|623230|2025|1|138584070|3496|20241216|2024|05.08001.12.363.0055.2368.3.1.90.13.03|518.36|518.36|0.0
19216785|306|05|623230|2025|1|138583954|3465|20241230|2024|05.08001.12.363.0050.2205.3.1.90.04.99|3236.45|2929.05|0.0
19216786|306|05|623230|2025|1|138583959|3472|20241230|2024|05.08001.12.363.0055.2368.3.1.90.13.03|485.57|485.57|0.0
19216787|306|05|623230|2025|1|118071536|2749|20231229|2023|05.08001.12.363.0329.2493.3.3.90.39.14|188743.16|0.0|34973.57
19216788|306|05|623230|2025|1|138584211|3438|20241210|2024|05.08001.12.363.0050.2205.4.4.90.52.99|56580.72|0.0|56580.72
19216789|306|05|623230|2025|1|138584145|3448|20241216|2024|05.08001.12.363.0050.2205.3.1.90.13.01|993.1|993.1|0.0
19216790|306|05|623230|2025|1|138583988|3461|20241230|2024|05.08001.12.363.0055.2368.3.1.90.16.00|38.14|38.14|0.0
19216791|306|05|623230|2025|1|138583937|3456|20241216|2024|05.08001.12.363.0050.2205.3.3.90.40.11|700.0|0.0|700.0
19216792|306|05|623230|2025|1|138584196|3473|20241230|2024|05.08001.12.363.0055.2368.3.1.90.13.03|5211.44|4342.88|0.0
19216793|306|05|623230|2025|1|138584006|3466|20241230|2024|05.08001.12.363.0055.2368.3.1.90.04.99|23851.46|21782.43|0.0
19216794|306|05|623230|2025|1|138584129|3449|20241216|2024|05.08001.12.363.0055.2368.3.1.90.13.01|94.74|94.74|0.0
19216795|306|05|623230|2025|1|138584066|3470|20241230|2024|05.08001.12.363.0055.2368.3.1.90.13.01|995.3|995.3|0.0
19216796|306|05|623230|2025|1|138584095|3475|20241217|2024|05.08001.12.363.0050.2205.3.3.90.36.07|1072.2|1072.2|0.0
19216797|306|05|623230|2025|1|138584111|3451|20241216|2024|05.08001.12.363.0050.2205.3.1.90.13.03|5093.2|5093.2|0.0
19216798|306|05|623230|2025|1|138584052|3497|20241230|2024|05.08001.12.363.0055.2368.3.3.90.39.99|3500.0|0.0|3500.0
19216799|306|05|623230|2025|1|138584060|3450|20241216|2024|05.08001.12.363.0055.2368.3.1.90.13.01|1514.44|1514.44|0.0
19216800|306|05|623230|2025|1|138583973|3439|20241210|2024|05.08001.12.363.0329.2493.4.4.90.52.99|212177.7|0.0|212177.7
