seq_quadro_soc;seq_hab_licitacao;seq_licitacao;seq_orgao;cod_orgao;num_ano_referencia;num_mes_referencia;num_documento;nom_pessoa;num_cgc_habilitado;dsc_tipo_participacao
6668994;3240335;1126978;303;02;2022;8;029***421**;VINICIUS FERREIRA BARBOSA;02922642160;1 - REPRESENTANTE LEGAL
6668995;3240335;1126978;303;02;2022;8;029***421**;VINICIUS FERREIRA BARBOSA;02922642160;2 - DEMAIS MEMBROS DO QUADRO SOCIETÁRIO
6669001;3240338;1126978;303;02;2022;8;753***971**;MATHEUS FELIPE GALVAO;75345897115;1 - REPRESENTANTE LEGAL
6669002;3240338;1126978;303;02;2022;8;753***971**;MATHEUS FELIPE GALVAO;75345897115;2 - DEMAIS MEMBROS DO QUADRO SOCIETÁRIO
6693751;3253415;1132134;303;02;2022;9;103***936**;ANA LAURA DAS GRACAS GOMES;10396493602;1 - REPRESENTANTE LEGAL
6693752;3253415;1132134;303;02;2022;9;103***936**;ANA LAURA DAS GRACAS GOMES;10396493602;2 - DEMAIS MEMBROS DO QUADRO SOCIETÁRIO
6693756;3253417;1132134;303;02;2022;9;010***619**;CHRISTIAN DARIO FILIPPELLI;01089261926;2 - DEMAIS MEMBROS DO QUADRO SOCIETÁRIO
6718990;3266553;1137217;303;02;2022;11;128***798**;MARIA DE LORDES RODRIGUES LIMP;12836579889;1 - REPRESENTANTE LEGAL
6718992;3266554;1137217;303;02;2022;11;029***109**;ALEX BERTULINI;02984410980;1 - REPRESENTANTE LEGAL
6718993;3266554;1137217;303;02;2022;11;029***109**;ALEX BERTULINI;02984410980;2 - DEMAIS MEMBROS DO QUADRO SOCIETÁRIO
6693735;3253406;1132134;303;02;2022;9;036***326**;RAQUEL PEREIRA HORTA DIAS;03615632648;2 - DEMAIS MEMBROS DO QUADRO SOCIETÁRIO
6693741;3253410;1132134;303;02;2022;9;039***289**;EDSON CAMILO;03933428912;1 - REPRESENTANTE LEGAL
6693742;3253410;1132134;303;02;2022;9;039***289**;EDSON CAMILO;03933428912;2 - DEMAIS MEMBROS DO QUADRO SOCIETÁRIO
6693747;3253413;1132134;303;02;2022;9;053***776**;LUCAS ANTONIO FRANKLIN REIS;05375477629;1 - REPRESENTANTE LEGAL
6693748;3253413;1132134;303;02;2022;9;053***776**;LUCAS ANTONIO FRANKLIN REIS;05375477629;2 - DEMAIS MEMBROS DO QUADRO SOCIETÁRIO
6693753;3253416;1132134;303;02;2022;9;089***297**;MARCELO SOUZA PINTO;08910629711;1 - REPRESENTANTE LEGAL
6693754;3253416;1132134;303;02;2022;9;089***297**;MARCELO SOUZA PINTO;08910629711;2 - DEMAIS MEMBROS DO QUADRO SOCIETÁRIO
6693761;3253419;1132137;303;02;2022;10;893***146**;RONALDO APARECIDO ROSA MIRANDA;89334914653;1 - REPRESENTANTE LEGAL
6693762;3253419;1132137;303;02;2022;10;893***146**;RONALDO APARECIDO ROSA MIRANDA;89334914653;2 - DEMAIS MEMBROS DO QUADRO SOCIETÁRIO
6693755;3253417;1132134;303;02;2022;9;009***819**;WALTER RUBEN MUNOZ;00951281909;1 - REPRESENTANTE LEGAL
6109000;2948343;1013694;305;04;2022;5;488***089**;SILVIO LUIZ STROZZI;48820008904;2 - DEMAIS MEMBROS DO QUADRO SOCIETÁRIO
6518039;3162238;1096376;304;03;2022;5;516***306**;CONCEICAO ROSA DA CRUZ;51617730653;2 - DEMAIS MEMBROS DO QUADRO SOCIETÁRIO
6518046;3162242;1096380;304;03;2022;6;046***919**;ALEXANDRE STRESSER;04687891977;1 - REPRESENTANTE LEGAL
6518055;3162245;1096384;304;03;2022;7;28284580000105;GLP PARTICIPACOES LTDA;28284580000105;2 - DEMAIS MEMBROS DO QUADRO SOCIETÁRIO
6518051;3162243;1096383;304;03;2022;7;38141954000197;A & F INVESTIMENTOS LTDA;38141954000197;2 - DEMAIS MEMBROS DO QUADRO SOCIETÁRIO
6518064;3162250;1096387;304;03;2022;8;230***176**;MONICA FRANCISCA BIAS FORTES DIMERLO SOARES;23079517687;1 - REPRESENTANTE LEGAL
6518065;3162250;1096387;304;03;2022;8;033***236**;CARLOS FREDERICO PARANHOS ATAIDE;03322323609;2 - DEMAIS MEMBROS DO QUADRO SOCIETÁRIO
6518067;3162251;1096390;304;03;2022;9;044***646**;MARCO AURELIO DE SOUZA;04400064654;1 - REPRESENTANTE LEGAL
6518068;3162251;1096390;304;03;2022;9;044***646**;MARCO AURELIO DE SOUZA;04400064654;2 - DEMAIS MEMBROS DO QUADRO SOCIETÁRIO
6518066;3162250;1096387;304;03;2022;8;049***796**;HENRIQUE FRANCA DE OLIVEIRA;04947779667;2 - DEMAIS MEMBROS DO QUADRO SOCIETÁRIO
6597922;3203969;1112782;304;03;2022;12;010***999**;ANYCE LIZ PAOLA PAREDEZ GONZALEZ;01068999969;2 - DEMAIS MEMBROS DO QUADRO SOCIETÁRIO
6597932;3203974;1112785;304;03;2022;12;166***178**;FABIO HENRIQUE RODRIGUES;16682417810;2 - DEMAIS MEMBROS DO QUADRO SOCIETÁRIO
6597931;3203974;1112785;304;03;2022;12;168***348**;EMERSON RODRIGUES;16846434810;1 - REPRESENTANTE LEGAL
6597935;3203976;1112785;304;03;2022;12;031***129**;PATRICIA MEN DE SALLES DOS S SWIECH;03136412931;1 - REPRESENTANTE LEGAL
6597936;3203976;1112785;304;03;2022;12;031***129**;PATRICIA MEN DE SALLES DOS S SWIECH;03136412931;2 - DEMAIS MEMBROS DO QUADRO SOCIETÁRIO
6597927;3203972;1112785;304;03;2022;12;066***546**;DIEGO FIGUEIREDO VIEIRA;06680754658;1 - REPRESENTANTE LEGAL
5988250;2886393;988523;305;04;2022;3;108***446**;NAIARA VALERIA BARBOSA CORREA;10821644610;2 - DEMAIS MEMBROS DO QUADRO SOCIETÁRIO
5988249;2886393;988523;305;04;2022;3;125***777**;ANDRE MIGUEL CORONHA LIMA VIEIRA;12519277777;1 - REPRESENTANTE LEGAL
6108999;2948343;1013694;305;04;2022;5;569***509**;JEFERSON FRANCISCO DA SILVA;56959850991;1 - REPRESENTANTE LEGAL
6662197;3236837;1125717;303;02;2022;4;37806964000131;ALEXANDRE COSME FERRAZ 01185022635;37806964000131;3 - MICRO EMPREENDEDOR INDIVIDUAL (MEI)
6662211;3236844;1125725;303;02;2022;5;019***429**;ANA LUCIA FONSECA BALTAZR;01949642992;2 - DEMAIS MEMBROS DO QUADRO SOCIETÁRIO
6662210;3236844;1125725;303;02;2022;5;006***029**;LUIZ BALTAZAR;00699802920;1 - REPRESENTANTE LEGAL
6662200;3236839;1125721;303;02;2022;5;083***106**;JULIANA APARECIDA DOMINGOS CADETE;08320210674;1 - REPRESENTANTE LEGAL
6662201;3236839;1125721;303;02;2022;5;083***106**;JULIANA APARECIDA DOMINGOS CADETE;08320210674;2 - DEMAIS MEMBROS DO QUADRO SOCIETÁRIO
6662213;3236844;1125725;303;02;2022;5;877***519**;ADALBERTO LUIZ DA FONSECA BALTAZAR;87705451972;2 - DEMAIS MEMBROS DO QUADRO SOCIETÁRIO
6668988;3240334;1126976;303;02;2022;8;130***186**;LAYS DE OLIVEIRA FONSECA;13021718604;2 - DEMAIS MEMBROS DO QUADRO SOCIETÁRIO
6668985;3240334;1126976;303;02;2022;8;221***578**;ROBSON RICARDO RESENDE;22164857801;1 - REPRESENTANTE LEGAL
6668989;3240334;1126976;303;02;2022;8;290***948**;RAFAEL REMOTO MENEZES;29062694845;2 - DEMAIS MEMBROS DO QUADRO SOCIETÁRIO
6668990;3240334;1126976;303;02;2022;8;369***068**;GUILHERME RIBEIRO NOGUEIRA;36995306805;2 - DEMAIS MEMBROS DO QUADRO SOCIETÁRIO
6668991;3240334;1126976;303;02;2022;8;414***678**;LUCAS AUGUSTO FRANCO BORTOLUCI;41418967807;2 - DEMAIS MEMBROS DO QUADRO SOCIETÁRIO
6668992;3240334;1126976;303;02;2022;8;443***308**;JOSÉ RICARDO DE JESUS;44355030857;2 - DEMAIS MEMBROS DO QUADRO SOCIETÁRIO
6662226;3236851;1125726;303;02;2022;6;22659432000141;RENATO DA SIVEIRA EIRELI ME;22659432000141;5 - EMPRESA INDIVIDUAL DE RESPONSABILIDADE LIMITADA (EIRELI)
6518032;3162236;1096378;304;03;2022;5;103***056**;CAROLINA RIBEIRO DOS SANTOS;10360005675;1 - REPRESENTANTE LEGAL
6518011;3162229;1096369;304;03;2022;2;029***705**;PATRICIA MICHELLY DOS SANTOS CASTRO;02944970569;1 - REPRESENTANTE LEGAL
6693738;3253408;1132132;303;02;2022;9;29262641000104;LOCALIZAR SERVICOS DE RASTREAMENTO E MONITORAMENTO EIRELI ME;29262641000104;3 - MICRO EMPREENDEDOR INDIVIDUAL (MEI)
6718978;3266548;1137217;303;02;2022;11;078***616**;PATRICK SOUTO ROCHA;07899861675;1 - REPRESENTANTE LEGAL
6718979;3266548;1137217;303;02;2022;11;078***616**;PATRICK SOUTO ROCHA;07899861675;2 - DEMAIS MEMBROS DO QUADRO SOCIETÁRIO
6669027;3240351;1126976;303;02;2022;8;089***696**;FREDERICO LOPES PEREIRA;08935069663;1 - REPRESENTANTE LEGAL
6669028;3240351;1126976;303;02;2022;8;089***696**;FREDERICO LOPES PEREIRA;08935069663;2 - DEMAIS MEMBROS DO QUADRO SOCIETÁRIO
6484065;3144414;1089369;302;01;2022;10;059***216**;MARCELO ALBERTO DE OLIVEIRA ELADIO;05947321661;1 - REPRESENTANTE LEGAL
6484066;3144414;1089369;302;01;2022;10;059***216**;MARCELO ALBERTO DE OLIVEIRA ELADIO;05947321661;2 - DEMAIS MEMBROS DO QUADRO SOCIETÁRIO
6240826;3016898;1040111;302;01;2022;7;061***126**;DANIELE MAGELA FERREIRA;06136312697;1 - REPRESENTANTE LEGAL
6240827;3016898;1040111;302;01;2022;7;061***126**;DANIELE MAGELA FERREIRA;06136312697;2 - DEMAIS MEMBROS DO QUADRO SOCIETÁRIO
5842183;2810843;959036;302;01;2022;2;164***156**;ERNESTO FRANCISCO GUERRA;16457315615;1 - REPRESENTANTE LEGAL
5777700;2778538;946059;302;01;2022;1;002***336**;JESU CAETANO FONSECA;00272833649;1 - REPRESENTANTE LEGAL
5777701;2778538;946059;302;01;2022;1;002***336**;JESU CAETANO FONSECA;00272833649;2 - DEMAIS MEMBROS DO QUADRO SOCIETÁRIO
6662313;3236892;1125735;303;02;2022;7;27656480000108;PROATIVA HOSPITALAR EIRELIME;27656480000108;2 - DEMAIS MEMBROS DO QUADRO SOCIETÁRIO
6662316;3236894;1125733;303;02;2022;7;15567143000157;DANIELE MAGELA BARROS FERREIRA;15567143000157;3 - MICRO EMPREENDEDOR INDIVIDUAL (MEI)
6693739;3253409;1132133;303;02;2022;9;225***748**;SOLANGE MEDEIROS;22553874847;1 - REPRESENTANTE LEGAL
6693740;3253409;1132133;303;02;2022;9;225***748**;SOLANGE MEDEIROS;22553874847;2 - DEMAIS MEMBROS DO QUADRO SOCIETÁRIO
5946270;2864734;980087;303;02;2022;1;325***266**;JOAO INACIO SANTANA;32531826653;1 - REPRESENTANTE LEGAL
6662223;3236849;1125726;303;02;2022;6;053***836**;GRAZIELY CRISTINA DE ARAUJO ALMEIDA;05391283680;2 - DEMAIS MEMBROS DO QUADRO SOCIETÁRIO
6662251;3236864;1125732;303;02;2022;7;053***836**;GRAZIELY CRISTINA DE ARAUJO ALMEIDA;05391283680;2 - DEMAIS MEMBROS DO QUADRO SOCIETÁRIO
6662244;3236861;1125731;303;02;2022;7;591***151**;MARAJA SERAFIM DE SOUSA;59107715153;1 - REPRESENTANTE LEGAL
6662245;3236861;1125731;303;02;2022;7;591***151**;MARAJA SERAFIM DE SOUSA;59107715153;2 - DEMAIS MEMBROS DO QUADRO SOCIETÁRIO
6662281;3236878;1125735;303;02;2022;7;072***506**;THAYAN NASCIMENTO HARTMANN;07200950696;2 - DEMAIS MEMBROS DO QUADRO SOCIETÁRIO
6662283;3236878;1125735;303;02;2022;7;082***447**;RICARDO PECHININO HALLACK;08223744716;2 - DEMAIS MEMBROS DO QUADRO SOCIETÁRIO
6719000;3266558;1137220;303;02;2022;12;101***536**;BRUNO GONCALVES E SILVA;10116953675;1 - REPRESENTANTE LEGAL
6662234;3236856;1125728;303;02;2022;7;015***756**;MARIANA FERNANDA SANTANA LARA;01573275662;2 - DEMAIS MEMBROS DO QUADRO SOCIETÁRIO
6693737;3253407;1132132;303;02;2022;9;015***756**;MARIANA FERNANDA SANTANA LARA;01573275662;2 - DEMAIS MEMBROS DO QUADRO SOCIETÁRIO
6718991;3266553;1137217;303;02;2022;11;247***648**;ELISANGELA REYNALDO LIMP;24724764856;2 - DEMAIS MEMBROS DO QUADRO SOCIETÁRIO
6662262;3236869;1125734;303;02;2022;7;065***486**;DOUGLAS RODRIGO DA SILVA;06509048698;1 - REPRESENTANTE LEGAL
6662263;3236869;1125734;303;02;2022;7;065***486**;DOUGLAS RODRIGO DA SILVA;06509048698;2 - DEMAIS MEMBROS DO QUADRO SOCIETÁRIO
5946281;2864739;980089;303;02;2022;1;843***486**;SERGIO MASSAUD MESQUITA MACHADO;84385448604;2 - DEMAIS MEMBROS DO QUADRO SOCIETÁRIO
6718995;3266555;1137218;303;02;2022;11;843***486**;SERGIO MASSAUD MESQUITA MACHADO;84385448604;2 - DEMAIS MEMBROS DO QUADRO SOCIETÁRIO
6669011;3240343;1126977;303;02;2022;8;967***716**;HUDSON DANILO DE ALMEIDA;96753471634;1 - REPRESENTANTE LEGAL
6718977;3266547;1137217;303;02;2022;11;127***338**;LUCIANO MUTTON;12782533860;2 - DEMAIS MEMBROS DO QUADRO SOCIETÁRIO
5970059;2876991;985004;303;02;2022;3;145***816**;JOAO VITOR SIMOES GROSSI;14571081600;1 - REPRESENTANTE LEGAL
5970060;2876991;985004;303;02;2022;3;145***816**;JOAO VITOR SIMOES GROSSI;14571081600;2 - DEMAIS MEMBROS DO QUADRO SOCIETÁRIO
6662220;3236848;1125726;303;02;2022;6;145***816**;JOAO VITOR SIMOES GROSSI;14571081600;1 - REPRESENTANTE LEGAL
6662221;3236848;1125726;303;02;2022;6;145***816**;JOAO VITOR SIMOES GROSSI;14571081600;2 - DEMAIS MEMBROS DO QUADRO SOCIETÁRIO
6662174;3236830;1125713;303;02;2022;4;544***848**;JOSÉ ROBERTO FERREIRA DA SILVA;54474884868;2 - DEMAIS MEMBROS DO QUADRO SOCIETÁRIO
5970081;2877002;985005;303;02;2022;3;057***316**;JOAO PAULO FARIA;05701531660;1 - REPRESENTANTE LEGAL
5970082;2877002;985005;303;02;2022;3;057***316**;JOAO PAULO FARIA;05701531660;2 - DEMAIS MEMBROS DO QUADRO SOCIETÁRIO
6668998;3240336;1126978;303;02;2022;8;083***806**;ANA CAROLINE DINIZ SILVA;08385080651;2 - DEMAIS MEMBROS DO QUADRO SOCIETÁRIO
6662282;3236878;1125735;303;02;2022;7;073***007**;MARIO SERGIO AYTRES CUNHA RIBEIRO;07347700736;2 - DEMAIS MEMBROS DO QUADRO SOCIETÁRIO
6662289;3236881;1125735;303;02;2022;7;112***815**;HELIO ALVES DA ROCHA;11219181587;1 - REPRESENTANTE LEGAL
6662284;3236878;1125735;303;02;2022;7;218***158**;PAULA PASCHOAL QUEIROZ DE MORAIS;21879615835;2 - DEMAIS MEMBROS DO QUADRO SOCIETÁRIO
6662286;3236879;1125735;303;02;2022;7;033***176**;LEANDRO CALIXTO SILVEIRA DE SOUZA;03374717624;2 - DEMAIS MEMBROS DO QUADRO SOCIETÁRIO
6662242;3236860;1125731;303;02;2022;7;043***336**;MARIA BRUNO RODRIGUES;04315433640;1 - REPRESENTANTE LEGAL
6662243;3236860;1125731;303;02;2022;7;043***336**;MARIA BRUNO RODRIGUES;04315433640;2 - DEMAIS MEMBROS DO QUADRO SOCIETÁRIO
6662277;3236876;1125734;303;02;2022;7;046***946**;ANDRE FERREIRA MALHEIROS;04677594643;2 - DEMAIS MEMBROS DO QUADRO SOCIETÁRIO
6719005;3266560;1137222;303;02;2022;12;046***946**;ANDRE FERREIRA MALHEIROS;04677594643;2 - DEMAIS MEMBROS DO QUADRO SOCIETÁRIO
6669033;3240354;1126981;303;02;2022;8;047***486**;MENACHE MOLHANO SHAMASH;04735348603;1 - REPRESENTANTE LEGAL
6669034;3240354;1126981;303;02;2022;8;047***486**;MENACHE MOLHANO SHAMASH;04735348603;2 - DEMAIS MEMBROS DO QUADRO SOCIETÁRIO
6669035;3240355;1126981;303;02;2022;8;504***716**;MAURILIO CESAR DE MOURA;50429671687;1 - REPRESENTANTE LEGAL
6662162;3236829;1125713;303;02;2022;4;632***380**;MARCELO WAIS;63200538015;1 - REPRESENTANTE LEGAL
5946279;2864738;980087;303;02;2022;1;864***126**;CLEUNICE NUNES DE SOUZA;86466712672;2 - DEMAIS MEMBROS DO QUADRO SOCIETÁRIO
6662202;3236840;1125723;303;02;2022;5;119***026**;GUSTAVO AZEVEDO FOGLI;11900102676;1 - REPRESENTANTE LEGAL
6662203;3236840;1125723;303;02;2022;5;119***026**;GUSTAVO AZEVEDO FOGLI;11900102676;2 - DEMAIS MEMBROS DO QUADRO SOCIETÁRIO
6669062;3240368;1126981;303;02;2022;8;422***488**;INGRID PADOVANI BAZAGLIA;42238348867;2 - DEMAIS MEMBROS DO QUADRO SOCIETÁRIO
5970085;2877004;985005;303;02;2022;3;052***036**;MEIRILANE DE LIMA ROCHA;05224603641;1 - REPRESENTANTE LEGAL
6662187;3236833;1125718;303;02;2022;4;052***036**;MEIRILANE DE LIMA ROCHA;05224603641;1 - REPRESENTANTE LEGAL
6662254;3236866;1125734;303;02;2022;7;052***036**;MEIRILANE DE LIMA ROCHA;05224603641;1 - REPRESENTANTE LEGAL
6693757;3253418;1132134;303;02;2022;9;052***036**;MEIRILANE DE LIMA ROCHA;05224603641;1 - REPRESENTANTE LEGAL
6669031;3240353;1126981;303;02;2022;8;802***881**;FABIANO DOMINGUES LUCIANO;80243088191;1 - REPRESENTANTE LEGAL
6669032;3240353;1126981;303;02;2022;8;802***881**;FABIANO DOMINGUES LUCIANO;80243088191;2 - DEMAIS MEMBROS DO QUADRO SOCIETÁRIO
6669020;3240347;1126980;303;02;2022;8;878***426**;JOAO DANIEL RAMOS;87820242604;2 - DEMAIS MEMBROS DO QUADRO SOCIETÁRIO
6662206;3236842;1125722;303;02;2022;5;114***436**;WENDEL CORDEIRO DA SILVA;11438443609;1 - REPRESENTANTE LEGAL
6662207;3236842;1125722;303;02;2022;5;114***436**;WENDEL CORDEIRO DA SILVA;11438443609;2 - DEMAIS MEMBROS DO QUADRO SOCIETÁRIO
6662173;3236830;1125713;303;02;2022;4;128***328**;FÁBIO OHARA MORITA;12868032842;2 - DEMAIS MEMBROS DO QUADRO SOCIETÁRIO
5946264;2864731;980088;303;02;2022;1;299***556**;MARIA DO PERPETUO SOCORRO COSTA;29995655691;1 - REPRESENTANTE LEGAL
5946265;2864731;980088;303;02;2022;1;299***556**;MARIA DO PERPETUO SOCORRO COSTA;29995655691;2 - DEMAIS MEMBROS DO QUADRO SOCIETÁRIO
6669022;3240348;1126980;303;02;2022;8;305***288**;NATALIA FERREIRA VEZONO;30563528869;2 - DEMAIS MEMBROS DO QUADRO SOCIETÁRIO
6669021;3240348;1126980;303;02;2022;8;305***288**;NATALIA FERREIRA VEZONO;30563528869;1 - REPRESENTANTE LEGAL
6662160;3236828;1125715;303;02;2022;4;742***306**;CLAUDIO PAULO HIPOLITO;74253930697;2 - DEMAIS MEMBROS DO QUADRO SOCIETÁRIO
6662168;3236830;1125713;303;02;2022;4;043***558**;LUIZ ALBERTO POMAROLE;04340555819;2 - DEMAIS MEMBROS DO QUADRO SOCIETÁRIO
6669036;3240355;1126981;303;02;2022;8;111***576**;MARCELLA CRYSTIAN ARRUDA MOURA;11126057622;2 - DEMAIS MEMBROS DO QUADRO SOCIETÁRIO
6662268;3236872;1125734;303;02;2022;7;523***026**;MARIA CECILIA AGUIAR CERRI;52395502634;1 - REPRESENTANTE LEGAL
6662269;3236872;1125734;303;02;2022;7;523***026**;MARIA CECILIA AGUIAR CERRI;52395502634;2 - DEMAIS MEMBROS DO QUADRO SOCIETÁRIO
6662212;3236844;1125725;303;02;2022;5;815***659**;VERA LUCIA DA FONSECA BALTAZAR;81597665991;2 - DEMAIS MEMBROS DO QUADRO SOCIETÁRIO
6668997;3240336;1126978;303;02;2022;8;083***346**;ANDERSON CARLOS DINIZ SILVA;08372134600;2 - DEMAIS MEMBROS DO QUADRO SOCIETÁRIO
6662184;3236831;1125713;303;02;2022;4;917***417**;ROBERTO CHATEAUBRIAND FILHO;91795141700;2 - DEMAIS MEMBROS DO QUADRO SOCIETÁRIO
6669013;3240344;1126975;303;02;2022;8;034***486**;ADALGISA BORGES ALVES;03401248650;1 - REPRESENTANTE LEGAL
6719008;3266562;1137219;303;02;2022;12;034***486**;ADALGISA BORGES ALVES;03401248650;1 - REPRESENTANTE LEGAL
6662216;3236846;1125724;303;02;2022;5;645***006**;JACKSON NUNES DE QUEIROZ;64506800672;1 - REPRESENTANTE LEGAL
6662290;3236881;1125735;303;02;2022;7;076***228**;ESPOLIO DE HUGO ALVES ROCHA;07630922825;2 - DEMAIS MEMBROS DO QUADRO SOCIETÁRIO
6669037;3240356;1126981;303;02;2022;8;928***317**;DENISE FONTES DE CARVALHO;92822231753;1 - REPRESENTANTE LEGAL
6669038;3240356;1126981;303;02;2022;8;928***317**;DENISE FONTES DE CARVALHO;92822231753;2 - DEMAIS MEMBROS DO QUADRO SOCIETÁRIO
5970083;2877003;985005;303;02;2022;3;939***576**;DÁRIO HUMBERTO DE MELO CASTRO;93934157653;1 - REPRESENTANTE LEGAL
5970084;2877003;985005;303;02;2022;3;939***576**;DÁRIO HUMBERTO DE MELO CASTRO;93934157653;2 - DEMAIS MEMBROS DO QUADRO SOCIETÁRIO
6669005;3240340;1126978;303;02;2022;8;939***576**;DÁRIO HUMBERTO DE MELO CASTRO;93934157653;1 - REPRESENTANTE LEGAL
6669006;3240340;1126978;303;02;2022;8;939***576**;DÁRIO HUMBERTO DE MELO CASTRO;93934157653;2 - DEMAIS MEMBROS DO QUADRO SOCIETÁRIO
6662195;3236836;1125718;303;02;2022;4;939***576**;DÁRIO HUMBERTO DE MELO CASTRO;93934157653;1 - REPRESENTANTE LEGAL
6662196;3236836;1125718;303;02;2022;4;939***576**;DÁRIO HUMBERTO DE MELO CASTRO;93934157653;2 - DEMAIS MEMBROS DO QUADRO SOCIETÁRIO
6662270;3236873;1125734;303;02;2022;7;939***576**;DÁRIO HUMBERTO DE MELO CASTRO;93934157653;1 - REPRESENTANTE LEGAL
6662271;3236873;1125734;303;02;2022;7;939***576**;DÁRIO HUMBERTO DE MELO CASTRO;93934157653;2 - DEMAIS MEMBROS DO QUADRO SOCIETÁRIO
6719002;3266559;1137222;303;02;2022;12;939***576**;DÁRIO HUMBERTO DE MELO CASTRO;93934157653;1 - REPRESENTANTE LEGAL
6719003;3266559;1137222;303;02;2022;12;939***576**;DÁRIO HUMBERTO DE MELO CASTRO;93934157653;2 - DEMAIS MEMBROS DO QUADRO SOCIETÁRIO
6718998;3266557;1137215;303;02;2022;11;939***576**;DÁRIO HUMBERTO DE MELO CASTRO;93934157653;1 - REPRESENTANTE LEGAL
6718999;3266557;1137215;303;02;2022;11;939***576**;DÁRIO HUMBERTO DE MELO CASTRO;93934157653;2 - DEMAIS MEMBROS DO QUADRO SOCIETÁRIO
6669055;3240365;1126981;303;02;2022;8;988***466**;LUIS CLAUDIO DA SILVEIRA NEVES;98843346687;1 - REPRESENTANTE LEGAL
6669056;3240365;1126981;303;02;2022;8;988***466**;LUIS CLAUDIO DA SILVEIRA NEVES;98843346687;2 - DEMAIS MEMBROS DO QUADRO SOCIETÁRIO
6693745;3253412;1132134;303;02;2022;9;988***466**;LUIS CLAUDIO DA SILVEIRA NEVES;98843346687;1 - REPRESENTANTE LEGAL
6693746;3253412;1132134;303;02;2022;9;988***466**;LUIS CLAUDIO DA SILVEIRA NEVES;98843346687;2 - DEMAIS MEMBROS DO QUADRO SOCIETÁRIO
6669061;3240368;1126981;303;02;2022;8;371***238**;DERICK DOS SANTOS BAZAGLIA;37173923875;1 - REPRESENTANTE LEGAL
6662169;3236830;1125713;303;02;2022;4;047***458**;JOSÉ RIVALDO LEITE DA SILVA;04733245807;2 - DEMAIS MEMBROS DO QUADRO SOCIETÁRIO
6662208;3236843;1125725;303;02;2022;5;121***367**;FILIPE VIANA PINHO COELHO;12192836732;1 - REPRESENTANTE LEGAL
6662209;3236843;1125725;303;02;2022;5;121***367**;FILIPE VIANA PINHO COELHO;12192836732;2 - DEMAIS MEMBROS DO QUADRO SOCIETÁRIO
6662307;3236890;1125735;303;02;2022;7;015***246**;MARCIO JUNIOR DE OLIVEIRA PONTES;01594724660;1 - REPRESENTANTE LEGAL
6718987;3266552;1137217;303;02;2022;11;015***246**;MARCIO JUNIOR DE OLIVEIRA PONTES;01594724660;1 - REPRESENTANTE LEGAL
6669039;3240357;1126981;303;02;2022;8;325***880**;CELSO LUIZ LANDO;32593988053;1 - REPRESENTANTE LEGAL
6669040;3240357;1126981;303;02;2022;8;325***880**;CELSO LUIZ LANDO;32593988053;2 - DEMAIS MEMBROS DO QUADRO SOCIETÁRIO
5946283;2864740;980086;303;02;2022;1;069***896**;LONARDO VIEIRA SAVOI;06917589640;2 - DEMAIS MEMBROS DO QUADRO SOCIETÁRIO
6662312;3236892;1125735;303;02;2022;7;075***826**;DIEGO FERREIRA DA SILVA;07526982655;1 - REPRESENTANTE LEGAL
6669059;3240367;1126981;303;02;2022;8;363***328**;JOAO BATISTA DE AZEVEDO JUNIOR;36369932833;1 - REPRESENTANTE LEGAL
6718985;3266551;1137217;303;02;2022;11;481***906**;LEONARDO AUGUSTO MACHADO CAMPOS;48144290615;2 - DEMAIS MEMBROS DO QUADRO SOCIETÁRIO
5946285;2864740;980086;303;02;2022;1;081***226**;CAIO LIMA BITTAR;08116422677;2 - DEMAIS MEMBROS DO QUADRO SOCIETÁRIO
5970074;2876998;985006;303;02;2022;3;870***806**;ILZA MARIA DOS SANTOS;87083680663;2 - DEMAIS MEMBROS DO QUADRO SOCIETÁRIO
6669058;3240366;1126981;303;02;2022;8;033***680**;THALISON GABRIELE CAUDURO;03311768078;2 - DEMAIS MEMBROS DO QUADRO SOCIETÁRIO
6662225;3236850;1125726;303;02;2022;6;116***056**;MARCOS PAULO DE MELO KERN;11659805686;2 - DEMAIS MEMBROS DO QUADRO SOCIETÁRIO
6662239;3236859;1125731;303;02;2022;7;127***846**;MAURICIO BARRETO BARCELLOS;12754684620;1 - REPRESENTANTE LEGAL
5946271;2864734;980087;303;02;2022;1;417***136**;GERALDO MAGELA SANTANA;41751213668;2 - DEMAIS MEMBROS DO QUADRO SOCIETÁRIO
6662231;3236855;1125735;303;02;2022;7;050***281**;TERESINHA SIRIO SIMON FERNANDES;05027128134;1 - REPRESENTANTE LEGAL
6662232;3236855;1125735;303;02;2022;7;050***281**;TERESINHA SIRIO SIMON FERNANDES;05027128134;2 - DEMAIS MEMBROS DO QUADRO SOCIETÁRIO
6662314;3236893;1125735;303;02;2022;7;055***756**;LEONARDO ERIC RODRIGUES;05528875609;1 - REPRESENTANTE LEGAL
6718970;3266544;1137217;303;02;2022;11;055***756**;LEONARDO ERIC RODRIGUES;05528875609;1 - REPRESENTANTE LEGAL
6669029;3240352;1126981;303;02;2022;8;066***976**;GUSTAVO HENRIQUE DUTRA E SILVA;06641197603;1 - REPRESENTANTE LEGAL
6669030;3240352;1126981;303;02;2022;8;066***976**;GUSTAVO HENRIQUE DUTRA E SILVA;06641197603;2 - DEMAIS MEMBROS DO QUADRO SOCIETÁRIO
6662186;3236832;1125718;303;02;2022;4;124***386**;GISELE TEIXEIRA MENDONCA;12479138640;2 - DEMAIS MEMBROS DO QUADRO SOCIETÁRIO
6662272;3236874;1125734;303;02;2022;7;971***216**;MARA ELIZA VERTELO SANTOS;97132721615;1 - REPRESENTANTE LEGAL
6662273;3236874;1125734;303;02;2022;7;971***216**;MARA ELIZA VERTELO SANTOS;97132721615;2 - DEMAIS MEMBROS DO QUADRO SOCIETÁRIO
6662161;3236828;1125715;303;02;2022;4;11603972000197;GDA EMPREENDIMENTOS E PARTICIPACOES LTDA;11603972000197;2 - DEMAIS MEMBROS DO QUADRO SOCIETÁRIO
6662170;3236830;1125713;303;02;2022;4;051***948**;ITALO GENARO FLAMMIA;05147994807;2 - DEMAIS MEMBROS DO QUADRO SOCIETÁRIO
6662222;3236849;1125726;303;02;2022;6;015***286**;MARIZANGELA PEREIRA COSTA;01526728699;1 - REPRESENTANTE LEGAL
6662250;3236864;1125732;303;02;2022;7;015***286**;MARIZANGELA PEREIRA COSTA;01526728699;1 - REPRESENTANTE LEGAL
6669003;3240339;1126978;303;02;2022;8;017***089**;JEAN CARLOS VENTURINO FERREIRA;01705908950;1 - REPRESENTANTE LEGAL
6662258;3236867;1125734;303;02;2022;7;017***089**;JEAN CARLOS VENTURINO FERREIRA;01705908950;1 - REPRESENTANTE LEGAL
6662204;3236841;1125720;303;02;2022;5;027***496**;EDUARDO DOMINGOS CARNEIRO;02746449676;1 - REPRESENTANTE LEGAL
6662299;3236886;1125735;303;02;2022;7;365***068**;HUDSON COSTA PINTOR;36512506871;1 - REPRESENTANTE LEGAL
6662300;3236886;1125735;303;02;2022;7;365***068**;HUDSON COSTA PINTOR;36512506871;2 - DEMAIS MEMBROS DO QUADRO SOCIETÁRIO
6662294;3236883;1125735;303;02;2022;7;097***438**;NIVALDO ROBERTO PASSOS;09705443831;2 - DEMAIS MEMBROS DO QUADRO SOCIETÁRIO
5946282;2864740;980086;303;02;2022;1;144***136**;MARCOS VINICIUS ROCHA DAVOI;14408813672;1 - REPRESENTANTE LEGAL
6662227;3236852;1125727;303;02;2022;6;282***068**;CAMILA ZANICHELLI GARCIA;28218606840;1 - REPRESENTANTE LEGAL
6662228;3236852;1125727;303;02;2022;6;282***068**;CAMILA ZANICHELLI GARCIA;28218606840;2 - DEMAIS MEMBROS DO QUADRO SOCIETÁRIO
6662248;3236863;1125730;303;02;2022;7;580***686**;CLÁUDIO VIEIRA DE CARVALHO;58023968653;1 - REPRESENTANTE LEGAL
6662249;3236863;1125730;303;02;2022;7;580***686**;CLÁUDIO VIEIRA DE CARVALHO;58023968653;2 - DEMAIS MEMBROS DO QUADRO SOCIETÁRIO
6669023;3240349;1126980;303;02;2022;8;015***100**;LIGIANE PAULA GIACOMEL IZYCHI HAIDUKI;01591910099;1 - REPRESENTANTE LEGAL
6669024;3240349;1126980;303;02;2022;8;015***100**;LIGIANE PAULA GIACOMEL IZYCHI HAIDUKI;01591910099;2 - DEMAIS MEMBROS DO QUADRO SOCIETÁRIO
6662296;3236884;1125735;303;02;2022;7;948***630**;CASSIANO RODRIGO CHMIEL;94863563000;2 - DEMAIS MEMBROS DO QUADRO SOCIETÁRIO
6718973;3266545;1137217;303;02;2022;11;948***630**;CASSIANO RODRIGO CHMIEL;94863563000;2 - DEMAIS MEMBROS DO QUADRO SOCIETÁRIO
5946269;2864733;980087;303;02;2022;1;001***466**;HERNANE SANTOS FONSECA;00144046644;2 - DEMAIS MEMBROS DO QUADRO SOCIETÁRIO
6669049;3240362;1126981;303;02;2022;8;300***488**;VIVIANE BORGES MARTINS;30023848871;1 - REPRESENTANTE LEGAL
6669050;3240362;1126981;303;02;2022;8;300***488**;VIVIANE BORGES MARTINS;30023848871;2 - DEMAIS MEMBROS DO QUADRO SOCIETÁRIO
5946280;2864739;980089;303;02;2022;1;003***856**;ANA MARCIA MASSAUD MESQUITA SARAIVA RIOS MACHADO;00385885601;1 - REPRESENTANTE LEGAL
6718994;3266555;1137218;303;02;2022;11;003***856**;ANA MARCIA MASSAUD MESQUITA SARAIVA RIOS MACHADO;00385885601;1 - REPRESENTANTE LEGAL
6662153;3236826;1125716;303;02;2022;4;004***967**;ANDRÉ BURLAMAQUI;00428196799;1 - REPRESENTANTE LEGAL
6662278;3236877;1125735;303;02;2022;7;040***149**;MAICON UILIANS BACKES;04082514929;1 - REPRESENTANTE LEGAL
6662279;3236877;1125735;303;02;2022;7;040***149**;MAICON UILIANS BACKES;04082514929;2 - DEMAIS MEMBROS DO QUADRO SOCIETÁRIO
6718969;3266543;1137217;303;02;2022;11;040***149**;MAICON UILIANS BACKES;04082514929;2 - DEMAIS MEMBROS DO QUADRO SOCIETÁRIO
6718968;3266543;1137217;303;02;2022;11;040***149**;MAICON UILIANS BACKES;04082514929;1 - REPRESENTANTE LEGAL
6669007;3240341;1126979;303;02;2022;8;055***116**;DANIEL DIONISO VIEIRA;05520711615;1 - REPRESENTANTE LEGAL
6669008;3240341;1126979;303;02;2022;8;055***116**;DANIEL DIONISO VIEIRA;05520711615;2 - DEMAIS MEMBROS DO QUADRO SOCIETÁRIO
6719010;3266563;1137221;303;02;2022;12;055***116**;DANIEL DIONISO VIEIRA;05520711615;1 - REPRESENTANTE LEGAL
6719011;3266563;1137221;303;02;2022;12;055***116**;DANIEL DIONISO VIEIRA;05520711615;2 - DEMAIS MEMBROS DO QUADRO SOCIETÁRIO
6662191;3236834;1125718;303;02;2022;4;363***226**;CARLOS ANTONIO MATIAS;36313122615;1 - REPRESENTANTE LEGAL
6662163;3236829;1125713;303;02;2022;4;062***780**;SÉRGIO SUSLIK WAIS;06242278049;2 - DEMAIS MEMBROS DO QUADRO SOCIETÁRIO
6669071;3240373;1126981;303;02;2022;8;030***441**;PAULO HENRIQUE DE ASSIS;03036144129;1 - REPRESENTANTE LEGAL
6669072;3240373;1126981;303;02;2022;8;030***441**;PAULO HENRIQUE DE ASSIS;03036144129;2 - DEMAIS MEMBROS DO QUADRO SOCIETÁRIO
6662193;3236835;1125718;303;02;2022;4;070***146**;FERNANDA CARDOSO OLIVEIRA;07035114670;1 - REPRESENTANTE LEGAL
5970077;2877000;985005;303;02;2022;3;078***239**;MAICON BAGATOLI;07877023901;1 - REPRESENTANTE LEGAL
5970078;2877000;985005;303;02;2022;3;078***239**;MAICON BAGATOLI;07877023901;2 - DEMAIS MEMBROS DO QUADRO SOCIETÁRIO
6693770;3253423;1132137;303;02;2022;10;788***106**;LUCIA HELENA DUARTE BATISTA;78880610600;2 - DEMAIS MEMBROS DO QUADRO SOCIETÁRIO
6662233;3236856;1125728;303;02;2022;7;091***336**;KETULY NATALIA SANTANA FERREIRA GODOY SILVEIRA;09117933641;1 - REPRESENTANTE LEGAL
6693736;3253407;1132132;303;02;2022;9;091***336**;KETULY NATALIA SANTANA FERREIRA GODOY SILVEIRA;09117933641;1 - REPRESENTANTE LEGAL
6662185;3236832;1125718;303;02;2022;4;122***896**;RALPH TEIXEIRA MENDONCA;12272589685;1 - REPRESENTANTE LEGAL
6662180;3236830;1125713;303;02;2022;4;267***238**;BRUNO CAMPOS GARFINKEL;26773723809;2 - DEMAIS MEMBROS DO QUADRO SOCIETÁRIO
6669066;3240370;1126981;303;02;2022;8;271***218**;ANDREA DE ALMEIDA VINHA;27150921809;2 - DEMAIS MEMBROS DO QUADRO SOCIETÁRIO
5970073;2876998;985006;303;02;2022;3;035***066**;JANALVA MUNIQUE SAMPAIO ALVES ROSA;03508806626;1 - REPRESENTANTE LEGAL
6669009;3240342;1126979;303;02;2022;8;407***516**;SORAYA APARECIDA RIOS ALVES;40778851672;1 - REPRESENTANTE LEGAL
6669010;3240342;1126979;303;02;2022;8;407***516**;SORAYA APARECIDA RIOS ALVES;40778851672;2 - DEMAIS MEMBROS DO QUADRO SOCIETÁRIO
6669025;3240350;1126980;303;02;2022;8;524***908**;OSMAR DA COSTA SOBRINHO;52460690878;1 - REPRESENTANTE LEGAL
6669026;3240350;1126980;303;02;2022;8;524***908**;OSMAR DA COSTA SOBRINHO;52460690878;2 - DEMAIS MEMBROS DO QUADRO SOCIETÁRIO
6662154;3236826;1125716;303;02;2022;4;011***657**;CARLOS ALBERTO DE OLIVEIRA CASTRO BURLAMAQUI;01160265704;2 - DEMAIS MEMBROS DO QUADRO SOCIETÁRIO
6662198;3236838;1125721;303;02;2022;5;042***176**;BRUNO VIEIRA DAMASCENO;04249617688;1 - REPRESENTANTE LEGAL
6662199;3236838;1125721;303;02;2022;5;013***916**;SILVANA BRUM DAMASCENO;01347791698;2 - DEMAIS MEMBROS DO QUADRO SOCIETÁRIO
6668986;3240334;1126976;303;02;2022;8;022***161**;JACKSON DAMIAO MAGALHAES;02270416155;2 - DEMAIS MEMBROS DO QUADRO SOCIETÁRIO
5970069;2876996;985004;303;02;2022;3;107***606**;CLEYSSON IGOR DA CRUZ SOUZA;10741560640;1 - REPRESENTANTE LEGAL
5970070;2876996;985004;303;02;2022;3;107***606**;CLEYSSON IGOR DA CRUZ SOUZA;10741560640;2 - DEMAIS MEMBROS DO QUADRO SOCIETÁRIO
6718976;3266547;1137217;303;02;2022;11;144***008**;CLOVIS MARCELO BASTOS;14424200817;1 - REPRESENTANTE LEGAL
5946277;2864737;980087;303;02;2022;1;044***946**;AMIR VIANA FILHO;04401794672;2 - DEMAIS MEMBROS DO QUADRO SOCIETÁRIO
6662305;3236889;1125735;303;02;2022;7;642***619**;SHEILA RODRIGUES SAMPAIO;64242161972;1 - REPRESENTANTE LEGAL
6662306;3236889;1125735;303;02;2022;7;642***619**;SHEILA RODRIGUES SAMPAIO;64242161972;2 - DEMAIS MEMBROS DO QUADRO SOCIETÁRIO
6662298;3236885;1125735;303;02;2022;7;960***770**;ELENI FATIMA ZABOT SEGEUCA;96093277020;2 - DEMAIS MEMBROS DO QUADRO SOCIETÁRIO
6662165;3236830;1125713;303;02;2022;4;074***748**;FABIO LUCHETTI;07466674852;1 - REPRESENTANTE LEGAL
5970061;2876992;985004;303;02;2022;3;080***546**;VANESSA SOUZA PORTO MAGALHAES;08001354660;1 - REPRESENTANTE LEGAL
5970062;2876992;985004;303;02;2022;3;080***546**;VANESSA SOUZA PORTO MAGALHAES;08001354660;2 - DEMAIS MEMBROS DO QUADRO SOCIETÁRIO
5970065;2876994;985004;303;02;2022;3;091***306**;ROGÉRIO RIBEIRO VIDIGAL;09144030606;1 - REPRESENTANTE LEGAL
5970066;2876994;985004;303;02;2022;3;091***306**;ROGÉRIO RIBEIRO VIDIGAL;09144030606;2 - DEMAIS MEMBROS DO QUADRO SOCIETÁRIO
6662241;3236859;1125731;303;02;2022;7;221***316**;ANTONIO BARRETO BARCELLOS;22112731653;2 - DEMAIS MEMBROS DO QUADRO SOCIETÁRIO
6669065;3240370;1126981;303;02;2022;8;148***458**;ANDRE MARTINS DE CAMARGO;14856545809;1 - REPRESENTANTE LEGAL
5946276;2864737;980087;303;02;2022;1;001***416**;TULIO CARVALHAES VIANA;00152441646;1 - REPRESENTANTE LEGAL
6662175;3236830;1125713;303;02;2022;4;641***587**;ROBERTO DE SOUZA SANTOS;64128458791;2 - DEMAIS MEMBROS DO QUADRO SOCIETÁRIO
5946272;2864735;980087;303;02;2022;1;125***326**;GABRIEL PEDROSA MARQUES FERREIRA;12595732650;1 - REPRESENTANTE LEGAL
5946273;2864735;980087;303;02;2022;1;125***326**;GABRIEL PEDROSA MARQUES FERREIRA;12595732650;2 - DEMAIS MEMBROS DO QUADRO SOCIETÁRIO
6662151;3236825;1125719;303;02;2022;4;125***326**;GABRIEL PEDROSA MARQUES FERREIRA;12595732650;1 - REPRESENTANTE LEGAL
6662152;3236825;1125719;303;02;2022;4;125***326**;GABRIEL PEDROSA MARQUES FERREIRA;12595732650;2 - DEMAIS MEMBROS DO QUADRO SOCIETÁRIO
6693769;3253423;1132137;303;02;2022;10;039***726**;JORGE BATISTA JUNIOR;03999772603;1 - REPRESENTANTE LEGAL
6662292;3236882;1125735;303;02;2022;7;070***336**;JONATHAN DANTAS NOGUEIRA;07071733619;2 - DEMAIS MEMBROS DO QUADRO SOCIETÁRIO
6668993;3240334;1126976;303;02;2022;8;778***779**;OSMANI JURANDYR VICENTE JUNIOR;77896777991;2 - DEMAIS MEMBROS DO QUADRO SOCIETÁRIO
6662311;3236891;1125735;303;02;2022;7;955***179**;ERASMO RODRIGUES FERREIRA;95513817934;2 - DEMAIS MEMBROS DO QUADRO SOCIETÁRIO
6669047;3240361;1126981;303;02;2022;8;038***769**;CRISTIANE SAGATI;03874476952;1 - REPRESENTANTE LEGAL
6669048;3240361;1126981;303;02;2022;8;038***769**;CRISTIANE SAGATI;03874476952;2 - DEMAIS MEMBROS DO QUADRO SOCIETÁRIO
6662303;3236888;1125735;303;02;2022;7;058***429**;CAROLINA MARCONDES THOME;05849542981;1 - REPRESENTANTE LEGAL
6662304;3236888;1125735;303;02;2022;7;058***429**;CAROLINA MARCONDES THOME;05849542981;2 - DEMAIS MEMBROS DO QUADRO SOCIETÁRIO
6662194;3236835;1125718;303;02;2022;4;060***156**;DANIEL NAKAYAMA GARLATTI;06023615678;2 - DEMAIS MEMBROS DO QUADRO SOCIETÁRIO
5946274;2864736;980087;303;02;2022;1;164***156**;ERNESTO FRANCISCO GUERRA;16457315615;1 - REPRESENTANTE LEGAL
6662214;3236845;1125724;303;02;2022;5;164***156**;ERNESTO FRANCISCO GUERRA;16457315615;1 - REPRESENTANTE LEGAL
6693734;3253406;1132134;303;02;2022;9;018***846**;ANA LAURA HORTA DIAS;01860884695;1 - REPRESENTANTE LEGAL
6662274;3236875;1125734;303;02;2022;7;045***246**;ANDRÉ VINÍCIUS FREITAS MARQUES;04561924680;1 - REPRESENTANTE LEGAL
6662275;3236875;1125734;303;02;2022;7;045***246**;ANDRÉ VINÍCIUS FREITAS MARQUES;04561924680;2 - DEMAIS MEMBROS DO QUADRO SOCIETÁRIO
6662166;3236830;1125713;303;02;2022;4;004***937**;MARCELO BARROSO PICANCO;00488193796;2 - DEMAIS MEMBROS DO QUADRO SOCIETÁRIO
6662260;3236868;1125734;303;02;2022;7;069***039**;LUCIANA JANAINA DA SILVA;06909603958;1 - REPRESENTANTE LEGAL
6662261;3236868;1125734;303;02;2022;7;069***039**;LUCIANA JANAINA DA SILVA;06909603958;2 - DEMAIS MEMBROS DO QUADRO SOCIETÁRIO
6662176;3236830;1125713;303;02;2022;4;813***577**;NEY FERRAZ DIAS;81346557772;2 - DEMAIS MEMBROS DO QUADRO SOCIETÁRIO
6669015;3240345;1126975;303;02;2022;8;110***316**;WYNGSON DIAS DA SILVA;11067431640;1 - REPRESENTANTE LEGAL
6669016;3240345;1126975;303;02;2022;8;110***316**;WYNGSON DIAS DA SILVA;11067431640;2 - DEMAIS MEMBROS DO QUADRO SOCIETÁRIO
6662155;3236827;1125714;303;02;2022;4;110***316**;WYNGSON DIAS DA SILVA;11067431640;1 - REPRESENTANTE LEGAL
6662156;3236827;1125714;303;02;2022;4;110***316**;WYNGSON DIAS DA SILVA;11067431640;2 - DEMAIS MEMBROS DO QUADRO SOCIETÁRIO
6719006;3266561;1137219;303;02;2022;12;110***316**;WYNGSON DIAS DA SILVA;11067431640;1 - REPRESENTANTE LEGAL
6719007;3266561;1137219;303;02;2022;12;110***316**;WYNGSON DIAS DA SILVA;11067431640;2 - DEMAIS MEMBROS DO QUADRO SOCIETÁRIO
6662172;3236830;1125713;303;02;2022;4;118***608**;LENE ARAÚJO DE LIMA;11845460880;2 - DEMAIS MEMBROS DO QUADRO SOCIETÁRIO
6662280;3236878;1125735;303;02;2022;7;220***658**;LUIZ FELIPE DUARTE MARTINS COSTA;22000165818;1 - REPRESENTANTE LEGAL
6662167;3236830;1125713;303;02;2022;4;022***528**;SONIA APARECIDA BELEZI RICA;02264152877;2 - DEMAIS MEMBROS DO QUADRO SOCIETÁRIO
6669057;3240366;1126981;303;02;2022;8;036***510**;MARCELO AUGUSTO CADONA;03624751050;1 - REPRESENTANTE LEGAL
6718986;3266551;1137217;303;02;2022;11;493***616**;MARCO AURELIO SILVA PEREIRA;49368761604;2 - DEMAIS MEMBROS DO QUADRO SOCIETÁRIO
6662157;3236828;1125715;303;02;2022;4;542***356**;WILLIAN JOAO DE OLIVEIRA;54257735600;1 - REPRESENTANTE LEGAL
6718980;3266549;1137217;303;02;2022;11;000***056**;HELIO NEWTON NUNES MANSUR;00067005608;1 - REPRESENTANTE LEGAL
6718981;3266549;1137217;303;02;2022;11;000***056**;HELIO NEWTON NUNES MANSUR;00067005608;2 - DEMAIS MEMBROS DO QUADRO SOCIETÁRIO
6662285;3236879;1125735;303;02;2022;7;954***506**;FABIO AUGUSDTO CARVALHO PEREIRA;95426450668;1 - REPRESENTANTE LEGAL
6669019;3240347;1126980;303;02;2022;8;490***796**;ROBSON ANTONIO DOS SANTOS;49004379649;1 - REPRESENTANTE LEGAL
6662302;3236887;1125735;303;02;2022;7;819***180**;ELVIS CELANTE;81997418053;2 - DEMAIS MEMBROS DO QUADRO SOCIETÁRIO
6718983;3266550;1137217;303;02;2022;11;819***180**;ELVIS CELANTE;81997418053;2 - DEMAIS MEMBROS DO QUADRO SOCIETÁRIO
6662297;3236885;1125735;303;02;2022;7;951***960**;LUCIANA SCOTTON FLORES DORNELLES;95110496072;1 - REPRESENTANTE LEGAL
6669067;3240371;1126981;303;02;2022;8;095***156**;THAIS SOUZA MARINHO SIQUEIRA;09516315607;1 - REPRESENTANTE LEGAL
6669068;3240371;1126981;303;02;2022;8;095***156**;THAIS SOUZA MARINHO SIQUEIRA;09516315607;2 - DEMAIS MEMBROS DO QUADRO SOCIETÁRIO
6662295;3236884;1125735;303;02;2022;7;016***650**;ALINE REMPEL;01609765028;1 - REPRESENTANTE LEGAL
6718972;3266545;1137217;303;02;2022;11;016***650**;ALINE REMPEL;01609765028;1 - REPRESENTANTE LEGAL
6669043;3240359;1126981;303;02;2022;8;213***808**;CESAR BRUNO SARAIVA;21357580860;1 - REPRESENTANTE LEGAL
6669044;3240359;1126981;303;02;2022;8;213***808**;CESAR BRUNO SARAIVA;21357580860;2 - DEMAIS MEMBROS DO QUADRO SOCIETÁRIO
6669063;3240369;1126981;303;02;2022;8;229***006**;FRANCISCO ASSIS DE PAULO;22986200672;1 - REPRESENTANTE LEGAL
6669064;3240369;1126981;303;02;2022;8;229***006**;FRANCISCO ASSIS DE PAULO;22986200672;2 - DEMAIS MEMBROS DO QUADRO SOCIETÁRIO
5970088;2877004;985005;303;02;2022;3;253***618**;PAULO MARCIO DE LIMA ROCHA;25325861840;2 - DEMAIS MEMBROS DO QUADRO SOCIETÁRIO
6662190;3236833;1125718;303;02;2022;4;253***618**;PAULO MARCIO DE LIMA ROCHA;25325861840;2 - DEMAIS MEMBROS DO QUADRO SOCIETÁRIO
6662257;3236866;1125734;303;02;2022;7;253***618**;PAULO MARCIO DE LIMA ROCHA;25325861840;2 - DEMAIS MEMBROS DO QUADRO SOCIETÁRIO
6693760;3253418;1132134;303;02;2022;9;253***618**;PAULO MARCIO DE LIMA ROCHA;25325861840;2 - DEMAIS MEMBROS DO QUADRO SOCIETÁRIO
5970068;2876995;985004;303;02;2022;3;048***226**;SAMUEL HELENO DE ARAÚJO;04814822618;2 - DEMAIS MEMBROS DO QUADRO SOCIETÁRIO
6669014;3240344;1126975;303;02;2022;8;001***766**;JACKSSON ALVES RODRIGUES;00190076631;2 - DEMAIS MEMBROS DO QUADRO SOCIETÁRIO
6719009;3266562;1137219;303;02;2022;12;001***766**;JACKSSON ALVES RODRIGUES;00190076631;2 - DEMAIS MEMBROS DO QUADRO SOCIETÁRIO
5970075;2876999;985003;303;02;2022;3;121***386**;IZABELLA SOUSA COIMBRA NASCIEMTO;12109338610;1 - REPRESENTANTE LEGAL
5970076;2876999;985003;303;02;2022;3;121***386**;IZABELLA SOUSA COIMBRA NASCIEMTO;12109338610;2 - DEMAIS MEMBROS DO QUADRO SOCIETÁRIO
6662315;3236893;1125735;303;02;2022;7;238***106**;LUIZ CLAUDIO LOPES DE OLIVEIRA;23873710625;2 - DEMAIS MEMBROS DO QUADRO SOCIETÁRIO
6718971;3266544;1137217;303;02;2022;11;238***106**;LUIZ CLAUDIO LOPES DE OLIVEIRA;23873710625;2 - DEMAIS MEMBROS DO QUADRO SOCIETÁRIO
6662287;3236880;1125735;303;02;2022;7;636***740**;MARITANIA FILIPETTO FOLADOR;63643774087;1 - REPRESENTANTE LEGAL
6662288;3236880;1125735;303;02;2022;7;636***740**;MARITANIA FILIPETTO FOLADOR;63643774087;2 - DEMAIS MEMBROS DO QUADRO SOCIETÁRIO
6718974;3266546;1137217;303;02;2022;11;636***740**;MARITANIA FILIPETTO FOLADOR;63643774087;1 - REPRESENTANTE LEGAL
6718975;3266546;1137217;303;02;2022;11;636***740**;MARITANIA FILIPETTO FOLADOR;63643774087;2 - DEMAIS MEMBROS DO QUADRO SOCIETÁRIO
5946278;2864738;980087;303;02;2022;1;066***686**;SARA NUNES DE SOUZA;06676368625;1 - REPRESENTANTE LEGAL
6669004;3240339;1126978;303;02;2022;8;070***799**;JOAO GABRIEL MEDEIROS;07001379980;2 - DEMAIS MEMBROS DO QUADRO SOCIETÁRIO
6662259;3236867;1125734;303;02;2022;7;070***799**;JOAO GABRIEL MEDEIROS;07001379980;2 - DEMAIS MEMBROS DO QUADRO SOCIETÁRIO
6662309;3236890;1125735;303;02;2022;7;074***866**;MARIELIDIA DE ARAUJO SILVA;07432686602;2 - DEMAIS MEMBROS DO QUADRO SOCIETÁRIO
6718989;3266552;1137217;303;02;2022;11;074***866**;MARIELIDIA DE ARAUJO SILVA;07432686602;2 - DEMAIS MEMBROS DO QUADRO SOCIETÁRIO
6668987;3240334;1126976;303;02;2022;8;030***188**;CÉLIA RICARDO DA SILVA RESENDE;03027718835;2 - DEMAIS MEMBROS DO QUADRO SOCIETÁRIO
6719001;3266558;1137220;303;02;2022;12;014***456**;SALVADOR DOS SANTOS E SILVA JÚNIOR;01494545624;2 - DEMAIS MEMBROS DO QUADRO SOCIETÁRIO
6662235;3236857;1125729;303;02;2022;7;469***487**;SEBASTIAO DA COSTA PEREIRA NETO;46980148753;1 - REPRESENTANTE LEGAL
6662158;3236828;1125715;303;02;2022;4;329***366**;JOSÉ FERREIRA JÚNIOR;32947836634;2 - DEMAIS MEMBROS DO QUADRO SOCIETÁRIO
6662192;3236834;1125718;303;02;2022;4;045***376**;ALENCAR HENRIQUE RODRIGUES;04516837650;2 - DEMAIS MEMBROS DO QUADRO SOCIETÁRIO
5970067;2876995;985004;303;02;2022;3;047***146**;MARCELO DE SOUZA SOARES;04727814641;1 - REPRESENTANTE LEGAL
6662308;3236890;1125735;303;02;2022;7;059***856**;LETICIA TORRES GUEDES;05969485659;2 - DEMAIS MEMBROS DO QUADRO SOCIETÁRIO
6718988;3266552;1137217;303;02;2022;11;059***856**;LETICIA TORRES GUEDES;05969485659;2 - DEMAIS MEMBROS DO QUADRO SOCIETÁRIO
6662164;3236829;1125713;303;02;2022;4;286***030**;TANIA WAIS;28604903020;2 - DEMAIS MEMBROS DO QUADRO SOCIETÁRIO
6662266;3236871;1125734;303;02;2022;7;163***046**;CARLOS ROBERTO DE SOUZA PRADO;16332504668;1 - REPRESENTANTE LEGAL
6662267;3236871;1125734;303;02;2022;7;163***046**;CARLOS ROBERTO DE SOUZA PRADO;16332504668;2 - DEMAIS MEMBROS DO QUADRO SOCIETÁRIO
6669012;3240343;1126977;303;02;2022;8;295***256**;ANTONIO MAGALHAES DA FONSECA FILHO;29547725653;2 - DEMAIS MEMBROS DO QUADRO SOCIETÁRIO
5970057;2876990;985003;303;02;2022;3;059***796**;WILIAN ALVES;05929179670;1 - REPRESENTANTE LEGAL
5970058;2876990;985003;303;02;2022;3;059***796**;WILIAN ALVES;05929179670;2 - DEMAIS MEMBROS DO QUADRO SOCIETÁRIO
6669051;3240363;1126981;303;02;2022;8;086***439**;PALOMA VINTER BOGO;08693343955;1 - REPRESENTANTE LEGAL
6669052;3240363;1126981;303;02;2022;8;086***439**;PALOMA VINTER BOGO;08693343955;2 - DEMAIS MEMBROS DO QUADRO SOCIETÁRIO
6668999;3240337;1126978;303;02;2022;8;089***926**;PAULO RICARDO DA SILVA;08991292690;1 - REPRESENTANTE LEGAL
6669000;3240337;1126978;303;02;2022;8;089***926**;PAULO RICARDO DA SILVA;08991292690;2 - DEMAIS MEMBROS DO QUADRO SOCIETÁRIO
6693749;3253414;1132134;303;02;2022;9;089***926**;PAULO RICARDO DA SILVA;08991292690;1 - REPRESENTANTE LEGAL
6693750;3253414;1132134;303;02;2022;9;089***926**;PAULO RICARDO DA SILVA;08991292690;2 - DEMAIS MEMBROS DO QUADRO SOCIETÁRIO
5970064;2876993;985004;303;02;2022;3;955***076**;MIRNA MARTINS DE CARVALHO LOPES;95531807600;2 - DEMAIS MEMBROS DO QUADRO SOCIETÁRIO
6669045;3240360;1126981;303;02;2022;8;118***357**;CHRISTOPHER NARCISO DA PAZ;11884335713;1 - REPRESENTANTE LEGAL
6669046;3240360;1126981;303;02;2022;8;118***357**;CHRISTOPHER NARCISO DA PAZ;11884335713;2 - DEMAIS MEMBROS DO QUADRO SOCIETÁRIO
5946284;2864740;980086;303;02;2022;1;069***426**;PEDRO HENRIQUE VIEIRA SAVOI;06927642676;2 - DEMAIS MEMBROS DO QUADRO SOCIETÁRIO
6662183;3236831;1125713;303;02;2022;4;117***618**;ADAILTON OLIVEIRA DIAS;11787361802;2 - DEMAIS MEMBROS DO QUADRO SOCIETÁRIO
6718984;3266551;1137217;303;02;2022;11;012***136**;GERALDO MAGELA DE OLIVEIRA;01219413615;1 - REPRESENTANTE LEGAL
6669042;3240358;1126981;303;02;2022;8;015***630**;DIANE BERTUOL LONGO;01541163001;2 - DEMAIS MEMBROS DO QUADRO SOCIETÁRIO
6662247;3236862;1125730;303;02;2022;7;588***726**;MA¿RCIA GONTIJO RABELO SANTIAGO;58866272604;2 - DEMAIS MEMBROS DO QUADRO SOCIETÁRIO
6662301;3236887;1125735;303;02;2022;7;005***580**;ALINE ANTONIAZZI PEREIRA;00521358027;1 - REPRESENTANTE LEGAL
6718982;3266550;1137217;303;02;2022;11;005***580**;ALINE ANTONIAZZI PEREIRA;00521358027;1 - REPRESENTANTE LEGAL
6669053;3240364;1126981;303;02;2022;8;061***619**;ANA PAULA CIRQUEIRA LUCAS PIZANI;06182561998;1 - REPRESENTANTE LEGAL
6669054;3240364;1126981;303;02;2022;8;061***619**;ANA PAULA CIRQUEIRA LUCAS PIZANI;06182561998;2 - DEMAIS MEMBROS DO QUADRO SOCIETÁRIO
6669041;3240358;1126981;303;02;2022;8;006***880**;CLEITON CESAR LONGO;00622588001;1 - REPRESENTANTE LEGAL
6662181;3236830;1125713;303;02;2022;4;857***919**;MARCOS ROBERTO LOUCAO;85723991949;2 - DEMAIS MEMBROS DO QUADRO SOCIETÁRIO
5970063;2876993;985004;303;02;2022;3;101***926**;LUCAS HENRIQUE MARTINS;10180892681;1 - REPRESENTANTE LEGAL
6662171;3236830;1125713;303;02;2022;4;112***578**;MARCELO SEBASTIAO DA SILVA;11268157805;2 - DEMAIS MEMBROS DO QUADRO SOCIETÁRIO
6662177;3236830;1125713;303;02;2022;4;012***678**;LAURIBERTO TADEU TAVARES;01208567861;2 - DEMAIS MEMBROS DO QUADRO SOCIETÁRIO
5970087;2877004;985005;303;02;2022;3;162***598**;ANA PAULA DE LIMA ROCHA;16256759842;2 - DEMAIS MEMBROS DO QUADRO SOCIETÁRIO
6662189;3236833;1125718;303;02;2022;4;162***598**;ANA PAULA DE LIMA ROCHA;16256759842;2 - DEMAIS MEMBROS DO QUADRO SOCIETÁRIO
6662256;3236866;1125734;303;02;2022;7;162***598**;ANA PAULA DE LIMA ROCHA;16256759842;2 - DEMAIS MEMBROS DO QUADRO SOCIETÁRIO
6693759;3253418;1132134;303;02;2022;9;162***598**;ANA PAULA DE LIMA ROCHA;16256759842;2 - DEMAIS MEMBROS DO QUADRO SOCIETÁRIO
6662291;3236882;1125735;303;02;2022;7;171***586**;JOSÉ MARIA NOGUEIRA;17144558668;1 - REPRESENTANTE LEGAL
6662240;3236859;1125731;303;02;2022;7;185***886**;JÉSUS BARRETO BARCELLOS;18550088668;2 - DEMAIS MEMBROS DO QUADRO SOCIETÁRIO
6662236;3236857;1125729;303;02;2022;7;045***247**;ANDRÉ LUIS PEREIRA GOMES;04531224779;2 - DEMAIS MEMBROS DO QUADRO SOCIETÁRIO
5946275;2864736;980087;303;02;2022;1;061***786**;TIAGO ERNESTO GUERRA;06118978654;2 - DEMAIS MEMBROS DO QUADRO SOCIETÁRIO
6662215;3236845;1125724;303;02;2022;5;061***786**;TIAGO ERNESTO GUERRA;06118978654;2 - DEMAIS MEMBROS DO QUADRO SOCIETÁRIO
6662159;3236828;1125715;303;02;2022;4;620***606**;HAMILTON GONZADA DA SILVA;62036360610;2 - DEMAIS MEMBROS DO QUADRO SOCIETÁRIO
6662310;3236891;1125735;303;02;2022;7;063***819**;JEAN CARLOS PETRY;06308681903;1 - REPRESENTANTE LEGAL
6669060;3240367;1126981;303;02;2022;8;219***178**;GABRIEL CHELSE;21922817813;2 - DEMAIS MEMBROS DO QUADRO SOCIETÁRIO
6668996;3240336;1126978;303;02;2022;8;490***016**;ANTONIO CARLOS DA SILVA;49043501620;1 - REPRESENTANTE LEGAL
6669069;3240372;1126981;303;02;2022;8;074***324**;CLOVIS CALACA DE OLIVEIRA;07431132417;1 - REPRESENTANTE LEGAL
6669070;3240372;1126981;303;02;2022;8;074***324**;CLOVIS CALACA DE OLIVEIRA;07431132417;2 - DEMAIS MEMBROS DO QUADRO SOCIETÁRIO
6662178;3236830;1125713;303;02;2022;4;074***318**;CELSO DAMADI;07493531803;2 - DEMAIS MEMBROS DO QUADRO SOCIETÁRIO
6662293;3236883;1125735;303;02;2022;7;041***058**;VERA ALICE GORLA PROTO;04180805855;1 - REPRESENTANTE LEGAL
6662265;3236870;1125734;303;02;2022;7;005***446**;FABIANO TADEU NOVAIS;00510944604;2 - DEMAIS MEMBROS DO QUADRO SOCIETÁRIO
6662264;3236870;1125734;303;02;2022;7;066***046**;PAULO CESAR DE CARVALHO E SILVA;06629104609;1 - REPRESENTANTE LEGAL
6662182;3236831;1125713;303;02;2022;4;858***707**;THOMAS KELLY BATT;85837270744;1 - REPRESENTANTE LEGAL
6662217;3236846;1125724;303;02;2022;5;892***876**;CLEUZA NUNES DE QUEIROZ;89211987687;2 - DEMAIS MEMBROS DO QUADRO SOCIETÁRIO
6662246;3236862;1125730;303;02;2022;7;325***506**;EUGENIO SANTIAGO;32511850630;1 - REPRESENTANTE LEGAL
6662224;3236850;1125726;303;02;2022;6;129***886**;ANA CLAUDIA DE MELO KERN;12904888608;1 - REPRESENTANTE LEGAL
6662276;3236876;1125734;303;02;2022;7;046***716**;ALLAN FERREIRA MALHEIROS;04677271631;1 - REPRESENTANTE LEGAL
6719004;3266560;1137222;303;02;2022;12;046***716**;ALLAN FERREIRA MALHEIROS;04677271631;1 - REPRESENTANTE LEGAL
5970071;2876997;985004;303;02;2022;3;050***186**;JULIANA CLAUDIA RIBEIRO DE LACERDA;05025418658;1 - REPRESENTANTE LEGAL
5970072;2876997;985004;303;02;2022;3;050***186**;JULIANA CLAUDIA RIBEIRO DE LACERDA;05025418658;2 - DEMAIS MEMBROS DO QUADRO SOCIETÁRIO
5970086;2877004;985005;303;02;2022;3;053***576**;CAROLINA DE LIMA ROCHA;05342157692;2 - DEMAIS MEMBROS DO QUADRO SOCIETÁRIO
6662188;3236833;1125718;303;02;2022;4;053***576**;CAROLINA DE LIMA ROCHA;05342157692;2 - DEMAIS MEMBROS DO QUADRO SOCIETÁRIO
6662255;3236866;1125734;303;02;2022;7;053***576**;CAROLINA DE LIMA ROCHA;05342157692;2 - DEMAIS MEMBROS DO QUADRO SOCIETÁRIO
6693758;3253418;1132134;303;02;2022;9;053***576**;CAROLINA DE LIMA ROCHA;05342157692;2 - DEMAIS MEMBROS DO QUADRO SOCIETÁRIO
5946268;2864733;980087;303;02;2022;1;059***896**;ELENITA MARCIA SANTOS FONSECA;05945689602;1 - REPRESENTANTE LEGAL
6662205;3236841;1125720;303;02;2022;5;006***946**;MARCELO MAGNO DA COSTA;00643994602;2 - DEMAIS MEMBROS DO QUADRO SOCIETÁRIO
6662179;3236830;1125713;303;02;2022;4;075***558**;CLÁUDIA DE OLIVEIRA MACHADO MATTEDI;07541355860;2 - DEMAIS MEMBROS DO QUADRO SOCIETÁRIO
6597933;3203975;1112785;304;03;2022;12;021***998**;ANACLETO FRANCISCO BISCAINO;02168699860;1 - REPRESENTANTE LEGAL
6518003;3162227;1096369;304;03;2022;2;526***116**;MARCIO BARBOSA SILVA BISSOLI;52672611653;2 - DEMAIS MEMBROS DO QUADRO SOCIETÁRIO
6518034;3162237;1096377;304;03;2022;5;005***996**;LANDER APARECIDO DE OLIVEIRA.;00590799673;1 - REPRESENTANTE LEGAL
6518033;3162236;1096378;304;03;2022;5;103***046**;CAMILA RIBEIRO DOS SANTOS LIBERATO;10360004601;2 - DEMAIS MEMBROS DO QUADRO SOCIETÁRIO
6597941;3203979;1112784;304;03;2022;12;311***106**;SERGIO ROBERTO DE MAGALHAES PINTO;31199810606;1 - REPRESENTANTE LEGAL
6597942;3203979;1112784;304;03;2022;12;311***106**;SERGIO ROBERTO DE MAGALHAES PINTO;31199810606;2 - DEMAIS MEMBROS DO QUADRO SOCIETÁRIO
6518007;3162227;1096369;304;03;2022;2;380***906**;LEILA MARIA LEONARDO LACERDA;38039290678;2 - DEMAIS MEMBROS DO QUADRO SOCIETÁRIO
6517999;3162227;1096369;304;03;2022;2;435***296**;MARCUS TADEU BARBOSA SILVA;43544029634;2 - DEMAIS MEMBROS DO QUADRO SOCIETÁRIO
6518012;3162229;1096369;304;03;2022;2;435***296**;MARCUS TADEU BARBOSA SILVA;43544029634;2 - DEMAIS MEMBROS DO QUADRO SOCIETÁRIO
6518060;3162248;1096388;304;03;2022;8;469***166**;ADELSON CAMPOS DA CUNHA.;46929916668;1 - REPRESENTANTE LEGAL
6597940;3203978;1112780;304;03;2022;12;093***996**;ARISTOTELES GUSTAVO RIBEIRO XAVIER;09300299689;2 - DEMAIS MEMBROS DO QUADRO SOCIETÁRIO
6518050;3162243;1096383;304;03;2022;7;098***866**;WALISSON VIEIRA FARIA;09834286627;2 - DEMAIS MEMBROS DO QUADRO SOCIETÁRIO
6518006;3162227;1096369;304;03;2022;2;334***576**;SANDRA REGINA LEONARDO LACERDA;33405557615;2 - DEMAIS MEMBROS DO QUADRO SOCIETÁRIO
6518000;3162227;1096369;304;03;2022;2;530***756**;TULIO BARBOSA SILVA;53038975672;2 - DEMAIS MEMBROS DO QUADRO SOCIETÁRIO
6518013;3162229;1096369;304;03;2022;2;530***756**;TULIO BARBOSA SILVA;53038975672;2 - DEMAIS MEMBROS DO QUADRO SOCIETÁRIO
6518002;3162227;1096369;304;03;2022;2;882***137**;LEONARDO BARBOS SILVA;88296113791;2 - DEMAIS MEMBROS DO QUADRO SOCIETÁRIO
6518015;3162229;1096369;304;03;2022;2;882***137**;LEONARDO BARBOS SILVA;88296113791;2 - DEMAIS MEMBROS DO QUADRO SOCIETÁRIO
6518069;3162252;1096390;304;03;2022;9;967***426**;WENDERSON SILVA PEIXOTO DE MELLO.;96775742649;1 - REPRESENTANTE LEGAL
6518070;3162252;1096390;304;03;2022;9;967***426**;WENDERSON SILVA PEIXOTO DE MELLO.;96775742649;2 - DEMAIS MEMBROS DO QUADRO SOCIETÁRIO
6518025;3162233;1096373;304;03;2022;4;011***636**;SERGIO DIAS MONTEIRO ANDRADE;01168563607;1 - REPRESENTANTE LEGAL
6518021;3162231;1096374;304;03;2022;4;219***576**;JOSE LADISLAU DE SOUZA.;21953457649;1 - REPRESENTANTE LEGAL
6518022;3162231;1096374;304;03;2022;4;219***576**;JOSE LADISLAU DE SOUZA.;21953457649;2 - DEMAIS MEMBROS DO QUADRO SOCIETÁRIO
6518074;3162254;1096392;304;03;2022;10;048***746**;TEREZINHA DE JESUS SILVA.;04866174676;2 - DEMAIS MEMBROS DO QUADRO SOCIETÁRIO
6518056;3162246;1096389;304;03;2022;8;314***376**;IRACY MARCOS LOPES;31492037672;1 - REPRESENTANTE LEGAL
6597934;3203975;1112785;304;03;2022;12;316***448**;LUCAS ANTONIO ZAMPOLO;31678644862;2 - DEMAIS MEMBROS DO QUADRO SOCIETÁRIO
6597945;3203981;1112781;304;03;2022;12;456***796**;WILLIAM SILVA;45614679634;1 - REPRESENTANTE LEGAL
6597946;3203981;1112781;304;03;2022;12;456***796**;WILLIAM SILVA;45614679634;2 - DEMAIS MEMBROS DO QUADRO SOCIETÁRIO
6518049;3162243;1096383;304;03;2022;7;084***056**;ROBERTA ALVES MARTINS;08446305607;2 - DEMAIS MEMBROS DO QUADRO SOCIETÁRIO
6518061;3162248;1096388;304;03;2022;8;881***336**;MAURICIO MOREIRA.;88197433615;2 - DEMAIS MEMBROS DO QUADRO SOCIETÁRIO
6518057;3162246;1096389;304;03;2022;8;360***746**;JANE DA CONCEICAO FERREIRA LOPES.;36023574653;2 - DEMAIS MEMBROS DO QUADRO SOCIETÁRIO
6518054;3162245;1096384;304;03;2022;7;890***306**;FERNANDO ANTONIO DUARTE PIMENTA;89072030672;1 - REPRESENTANTE LEGAL
6518030;3162235;1096371;304;03;2022;4;005***516**;JARBAS SEBASTIAO DOS REIS;00517751666;1 - REPRESENTANTE LEGAL
6518031;3162235;1096371;304;03;2022;4;005***516**;JARBAS SEBASTIAO DOS REIS;00517751666;2 - DEMAIS MEMBROS DO QUADRO SOCIETÁRIO
6564810;3186658;1105985;304;03;2022;11;860***116**;REYNALDO SEBASTIAO DE OLIVEIRA;86048511604;1 - REPRESENTANTE LEGAL
6564811;3186658;1105985;304;03;2022;11;860***116**;REYNALDO SEBASTIAO DE OLIVEIRA;86048511604;2 - DEMAIS MEMBROS DO QUADRO SOCIETÁRIO
6518035;3162237;1096377;304;03;2022;5;200***506**;MARIA APARECIDA DE ARAUJO E SOUSA.;20027850668;2 - DEMAIS MEMBROS DO QUADRO SOCIETÁRIO
6518052;3162244;1096382;304;03;2022;7;004***466**;MARCIO NAZARET AMARO;00493346627;1 - REPRESENTANTE LEGAL
6518053;3162244;1096382;304;03;2022;7;004***466**;MARCIO NAZARET AMARO;00493346627;2 - DEMAIS MEMBROS DO QUADRO SOCIETÁRIO
6518009;3162228;1096370;304;03;2022;2;087***756**;ELOY MONTEIRO DOMINGOS;08710675604;1 - REPRESENTANTE LEGAL
6518010;3162228;1096370;304;03;2022;2;087***756**;ELOY MONTEIRO DOMINGOS;08710675604;2 - DEMAIS MEMBROS DO QUADRO SOCIETÁRIO
6597943;3203980;1112784;304;03;2022;12;939***576**;DARIO HUMBERTO DE MELO CASTRO;93934157653;1 - REPRESENTANTE LEGAL
6597944;3203980;1112784;304;03;2022;12;939***576**;DARIO HUMBERTO DE MELO CASTRO;93934157653;2 - DEMAIS MEMBROS DO QUADRO SOCIETÁRIO
6597937;3203977;1112780;304;03;2022;12;116***056**;MARCOS PAULO DE MELO KERN;11659805686;1 - REPRESENTANTE LEGAL
6597938;3203977;1112780;304;03;2022;12;116***056**;MARCOS PAULO DE MELO KERN;11659805686;2 - DEMAIS MEMBROS DO QUADRO SOCIETÁRIO
6518019;3162230;1096372;304;03;2022;4;035***836**;LEONARDO FILOMENO;03546383605;1 - REPRESENTANTE LEGAL
6518020;3162230;1096372;304;03;2022;4;035***836**;LEONARDO FILOMENO;03546383605;2 - DEMAIS MEMBROS DO QUADRO SOCIETÁRIO
6518040;3162239;1096375;304;03;2022;5;035***836**;LEONARDO FILOMENO;03546383605;1 - REPRESENTANTE LEGAL
6518041;3162239;1096375;304;03;2022;5;035***836**;LEONARDO FILOMENO;03546383605;2 - DEMAIS MEMBROS DO QUADRO SOCIETÁRIO
6518042;3162240;1096379;304;03;2022;6;035***836**;LEONARDO FILOMENO;03546383605;1 - REPRESENTANTE LEGAL
6518043;3162240;1096379;304;03;2022;6;035***836**;LEONARDO FILOMENO;03546383605;2 - DEMAIS MEMBROS DO QUADRO SOCIETÁRIO
6518058;3162247;1096386;304;03;2022;8;035***836**;LEONARDO FILOMENO;03546383605;1 - REPRESENTANTE LEGAL
6518059;3162247;1096386;304;03;2022;8;035***836**;LEONARDO FILOMENO;03546383605;2 - DEMAIS MEMBROS DO QUADRO SOCIETÁRIO
6518062;3162249;1096385;304;03;2022;8;035***836**;LEONARDO FILOMENO;03546383605;1 - REPRESENTANTE LEGAL
6518063;3162249;1096385;304;03;2022;8;035***836**;LEONARDO FILOMENO;03546383605;2 - DEMAIS MEMBROS DO QUADRO SOCIETÁRIO
6597924;3203970;1112783;304;03;2022;12;035***836**;LEONARDO FILOMENO;03546383605;2 - DEMAIS MEMBROS DO QUADRO SOCIETÁRIO
6597923;3203970;1112783;304;03;2022;12;035***836**;LEONARDO FILOMENO;03546383605;1 - REPRESENTANTE LEGAL
6597947;3203982;1112781;304;03;2022;12;035***836**;LEONARDO FILOMENO;03546383605;1 - REPRESENTANTE LEGAL
6597948;3203982;1112781;304;03;2022;12;035***836**;LEONARDO FILOMENO;03546383605;2 - DEMAIS MEMBROS DO QUADRO SOCIETÁRIO
6518016;3162229;1096369;304;03;2022;2;094***117**;EDUARDO DA GAMA CAMARA;09425411700;2 - DEMAIS MEMBROS DO QUADRO SOCIETÁRIO
6518001;3162227;1096369;304;03;2022;2;829***906**;SIMONE BARBOSA SILVA;82993890620;2 - DEMAIS MEMBROS DO QUADRO SOCIETÁRIO
6518014;3162229;1096369;304;03;2022;2;829***906**;SIMONE BARBOSA SILVA;82993890620;2 - DEMAIS MEMBROS DO QUADRO SOCIETÁRIO
6518029;3162234;1096371;304;03;2022;4;221***316**;ANTONIO BARRETO BARCELLOS;22112731653;2 - DEMAIS MEMBROS DO QUADRO SOCIETÁRIO
6597949;3203983;1112781;304;03;2022;12;704***086**;MILTON DOS SANTOS SILVA;70407908668;1 - REPRESENTANTE LEGAL
6597950;3203983;1112781;304;03;2022;12;704***086**;MILTON DOS SANTOS SILVA;70407908668;2 - DEMAIS MEMBROS DO QUADRO SOCIETÁRIO
6518023;3162232;1096373;304;03;2022;4;913***996**;ROGER PAIXAO MACHADO;91325099600;1 - REPRESENTANTE LEGAL
6518024;3162232;1096373;304;03;2022;4;913***996**;ROGER PAIXAO MACHADO;91325099600;2 - DEMAIS MEMBROS DO QUADRO SOCIETÁRIO
6597929;3203973;1112785;304;03;2022;12;546***436**;MANOEL UBIRAJARA NOGUEIRA;54668743615;1 - REPRESENTANTE LEGAL
6597930;3203973;1112785;304;03;2022;12;546***436**;MANOEL UBIRAJARA NOGUEIRA;54668743615;2 - DEMAIS MEMBROS DO QUADRO SOCIETÁRIO
6518026;3162233;1096373;304;03;2022;4;077***816**;JÚNIA MARCIA ANDRADE;07774781617;2 - DEMAIS MEMBROS DO QUADRO SOCIETÁRIO
6518028;3162234;1096371;304;03;2022;4;185***886**;JESUS BARRETO BARCELOS;18550088668;2 - DEMAIS MEMBROS DO QUADRO SOCIETÁRIO
6518047;3162242;1096380;304;03;2022;6;046***909**;GUILHERME STRESSER;04687890903;2 - DEMAIS MEMBROS DO QUADRO SOCIETÁRIO
6597939;3203978;1112780;304;03;2022;12;053***126**;JOAO BATISTA PINTO;05368512635;1 - REPRESENTANTE LEGAL
6518073;3162254;1096392;304;03;2022;10;704***146**;WALDEMIR DA CONSOLACAO SILVA.;70444714634;1 - REPRESENTANTE LEGAL
6518044;3162241;1096381;304;03;2022;6;061***686**;MAXIMIANO SIMOES DE SOUZA;06149468674;1 - REPRESENTANTE LEGAL
6518017;3162229;1096369;304;03;2022;2;001***848**;HAMILTON MARIO FORTUNATO;00170484866;2 - DEMAIS MEMBROS DO QUADRO SOCIETÁRIO
6518027;3162234;1096371;304;03;2022;4;127***846**;MAURICIO BARRETO BARCELLOS;12754684620;1 - REPRESENTANTE LEGAL
6518004;3162227;1096369;304;03;2022;2;795***416**;ANDREA BARBOSA SILVA;79578241615;2 - DEMAIS MEMBROS DO QUADRO SOCIETÁRIO
6518008;3162227;1096369;304;03;2022;2;435***106**;IVONE BARBOSA SILVA;43544010615;2 - DEMAIS MEMBROS DO QUADRO SOCIETÁRIO
6518045;3162241;1096381;304;03;2022;6;050***736**;RAQUEL AMARAL SOUZA;05068173690;2 - DEMAIS MEMBROS DO QUADRO SOCIETÁRIO
6518048;3162243;1096383;304;03;2022;7;052***486**;JOEL SOARES DA SILVA JUNIOR;05223848624;1 - REPRESENTANTE LEGAL
6597925;3203971;1112785;304;03;2022;12;757***109**;MARLENE APARECIDA GUERINI PADOVAN;75720710906;1 - REPRESENTANTE LEGAL
6597926;3203971;1112785;304;03;2022;12;757***109**;MARLENE APARECIDA GUERINI PADOVAN;75720710906;2 - DEMAIS MEMBROS DO QUADRO SOCIETÁRIO
6518018;3162229;1096369;304;03;2022;2;019***128**;MARCO AURELIO VENDITTI;01910112828;2 - DEMAIS MEMBROS DO QUADRO SOCIETÁRIO
6597921;3203969;1112782;304;03;2022;12;214***668**;ANGELO EDUARDO FERNANDES FRANZONI;21478966831;1 - REPRESENTANTE LEGAL
6518037;3162237;1096377;304;03;2022;5;551***006**;DJAIRA MARIA DA COSTA.;55165800644;2 - DEMAIS MEMBROS DO QUADRO SOCIETÁRIO
6597928;3203972;1112785;304;03;2022;12;076***276**;GERALDO LUIZ VIEIRA SOBRINHO;07661827620;2 - DEMAIS MEMBROS DO QUADRO SOCIETÁRIO
6518036;3162237;1096377;304;03;2022;5;547***486**;MARCELO FERNANDES DOS SANTOS;54725348600;2 - DEMAIS MEMBROS DO QUADRO SOCIETÁRIO
6518038;3162238;1096376;304;03;2022;5;590***236**;PAULO SERGIO DA CRUZ;59084723600;1 - REPRESENTANTE LEGAL
6517998;3162227;1096369;304;03;2022;2;309***938**;RONIERIS JOSE SBARAI;30995393842;1 - REPRESENTANTE LEGAL
6518071;3162253;1096391;304;03;2022;10;089***696**;FREDERICO LOPES PEREIRA;08935069663;1 - REPRESENTANTE LEGAL
6518072;3162253;1096391;304;03;2022;10;089***696**;FREDERICO LOPES PEREIRA;08935069663;2 - DEMAIS MEMBROS DO QUADRO SOCIETÁRIO
6564812;3186659;1105985;304;03;2022;11;081***106**;TULIO ANDRADE DE OLIVEIRA E SANTOS;08107910648;1 - REPRESENTANTE LEGAL
6564813;3186659;1105985;304;03;2022;11;081***106**;TULIO ANDRADE DE OLIVEIRA E SANTOS;08107910648;2 - DEMAIS MEMBROS DO QUADRO SOCIETÁRIO
6518005;3162227;1096369;304;03;2022;2;180***746**;FERNANDO AURELIO LEONARDO LACERDA;18061974649;2 - DEMAIS MEMBROS DO QUADRO SOCIETÁRIO
6662229;3236853;1125734;303;02;2022;7;21366890000120;RAY TECH SOLUCOES EM ENERGIA ELETRICA LTDA;21366890000120;3 - MICRO EMPREENDEDOR INDIVIDUAL (MEI)
6662230;3236854;1125734;303;02;2022;7;27054061000198;LUDMILA APARECIDA DE SOUZA;27054061000198;5 - EMPRESA INDIVIDUAL DE RESPONSABILIDADE LIMITADA (EIRELI)
5970079;2877001;985005;303;02;2022;3;035***836**;LEONARDO FILOMENO;03546383605;1 - REPRESENTANTE LEGAL
5970080;2877001;985005;303;02;2022;3;035***836**;LEONARDO FILOMENO;03546383605;2 - DEMAIS MEMBROS DO QUADRO SOCIETÁRIO
5946266;2864732;980088;303;02;2022;1;035***836**;LEONARDO FILOMENO;03546383605;1 - REPRESENTANTE LEGAL
5946267;2864732;980088;303;02;2022;1;035***836**;LEONARDO FILOMENO;03546383605;2 - DEMAIS MEMBROS DO QUADRO SOCIETÁRIO
6662218;3236847;1125726;303;02;2022;6;035***836**;LEONARDO FILOMENO;03546383605;1 - REPRESENTANTE LEGAL
6662219;3236847;1125726;303;02;2022;6;035***836**;LEONARDO FILOMENO;03546383605;2 - DEMAIS MEMBROS DO QUADRO SOCIETÁRIO
6669017;3240346;1126980;303;02;2022;8;035***836**;LEONARDO FILOMENO;03546383605;1 - REPRESENTANTE LEGAL
6669018;3240346;1126980;303;02;2022;8;035***836**;LEONARDO FILOMENO;03546383605;2 - DEMAIS MEMBROS DO QUADRO SOCIETÁRIO
6662237;3236858;1125731;303;02;2022;7;035***836**;LEONARDO FILOMENO;03546383605;1 - REPRESENTANTE LEGAL
6662238;3236858;1125731;303;02;2022;7;035***836**;LEONARDO FILOMENO;03546383605;2 - DEMAIS MEMBROS DO QUADRO SOCIETÁRIO
6662252;3236865;1125732;303;02;2022;7;035***836**;LEONARDO FILOMENO;03546383605;1 - REPRESENTANTE LEGAL
6662253;3236865;1125732;303;02;2022;7;035***836**;LEONARDO FILOMENO;03546383605;2 - DEMAIS MEMBROS DO QUADRO SOCIETÁRIO
6693743;3253411;1132134;303;02;2022;9;035***836**;LEONARDO FILOMENO;03546383605;1 - REPRESENTANTE LEGAL
6693744;3253411;1132134;303;02;2022;9;035***836**;LEONARDO FILOMENO;03546383605;2 - DEMAIS MEMBROS DO QUADRO SOCIETÁRIO
6693767;3253422;1132136;303;02;2022;10;035***836**;LEONARDO FILOMENO;03546383605;1 - REPRESENTANTE LEGAL
6693768;3253422;1132136;303;02;2022;10;035***836**;LEONARDO FILOMENO;03546383605;2 - DEMAIS MEMBROS DO QUADRO SOCIETÁRIO
6718966;3266542;1137216;303;02;2022;11;035***836**;LEONARDO FILOMENO;03546383605;1 - REPRESENTANTE LEGAL
6718967;3266542;1137216;303;02;2022;11;035***836**;LEONARDO FILOMENO;03546383605;2 - DEMAIS MEMBROS DO QUADRO SOCIETÁRIO
6718996;3266556;1137215;303;02;2022;11;035***836**;LEONARDO FILOMENO;03546383605;1 - REPRESENTANTE LEGAL
6718997;3266556;1137215;303;02;2022;11;035***836**;LEONARDO FILOMENO;03546383605;2 - DEMAIS MEMBROS DO QUADRO SOCIETÁRIO
5842184;2810843;959036;302;01;2022;2;061***786**;TIAGO ERNESTO GUERRA;06118978654;2 - DEMAIS MEMBROS DO QUADRO SOCIETÁRIO
6484067;3144415;1089369;302;01;2022;10;24313971000150;VANESSA JORDÃO CARREIRA RAIUMUNDO 70444145672;24313971000150;1 - REPRESENTANTE LEGAL
6484068;3144415;1089369;302;01;2022;10;24313971000150;VANESSA JORDÃO CARREIRA RAIUMUNDO 70444145672;24313971000150;2 - DEMAIS MEMBROS DO QUADRO SOCIETÁRIO
6484063;3144413;1089369;302;01;2022;10;362***088**;LEANDRO RAFAEL DA SILVA;36278008858;1 - REPRESENTANTE LEGAL
6484064;3144413;1089369;302;01;2022;10;362***088**;LEANDRO RAFAEL DA SILVA;36278008858;2 - DEMAIS MEMBROS DO QUADRO SOCIETÁRIO
5842181;2810842;959036;302;01;2022;2;035***836**;LEONARDO FILOMENO;03546383605;1 - REPRESENTANTE LEGAL
5842182;2810842;959036;302;01;2022;2;035***836**;LEONARDO FILOMENO;03546383605;2 - DEMAIS MEMBROS DO QUADRO SOCIETÁRIO
6522850;3164671;1097280;302;01;2022;11;035***836**;LEONARDO FILOMENO;03546383605;1 - REPRESENTANTE LEGAL
6522851;3164671;1097280;302;01;2022;11;035***836**;LEONARDO FILOMENO;03546383605;2 - DEMAIS MEMBROS DO QUADRO SOCIETÁRIO
6579844;3194409;1109003;302;01;2022;12;035***836**;LEONARDO FILOMENO;03546383605;2 - DEMAIS MEMBROS DO QUADRO SOCIETÁRIO
6579843;3194409;1109003;302;01;2022;12;035***836**;LEONARDO FILOMENO;03546383605;1 - REPRESENTANTE LEGAL
6579841;3194408;1109004;302;01;2022;12;816***926**;EMERSON MARTINS DOS REIS;81618492691;1 - REPRESENTANTE LEGAL
6579842;3194408;1109004;302;01;2022;12;816***926**;EMERSON MARTINS DOS REIS;81618492691;2 - DEMAIS MEMBROS DO QUADRO SOCIETÁRIO
