seq_rsp;seq_orgao;cod_orgao;seq_unidade;num_ano_referencia;num_mes_referencia;seq_empenho_origem;num_empenho_origem;dat_empenho_origem;num_ano_emp_origem;dsc_dotacao_ori;vlr_original;vlr_saldo_ant_proc;vlr_saldo_ant_nao_proc
12504829;303;02;475958;2022;1;82396599;6706;20211228;2021;02.02012.08.122.0141.2244.3.1.90.13.03;3924.6;3924.6;0
12504830;303;02;475961;2022;1;82396373;6770;20211228;2021;02.02009.15.451.0072.2263.4.4.90.51.01;550000;0;475242.48
12504831;303;02;475980;2022;1;79352807;4648;20210922;2021;02.02007002.12.361.0003.2062.3.3.90.30.28;50.4;0;50.4
12504832;303;02;475977;2022;1;82229052;5562;20211108;2021;02.02010001.10.122.0047.2110.3.3.90.39.99;110000;0;8351.6
12504833;303;02;475956;2022;1;82396280;6432;20211217;2021;02.02017.10.301.0029.2063.4.4.90.52.30;73000;0;73000
12504834;303;02;475977;2022;1;82396465;6701;20211228;2021;02.02010001.10.122.0040.2089.3.1.90.13.03;6012.26;6012.26;0
12504835;303;02;475956;2022;1;82396244;6733;20211228;2021;02.02017.10.301.0031.2066.3.3.90.04.00;896.05;851.62;0
12504836;303;02;475956;2022;1;71821106;924;20210212;2021;02.02017.10.122.0042.2094.3.3.90.39.36;50000;0;2570
12504837;303;02;475953;2022;1;82396663;6042;20211203;2021;02.02005.18.122.0011.2028.3.3.90.39.12;172.11;0;87.69
12504838;303;02;475956;2022;1;82396220;6470;20211222;2021;02.02017.10.305.0049.2399.3.3.90.39.60;559.2;0;559.2
12504839;303;02;475956;2022;1;82396452;6380;20211217;2021;02.02017.10.122.0042.2094.3.1.90.13.01;1321.37;1321.37;0
12504840;303;02;475958;2022;1;82396260;6707;20211228;2021;02.02012.08.122.0141.2244.3.1.90.13.01;102.36;102.36;0
12504841;303;02;475961;2022;1;82396923;6823;20211230;2021;02.02009.04.122.0070.2125.3.3.90.30.28;15721;0;15721
12504842;303;02;475963;2022;1;82396881;6750;20211228;2021;02.02020.04.122.0223.2408.3.1.90.13.01;662.19;662.19;0
12504843;303;02;475956;2022;1;82396389;6737;20211228;2021;02.02017.10.302.0039.2086.3.1.90.13.01;1010.88;1010.88;0
12504844;303;02;475977;2022;1;70389955;156;20210105;2021;02.02010001.10.122.0040.2089.3.3.90.39.29;20000;281.08;1580.5
12504845;303;02;475979;2022;1;82396281;6460;20211222;2021;02.02007001.12.365.0221.1222.3.3.90.30.16;527.68;527.68;0
12504846;303;02;475950;2022;1;71820802;761;20210201;2021;02.02004.04.122.0094.2170.3.3.90.93.03;14000;0;2030.32
12504847;303;02;475956;2022;1;82228595;5156;20211020;2021;02.02017.10.122.0032.2069.3.3.90.30.09;12177.76;0;7380
12504848;303;02;475965;2022;1;82396902;6400;20211217;2021;02.02019.04.122.0164.2214.3.1.90.13.01;656.02;656.02;0
12504849;303;02;475978;2022;1;82396296;6347;20211217;2021;02.02007003.12.367.0003.2490.3.1.90.13.05;360.56;360.56;0
12504850;303;02;475958;2022;1;82396622;6709;20211228;2021;02.02012.08.122.0141.2244.3.3.90.04.00;712.89;712.89;0
12504851;303;02;475978;2022;1;82396360;6815;20211230;2021;02.02007003.12.361.0003.2484.3.1.90.13.04;1631.08;1631.08;0
12504852;303;02;475956;2022;1;82396399;6393;20211217;2021;02.02017.10.302.0048.2403.3.1.90.13.01;1131.2;1131.2;0
12504853;303;02;475979;2022;1;82396282;6479;20211222;2021;02.02007001.12.306.0016.2037.3.3.90.30.07;2664;1612;1052
12504854;303;02;475978;2022;1;82396353;6818;20211230;2021;02.02007003.12.365.0003.2486.3.1.90.13.04;1215.78;1215.78;0
12504855;303;02;475958;2022;1;82396570;6799;20211230;2021;02.02012.08.122.0144.1142.3.3.90.30.22;476.4;0;476.4
12504856;303;02;475961;2022;1;82396879;6821;20211230;2021;02.02009.04.122.0070.2125.4.4.90.52.27;2220;0;2220
12504857;303;02;475954;2022;1;79353081;4969;20210927;2021;02.02018.04.695.0216.2401.3.3.90.30.42;17460;0;17460
12504858;303;02;475961;2022;1;75299858;1507;20210326;2021;02.02009.04.122.0070.2125.3.3.90.39.12;6603.24;0;5952.93
12504859;303;02;475979;2022;1;82229082;6004;20211130;2021;02.02007001.12.361.0003.2062.3.3.90.32.99;322139.3;0;322139.3
12504860;303;02;475969;2022;1;82229204;5548;20211108;2021;02.02013.16.122.0122.1119.3.3.90.48.00;2400;0;1600
12504861;303;02;475961;2022;1;46266757;4026;20180703;2018;02.02009.15.451.0072.1087.4.4.90.51.02;398233.14;0;19121.5
12504862;303;02;475956;2022;1;82396406;6387;20211217;2021;02.02017.10.302.0028.2059.3.1.90.13.01;3781.37;3781.37;0
12504863;303;02;475979;2022;1;82396507;6809;20211230;2021;02.02007001.12.365.0221.2407.3.1.90.13.01;391.15;391.15;0
12504864;303;02;475962;2022;1;82396647;6697;20211228;2021;02.02008.27.122.0081.2148.3.1.90.13.03;6935.65;6935.65;0
12504865;303;02;475956;2022;1;82396226;6745;20211228;2021;02.02017.10.302.0080.2104.3.1.90.13.03;2163.77;2061.23;0
12504866;303;02;475959;2022;1;82229121;5597;20211116;2021;02.02014.08.122.0224.2409.3.3.90.30.07;1443.53;0;329.35
12504867;303;02;475950;2022;1;75299856;1301;20210303;2021;02.02004.04.122.0094.2170.3.3.90.39.12;10000;0;1357.96
12504868;303;02;475956;2022;1;82228457;5123;20211018;2021;02.02017.10.122.0032.2069.3.3.90.30.09;50824.73;0;10182.43
12504869;303;02;475979;2022;1;82396547;6121;20211207;2021;02.02007001.12.122.0002.2002.3.3.90.30.24;1187.5;1187.5;0
12504870;303;02;475961;2022;1;82396740;6406;20211217;2021;02.02009.15.451.0072.1087.4.4.90.51.01;173488.47;0;173488.47
12504871;303;02;475952;2022;1;82396772;6657;20211228;2021;02.02003.04.124.0085.2159.3.1.90.13.03;375.88;375.88;0
12504872;303;02;475956;2022;1;82396251;6781;20211230;2021;02.02017.10.122.0322.1248.3.3.90.39.46;35280.07;0;35280.07
12504873;303;02;475979;2022;1;82228530;5202;20211021;2021;02.02007001.12.361.0019.2041.3.3.90.39.57;499994.61;0;12379.38
12504874;303;02;475956;2022;1;82396418;6739;20211228;2021;02.02017.10.302.0043.2099.3.1.90.13.01;1243.35;1243.35;0
12504875;303;02;475952;2022;1;78453940;3972;20210802;2021;02.02003.04.124.0084.2429.3.3.90.40.02;7260.95;1430.41;0
12504876;303;02;475956;2022;1;82396272;6473;20211222;2021;02.02017.10.301.0029.2063.4.4.90.52.30;73000;0;73000
12504877;303;02;475961;2022;1;82396919;6828;20211230;2021;02.02009.04.122.0070.2125.3.3.90.40.99;339;0;339
12504878;303;02;475953;2022;1;82396656;6662;20211228;2021;02.02005.18.122.0011.2028.3.1.90.13.01;2325.27;2325.27;0
12504879;303;02;475968;2022;1;82396827;6316;20211217;2021;02.02006.04.122.0093.2161.3.1.90.13.01;2511.51;2511.51;0
12504880;303;02;475959;2022;1;82396581;6373;20211217;2021;02.02014.08.122.0166.2314.3.1.90.13.01;2613.07;2613.07;0
12504881;303;02;475956;2022;1;70389961;122;20210104;2021;02.02017.10.302.0028.2059.3.3.90.39.36;66528;0;5665
12504882;303;02;475956;2022;1;82396400;6738;20211228;2021;02.02017.10.302.0039.2086.3.1.90.13.03;4258.33;4258.33;0
12504883;303;02;475979;2022;1;82396704;6320;20211217;2021;02.02007001.12.122.0002.2456.3.1.90.13.01;1521.52;1521.52;0
12504884;303;02;475958;2022;1;82396294;6759;20211228;2021;02.02012.08.122.0316.2480.3.3.90.30.07;422;0;422
12504885;303;02;475977;2022;1;82228542;5137;20211018;2021;02.02010001.10.304.0321.1247.4.4.90.52.18;2099;0;2099
12504886;303;02;475961;2022;1;82396858;6824;20211230;2021;02.02009.04.122.0070.2125.3.3.90.30.26;10963.3;0;10963.3
12504887;303;02;475961;2022;1;78453970;4441;20210827;2021;02.02009.04.122.0070.2125.3.3.90.40.02;5759.85;1134.7;0
12504888;303;02;475956;2022;1;71821096;905;20210212;2021;02.02017.10.122.0032.2069.3.3.90.30.09;100;100;0
12504889;303;02;475979;2022;1;82396561;6790;20211230;2021;02.02007001.12.122.0002.2001.3.3.90.46.00;47660.62;0;47660.62
12504890;303;02;475950;2022;1;78453986;4161;20210825;2021;02.02004.04.122.0094.2170.3.3.90.40.02;61309;12077.88;0
12504891;303;02;475968;2022;1;70389901;105;20210104;2021;02.02006.04.122.0093.2160.3.3.90.39.12;3804;0;476.37
12504892;303;02;475956;2022;1;82228465;5131;20211018;2021;02.02017.10.301.0029.2063.3.3.90.30.09;73.17;0;73.17
12504893;303;02;475959;2022;1;82228695;5225;20211026;2021;02.02014.08.122.0224.2409.3.3.90.30.07;5697.9;0;4684.94
12504894;303;02;475956;2022;1;71821121;890;20210212;2021;02.02017.10.122.0032.2069.3.3.90.30.09;2640;0;621
12504895;303;02;475979;2022;1;76943743;3064;20210628;2021;02.02007001.12.122.0002.2002.4.4.90.52.29;6000;0;6000
12504896;303;02;475978;2022;1;82396309;6337;20211217;2021;02.02007003.12.365.0003.2487.3.1.90.13.05;204.71;204.71;0
12504897;303;02;475956;2022;1;82396232;6829;20211230;2021;02.02017.10.301.0029.2063.3.3.90.36.14;2000;0;2000
12504898;303;02;475958;2022;1;82396584;6802;20211230;2021;02.02012.08.122.0144.1142.3.3.90.30.07;4985.21;0;4985.21
12504899;303;02;475979;2022;1;82396551;6764;20211228;2021;02.02007001.12.122.0002.2002.3.3.90.40.02;750;0;750
12504900;303;02;475956;2022;1;82396275;6133;20211210;2021;02.02017.10.301.0029.2063.3.3.90.30.09;20602.32;0;20602.32
12504901;303;02;475978;2022;1;82396350;6687;20211228;2021;02.02007003.12.365.0220.2405.3.1.90.13.04;31473.87;31473.87;0
12504902;303;02;475950;2022;1;82396921;6658;20211228;2021;02.02004.04.122.0086.2166.3.1.90.13.01;945.93;945.93;0
12504903;303;02;475959;2022;1;78453840;4000;20210805;2021;02.02014.08.122.0166.2314.3.3.90.40.02;6474.2;1275.42;0
12504904;303;02;475950;2022;1;70390002;186;20210113;2021;02.02004.04.122.0094.2170.3.3.90.39.43;55000;680.93;0
12504905;303;02;475977;2022;1;82228614;5118;20211018;2021;02.02010001.10.061.0297.2476.3.3.90.91.06;9996;0;8330
12504906;303;02;475979;2022;1;82396509;6675;20211228;2021;02.02007001.12.365.0221.2407.3.1.90.13.03;2552.5;2501.23;0
12504907;303;02;475979;2022;1;82396512;6810;20211230;2021;02.02007001.12.365.0221.2407.3.1.90.13.03;1569.92;1569.92;0
12504908;303;02;475950;2022;1;82228834;5101;20211014;2021;02.02004.04.122.0094.2170.3.3.90.39.53;527.67;0;527.67
12504909;303;02;475961;2022;1;82396794;6834;20211230;2021;02.02009.04.122.0070.2125.3.3.90.30.24;10650;0;10650
12504910;303;02;475979;2022;1;82229089;6000;20211130;2021;02.02007001.12.361.0003.2062.3.3.90.39.49;91086.2;91086.2;0
12504911;303;02;475979;2022;1;79352967;4572;20210914;2021;02.02007001.12.122.0002.2002.3.3.90.39.13;29640;0;10227.7
12504912;303;02;475965;2022;1;75299861;1245;20210301;2021;02.02019.04.122.0164.2214.3.3.90.39.12;9500;958.65;0
12504913;303;02;475950;2022;1;82396905;6661;20211228;2021;02.02004.04.122.0094.2170.3.1.90.13.03;23875.44;23106.39;0
12504914;303;02;475977;2022;1;82396472;6831;20211230;2021;02.02010001.10.122.0040.2089.3.3.90.46.00;31389.64;0;31389.64
12504915;303;02;475956;2022;1;82396234;6830;20211230;2021;02.02017.10.301.0029.2063.3.3.90.36.14;1400;0;1400
12504916;303;02;475979;2022;1;82396536;6807;20211230;2021;02.02007001.12.361.0027.2049.3.1.90.13.01;646.69;646.69;0
12504917;303;02;475969;2022;1;79353071;4537;20210909;2021;02.02013.16.122.0122.1119.3.3.90.48.00;2400;0;400
12504918;303;02;475963;2022;1;82396219;6835;20211230;2021;02.02020.04.392.0223.1253.4.4.90.51.01;13624.62;0;13624.62
12504919;303;02;475961;2022;1;75300284;2245;20210430;2021;02.02009.15.451.0072.1087.4.4.90.51.01;49584.34;0;47559.2
12504920;303;02;475961;2022;1;82396741;6782;20211230;2021;02.02009.15.451.0311.1242.4.4.90.51.01;160330.8;0;160330.8
12504771;303;02;475977;2022;1;82396451;6700;20211228;2021;02.02010001.10.122.0040.2089.3.1.90.13.01;1741.23;1741.23;0
12504772;303;02;475967;2022;1;82396824;6029;20211201;2021;02.02001.04.122.0164.2214.3.3.90.40.02;639.2;0;319.6
12504773;303;02;475962;2022;1;76943822;3343;20210630;2021;02.02008.27.122.0081.2148.3.3.90.39.05;1700;0;1700
12504774;303;02;475956;2022;1;82396235;6471;20211222;2021;02.02017.10.301.0029.2063.3.3.90.39.60;1958.16;0;1958.16
12504775;303;02;475978;2022;1;82396340;6690;20211228;2021;02.02007003.12.366.0003.2488.3.1.90.13.04;6556.79;6556.79;0
12504776;303;02;475958;2022;1;82396585;6362;20211217;2021;02.02012.08.122.0144.1142.3.1.90.13.01;967.16;967.16;0
12504777;303;02;475978;2022;1;82396304;6689;20211228;2021;02.02007003.12.365.0220.2406.3.1.90.13.05;3356.89;3356.89;0
12504778;303;02;475956;2022;1;82228466;5132;20211018;2021;02.02017.10.301.0029.2063.3.3.90.30.09;5509.96;0;171.96
12504779;303;02;475977;2022;1;70390008;193;20210113;2021;02.02010001.10.122.0040.2089.3.3.90.39.43;50000;317.69;5358.7
12504780;303;02;475959;2022;1;79352995;4967;20210927;2021;02.02014.08.122.0166.2314.3.3.90.39.13;7100;0;236.62
12504781;303;02;475972;2022;1;82396761;6724;20211228;2021;02.02015.06.122.0145.2257.3.1.90.13.01;471.76;471.76;0
12504782;303;02;475956;2022;1;46836442;3018;20190612;2019;02.02017.10.305.0049.2399.3.1.90.94.01;2046.06;2046.06;0
12504783;303;02;475956;2022;1;82396431;6732;20211228;2021;02.02017.10.301.0031.2066.3.1.90.13.03;18303.84;18303.84;0
12504784;303;02;475979;2022;1;82396556;6119;20211207;2021;02.02007001.12.122.0002.2002.3.3.90.39.13;38220;0;14798.7
12504785;303;02;475956;2022;1;78453587;4045;20210811;2021;02.02017.10.301.0029.2063.3.3.90.40.06;57422.4;0;13096.11
12504786;303;02;475979;2022;1;78453643;4040;20210811;2021;02.02007001.12.306.0016.2037.3.3.90.30.07;16914;0;414.3
12504787;303;02;475969;2022;1;82396734;6169;20211213;2021;02.02013.16.122.0122.1119.3.3.90.48.00;2400;0;2000
12504788;303;02;475979;2022;1;82396694;6668;20211228;2021;02.02007001.12.122.0002.2456.3.1.90.13.01;2028.09;2028.09;0
12504789;303;02;475979;2022;1;82396527;6324;20211217;2021;02.02007001.12.361.0019.2042.3.1.90.13.01;308.85;308.85;0
12504790;303;02;475958;2022;1;82396618;6798;20211230;2021;02.02012.08.122.0144.1142.3.3.90.30.22;928.5;0;928.5
12504791;303;02;475958;2022;1;82396292;6178;20211213;2021;02.02012.08.122.0316.2480.3.3.90.39.99;700;700;0
12504792;303;02;475977;2022;1;82396456;6352;20211217;2021;02.02010001.10.122.0040.2089.3.1.90.13.01;1833.83;1833.83;0
12504793;303;02;475980;2022;1;79352804;4645;20210922;2021;02.02007002.12.361.0003.2062.3.3.90.30.28;20.4;0;20.4
12504794;303;02;475956;2022;1;82396375;6747;20211228;2021;02.02017.10.305.0049.2399.3.1.90.13.03;17966.25;17966.25;0
12504795;303;02;475968;2022;1;82396840;6839;20211230;2021;02.02006.04.122.0093.2160.3.3.90.40.02;300000;0;300000
12504796;303;02;475979;2022;1;82396534;6673;20211228;2021;02.02007001.12.361.0019.2042.3.1.90.13.03;992.54;992.54;0
12504797;303;02;475972;2022;1;82396764;6376;20211217;2021;02.02015.06.122.0145.2257.3.1.90.13.01;471.77;471.77;0
12504798;303;02;475956;2022;1;82396449;6729;20211228;2021;02.02017.10.122.0042.2094.3.1.90.13.03;3405.24;3405.24;0
12504799;303;02;475978;2022;1;82396319;6681;20211228;2021;02.02007003.12.361.0019.2042.3.1.90.13.05;959.65;959.65;0
12504800;303;02;475956;2022;1;82396404;6395;20211217;2021;02.02017.10.302.0080.2104.3.1.90.13.01;1853.98;1853.98;0
12504801;303;02;475961;2022;1;82229208;6005;20211130;2021;02.02009.15.451.0072.1087.4.4.90.51.01;14750.06;13470.67;0
12504802;303;02;475956;2022;1;77449727;3519;20210721;2021;02.02017.10.302.0028.2059.3.3.90.39.36;156000;0;29360
12504803;303;02;475978;2022;1;82396324;6331;20211217;2021;02.02007003.12.361.0003.2485.3.1.90.13.05;102.35;102.35;0
12504804;303;02;475956;2022;1;82396273;6466;20211222;2021;02.02017.10.301.0029.2063.3.3.90.30.07;1247.2;0;1247.2
12504805;303;02;475956;2022;1;82396271;6096;20211207;2021;02.02017.10.301.0029.2063.3.3.90.30.07;1360;0;1360
12504806;303;02;475979;2022;1;82228617;5200;20211021;2021;02.02007001.12.365.0003.2006.4.4.90.52.19;727145;0;727145
12504807;303;02;475956;2022;1;70389930;121;20210104;2021;02.02017.10.122.0042.2094.3.3.90.39.36;25350;0;7410
12504808;303;02;475958;2022;1;82396291;6179;20211213;2021;02.02012.08.122.0316.2480.3.3.90.39.99;800;800;0
12504809;303;02;475961;2022;1;82396848;6827;20211230;2021;02.02009.04.122.0070.2125.3.3.90.30.40;4029;0;4029
12504810;303;02;475978;2022;1;82396358;6682;20211228;2021;02.02007003.12.365.0003.2486.3.1.90.13.04;73553.61;73553.61;0
12504811;303;02;475956;2022;1;82396435;6730;20211228;2021;02.02017.10.301.0029.2063.3.1.90.13.01;7709.13;7709.13;0
12504812;303;02;475950;2022;1;75300334;2246;20210430;2021;02.02004.04.122.0094.2170.3.3.90.39.43;19300;0;5000
12504813;303;02;475967;2022;1;82396895;6138;20211210;2021;02.02001.04.122.0164.2214.3.3.90.39.63;1478.4;1478.4;0
12504814;303;02;475952;2022;1;82396776;6655;20211228;2021;02.02003.04.124.0084.2429.3.1.90.13.03;2902.79;2902.79;0
12504815;303;02;475959;2022;1;82396578;6722;20211228;2021;02.02014.08.122.0166.2314.3.1.90.13.03;8780.7;8691.84;0
12504816;303;02;475956;2022;1;82228938;5735;20211125;2021;02.02017.10.301.0029.2063.3.3.90.30.09;6175;6121.2;53.8
12504817;303;02;475961;2022;1;70389935;143;20210104;2021;02.02009.15.122.0115.2395.3.3.90.39.29;215000;0;23315.95
12504818;303;02;475977;2022;1;82396477;6354;20211217;2021;02.02010001.10.122.0047.2110.3.1.90.13.01;3617.72;3617.72;0
12504819;303;02;475977;2022;1;82396501;6144;20211213;2021;02.02010001.10.061.0297.2476.3.3.90.91.05;4200;1494;2706
12504820;303;02;475979;2022;1;70390009;185;20210113;2021;02.02007001.12.361.0019.2041.3.3.90.39.99;50000;0;4622.46
12504821;303;02;475961;2022;1;82396739;6822;20211230;2021;02.02009.15.451.0072.1087.4.4.90.51.01;7933.31;0;7933.31
12504822;303;02;475956;2022;1;82396426;6391;20211217;2021;02.02017.10.302.0043.2099.3.1.90.13.01;1326.09;1326.09;0
12504823;303;02;475959;2022;1;82396600;6721;20211228;2021;02.02014.08.122.0166.2314.3.1.90.13.01;2625.32;2625.32;0
12504824;303;02;475979;2022;1;76944036;3336;20210630;2021;02.02007001.12.122.0002.2002.3.3.90.30.22;560;0;560
12504825;303;02;475962;2022;1;82396638;6184;20211215;2021;02.02008.27.812.0100.1207.4.4.90.52.18;1189;1189;0
12504826;303;02;475958;2022;1;77449861;3459;20210714;2021;02.02012.08.122.0226.2410.3.3.90.39.60;6250.5;0;559.84
12504827;303;02;475978;2022;1;78453668;4082;20210816;2021;02.02007003.12.361.0003.2062.3.3.90.32.99;4480;0;1050
12504828;303;02;475956;2022;1;82396408;6743;20211228;2021;02.02017.10.302.0080.2104.3.1.90.13.01;1929.17;1929.17;0
12504674;303;02;475953;2022;1;82229154;5629;20211117;2021;02.02005.18.122.0008.2018.3.3.90.39.13;50019.45;0;11407.45
12504675;303;02;475978;2022;1;82396312;6341;20211217;2021;02.02007003.12.365.0220.2406.3.1.90.13.05;3409.39;3409.39;0
12504676;303;02;475958;2022;1;82396710;6792;20211230;2021;02.02012.08.244.0128.2223.3.3.90.32.99;11985;0;11985
12504677;303;02;475967;2022;1;82396924;6130;20211210;2021;02.02001.04.122.0164.2214.3.3.90.33.99;1566.05;1566.05;0
12504678;303;02;475956;2022;1;82396269;6480;20211222;2021;02.02017.10.301.0029.2063.3.3.90.39.13;25778.5;0;25778.5
12504679;303;02;475979;2022;1;82396557;6667;20211228;2021;02.02007001.12.122.0002.2001.3.1.90.13.03;4629.56;4578.29;0
12504680;303;02;475963;2022;1;82396791;6402;20211217;2021;02.02020.04.122.0223.2408.3.1.90.13.01;473.28;473.28;0
12504681;303;02;475977;2022;1;82396448;6702;20211228;2021;02.02010001.10.122.0047.2110.3.1.90.13.01;3797.35;3797.35;0
12504682;303;02;475977;2022;1;77449790;3634;20210729;2021;02.02010001.10.061.0297.2476.3.3.90.91.05;4073.12;0;285.45
12504683;303;02;475967;2022;1;75300305;1836;20210419;2021;02.02001.04.122.0164.2214.3.3.90.39.12;3960;0;401.4
12504684;303;02;475950;2022;1;82396867;6660;20211228;2021;02.02004.04.122.0094.2170.3.1.90.13.01;6784.06;6784.06;0
12504685;303;02;475952;2022;1;82396773;6308;20211217;2021;02.02003.04.124.0085.2159.3.1.90.13.01;142.17;142.17;0
12504686;303;02;475979;2022;1;70389949;147;20210104;2021;02.02007001.12.122.0002.2002.3.3.90.39.29;10000;0;1944.67
12504687;303;02;475956;2022;1;82396415;6389;20211217;2021;02.02017.10.302.0039.2086.3.1.90.13.01;1010.88;1010.88;0
12504688;303;02;475956;2022;1;77449725;3500;20210719;2021;02.02017.10.302.0028.2059.3.3.90.39.36;49000;4333.8;6350
12504689;303;02;475979;2022;1;82396532;6808;20211230;2021;02.02007001.12.361.0027.2049.3.1.90.13.03;2461.69;2461.69;0
12504690;303;02;475959;2022;1;79352992;4709;20210924;2021;02.02014.08.122.0224.2409.3.3.90.30.07;340;0;340
12504691;303;02;475959;2022;1;82396607;6723;20211228;2021;02.02014.08.122.0224.2409.3.1.90.13.03;1408.77;1408.77;0
12504692;303;02;475956;2022;1;77449628;3539;20210723;2021;02.02017.10.301.0029.2063.3.3.90.39.12;15000;0;2761.6
12504693;303;02;475953;2022;1;79352812;4539;20210909;2021;02.02005.18.541.0034.2031.4.4.90.52.27;239250;237593;0
12504694;303;02;475961;2022;1;82229207;5593;20211116;2021;02.02009.15.452.0071.2137.3.3.90.34.00;174000;0;4573.87
12504695;303;02;475961;2022;1;51420678;5914;20191122;2019;02.02009.15.451.0072.1087.4.4.90.51.01;435404.71;0;262275.86
12504696;303;02;475959;2022;1;70389959;148;20210104;2021;02.02014.08.122.0166.2314.3.3.90.39.29;6000;0;29.42
12504697;303;02;475961;2022;1;82396801;6699;20211228;2021;02.02009.04.122.0070.2125.3.1.90.13.03;45859.06;45319.02;0
12504698;303;02;475953;2022;1;82396658;6663;20211228;2021;02.02005.18.122.0011.2028.3.1.90.13.03;7015.13;6963.86;0
12504699;303;02;475956;2022;1;82228467;5130;20211018;2021;02.02017.10.301.0029.2063.3.3.90.30.09;4955.09;0;3511.81
12504700;303;02;475979;2022;1;82229077;6002;20211130;2021;02.02007001.12.361.0003.2062.3.3.90.32.99;8728.7;0;8728.7
12504701;303;02;475963;2022;1;82396218;6785;20211230;2021;02.02020.04.392.0223.1253.4.4.90.51.01;18553.56;0;18553.56
12504702;303;02;475958;2022;1;82229138;5594;20211116;2021;02.02012.08.122.0106.2221.3.3.90.40.06;2499;0;2499
12504703;303;02;475956;2022;1;82396384;6740;20211228;2021;02.02017.10.302.0043.2099.3.1.90.13.03;7464.71;7413.44;0
12504704;303;02;475979;2022;1;77449815;3440;20210712;2021;02.02007001.12.122.0002.2002.3.3.90.39.13;15200;0;3902.6
12504705;303;02;475962;2022;1;82396636;6787;20211230;2021;02.02008.27.812.0100.2156.3.3.90.39.05;13730;0;13730
12504706;303;02;475962;2022;1;82396633;6789;20211230;2021;02.02008.27.812.0100.1207.3.3.90.31.00;32200;0;32200
12504707;303;02;475961;2022;1;82396875;6468;20211222;2021;02.02009.04.122.0070.2125.3.3.90.30.24;13992.5;13992.5;0
12504708;303;02;475956;2022;1;82396409;6477;20211222;2021;02.02017.10.302.0028.2059.3.3.90.39.36;15000;0;15000
12504709;303;02;475979;2022;1;82396518;6322;20211217;2021;02.02007001.12.361.0003.2482.3.1.90.13.01;6338.98;6338.98;0
12504710;303;02;475958;2022;1;82396595;6711;20211228;2021;02.02012.08.122.0144.1142.3.1.90.13.03;3032.19;3032.19;0
12504711;303;02;475978;2022;1;82396344;6335;20211217;2021;02.02007003.12.365.0003.2486.3.1.90.13.04;8678.61;8678.61;0
12504712;303;02;475978;2022;1;82396299;6694;20211228;2021;02.02007003.12.367.0003.2490.3.1.90.13.05;811.88;811.88;0
12504655;303;02;475972;2022;1;82396760;6725;20211228;2021;02.02015.06.122.0145.2257.3.1.90.13.03;2656.02;2656.02;0
12504656;303;02;475958;2022;1;82396708;6371;20211217;2021;02.02012.08.244.0130.2230.3.1.90.13.01;207.47;207.47;0
12504657;303;02;475962;2022;1;82396649;6696;20211228;2021;02.02008.27.122.0081.2148.3.1.90.13.01;1915.58;1915.58;0
12504658;303;02;475956;2022;1;82396382;6398;20211217;2021;02.02017.10.305.0049.2399.3.1.90.13.01;4531.56;4531.56;0
12504659;303;02;475967;2022;1;75299870;1476;20210325;2021;02.02001.04.122.0164.2214.3.3.90.35.99;132000;0;12000
12504660;303;02;475978;2022;1;82396321;6048;20211203;2021;02.02007003.12.361.0019.2041.3.3.90.39.57;127600;0;47958.46
12504661;303;02;475956;2022;1;82396492;6728;20211228;2021;02.02017.10.122.0042.2094.3.1.90.13.01;1260.53;1260.53;0
12504662;303;02;475977;2022;1;82228545;5140;20211018;2021;02.02010001.10.304.0321.1247.4.4.90.52.04;12582;0;12582
12504663;303;02;475950;2022;1;82396871;6122;20211209;2021;02.02004.04.122.0094.2170.3.3.90.40.05;1248;1248;0
12504664;303;02;475978;2022;1;82396305;6811;20211230;2021;02.02007003.12.365.0003.2487.3.1.90.13.05;195.01;195.01;0
12504665;303;02;475968;2022;1;79353178;4704;20210924;2021;02.02006.04.122.0093.2160.3.3.90.39.99;9000;0;1014.08
12504666;303;02;475951;2022;1;75299834;1483;20210325;2021;02.02002.02.122.0173.2321.3.3.90.39.13;76000;0;2000
12504667;303;02;475979;2022;1;82228477;5221;20211026;2021;02.02007001.12.306.0016.2037.3.3.90.30.07;16737.1;0;1436.24
12504668;303;02;475961;2022;1;46270455;1916;20190408;2019;02.02009.15.451.0072.1087.4.4.90.51.02;479029.67;0;81028.77
12504669;303;02;475958;2022;1;82396608;6357;20211217;2021;02.02012.08.122.0141.2244.3.1.90.13.01;333.42;333.42;0
12504670;303;02;475961;2022;1;82229206;5598;20211116;2021;02.02009.15.452.0071.2137.3.3.90.39.61;1080000;0;572044.92
12504671;303;02;475978;2022;1;82396338;6691;20211228;2021;02.02007003.12.366.0003.2488.3.1.90.13.04;2480.05;2480.05;0
12504672;303;02;475956;2022;1;82396240;6734;20211228;2021;02.02017.10.301.0035.2074.3.1.90.13.03;5505.22;5505.22;0
12504673;303;02;475956;2022;1;82228436;5496;20211028;2021;02.02017.10.302.0080.2104.3.3.90.39.60;14100;0;4700
12504494;303;02;475979;2022;1;82396679;6517;20211227;2021;02.02007001.12.364.0227.2411.3.3.90.18.00;107.14;107.14;0
12504495;303;02;475958;2022;1;82396257;6716;20211228;2021;02.02012.08.122.0258.2433.3.1.90.11.11;3442.33;3339.79;0
12504496;303;02;475978;2022;1;82396370;6676;20211228;2021;02.02007003.12.361.0003.2484.3.1.90.13.04;354877.8;354877.8;0
12504497;303;02;475960;2022;1;82396217;6784;20211230;2021;02.02016.04.391.0156.2311.4.4.90.51.01;100000;0;100000
12504498;303;02;475979;2022;1;82396558;6078;20211207;2021;02.02007001.12.122.0002.2002.3.3.90.40.09;139.8;0;69.9
12504499;303;02;475962;2022;1;82396637;6788;20211230;2021;02.02008.27.812.0100.1207.3.3.90.30.14;12989;0;12989
12504500;303;02;475969;2022;1;82229203;5546;20211108;2021;02.02013.16.122.0122.1119.3.3.90.48.00;2400;0;1600
12504501;303;02;475977;2022;1;82396480;6703;20211228;2021;02.02010001.10.122.0047.2110.3.1.90.13.03;16954.31;16851.77;0
12504502;303;02;475956;2022;1;82396416;6493;20211223;2021;02.02017.10.302.0048.2112.3.3.50.43.00;747760;0;373883.26
12504503;303;02;475956;2022;1;82396401;6741;20211228;2021;02.02017.10.302.0048.2403.3.1.90.13.01;1168.22;1168.22;0
12504504;303;02;475978;2022;1;82396330;6678;20211228;2021;02.02007003.12.361.0003.2485.3.1.90.13.05;270.63;270.63;0
12504505;303;02;475956;2022;1;82396410;6486;20211222;2021;02.02017.10.302.0028.2059.3.3.90.39.36;4000;0;4000
12504506;303;02;475977;2022;1;82396383;6047;20211203;2021;02.02010001.10.304.0321.1247.3.3.90.30.06;41305.8;0;1490
12504507;303;02;475961;2022;1;60076143;619;20200130;2020;02.02009.17.511.0317.2481.4.4.90.51.01;899415.45;0;737781.14
12504508;303;02;475961;2022;1;79353157;4992;20210930;2021;02.02009.04.122.0070.2125.3.3.90.39.99;119000;0;565.36
12504509;303;02;475962;2022;1;82396654;6348;20211217;2021;02.02008.27.122.0081.2148.3.1.90.13.01;1915.58;1915.58;0
12504510;303;02;475961;2022;1;82396788;6176;20211213;2021;02.02009.04.122.0070.2125.3.3.90.39.99;200000;0;165721.17
12504511;303;02;475956;2022;1;82228931;5601;20211116;2021;02.02017.10.305.0049.2399.3.3.90.39.13;29998.58;0;10973.3
12504512;303;02;475958;2022;1;82396610;6712;20211228;2021;02.02012.08.122.0226.2410.3.1.90.13.01;2559.26;2559.26;0
12504513;303;02;475956;2022;1;82396484;6378;20211217;2021;02.02017.10.122.0032.2069.3.1.90.13.01;862.43;862.43;0
12504514;303;02;475953;2022;1;82396655;6771;20211228;2021;02.02005.18.541.0034.2031.4.4.90.52.27;90407;90407;0
12504515;303;02;475977;2022;1;82228540;5061;20211007;2021;02.02010001.10.304.0321.1247.3.3.90.30.35;2535;0;2535
12504516;303;02;475978;2022;1;82396297;6695;20211228;2021;02.02007003.12.367.0003.2490.3.1.90.13.05;307.06;307.06;0
12504517;303;02;475977;2022;1;82229070;5627;20211117;2021;02.02010001.10.061.0297.2476.3.3.90.91.05;656;656;0
12504518;303;02;475979;2022;1;82396521;6783;20211230;2021;02.02007001.12.361.0003.1200.4.4.90.51.02;334962.81;0;334962.81
12504519;303;02;475961;2022;1;82396899;6832;20211230;2021;02.02009.04.122.0070.2125.3.3.90.39.13;26344;0;26344
12504520;303;02;475967;2022;1;82229223;5995;20211129;2021;02.02001.04.131.0167.2215.3.3.90.39.68;6000;0;2066.42
12504521;303;02;475979;2022;1;82396555;6318;20211217;2021;02.02007001.12.122.0002.2001.3.1.90.13.01;996.62;996.62;0
12504522;303;02;475961;2022;1;82396738;6769;20211228;2021;02.02009.15.451.0311.1242.4.4.90.51.01;403288.01;0;403288.01
12504523;303;02;475978;2022;1;82396326;6333;20211217;2021;02.02007003.12.361.0019.2042.3.1.90.13.05;872.65;872.65;0
12504524;303;02;475979;2022;1;82229074;6001;20211130;2021;02.02007001.12.365.0003.2006.3.3.90.32.99;142286.64;0;142286.64
12504525;303;02;475965;2022;1;82396896;6749;20211228;2021;02.02019.04.122.0164.2214.3.1.90.13.03;2997.75;2997.75;0
12504526;303;02;475958;2022;1;82396285;6714;20211228;2021;02.02012.08.122.0226.2410.3.1.90.13.01;362.7;362.7;0
12504527;303;02;475950;2022;1;70389963;57;20210104;2021;02.02004.04.122.0094.2170.3.3.90.39.33;25000;0;3341.59
12504528;303;02;475952;2022;1;82396766;6306;20211217;2021;02.02003.04.124.0084.2429.3.1.90.13.01;570.94;570.94;0
12504529;303;02;475958;2022;1;79352791;4554;20210913;2021;02.02012.08.122.0258.2433.3.3.90.39.99;9000;0;1053.04
12504530;303;02;475958;2022;1;82396603;6804;20211230;2021;02.02012.08.122.0144.1142.3.3.90.30.07;776.8;0;776.8
12504531;303;02;475978;2022;1;82396318;6679;20211228;2021;02.02007003.12.361.0003.2485.3.1.90.13.05;102.35;102.35;0
12504532;303;02;475967;2022;1;77449984;3461;20210714;2021;02.02001.04.122.0164.2214.3.3.90.36.14;2811.12;351.39;0
12504533;303;02;475967;2022;1;76943594;2717;20210527;2021;02.02001.04.122.0164.2214.3.3.90.30.07;694;0;694
12504534;303;02;475958;2022;1;82228700;5227;20211026;2021;02.02012.08.122.0141.2244.3.3.90.30.07;1772.68;0;1519.44
12504535;303;02;475959;2022;1;60612331;2332;20200513;2020;02.02014.08.122.0166.2314.4.4.90.52.27;133000;0;133000
12504536;303;02;475961;2022;1;82396851;6826;20211230;2021;02.02009.04.122.0070.2125.3.3.90.30.24;87784.15;0;87784.15
12504537;303;02;475956;2022;1;82396274;6076;20211207;2021;02.02017.10.301.0029.2063.4.4.90.52.04;9650;0;9650
12504538;303;02;475958;2022;1;82396568;6705;20211228;2021;02.02012.08.122.0141.2244.3.1.90.13.01;318.05;318.05;0
12504539;303;02;475977;2022;1;82228548;5119;20211018;2021;02.02010001.10.304.0321.1247.4.4.90.52.12;799;0;799
12504540;303;02;475958;2022;1;82396574;6801;20211230;2021;02.02012.08.122.0144.1142.3.3.90.30.07;486;0;486
12504541;303;02;475956;2022;1;82396423;6478;20211222;2021;02.02017.10.302.0028.2059.3.3.90.39.36;12210;0;12210
12504542;303;02;475956;2022;1;82396250;6450;20211221;2021;02.02017.10.301.0029.2063.3.3.90.39.12;9000;0;7478.94
12504543;303;02;475956;2022;1;82396411;6735;20211228;2021;02.02017.10.302.0028.2059.3.1.90.13.01;4065.57;4065.57;0
12504544;303;02;475956;2022;1;82396229;6472;20211222;2021;02.02017.10.302.0080.2104.3.3.90.39.60;163.18;0;163.18
12504545;303;02;475956;2022;1;76944128;2868;20210615;2021;02.02017.10.122.0032.2069.3.3.90.30.09;89.91;0;89.91
12504546;303;02;475956;2022;1;82228460;5124;20211018;2021;02.02017.10.122.0032.2069.3.3.90.30.09;4408.34;0;1035
12504547;303;02;475978;2022;1;82396306;6688;20211228;2021;02.02007003.12.365.0220.2406.3.1.90.13.05;8875.34;8721.53;0
12504548;303;02;475958;2022;1;79352998;4698;20210924;2021;02.02012.08.122.0144.1142.3.3.90.36.14;10490.16;1748.36;0
12504549;303;02;475978;2022;1;82396346;6817;20211230;2021;02.02007003.12.365.0003.2486.3.1.90.13.04;310.55;310.55;0
12504550;303;02;475967;2022;1;70389995;187;20210113;2021;02.02001.06.181.0168.2216.3.3.90.39.43;1200;0;142.08
12504551;303;02;475978;2022;1;82396339;6343;20211217;2021;02.02007003.12.366.0003.2488.3.1.90.13.04;748.06;748.06;0
12504552;303;02;475961;2022;1;82229205;5599;20211116;2021;02.02009.15.452.0071.2137.3.3.90.39.61;150000;0;57957.93
12504553;303;02;475977;2022;1;82228590;5012;20211004;2021;02.02010001.10.122.0047.2110.3.3.90.39.46;96500;0;5000
12504554;303;02;475978;2022;1;82396320;6680;20211228;2021;02.02007003.12.361.0019.2042.3.1.90.13.05;2537.15;2537.15;0
12504555;303;02;475956;2022;1;82396279;6045;20211203;2021;02.02017.10.301.0029.2063.4.4.90.52.04;3100;0;3100
12504556;303;02;475961;2022;1;82396736;6497;20211223;2021;02.02009.15.452.0071.2137.3.3.90.34.00;200000;0;200000
12504557;303;02;475969;2022;1;79353070;4524;20210908;2021;02.02013.16.122.0122.1119.3.3.90.48.00;2400;0;400
12504558;303;02;475961;2022;1;82396877;6698;20211228;2021;02.02009.04.122.0070.2125.3.1.90.13.01;13653.07;13653.07;0
12504559;303;02;475956;2022;1;82228924;5590;20211112;2021;02.02017.10.122.0322.1248.3.3.90.39.46;35280.07;6041.32;4613.47
12504560;303;02;475978;2022;1;82396301;6812;20211230;2021;02.02007003.12.365.0003.2487.3.1.90.13.05;725.5;725.5;0
12504561;303;02;475958;2022;1;82396589;6797;20211230;2021;02.02012.08.122.0144.1142.3.3.90.30.22;115.6;0;115.6
12504562;303;02;475956;2022;1;82396396;6484;20211222;2021;02.02017.10.302.0028.2059.3.3.90.39.36;5000;0;5000
12504563;303;02;475960;2022;1;82396216;6836;20211230;2021;02.02016.04.391.0156.2311.4.4.90.51.01;100000;0;100000
12504564;303;02;475977;2022;1;82228546;5138;20211018;2021;02.02010001.10.304.0321.1247.4.4.90.52.18;6166;0;6166
12504565;303;02;475958;2022;1;82396293;6446;20211220;2021;02.02012.08.122.0316.2480.3.3.90.39.99;5327;0;5327
12504566;303;02;475958;2022;1;82396722;6369;20211217;2021;02.02012.08.243.0142.2448.3.1.90.13.01;300.73;300.73;0
12504567;303;02;475958;2022;1;82396577;6800;20211230;2021;02.02012.08.122.0144.1142.3.3.90.30.22;1404.6;0;1404.6
12504568;303;02;475956;2022;1;82396233;6467;20211222;2021;02.02017.10.301.0029.2063.3.3.90.40.02;7338;0;7338
12504569;303;02;475950;2022;1;82396857;6043;20211203;2021;02.02004.04.122.0094.2170.3.3.90.39.13;9999.7;0;5565.1
12504570;303;02;475977;2022;1;82396505;6147;20211213;2021;02.02010001.10.061.0297.2476.3.3.90.91.05;645;0;301
12504571;303;02;475951;2022;1;82396755;6652;20211228;2021;02.02002.02.122.0173.2321.3.1.90.13.01;531.58;531.58;0
12504572;303;02;475958;2022;1;82396596;6710;20211228;2021;02.02012.08.122.0144.1142.3.1.90.13.01;967.16;967.16;0
12504573;303;02;475953;2022;1;82396661;6314;20211217;2021;02.02005.18.122.0011.2028.3.1.90.13.01;2278.21;2278.21;0
12504574;303;02;475968;2022;1;78453975;3968;20210802;2021;02.02006.04.122.0093.2160.3.3.90.39.13;3990;0;1000
12504575;303;02;475961;2022;1;66776268;5954;20201214;2020;02.02009.15.451.0311.1242.3.3.90.39.29;60122.27;0;60122.27
12504576;303;02;475961;2022;1;82396864;6768;20211228;2021;02.02009.04.122.0070.2125.3.3.90.30.07;4230;0;4230
12504577;303;02;475979;2022;1;82396511;6326;20211217;2021;02.02007001.12.365.0221.2407.3.1.90.13.01;629.45;629.45;0
12504578;303;02;475958;2022;1;82396287;6366;20211217;2021;02.02012.08.122.0226.2410.3.1.90.13.01;362.7;362.7;0
12504579;303;02;475979;2022;1;82228632;5152;20211020;2021;02.02007001.12.361.0003.2062.3.3.90.39.14;4500;0;4500
12504580;303;02;475956;2022;1;82396393;6744;20211228;2021;02.02017.10.302.0080.2104.3.1.90.13.03;5235.61;5235.61;0
12504581;303;02;475961;2022;1;82396894;6044;20211203;2021;02.02009.04.122.0070.2125.3.3.90.30.24;20595.6;0;20595.6
12504582;303;02;475977;2022;1;82228538;5063;20211007;2021;02.02010001.10.304.0321.1247.3.3.90.30.35;5898;0;5898
12504583;303;02;475979;2022;1;82396701;6669;20211228;2021;02.02007001.12.122.0002.2456.3.1.90.13.03;6186.65;6135.38;0
12504584;303;02;475961;2022;1;63879425;4484;20200930;2020;02.02009.15.451.0072.1087.4.4.90.51.01;216055.22;0;10800.82
12504585;303;02;475979;2022;1;82396508;6674;20211228;2021;02.02007001.12.365.0221.2407.3.1.90.13.01;965.46;965.46;0
12504586;303;02;475958;2022;1;82396719;6717;20211228;2021;02.02012.08.243.0142.2448.3.1.90.13.01;300.73;300.73;0
12504587;303;02;475958;2022;1;82396286;6715;20211228;2021;02.02012.08.122.0226.2410.3.1.90.13.03;1497.63;1497.63;0
12504588;303;02;475956;2022;1;82396495;6727;20211228;2021;02.02017.10.122.0032.2069.3.1.90.13.03;2523.83;2523.83;0
12504589;303;02;475958;2022;1;82396262;6708;20211228;2021;02.02012.08.122.0141.2244.3.1.90.13.03;270.62;219.35;0
12504590;303;02;475956;2022;1;70389811;284;20210128;2021;02.02017.10.302.0048.2112.3.3.50.43.00;1200000;0;199420
12504591;303;02;475978;2022;1;82396336;6693;20211228;2021;02.02007003.12.367.0003.2489.3.1.90.13.04;11015;11015;0
12504592;303;02;475968;2022;1;82396810;6664;20211228;2021;02.02006.04.122.0093.2161.3.1.90.13.01;2493.97;2493.97;0
12504593;303;02;475970;2022;1;82396729;6704;20211228;2021;02.02011.08.243.0175.2218.3.1.90.13.03;2008.02;2008.02;0
12504594;303;02;475967;2022;1;70390000;188;20210113;2021;02.02001.06.181.0169.2217.3.3.90.39.43;1200;0;153.2
12504595;303;02;475953;2022;1;82228716;5004;20211001;2021;02.02005.18.122.0011.2028.3.3.90.39.43;900;270.01;0
12504596;303;02;475962;2022;1;76944108;2766;20210601;2021;02.02008.27.122.0081.2148.3.3.90.39.99;7000;0;409.69
11885407;302;01;475975;2022;1;74954776;21;20210104;2021;01.01001.01.031.0001.2332.3.3.90.39.29;1612.76;1612.76;0
11885408;302;01;475975;2022;1;82229337;363;20211215;2021;01.01001.01.031.0001.2466.3.3.90.39.43;646.92;646.92;0
11885409;302;01;475975;2022;1;75262803;137;20210503;2021;01.01001.01.031.0001.2330.3.3.90.39.43;888.75;888.75;0
11885410;302;01;475975;2022;1;75262799;138;20210503;2021;01.01001.01.031.0001.2332.3.3.90.39.43;1069.53;1069.53;0
11885411;302;01;475975;2022;1;76878058;201;20210706;2021;01.01001.01.031.0001.2337.3.3.90.39.48;6600;6600;0
11885412;302;01;475975;2022;1;82229347;343;20211203;2021;01.01001.01.031.0001.2337.3.3.90.39.33;3593.3;0;3593.3
11885413;302;01;475975;2022;1;76878053;200;20210706;2021;01.01001.01.031.0001.2330.3.3.90.30.39;2080;2080;0
11885414;302;01;475975;2022;1;82229338;389;20211221;2021;01.01001.01.031.0001.2330.3.3.90.39.43;196.3;196.3;0
12504713;303;02;475967;2022;1;82396912;6651;20211228;2021;02.02001.04.122.0164.2214.3.1.90.13.03;12523.61;12523.61;0
12504714;303;02;475965;2022;1;77449977;3635;20210729;2021;02.02019.04.122.0164.2214.3.3.90.40.02;17754.28;2914.6;0
12504715;303;02;475956;2022;1;82396438;6731;20211228;2021;02.02017.10.301.0029.2063.3.1.90.13.03;95665.66;94999.15;0
12504716;303;02;475950;2022;1;82396876;6312;20211217;2021;02.02004.04.122.0094.2170.3.1.90.13.01;7006.73;7006.73;0
12504717;303;02;475963;2022;1;82228703;5036;20211004;2021;02.02020.04.392.0223.2491.3.3.90.35.04;11500;6480.5;0
12504718;303;02;475961;2022;1;46270454;1915;20190408;2019;02.02009.15.451.0072.1087.4.4.90.51.02;396881.4;0;33296.68
12504719;303;02;475956;2022;1;70389992;755;20210129;2021;02.02017.10.302.0113.2394.3.3.71.70.00;3000;0;1000
12504720;303;02;475961;2022;1;46263574;205;20180113;2018;02.02009.15.122.0070.2125.3.1.90.94.01;2842.63;2842.63;0
12504721;303;02;475979;2022;1;82396541;6671;20211228;2021;02.02007001.12.361.0003.2482.3.1.90.13.03;25746.86;24465.11;0
12504722;303;02;475958;2022;1;82396597;6364;20211217;2021;02.02012.08.122.0226.2410.3.1.90.13.01;2484.16;2484.16;0
12504723;303;02;475979;2022;1;46269790;1559;20190318;2019;02.02007001.12.365.0018.1042.4.4.90.51.02;500000;0;153957.71
12504724;303;02;475979;2022;1;78453641;4108;20210819;2021;02.02007001.12.306.0016.2037.3.3.90.30.07;42160;0;14063.52
12504725;303;02;475951;2022;1;70389715;70;20210104;2021;02.02002.02.122.0173.2321.3.3.90.39.50;400;44.15;0
12504726;303;02;475951;2022;1;82396747;6653;20211228;2021;02.02002.02.122.0173.2321.3.1.90.13.03;5356.78;5356.78;0
12504727;303;02;475979;2022;1;70389996;181;20210113;2021;02.02007001.12.122.0002.2002.3.3.90.39.99;30000;0;1277.99
12504728;303;02;475979;2022;1;82396522;6672;20211228;2021;02.02007001.12.361.0019.2042.3.1.90.13.01;375.42;375.42;0
12504729;303;02;475950;2022;1;82396882;6837;20211230;2021;02.02004.04.122.0094.2170.3.3.90.30.07;4080;0;4080
12504730;303;02;475978;2022;1;82396364;6816;20211230;2021;02.02007003.12.361.0003.2484.3.1.90.13.04;6448.33;6448.33;0
12504731;303;02;475967;2022;1;82396853;6650;20211228;2021;02.02001.04.122.0164.2214.3.1.90.13.01;2219.94;2219.94;0
12504732;303;02;475965;2022;1;82396818;6748;20211228;2021;02.02019.04.122.0164.2214.3.1.90.13.01;601.02;601.02;0
12504733;303;02;475952;2022;1;82396770;6654;20211228;2021;02.02003.04.124.0084.2429.3.1.90.13.01;586.4;586.4;0
12504734;303;02;475961;2022;1;70389965;146;20210104;2021;02.02009.15.122.0115.2395.3.3.90.39.29;200000;0;29380.5
12504735;303;02;475956;2022;1;70389974;114;20210104;2021;02.02017.10.122.0032.2069.3.3.90.36.14;25200;2085.3;0
12504736;303;02;475963;2022;1;82396887;6751;20211228;2021;02.02020.04.122.0223.2408.3.1.90.13.03;3159.47;3159.47;0
12504737;303;02;475958;2022;1;82396712;6719;20211228;2021;02.02012.08.244.0130.2230.3.1.90.13.01;207.47;207.47;0
12504738;303;02;475950;2022;1;82396904;6791;20211230;2021;02.02004.04.122.0094.2170.3.3.90.46.00;35782.86;0;35782.86
12504739;303;02;475969;2022;1;82229202;5547;20211108;2021;02.02013.16.122.0122.1119.3.3.90.48.00;2400;0;1600
12504740;303;02;475970;2022;1;78453910;4038;20210811;2021;02.02011.08.243.0119.2200.3.3.90.36.14;6000;1000;0
12504741;303;02;475977;2022;1;82228539;5141;20211018;2021;02.02010001.10.304.0321.1247.4.4.90.52.04;12299.69;0;12299.69
12504742;303;02;475979;2022;1;82396525;6670;20211228;2021;02.02007001.12.361.0003.2482.3.1.90.13.01;8086.35;8086.35;0
12504743;303;02;475979;2022;1;82396526;6805;20211230;2021;02.02007001.12.361.0003.2482.3.1.90.13.01;34.18;34.18;0
12504744;303;02;475956;2022;1;82396482;6726;20211228;2021;02.02017.10.122.0032.2069.3.1.90.13.01;862.43;862.43;0
12504745;303;02;475961;2022;1;82228820;5094;20211013;2021;02.02009.04.122.0070.2125.3.3.90.39.99;400000;0;8437.1
12504746;303;02;475956;2022;1;82396263;6476;20211222;2021;02.02017.10.305.0049.2399.3.3.90.39.13;19331.51;0;5058.88
12504747;303;02;475953;2022;1;75300341;1897;20210426;2021;02.02005.18.122.0011.2028.3.3.90.39.99;5000;0;395.5
12504748;303;02;475979;2022;1;70390010;191;20210113;2021;02.02007001.12.122.0002.2002.3.3.90.39.43;33000;0;3437.14
12504749;303;02;475977;2022;1;82396476;6175;20211213;2021;02.02010001.10.122.0047.2110.3.3.90.39.99;50000;0;24561.29
12504750;303;02;475950;2022;1;82396826;6075;20211207;2021;02.02004.04.122.0094.2170.3.3.90.40.99;339;0;339
12504751;303;02;475950;2022;1;70390007;227;20210125;2021;02.02004.04.122.0094.2170.3.3.90.39.43;7805;0;847.82
12504752;303;02;475978;2022;1;82396347;6339;20211217;2021;02.02007003.12.365.0220.2405.3.1.90.13.04;9658.26;9658.26;0
12504753;303;02;475953;2022;1;76944021;2862;20210615;2021;02.02005.18.122.0011.2028.3.3.90.39.13;39992.4;0;6565.58
12504754;303;02;475952;2022;1;82396777;6656;20211228;2021;02.02003.04.124.0085.2159.3.1.90.13.01;142.17;142.17;0
12504755;303;02;475956;2022;1;82396266;6795;20211230;2021;02.02017.10.305.0049.2399.4.4.90.52.06;6735;0;6735
12504756;303;02;475979;2022;1;82396695;6814;20211230;2021;02.02007001.12.122.0002.2456.3.1.90.13.03;1586.61;1586.61;0
12504757;303;02;475979;2022;1;82396548;6666;20211228;2021;02.02007001.12.122.0002.2001.3.1.90.13.01;1638.56;1638.56;0
12504758;303;02;475956;2022;1;76944006;3319;20210630;2021;02.02017.10.301.0029.2063.3.3.90.30.16;347;347;0
12504759;303;02;475956;2022;1;78453637;4070;20210816;2021;02.02017.10.122.0032.2069.3.3.90.30.09;7569.86;0;2250
12504760;303;02;475978;2022;1;82396369;6677;20211228;2021;02.02007003.12.361.0003.2484.3.1.90.13.04;134229.32;134229.32;0
12504761;303;02;475977;2022;1;82228547;5062;20211007;2021;02.02010001.10.304.0321.1247.3.3.90.30.35;99;0;99
12504762;303;02;475956;2022;1;82228471;5133;20211018;2021;02.02017.10.301.0029.2063.3.3.90.30.09;37318.26;10921;0
12504763;303;02;475978;2022;1;82228507;5203;20211021;2021;02.02007003.12.361.0019.2041.3.3.90.39.57;399988.79;0;62650.67
12504764;303;02;475961;2022;1;51959718;6471;20191216;2019;02.02009.15.451.0072.1087.4.4.90.51.01;280789.88;0;2690.82
12504765;303;02;475962;2022;1;82396635;6786;20211230;2021;02.02008.27.812.0100.2156.3.3.90.39.13;11396.15;0;11396.15
12504766;303;02;475958;2022;1;82396590;6713;20211228;2021;02.02012.08.122.0226.2410.3.1.90.13.03;12151.1;8729.2;0
12504767;303;02;475958;2022;1;82396256;6359;20211217;2021;02.02012.08.122.0141.2244.3.1.90.13.01;338.97;338.97;0
12504768;303;02;475979;2022;1;76944066;2852;20210614;2021;02.02007001.12.306.0016.2037.3.3.90.30.07;33640;0;10501.08
12504769;303;02;475978;2022;1;82396334;6345;20211217;2021;02.02007003.12.367.0003.2489.3.1.90.13.04;3411.46;3411.46;0
12504770;303;02;475978;2022;1;82396352;6686;20211228;2021;02.02007003.12.365.0220.2405.3.1.90.13.04;83210.85;83210.85;0
12078921;305;04;475976;2022;1;80720279;56;20211028;2021;04.05001.13.122.0061.2093.3.3.90.40.02;11916.33;0;3898.25
12078922;305;04;475976;2022;1;73290577;23;20210427;2021;04.05001.13.391.0307.1241.3.3.90.39.62;14000;0;2800
12078923;305;04;475976;2022;1;82879979;67;20211216;2021;04.05001.13.122.0061.2093.3.3.90.39.05;2900;0;1450
12078924;305;04;475976;2022;1;64524744;53;20201029;2020;04.05001.13.122.0069.2136.3.3.90.40.02;21617.64;0;767.94
12504597;303;02;475950;2022;1;82396893;6659;20211228;2021;02.02004.04.122.0086.2166.3.1.90.13.03;2500.98;2449.71;0
12504598;303;02;475977;2022;1;82228544;5139;20211018;2021;02.02010001.10.304.0321.1247.4.4.90.52.04;5820;0;5820
12504599;303;02;475956;2022;1;82396395;6485;20211222;2021;02.02017.10.302.0113.2394.3.3.72.39.00;13000;0;3107.59
12504600;303;02;475963;2022;1;79353002;4529;20210908;2021;02.02020.04.392.0223.2491.3.3.90.35.99;8000;0;4000
12504601;303;02;475956;2022;1;82228925;5744;20211126;2021;02.02017.10.122.0322.1248.3.3.90.30.07;1262.2;0;528.3
12504602;303;02;475956;2022;1;82396443;6382;20211217;2021;02.02017.10.301.0029.2063.3.1.90.13.01;7420.08;7420.08;0
12504603;303;02;475961;2022;1;82396872;6825;20211230;2021;02.02009.04.122.0070.2125.3.3.90.30.24;20595.6;0;20595.6
12504604;303;02;475978;2022;1;82396308;6684;20211228;2021;02.02007003.12.365.0003.2487.3.1.90.13.05;541.25;541.25;0
12504605;303;02;475979;2022;1;75299886;1267;20210301;2021;02.02007001.12.122.0002.2002.3.3.90.36.14;24000;1992.8;0
12504606;303;02;475956;2022;1;70389966;123;20210104;2021;02.02017.10.302.0028.2059.3.3.90.39.36;21300;0;14481
12504607;303;02;475961;2022;1;70389926;145;20210104;2021;02.02009.15.122.0115.2395.3.3.90.39.29;750000;0;148505.83
12504608;303;02;475977;2022;1;78453770;4039;20210811;2021;02.02010001.10.061.0297.2476.3.3.90.91.06;9996;0;1666
12504609;303;02;475978;2022;1;82396351;6683;20211228;2021;02.02007003.12.365.0003.2486.3.1.90.13.04;27820.96;27820.96;0
12504610;303;02;475958;2022;1;82396609;6803;20211230;2021;02.02012.08.122.0144.1142.3.3.90.30.07;4592.4;0;4592.4
12504611;303;02;475979;2022;1;82396698;6813;20211230;2021;02.02007001.12.122.0002.2456.3.1.90.13.01;394.95;394.95;0
12504612;303;02;475968;2022;1;78453988;3999;20210805;2021;02.02006.04.122.0093.2160.3.3.90.40.02;114590.2;22574.29;0
12504613;303;02;475953;2022;1;79353017;4703;20210924;2021;02.02005.18.122.0011.2028.3.3.90.39.54;1512;1512;0
12504614;303;02;475956;2022;1;82396265;6794;20211230;2021;02.02017.10.305.0049.2399.4.4.90.52.24;3118;0;3118
12504615;303;02;475959;2022;1;82396579;6819;20211230;2021;02.02014.08.122.0166.2314.3.3.90.39.43;1230.16;0;1230.16
12504616;303;02;475963;2022;1;82396842;6136;20211210;2021;02.02020.04.122.0223.2408.3.3.90.30.07;664.8;664.8;0
12504617;303;02;475978;2022;1;82396322;6498;20211223;2021;02.02007003.12.361.0003.1200.4.4.90.51.02;428141.64;0;428141.64
12504618;303;02;475956;2022;1;82228458;5125;20211018;2021;02.02017.10.122.0032.2069.3.3.90.30.09;6763.2;6763.2;0
12504619;303;02;475961;2022;1;48773546;5336;20190930;2019;02.02009.15.451.0072.1087.4.4.90.51.01;377315.84;0;10250.29
12504620;303;02;475956;2022;1;82396270;6097;20211207;2021;02.02017.10.301.0029.2063.3.3.90.30.07;1166.1;0;1166.1
12504621;303;02;475956;2022;1;82396267;6833;20211230;2021;02.02017.10.305.0049.2399.4.4.90.52.18;1036;0;1036
12504622;303;02;475961;2022;1;75300264;1843;20210419;2021;02.02009.15.451.0072.1087.4.4.90.51.01;126166;0;35782.75
12504623;303;02;475979;2022;1;46266810;4540;20180730;2018;02.02007001.12.365.0018.1042.4.4.90.51.02;901277.85;0;3578.57
12504624;303;02;475968;2022;1;70389998;720;20210129;2021;02.02006.04.122.0093.2160.3.3.90.39.99;9000;0;996.77
12504625;303;02;475951;2022;1;82396749;6304;20211217;2021;02.02002.02.122.0173.2321.3.1.90.13.01;472.34;472.34;0
12504626;303;02;475980;2022;1;82228475;5151;20211020;2021;02.02007002.12.361.0003.2062.3.3.90.30.24;1392.05;0;1392.05
12504627;303;02;475958;2022;1;77449835;3501;20210719;2021;02.02012.08.122.0141.2244.3.3.90.36.14;16800;2732.8;0
12504628;303;02;475978;2022;1;82396362;6329;20211217;2021;02.02007003.12.361.0003.2484.3.1.90.13.04;41209.09;41209.09;0
12504629;303;02;475956;2022;1;82228940;5733;20211125;2021;02.02017.10.301.0029.2063.3.3.90.30.09;30526.78;29742.88;0
12504630;303;02;475968;2022;1;82396632;6451;20211221;2021;02.02006.28.846.0078.0006.3.3.90.47.00;193220.79;0;136864.23
12504631;303;02;475972;2022;1;77449915;3585;20210728;2021;02.02015.15.453.0326.1257.3.3.60.45.00;540000;0;90000
12504632;303;02;475956;2022;1;78453630;4068;20210816;2021;02.02017.10.122.0032.2069.3.3.90.30.09;15192.32;0;3585.36
12504633;303;02;475956;2022;1;82396264;6796;20211230;2021;02.02017.10.305.0049.2399.4.4.90.52.06;7489;0;7489
12504634;303;02;475968;2022;1;82396907;6665;20211228;2021;02.02006.04.122.0093.2161.3.1.90.13.03;8002.32;7951.05;0
12504635;303;02;475956;2022;1;82396376;6746;20211228;2021;02.02017.10.305.0049.2399.3.1.90.13.01;4469.12;4469.12;0
12504636;303;02;475978;2022;1;82396337;6692;20211228;2021;02.02007003.12.367.0003.2489.3.1.90.13.04;29570.06;27143.51;0
12504637;303;02;475967;2022;1;82228831;5226;20211026;2021;02.02001.04.122.0164.2214.3.3.90.30.07;28.56;0;28.56
12504638;303;02;475956;2022;1;78453614;4077;20210816;2021;02.02017.10.122.0032.2069.3.3.90.30.09;11729.4;0;2290
12504639;303;02;475950;2022;1;82396865;6310;20211217;2021;02.02004.04.122.0086.2166.3.1.90.13.01;945.92;945.92;0
12504640;303;02;475958;2022;1;46265378;2774;20180425;2018;02.02012.27.812.0293.1214.4.4.90.51.02;1258694.33;0;136680.54
12504641;303;02;475977;2022;1;82396387;6766;20211228;2021;02.02010001.10.302.0312.1242.3.3.90.39.14;149478.74;0;149478.74
12504642;303;02;475950;2022;1;82396931;6072;20211207;2021;02.02004.04.122.0094.2170.3.3.90.32.99;106125;106125;0
12504643;303;02;475956;2022;1;82396412;6742;20211228;2021;02.02017.10.302.0048.2403.3.1.90.13.03;3964.67;3964.67;0
12504644;303;02;475979;2022;1;82396520;6806;20211230;2021;02.02007001.12.361.0003.2482.3.1.90.13.03;122.43;122.43;0
12504645;303;02;475978;2022;1;82396314;6685;20211228;2021;02.02007003.12.365.0003.2487.3.1.90.13.05;204.71;204.71;0
12504646;303;02;475961;2022;1;82396839;6350;20211217;2021;02.02009.04.122.0070.2125.3.1.90.13.01;13549.63;13549.63;0
12504647;303;02;475956;2022;1;46836966;3673;20190716;2019;02.02017.10.305.0049.2399.3.1.90.94.01;64.64;64.64;0
12504648;303;02;475979;2022;1;82229071;6003;20211130;2021;02.02007001.12.365.0003.2006.3.3.90.32.99;4102.68;0;4102.68
12504649;303;02;475959;2022;1;82396575;6177;20211213;2021;02.02014.08.122.0166.2314.3.3.90.39.43;1500;501.82;469.21
12504650;303;02;475958;2022;1;82396733;6718;20211228;2021;02.02012.08.243.0142.2448.3.1.90.13.03;795.07;795.07;0
12504651;303;02;475967;2022;1;82396847;6302;20211217;2021;02.02001.04.122.0164.2214.3.1.90.13.01;2022.4;2022.4;0
12504652;303;02;475956;2022;1;82396424;6736;20211228;2021;02.02017.10.302.0028.2059.3.1.90.13.03;13627.88;13576.61;0
12504653;303;02;475958;2022;1;82396713;6720;20211228;2021;02.02012.08.244.0130.2230.3.1.90.13.03;548.54;548.54;0
12504654;303;02;475961;2022;1;82396807;6767;20211228;2021;02.02009.04.122.0070.2125.3.3.90.30.07;623.6;0;623.6
13564648;304;03;475973;2022;1;84410748;736;20211119;2021;03.06001.17.512.0079.1057.4.4.90.52.22;34509.8;0;34509.8
13564649;304;03;475973;2022;1;87343427;906;20211230;2021;03.06001.17.122.0030.2050.3.3.90.39.68;1814.36;0;1814.36
13564650;304;03;475973;2022;1;87343413;912;20211230;2021;03.06001.17.122.0030.2050.3.3.90.39.05;3100;0;3100
13564532;304;03;475973;2022;1;79885412;615;20210930;2021;03.06001.17.512.0033.2054.3.3.90.30.24;17799;0;17799
13564533;304;03;475973;2022;1;84410826;768;20211119;2021;03.06001.17.122.0030.2050.3.3.90.39.43;1395.48;991.17;0
13564534;304;03;475973;2022;1;87343347;896;20211230;2021;03.06001.17.512.0079.2053.3.3.90.39.13;8006.79;0;8006.79
13564535;304;03;475973;2022;1;87343386;850;20211223;2021;03.06001.17.512.0079.2053.3.3.90.30.24;5509.42;0;5509.42
13564536;304;03;475973;2022;1;84410728;745;20211119;2021;03.06001.17.512.0079.2053.3.3.90.30.24;9442.5;9442.5;0
13564537;304;03;475973;2022;1;87343378;879;20211227;2021;03.06001.17.512.0079.2053.3.1.90.13.03;35743.79;34872.2;0
13564538;304;03;475973;2022;1;87343364;856;20211223;2021;03.06001.17.512.0079.2053.3.3.90.30.40;7672.8;7672.8;0
13564539;304;03;475973;2022;1;87343416;894;20211220;2021;03.06001.17.122.0030.2050.3.3.90.35.01;4900;4826.5;0
13564540;304;03;475973;2022;1;84410730;815;20211130;2021;03.06001.17.512.0079.2053.3.3.90.30.24;10182;0;10182
13564541;304;03;475973;2022;1;73668626;4;20210104;2021;03.06001.17.122.0030.2050.3.3.90.39.99;3975;325.5;2482.5
13564542;304;03;475973;2022;1;84410725;711;20211109;2021;03.06001.17.512.0033.2054.3.3.90.30.01;20000;0;14276.17
13564543;304;03;475973;2022;1;87343398;852;20211223;2021;03.06001.17.512.0079.2053.3.3.90.30.24;33878.17;0;33878.17
13564544;304;03;475973;2022;1;87343355;853;20211223;2021;03.06001.17.512.0079.2053.3.3.90.30.24;25612;0;25612
13564545;304;03;475973;2022;1;84410806;729;20211111;2021;03.06001.17.122.0030.2050.3.3.90.40.99;8512.5;3600;0
13564546;304;03;475973;2022;1;84410780;820;20211101;2021;03.06001.17.512.0079.2053.3.3.90.39.99;5170;4963.72;0
13564547;304;03;475973;2022;1;84410737;802;20211130;2021;03.06001.17.512.0079.2053.3.3.90.39.13;16842;0;7739.3
13564548;304;03;475973;2022;1;87343377;857;20211223;2021;03.06001.17.512.0079.2053.3.3.90.30.40;11721.86;0;11721.86
13564549;304;03;475973;2022;1;84410815;767;20211110;2021;03.06001.17.122.0030.2050.3.3.90.39.99;5680;2840;0
13564550;304;03;475973;2022;1;87343409;846;20211220;2021;03.06001.17.122.0030.2050.3.3.90.39.05;1611.82;1587.64;0
13564551;304;03;475973;2022;1;87343368;847;20211216;2021;03.06001.17.512.0033.2054.3.3.90.30.24;5500;0;5500
13564552;304;03;475973;2022;1;87343363;826;20211201;2021;03.06001.17.512.0079.2053.3.3.90.30.24;123792.39;84877.59;38914.8
13564553;304;03;475973;2022;1;87343417;862;20211223;2021;03.06001.17.122.0030.2050.3.3.90.39.33;620.13;0;620.13
13564554;304;03;475973;2022;1;87343401;874;20211227;2021;03.06001.17.122.0030.2050.3.1.90.13.01;6059.85;6059.85;0
13564555;304;03;475973;2022;1;87343345;902;20211230;2021;03.06001.17.512.0079.2053.3.3.90.39.13;12425;0;12425
13564556;304;03;475973;2022;1;78388088;526;20210806;2021;03.06001.17.512.0079.2053.3.3.90.39.14;96773.1;18429.47;0
13564557;304;03;475973;2022;1;87343360;860;20211216;2021;03.06001.17.512.0079.2053.3.3.90.30.24;13232.94;0;12599.99
13564558;304;03;475973;2022;1;87343387;901;20211230;2021;03.06001.17.512.0033.2054.3.3.90.39.13;11025;0;11025
13564559;304;03;475973;2022;1;87343380;822;20211217;2021;03.06001.17.512.0079.2053.3.3.90.32.99;10778.4;10778.4;0
13564560;304;03;475973;2022;1;79885399;617;20210918;2021;03.06001.17.512.0033.1217.4.4.90.51.02;34954.65;9202.41;18163.66
13564561;304;03;475973;2022;1;87343379;903;20211230;2021;03.06001.17.512.0079.2053.3.3.90.39.12;352.5;0;352.5
13564562;304;03;475973;2022;1;87343400;898;20211230;2021;03.06001.17.122.0030.2050.3.3.90.39.33;1417.44;0;1417.44
13564563;304;03;475973;2022;1;84410822;731;20211119;2021;03.06001.17.122.0030.2050.3.3.90.91.99;66487.66;22162.55;0
13564564;304;03;475973;2022;1;84410801;816;20211130;2021;03.06001.17.122.0030.2050.3.3.90.39.99;3526.16;2289.32;0
13564565;304;03;475973;2022;1;84410724;744;20211119;2021;03.06001.17.512.0079.2053.3.3.90.30.24;34925.5;0;34925.5
13564566;304;03;475973;2022;1;87343390;821;20211217;2021;03.06001.17.512.0079.2053.3.3.90.32.99;9169.2;9169.2;0
13564567;304;03;475973;2022;1;84410819;730;20211111;2021;03.06001.17.122.0030.2050.3.3.90.40.99;3287.5;2300;0
13564568;304;03;475973;2022;1;83038259;671;20211022;2021;03.06001.17.512.0033.2054.3.3.90.39.13;27170;0;7461.3
13564569;304;03;475973;2022;1;78388129;552;20210831;2021;03.06001.17.122.0030.2050.3.3.90.39.65;2293.8;0;1626.89
13564570;304;03;475973;2022;1;87343383;909;20211230;2021;03.06001.17.512.0079.2053.3.3.90.39.29;26406.49;26406.49;0
13564571;304;03;475973;2022;1;77345399;443;20210701;2021;03.06001.17.512.0079.2053.3.3.90.30.11;111600;22404.04;0
13564572;304;03;475973;2022;1;87343424;875;20211227;2021;03.06001.17.122.0030.2050.3.1.90.13.03;15907.35;15907.35;0
13564573;304;03;475973;2022;1;84410732;720;20211116;2021;03.06001.17.512.0079.2053.3.3.90.39.99;23860.67;2825.47;20592.12
13564574;304;03;475973;2022;1;73668665;100;20210118;2021;03.06001.17.512.0079.2053.3.3.90.93.03;3900;2600;0
13564575;304;03;475973;2022;1;87343415;824;20211203;2021;03.06001.17.122.0030.2050.3.3.90.46.00;8454.04;8454.04;0
13564576;304;03;475973;2022;1;83038266;672;20211025;2021;03.06001.17.512.0033.2054.3.3.90.30.24;38733.9;23469.8;15264.1
13564577;304;03;475973;2022;1;84410805;812;20211130;2021;03.06001.17.122.0030.2050.3.3.90.40.99;8211.48;8211.48;0
13564578;304;03;475973;2022;1;79885402;572;20210909;2021;03.06001.17.512.0079.2053.3.3.90.30.28;167.88;0;167.88
13564579;304;03;475973;2022;1;84410828;806;20211130;2021;03.06001.17.122.0030.2050.3.3.90.39.99;6424;0;3343.4
13564580;304;03;475973;2022;1;87343354;855;20211221;2021;03.06001.17.512.0079.2053.3.3.90.30.24;376.2;376.2;0
13564581;304;03;475973;2022;1;84410794;733;20211118;2021;03.06001.17.122.0030.2050.3.3.90.39.33;4429.5;1948.98;0
13564582;304;03;475973;2022;1;87343371;876;20211227;2021;03.06001.17.512.0033.2054.3.1.90.13.01;1882.94;1882.94;0
13564583;304;03;475973;2022;1;84410778;738;20211119;2021;03.06001.17.512.0079.1057.4.4.90.52.22;7650;0;7650
13564584;304;03;475973;2022;1;78388115;553;20210830;2021;03.06001.17.122.0030.2050.3.3.90.39.99;750;0;150
13564585;304;03;475973;2022;1;87343369;844;20211220;2021;03.06001.17.512.0079.2053.3.1.90.13.01;6598.63;6598.63;0
13564586;304;03;475973;2022;1;87343373;877;20211227;2021;03.06001.17.512.0033.2054.3.1.90.13.03;6095.63;6095.63;0
13564587;304;03;475973;2022;1;87343426;892;20211230;2021;03.06001.17.122.0030.2050.3.3.90.47.00;8183.85;8183.85;0
13564588;304;03;475973;2022;1;83038254;646;20211020;2021;03.06001.17.512.0079.2053.3.3.90.30.24;60903.91;8843.4;0
13564589;304;03;475973;2022;1;78388103;549;20210806;2021;03.06001.17.512.0079.2053.3.3.90.39.99;3289.95;626.54;0
13564590;304;03;475973;2022;1;84410756;743;20211119;2021;03.06001.17.512.0079.2053.3.3.90.30.24;4308.2;0;4308.2
13564591;304;03;475973;2022;1;87343406;861;20211214;2021;03.06001.17.122.0030.2050.3.3.90.91.99;52951.16;0;52951.16
13564592;304;03;475973;2022;1;87343357;878;20211227;2021;03.06001.17.512.0079.2053.3.1.90.13.01;13506.84;13506.84;0
13564593;304;03;475973;2022;1;84410809;765;20211123;2021;03.06001.17.122.0030.2050.3.3.90.39.34;400;0;400
13564594;304;03;475973;2022;1;77345395;446;20210701;2021;03.06001.17.512.0079.2053.3.3.90.30.24;7700;3300;0
13564595;304;03;475973;2022;1;87343430;900;20211230;2021;03.06001.17.122.0030.2050.3.3.90.40.99;8840.06;8840.06;0
13564596;304;03;475973;2022;1;84410765;739;20211119;2021;03.06001.17.512.0079.2053.3.3.90.30.25;3714;0;3714
13564597;304;03;475973;2022;1;87343428;840;20211220;2021;03.06001.17.122.0030.2050.3.1.90.13.01;2823.57;2823.57;0
13564598;304;03;475973;2022;1;87343407;828;20211216;2021;03.06001.17.122.0030.2050.3.3.90.39.33;177.18;177.18;0
13564599;304;03;475973;2022;1;84410788;735;20211119;2021;03.06001.17.512.0079.2053.3.3.90.30.25;2613;2613;0
13564600;304;03;475973;2022;1;84410744;814;20211130;2021;03.06001.17.512.0079.2053.3.3.90.39.13;28054;28054;0
13564601;304;03;475973;2022;1;84410811;805;20211130;2021;03.06001.17.122.0030.2050.3.3.90.39.99;2628;0;1420.58
13564602;304;03;475973;2022;1;79885389;619;20210918;2021;03.06001.17.512.0079.2053.3.3.90.39.99;121508.42;0;66832.66
13564603;304;03;475973;2022;1;74128888;201;20210324;2021;03.06001.17.122.0030.2050.3.3.90.35.02;48000;4800;0
13564604;304;03;475973;2022;1;87343374;849;20211223;2021;03.06001.17.512.0079.2053.3.3.90.30.24;66865;0;66865
13564605;304;03;475973;2022;1;84410735;740;20211119;2021;03.06001.17.512.0079.2053.3.3.90.30.24;3911.07;0;3911.07
13564606;304;03;475973;2022;1;87343362;842;20211220;2021;03.06001.17.512.0033.2054.3.1.90.13.01;990.63;990.63;0
13564607;304;03;475973;2022;1;87343372;895;20211230;2021;03.06001.17.512.0079.2053.3.3.90.93.03;3740.75;0;3740.75
13564608;304;03;475973;2022;1;84410773;737;20211119;2021;03.06001.17.512.0079.2053.3.3.90.30.25;6010;0;6010
13564609;304;03;475973;2022;1;77345425;440;20210701;2021;03.06001.17.122.0030.2050.3.3.90.30.07;17589.6;1864.8;5409.6
13564610;304;03;475973;2022;1;73668640;28;20210115;2021;03.06001.17.122.0030.2050.3.3.90.35.02;5000;5000;0
13564611;304;03;475973;2022;1;87343375;911;20211230;2021;03.06001.17.512.0079.2053.3.3.90.39.13;17762;0;17762
13564612;304;03;475973;2022;1;87343384;905;20211230;2021;03.06001.17.512.0079.2053.3.3.90.30.11;14880;0;14880
13564613;304;03;475973;2022;1;84410810;728;20211112;2021;03.06001.17.122.0030.2050.3.3.90.40.99;900;450;0
13564614;304;03;475973;2022;1;84410766;718;20211116;2021;03.06001.17.512.0033.2054.3.3.90.39.99;28066.31;3808.38;22216.87
13564615;304;03;475973;2022;1;77345416;490;20210716;2021;03.06001.17.122.0030.2050.3.3.90.40.99;9377.28;1562.88;0
13564616;304;03;475973;2022;1;79885420;606;20210910;2021;03.06001.17.122.0030.2050.3.3.90.39.68;3400;136;2822
13564617;304;03;475973;2022;1;87343381;825;20211201;2021;03.06001.17.512.0033.2054.3.3.90.30.24;45269.95;0;45269.95
13564618;304;03;475973;2022;1;87343351;908;20211230;2021;03.06001.17.512.0079.2053.3.3.90.39.29;8442.08;8442.08;0
13564619;304;03;475973;2022;1;84410776;742;20211119;2021;03.06001.17.512.0079.2053.3.3.90.30.24;20620.9;20620.9;0
13564620;304;03;475973;2022;1;87343396;859;20211216;2021;03.06001.17.512.0033.2054.3.3.90.30.24;27299.95;0;26667
13564621;304;03;475973;2022;1;84410738;763;20211123;2021;03.06001.17.512.0079.2053.3.3.90.39.15;1546;1546;0
13564622;304;03;475973;2022;1;84410772;741;20211119;2021;03.06001.17.512.0079.2053.3.3.90.30.24;22745;13198.45;9546.55
13564623;304;03;475973;2022;1;87343366;907;20211230;2021;03.06001.17.512.0079.2053.3.3.90.39.29;1810.38;1810.38;0
13564624;304;03;475973;2022;1;87343392;830;20211208;2021;03.06001.17.512.0079.2053.3.3.90.30.24;15799.98;0;15799.98
13564625;304;03;475973;2022;1;79885411;618;20210918;2021;03.06001.17.512.0079.1218.4.4.90.51.02;110688.67;5638.5;68042.67
13564626;304;03;475973;2022;1;84410751;788;20211125;2021;03.06001.17.512.0079.2053.3.3.90.30.24;171;171;0
13564627;304;03;475973;2022;1;87343346;854;20211221;2021;03.06001.17.512.0033.2054.3.3.90.30.24;438.9;438.9;0
13564628;304;03;475973;2022;1;84410746;801;20211130;2021;03.06001.17.512.0033.2054.3.3.90.39.13;12832;0;5309.24
13564629;304;03;475973;2022;1;77345422;455;20210719;2021;03.06001.17.122.0030.2050.3.3.72.39.00;36399;6066.5;0
13564630;304;03;475973;2022;1;84410763;819;20211130;2021;03.06001.17.512.0079.2053.3.3.90.39.14;156034.36;149636.95;0
13564631;304;03;475973;2022;1;87343434;913;20211230;2021;03.06001.17.122.0030.2050.3.3.90.39.43;37.72;0;37.72
13564632;304;03;475973;2022;1;87343385;848;20211221;2021;03.06001.17.512.0079.2053.3.3.90.30.24;751.42;0;751.42
13564633;304;03;475973;2022;1;79885415;614;20210930;2021;03.06001.17.512.0079.2053.3.3.90.30.24;10198;0;10198
13564634;304;03;475973;2022;1;87343382;899;20211230;2021;03.06001.17.512.0079.2053.3.3.90.39.13;10639.5;0;10639.5
13564635;304;03;475973;2022;1;87343419;910;20211230;2021;03.06001.17.122.0030.2050.3.3.90.91.99;56048.97;0;56048.97
13564636;304;03;475973;2022;1;77345401;442;20210701;2021;03.06001.17.512.0079.2053.3.3.90.30.11;57600;13159.64;0
13564637;304;03;475973;2022;1;77345409;494;20210730;2021;03.06001.17.122.0030.2050.3.3.90.39.99;32700.24;5450.04;0
13564638;304;03;475973;2022;1;84410781;719;20211116;2021;03.06001.17.512.0079.1218.4.4.90.51.02;36021.99;1490.4;31084.15
13564639;304;03;475973;2022;1;84410830;687;20211109;2021;03.06001.17.122.0030.2050.3.3.90.40.99;200;200;0
13564640;304;03;475973;2022;1;84410790;675;20211105;2021;03.06001.17.512.0079.1059.4.4.90.52.02;16875;16875;0
13564641;304;03;475973;2022;1;79885422;610;20210930;2021;03.06001.17.122.0030.2050.3.3.90.39.99;11350;2128.77;0
13564642;304;03;475973;2022;1;87343414;893;20211230;2021;03.06001.17.122.0030.2050.3.3.90.39.99;3725.92;0;3725.92
13564643;304;03;475973;2022;1;79885396;616;20210918;2021;03.06001.17.512.0033.2054.3.3.90.39.99;82848.57;0;53141.43
13564644;304;03;475973;2022;1;87343350;904;20211230;2021;03.06001.17.512.0079.2053.3.3.90.39.14;3229;0;3229
13564645;304;03;475973;2022;1;84410777;787;20211125;2021;03.06001.17.512.0033.2054.3.3.90.30.24;1956.3;1956.3;0
13564646;304;03;475973;2022;1;87343348;897;20211230;2021;03.06001.17.512.0079.2053.3.3.90.39.13;5597.02;0;5597.02
13564647;304;03;475973;2022;1;87343388;851;20211223;2021;03.06001.17.512.0079.2053.3.3.90.30.24;34079;0;34079
