seq_parecer_licit;seq_licitacao;seq_orgao;cod_orgao;num_ano_referencia;num_mes_referencia;dat_parecer;dsc_tipo_parecer;num_doc_resp_parecer;nom_resp_parecer
990539;659814;302;01;2020;1;20200113;1 - TÉCNICO;027***186**;CARLA ALESSANDRA PEREIRA DOS SANTOS
990540;659814;302;01;2020;1;20200113;4 - JURÍDICO - OUTROS;027***186**;CARLA ALESSANDRA PEREIRA DOS SANTOS
990541;659815;302;01;2020;2;20200123;4 - JURÍDICO - OUTROS;027***186**;CARLA ALESSANDRA PEREIRA DOS SANTOS
990544;659816;302;01;2020;3;20200204;4 - JURÍDICO - OUTROS;027***186**;CARLA ALESSANDRA PEREIRA DOS SANTOS
994692;662635;302;01;2020;6;20200204;4 - JURÍDICO - OUTROS;027***186**;CARLA ALESSANDRA PEREIRA DOS SANTOS
994696;662636;302;01;2020;6;20200204;1 - TÉCNICO;027***186**;CARLA ALESSANDRA PEREIRA DOS SANTOS
1106502;738872;302;01;2020;10;20200128;4 - JURÍDICO - OUTROS;027***186**;CARLA ALESSANDRA PEREIRA DOS SANTOS
1106501;738873;302;01;2020;10;20200204;4 - JURÍDICO - OUTROS;027***186**;CARLA ALESSANDRA PEREIRA DOS SANTOS
1106503;738874;302;01;2020;10;20200730;4 - JURÍDICO - OUTROS;027***186**;CARLA ALESSANDRA PEREIRA DOS SANTOS
1106504;738871;302;01;2020;10;20200902;4 - JURÍDICO - OUTROS;027***186**;CARLA ALESSANDRA PEREIRA DOS SANTOS
1137611;760921;302;01;2020;12;20200619;4 - JURÍDICO - OUTROS;027***186**;CARLA ALESSANDRA PEREIRA DOS SANTOS
1090893;728845;302;01;2020;9;20200722;4 - JURÍDICO - OUTROS;027***186**;CARLA ALESSANDRA PEREIRA DOS SANTOS
1137608;760921;302;01;2020;12;20201116;1 - TÉCNICO;596***856**;KENNYA MÁRCIA DA FONSECA ROSA
1137609;760921;302;01;2020;12;20201116;2 - JURÍDICO - EDITAL;596***856**;KENNYA MÁRCIA DA FONSECA ROSA
1137610;760921;302;01;2020;12;20201218;3 - JURÍDICO - JULGAMENTO;596***856**;KENNYA MÁRCIA DA FONSECA ROSA
1138468;761441;303;02;2020;12;20200922;2 - JURÍDICO - EDITAL;001***386**;EDSON LEONARDO DE ALMEIDA
1138469;761439;303;02;2020;12;20201027;2 - JURÍDICO - EDITAL;001***386**;EDSON LEONARDO DE ALMEIDA
1138470;761440;303;02;2020;12;20200922;2 - JURÍDICO - EDITAL;001***386**;EDSON LEONARDO DE ALMEIDA
1138471;761438;303;02;2020;12;20201201;2 - JURÍDICO - EDITAL;001***386**;EDSON LEONARDO DE ALMEIDA
1013659;675000;303;02;2020;2;20200203;2 - JURÍDICO - EDITAL;001***386**;EDSON LEONARDO DE ALMEIDA
1013656;674997;303;02;2020;1;20191025;2 - JURÍDICO - EDITAL;001***386**;EDSON LEONARDO DE ALMEIDA
1013657;674998;303;02;2020;1;20191120;2 - JURÍDICO - EDITAL;001***386**;EDSON LEONARDO DE ALMEIDA
1013658;674999;303;02;2020;1;20200113;2 - JURÍDICO - EDITAL;001***386**;EDSON LEONARDO DE ALMEIDA
1013660;675001;303;02;2020;2;20200210;2 - JURÍDICO - EDITAL;001***386**;EDSON LEONARDO DE ALMEIDA
1013661;675002;303;02;2020;2;20191025;2 - JURÍDICO - EDITAL;001***386**;EDSON LEONARDO DE ALMEIDA
1090887;728841;303;02;2020;8;20200615;2 - JURÍDICO - EDITAL;001***386**;EDSON LEONARDO DE ALMEIDA
1090884;728844;303;02;2020;8;20200316;2 - JURÍDICO - EDITAL;001***386**;EDSON LEONARDO DE ALMEIDA
1090885;728842;303;02;2020;8;20200615;2 - JURÍDICO - EDITAL;001***386**;EDSON LEONARDO DE ALMEIDA
1090886;728843;303;02;2020;8;20200812;2 - JURÍDICO - EDITAL;001***386**;EDSON LEONARDO DE ALMEIDA
1090888;728840;303;02;2020;8;20200529;2 - JURÍDICO - EDITAL;001***386**;EDSON LEONARDO DE ALMEIDA
1090889;728839;303;02;2020;8;20200615;2 - JURÍDICO - EDITAL;001***386**;EDSON LEONARDO DE ALMEIDA
1090879;728834;303;02;2020;6;20200317;2 - JURÍDICO - EDITAL;001***386**;EDSON LEONARDO DE ALMEIDA
1090880;728838;303;02;2020;7;20200707;2 - JURÍDICO - EDITAL;001***386**;EDSON LEONARDO DE ALMEIDA
1090881;728835;303;02;2020;7;20200715;2 - JURÍDICO - EDITAL;001***386**;EDSON LEONARDO DE ALMEIDA
1090882;728836;303;02;2020;7;20200609;2 - JURÍDICO - EDITAL;001***386**;EDSON LEONARDO DE ALMEIDA
1090883;728837;303;02;2020;7;20200512;2 - JURÍDICO - EDITAL;001***386**;EDSON LEONARDO DE ALMEIDA
1132346;757065;303;02;2020;11;20201027;2 - JURÍDICO - EDITAL;001***386**;EDSON LEONARDO DE ALMEIDA
1132347;757064;303;02;2020;11;20201027;2 - JURÍDICO - EDITAL;001***386**;EDSON LEONARDO DE ALMEIDA
1132348;757066;303;02;2020;11;20200901;2 - JURÍDICO - EDITAL;001***386**;EDSON LEONARDO DE ALMEIDA
1022419;681030;303;02;2020;3;20191213;2 - JURÍDICO - EDITAL;001***386**;EDSON LEONARDO DE ALMEIDA
1022420;681031;303;02;2020;4;20200207;2 - JURÍDICO - EDITAL;001***386**;EDSON LEONARDO DE ALMEIDA
1022421;681032;303;02;2020;4;20200218;2 - JURÍDICO - EDITAL;001***386**;EDSON LEONARDO DE ALMEIDA
1022422;681033;303;02;2020;4;20200318;2 - JURÍDICO - EDITAL;001***386**;EDSON LEONARDO DE ALMEIDA
1022423;681034;303;02;2020;4;20200313;2 - JURÍDICO - EDITAL;001***386**;EDSON LEONARDO DE ALMEIDA
1022424;681035;303;02;2020;5;20200310;2 - JURÍDICO - EDITAL;001***386**;EDSON LEONARDO DE ALMEIDA
1111968;742720;303;02;2020;10;20200922;2 - JURÍDICO - EDITAL;001***386**;EDSON LEONARDO DE ALMEIDA
994688;662633;304;03;2020;5;20200324;2 - JURÍDICO - EDITAL;097***516**;THADEU FILIPE SILVA FELIX
994689;662634;304;03;2020;5;20200408;2 - JURÍDICO - EDITAL;097***516**;THADEU FILIPE SILVA FELIX
989440;659074;304;03;2020;3;20200121;2 - JURÍDICO - EDITAL;097***516**;THADEU FILIPE SILVA FELIX
989437;659071;304;03;2020;1;20191209;2 - JURÍDICO - EDITAL;097***516**;THADEU FILIPE SILVA FELIX
989438;659072;304;03;2020;2;20200108;2 - JURÍDICO - EDITAL;097***516**;THADEU FILIPE SILVA FELIX
989439;659073;304;03;2020;2;20200108;2 - JURÍDICO - EDITAL;097***516**;THADEU FILIPE SILVA FELIX
989441;659075;304;03;2020;3;20200121;2 - JURÍDICO - EDITAL;097***516**;THADEU FILIPE SILVA FELIX
989442;659076;304;03;2020;3;20200121;2 - JURÍDICO - EDITAL;097***516**;THADEU FILIPE SILVA FELIX
989443;659077;304;03;2020;3;20200205;2 - JURÍDICO - EDITAL;097***516**;THADEU FILIPE SILVA FELIX
989444;659078;304;03;2020;3;20200122;2 - JURÍDICO - EDITAL;097***516**;THADEU FILIPE SILVA FELIX
1090876;728831;304;03;2020;6;20200513;2 - JURÍDICO - EDITAL;097***516**;THADEU FILIPE SILVA FELIX
1090877;728833;304;03;2020;6;20200429;2 - JURÍDICO - EDITAL;097***516**;THADEU FILIPE SILVA FELIX
1090878;728832;304;03;2020;6;20200520;2 - JURÍDICO - EDITAL;097***516**;THADEU FILIPE SILVA FELIX
1121594;749467;304;03;2020;8;20200616;2 - JURÍDICO - EDITAL;097***516**;THADEU FILIPE SILVA FELIX
1132474;757180;304;03;2020;10;20200820;3 - JURÍDICO - JULGAMENTO;097***516**;THADEU FILIPE SILVA FELIX
1132475;757179;304;03;2020;10;20200720;3 - JURÍDICO - JULGAMENTO;097***516**;THADEU FILIPE SILVA FELIX
1121588;749463;304;03;2020;7;20200525;2 - JURÍDICO - EDITAL;097***516**;THADEU FILIPE SILVA FELIX
1121589;749461;304;03;2020;7;20200608;2 - JURÍDICO - EDITAL;097***516**;THADEU FILIPE SILVA FELIX
1121590;749462;304;03;2020;7;20200528;2 - JURÍDICO - EDITAL;097***516**;THADEU FILIPE SILVA FELIX
1121591;749465;304;03;2020;8;20200703;1 - TÉCNICO;097***516**;THADEU FILIPE SILVA FELIX
1121592;749469;304;03;2020;8;20200630;2 - JURÍDICO - EDITAL;097***516**;THADEU FILIPE SILVA FELIX
1121593;749468;304;03;2020;8;20200710;2 - JURÍDICO - EDITAL;097***516**;THADEU FILIPE SILVA FELIX
1121595;749464;304;03;2020;8;20200811;2 - JURÍDICO - EDITAL;097***516**;THADEU FILIPE SILVA FELIX
1121596;749466;304;03;2020;8;20200629;2 - JURÍDICO - EDITAL;097***516**;THADEU FILIPE SILVA FELIX
1121597;749465;304;03;2020;8;20200703;2 - JURÍDICO - EDITAL;097***516**;THADEU FILIPE SILVA FELIX
1140609;762824;304;03;2020;11;20200915;3 - JURÍDICO - JULGAMENTO;097***516**;THADEU FILIPE SILVA FELIX
1140608;762825;304;03;2020;11;20200903;3 - JURÍDICO - JULGAMENTO;097***516**;THADEU FILIPE SILVA FELIX
990542;659815;302;01;2020;2;20200128;1 - TÉCNICO;051***446**;GABRIELA CAROLINA O. C. BRITO
990543;659816;302;01;2020;3;20200211;1 - TÉCNICO;051***446**;GABRIELA CAROLINA O. C. BRITO
990545;659816;302;01;2020;3;20200313;3 - JURÍDICO - JULGAMENTO;051***446**;GABRIELA CAROLINA O. C. BRITO
990546;659816;302;01;2020;3;20200211;2 - JURÍDICO - EDITAL;051***446**;GABRIELA CAROLINA O. C. BRITO
994693;662635;302;01;2020;6;20200625;3 - JURÍDICO - JULGAMENTO;051***446**;GABRIELA CAROLINA O. C. BRITO
994690;662635;302;01;2020;6;20200602;1 - TÉCNICO;051***446**;GABRIELA CAROLINA O. C. BRITO
994691;662635;302;01;2020;6;20200602;2 - JURÍDICO - EDITAL;051***446**;GABRIELA CAROLINA O. C. BRITO
994694;662636;302;01;2020;6;20200512;3 - JURÍDICO - JULGAMENTO;051***446**;GABRIELA CAROLINA O. C. BRITO
994695;662636;302;01;2020;6;20200512;2 - JURÍDICO - EDITAL;051***446**;GABRIELA CAROLINA O. C. BRITO
1106494;738874;302;01;2020;10;20200807;1 - TÉCNICO;051***446**;GABRIELA CAROLINA O. C. BRITO
1106492;738873;302;01;2020;10;20200912;1 - TÉCNICO;051***446**;GABRIELA CAROLINA O. C. BRITO
1106493;738872;302;01;2020;10;20200911;1 - TÉCNICO;051***446**;GABRIELA CAROLINA O. C. BRITO
1106495;738871;302;01;2020;10;20201002;1 - TÉCNICO;051***446**;GABRIELA CAROLINA O. C. BRITO
1106496;738873;302;01;2020;10;20200912;2 - JURÍDICO - EDITAL;051***446**;GABRIELA CAROLINA O. C. BRITO
1106497;738872;302;01;2020;10;20200911;2 - JURÍDICO - EDITAL;051***446**;GABRIELA CAROLINA O. C. BRITO
1106498;738874;302;01;2020;10;20200807;2 - JURÍDICO - EDITAL;051***446**;GABRIELA CAROLINA O. C. BRITO
1106499;738871;302;01;2020;10;20201002;2 - JURÍDICO - EDITAL;051***446**;GABRIELA CAROLINA O. C. BRITO
1106500;738871;302;01;2020;10;20201023;3 - JURÍDICO - JULGAMENTO;051***446**;GABRIELA CAROLINA O. C. BRITO
1090890;728845;302;01;2020;9;20200818;1 - TÉCNICO;051***446**;GABRIELA CAROLINA O. C. BRITO
1090891;728845;302;01;2020;9;20200818;2 - JURÍDICO - EDITAL;051***446**;GABRIELA CAROLINA O. C. BRITO
1090892;728845;302;01;2020;9;20200914;3 - JURÍDICO - JULGAMENTO;051***446**;GABRIELA CAROLINA O. C. BRITO
990537;659814;302;01;2020;1;20200113;3 - JURÍDICO - JULGAMENTO;081***546**;DEBORA LUCIANA APARECIDA SILVA
990538;659814;302;01;2020;1;20200113;2 - JURÍDICO - EDITAL;081***546**;DEBORA LUCIANA APARECIDA SILVA
